tick,population,births,deaths,moves,absorptions,mean_internal_energy
1,20,0,0,0,0,26.65
2,20,0,0,1,0,28.840107638330075
3,20,0,0,0,0,30.22061730226751
4,20,0,0,0,0,31.456744680584798
5,20,0,0,0,0,33.245878310765555
6,20,0,0,0,0,33.445718662262344
7,20,0,0,0,0,33.49571866226235
8,20,0,0,0,0,33.842575816642785
9,20,0,0,2,0,33.72873113593196
10,20,0,0,0,0,33.87873113593196
11,20,0,0,0,0,34.267439065977115
12,20,0,0,0,0,34.1712067331971
13,20,0,0,0,0,33.7212067331971
14,20,0,0,0,0,33.271206733197104
15,20,0,0,0,0,32.82120673319711
16,20,0,0,2,0,32.321206733197116
17,20,0,0,1,0,32.04620673319711
18,20,0,0,0,0,31.796206733197113
19,20,0,0,2,0,31.596206733197118
20,20,0,0,1,0,31.426332525332924
21,20,0,0,0,0,31.47633252533293
22,20,0,0,1,0,31.50133252533293
23,20,0,0,0,0,31.342019431378827
24,20,0,0,0,0,31.092019431378827
25,20,0,0,0,0,31.042019431378833
26,20,0,0,0,0,30.792019431378833
27,20,0,0,0,0,30.742019431378832
28,20,0,0,0,0,30.49201943137884
29,20,0,0,0,0,30.04201943137884
30,20,0,0,0,0,30.092019431378837
31,20,0,0,0,0,29.84696497220357
32,20,0,0,0,0,29.39696497220357
33,20,0,0,0,0,29.14696497220357
34,20,0,0,1,0,28.97196497220357
35,20,0,0,0,0,29.321964972203574
36,20,0,0,0,0,28.871964972203575
37,20,0,0,0,0,28.621964972203575
38,20,0,0,0,0,28.871964972203575
39,20,0,0,1,0,28.396964972203573
40,20,0,0,0,0,28.446964972203574
41,20,0,0,0,0,28.296964972203575
42,20,0,0,0,0,28.34696497220358
43,20,0,0,0,0,27.89696497220358
44,20,0,0,0,0,27.941201848899944
45,20,0,0,2,0,27.641201848899943
46,20,0,0,1,0,27.46620184889995
47,20,0,0,1,0,27.391201848899946
48,20,0,0,0,0,27.941201848899947
49,20,0,0,0,0,28.265223347020527
50,20,0,0,0,0,28.475159025120018
51,20,0,0,0,0,28.52515902512002
52,20,0,0,0,0,28.975159025120018
53,20,0,0,0,0,28.925159025120017
54,20,0,0,0,0,29.071726042239554
55,20,0,0,0,0,29.221726042239556
56,20,0,0,0,0,29.571726042239554
57,20,0,0,0,0,29.321726042239554
58,20,0,0,0,0,29.371726042239555
59,20,0,0,0,0,29.21264538203939
60,20,0,0,0,0,29.162645382039397
61,20,0,0,0,0,28.912645382039397
62,20,0,0,0,0,28.662645382039397
63,20,0,0,0,0,28.612645382039396
64,20,0,0,0,0,28.5626453820394
65,20,0,0,1,0,28.287645382039397
66,20,0,0,1,0,28.5126453820394
67,20,0,0,0,0,28.362645382039396
68,19,0,1,0,0,29.910002494339903
69,19,0,0,0,0,30.3021077574978
70,19,0,0,1,0,30.77316038907675
71,19,0,0,0,0,31.327578813229724
72,19,0,0,1,0,31.48625756534212
73,19,0,0,0,0,31.983625986394756
74,20,1,0,0,1,30.156944687075015
75,20,0,0,0,1,30.30694468707502
76,20,0,0,0,1,30.404709941221405
77,19,0,1,0,1,32.17417740981783
78,20,1,0,1,2,30.212968539326944
79,21,1,0,0,4,28.7266367041209
80,21,0,0,0,4,28.657589085073283
81,21,0,0,0,4,29.053339690169796
82,19,0,2,0,4,32.46259808408241
83,19,0,0,0,1,33.275755978819255
84,19,0,0,1,1,33.22049282092451
85,19,0,0,1,1,33.58628229460872
86,18,0,1,0,1,35.659380088062136
87,18,0,0,0,1,35.43160231028436
88,19,1,0,0,2,33.4562548202694
89,19,0,0,0,2,33.84836008342729
90,19,0,0,0,2,33.608886399216765
91,19,0,0,0,2,34.21151797816414
92,18,0,1,1,2,36.77010622360653
93,18,0,0,0,2,36.9867728902732
94,17,0,1,0,2,39.39443235283445
95,17,0,0,1,2,39.385608823422686
96,17,1,1,0,3,38.58945220692269
97,17,0,0,0,2,39.7865110304521
98,17,0,0,0,2,40.042393383393275
99,17,0,0,1,2,40.26886397162857
100,17,0,0,0,2,40.28945220692269
101,17,0,0,0,2,40.3100404422168
102,17,0,0,1,2,40.889452206922684
103,17,0,0,0,2,41.73356985398151
104,17,0,0,0,2,41.989452206922685
105,17,0,0,0,2,42.48062867751092
106,17,0,0,0,2,42.5097765832221
107,17,0,0,0,2,43.353894230280915
108,17,0,0,0,2,43.72742364204562
109,17,0,0,1,2,43.79858626633357
110,17,0,0,0,2,44.40740979574533
111,17,0,0,0,2,44.68590844372716
112,17,1,1,0,3,44.13466117097606
113,16,0,1,0,2,47.4371004411534
114,16,0,0,0,2,48.237100441153395
115,15,0,1,0,2,52.33177408999868
116,15,0,0,0,2,52.94844075666535
117,15,0,0,0,2,53.83177408999868
118,14,0,1,1,2,57.75343385589726
119,14,0,0,0,2,58.589148141611545
120,14,0,0,0,2,58.71057671304011
121,14,0,0,0,2,59.5462909987544
122,14,0,0,0,2,59.95343385589725
123,13,0,1,0,2,65.16876143478076
124,13,0,0,0,1,65.6418383578577
125,13,0,0,0,1,65.8072229732423
126,13,0,0,0,1,66.42964195153664
127,13,0,0,0,1,67.21041118230586
128,13,0,0,0,1,66.76041118230586
129,13,0,0,0,1,67.8488727207674
130,13,0,0,0,1,68.32194964384432
131,13,0,0,0,1,67.87194964384432
132,13,0,0,0,1,67.72964195153662
133,13,0,0,0,1,67.58733425922892
134,13,0,0,0,1,68.67579579769047
135,13,0,0,0,1,68.84118041307508
136,13,0,0,1,1,68.96810348999814
137,13,0,0,0,1,69.13348810538277
138,12,0,1,1,1,74.70944883299647
139,12,0,0,0,0,74.5927821663298
140,12,0,0,0,0,75.1427821663298
141,12,0,0,1,0,75.98444883299646
142,12,0,0,0,0,76.86778216632979
143,12,0,0,0,0,76.75111549966311
144,12,0,0,0,0,76.80111549966311
145,12,0,0,0,0,77.68444883299644
146,12,0,0,0,0,78.06778216632976
147,12,0,0,0,0,78.28444883299643
148,12,0,0,0,0,79.19511364818315
149,12,0,0,0,0,79.86472800644988
150,12,0,0,0,0,79.7480613397832
151,12,0,0,1,0,79.92306133978319
152,12,0,0,0,0,80.63972800644986
153,12,0,0,0,0,81.18972800644985
154,12,0,0,1,0,80.69806133978318
155,12,0,0,0,0,80.74806133978318
156,12,0,0,0,0,81.60787445291255
157,12,0,0,0,0,81.60330047706692
158,12,0,0,0,0,81.81996714373358
159,12,0,0,0,0,82.03663381040023
160,12,0,0,0,0,82.2533004770669
161,12,0,0,0,0,83.46996714373357
162,12,0,0,0,0,84.68663381040022
163,12,0,0,0,0,85.56996714373355
164,13,1,0,0,1,79.03381582498481
165,13,0,0,0,1,78.89150813267712
166,13,0,0,0,1,79.05689274806173
167,13,0,0,0,1,79.22227736344634
168,13,0,0,0,1,79.07996967113864
169,13,0,0,2,1,78.86073890190787
170,14,1,0,0,2,73.66711469462872
171,14,0,0,0,2,75.07425755177158
172,13,0,1,0,2,82.22652519124368
173,13,0,0,0,2,82.54575596047447
174,13,0,0,0,2,82.40344826816676
175,13,0,0,1,2,83.1626508378349
176,13,0,0,0,2,84.86649699168106
177,12,0,1,0,2,92.46256824832933
178,12,0,0,0,1,93.01256824832933
179,12,0,0,0,1,94.06256824832933
180,12,0,0,0,1,94.27923491499598
181,13,1,0,0,2,87.07313992153475
182,13,0,0,0,2,87.23852453691937
183,13,0,0,0,2,88.3269860753809
184,12,0,1,0,2,96.55200771433944
185,12,0,0,0,1,97.10200771433944
186,12,0,0,0,1,96.98534104767276
187,12,0,0,0,1,98.2020077143394
188,11,0,1,0,1,107.74271545222456
189,10,0,1,0,0,119.25943334977978
190,10,0,0,0,0,119.60943334977976
191,10,0,0,0,0,120.35943334977976
192,10,0,0,0,0,120.70943334977974
193,10,0,0,0,0,121.85943334977974
194,11,1,0,0,1,110.19039395434521
195,11,0,0,0,1,110.10403031798155
196,11,0,0,0,1,110.74493940889064
197,11,0,0,0,1,111.7494848634361
198,11,0,0,0,1,111.66312122707245
199,11,0,0,0,1,112.30403031798154
200,11,0,0,0,1,113.30857577252699
201,11,0,0,0,1,114.31312122707241
202,11,0,0,0,1,114.22675759070877
203,11,0,0,0,1,114.5040303179815
204,11,0,0,0,1,114.78130304525422
205,11,0,0,1,1,114.64948486343604
206,10,0,1,1,1,126.79317230958281
207,10,0,0,0,0,128.34317230958283
208,11,1,0,0,1,116.08470209962071
209,11,0,0,1,1,116.3165202814389
210,12,1,0,0,2,106.71097692465231
211,12,0,0,0,2,107.92764359131898
212,12,0,0,0,2,108.14431025798564
213,12,0,0,0,2,108.02764359131896
214,12,0,0,0,2,108.24431025798562
215,12,0,0,1,2,108.08597692465229
216,12,0,0,0,2,107.96931025798561
217,12,0,0,0,2,109.68597692465227
218,12,0,0,0,2,111.56931025798559
219,12,0,0,0,2,112.89666230777858
220,12,0,0,0,2,113.44666230777858
221,12,0,0,0,2,113.99666230777858
222,12,0,0,0,2,114.21332897444523
223,12,0,0,0,2,115.42999564111189
224,12,0,0,0,2,114.97999564111188
225,12,0,0,0,2,116.52999564111188
226,12,0,0,0,2,116.74666230777852
227,12,0,0,0,2,117.2966623077785
228,12,0,0,0,2,117.8466623077785
229,12,1,1,0,3,117.57060963371696
230,11,0,1,0,2,128.14228865099057
231,11,0,0,0,1,129.14683410553602
232,11,0,0,0,1,129.06047046917234
233,11,0,0,0,1,130.0650159237178
234,11,0,0,0,1,129.97865228735415
235,11,0,0,0,1,130.25592501462685
236,11,0,0,0,1,130.53319774189958
237,11,0,0,0,1,131.53774319644504
238,11,0,0,0,1,131.81501592371774
239,11,0,0,0,1,132.4559250146268
240,11,0,0,0,1,133.09683410553592
241,11,0,0,1,1,132.96501592371771
242,9,0,2,0,1,163.32098124208719
243,9,0,0,0,0,163.31542568653163
244,9,0,0,0,0,164.8654256865316
245,9,0,0,0,0,164.85987013097602
246,9,0,0,0,0,166.18764790875377
247,9,0,0,0,0,167.51542568653156
248,9,0,0,0,0,168.39875901986488
249,9,0,0,0,0,168.3932034643093
250,10,1,0,0,1,150.94888311787835
251,10,0,0,0,1,151.69888311787832
252,10,0,0,0,1,153.24888311787834
253,10,0,0,0,1,153.5988831178783
254,10,0,0,0,1,154.7488831178783
255,10,0,0,0,1,155.3991209028071
256,10,0,0,0,1,156.14912090280708
257,10,0,0,0,1,156.0991209028071
258,10,0,0,1,1,156.39912090280706
259,9,0,1,0,1,174.6127971613023
260,10,1,0,0,1,157.34651744517205
261,10,0,0,0,1,157.69651744517202
262,10,0,0,0,1,159.246517445172
263,10,0,0,0,1,160.396517445172
264,11,1,0,0,2,145.58774313197452
265,11,0,0,0,2,147.13774313197453
266,11,0,0,0,2,147.23319767742908
267,11,0,0,0,2,148.60137949561087
268,11,0,0,0,2,148.51501585924723
269,11,0,0,0,2,149.99576991254537
270,11,0,0,0,2,149.90940627618173
271,11,0,0,0,2,150.91395173072718
272,11,0,0,0,2,151.19122445799988
273,11,0,0,0,2,151.4684971852726
274,11,0,0,0,2,153.56395173072715
275,11,0,0,0,2,155.29576991254532
276,11,0,0,0,2,156.66395173072712
277,11,0,0,0,2,156.94122445799985
278,11,0,0,0,2,157.21849718527255
279,12,1,0,0,3,144.87112241983317
280,13,1,0,0,5,133.15795915676907
281,13,0,0,0,4,134.2464206952306
282,13,0,0,0,5,134.7194976183075
283,14,1,0,0,6,125.10739064557126
284,14,0,0,0,5,126.08596207414267
285,14,0,0,0,6,126.77881921699979
286,14,0,0,0,6,126.90024778842836
287,13,0,1,0,6,136.79710553656835
288,13,0,0,0,5,138.19325938272218
289,13,0,0,0,5,138.35864399810677
290,13,0,0,0,5,138.21633630579908
291,13,1,1,0,6,137.62607976127822
292,11,0,2,0,4,163.5869347073026
293,11,0,0,0,2,164.59148016184804
294,11,0,0,0,2,166.3232983436662
295,11,0,0,1,2,166.191480161848
296,11,0,0,0,2,166.46875288912074
297,11,0,0,0,2,166.38238925275706
298,11,0,0,0,2,167.02329834366617
299,12,1,0,0,3,152.8588568150273
300,11,0,1,0,3,166.6428569094525
301,11,0,0,0,2,167.28376600036157
302,11,0,0,0,2,167.92467509127067
303,11,0,0,0,2,170.38376600036156
304,11,0,0,0,2,171.02467509127064
305,11,0,0,0,2,171.30194781854337
306,11,0,0,0,2,172.67012963672516
307,11,0,0,0,2,173.31103872763427
308,11,0,0,2,1,173.49740236399788
309,11,0,0,0,1,174.86558418217967
310,11,0,0,1,1,174.7337660003615
311,11,0,0,0,1,176.46558418217967
312,11,0,0,0,1,178.37922054581603
313,11,0,0,0,1,178.83831145490691
314,12,1,0,0,2,164.02261883366467
315,12,0,0,0,2,164.0079635297705
316,11,0,1,0,2,179.56167297349205
317,11,0,0,0,1,180.85595736216703
318,12,1,0,1,2,164.83046091531978
319,12,0,0,0,2,165.04712758198644
320,12,0,0,0,2,165.09712758198643
321,13,1,0,0,3,152.28965622952595
322,12,0,1,0,3,165.7672261648151
323,12,0,0,0,2,165.31722616481508
324,12,0,0,0,2,165.2005594981484
325,12,0,0,0,2,166.41722616481508
326,12,0,0,0,2,167.96722616481506
327,12,0,0,0,2,168.85055949814839
328,12,0,0,0,2,168.7338928314817
329,13,1,0,0,3,156.7235933829062
330,13,0,0,0,3,157.35051645982927
331,13,0,0,0,3,157.82359338290618
332,13,0,0,1,2,159.48897799829078
333,13,0,0,0,2,160.04966291485678
334,13,0,0,0,2,160.83043214562602
335,13,1,1,0,4,160.24747457196904
336,13,0,0,0,4,160.41285918735363
337,13,0,0,0,4,160.57824380273826
338,13,0,0,0,4,161.9743976488921
339,13,0,0,0,4,162.75516687966132
340,13,0,0,0,4,162.9205514950459
341,13,0,0,0,4,163.39362841812286
342,13,0,0,0,3,163.86670534119975
343,13,0,0,0,4,164.3397822642767
344,13,0,0,0,4,165.12055149504587
345,13,0,0,0,4,165.9013207258151
346,15,2,0,0,7,143.1244779623731
347,15,0,0,0,7,142.94114462903977
348,15,0,0,0,7,143.2911446290398
349,15,0,0,0,7,143.9078112957064
350,14,0,1,0,7,154.28553260180567
351,14,0,0,0,4,154.40696117323424
352,14,0,0,0,4,155.09981831609136
353,13,0,1,0,5,168.0917847108017
354,12,0,1,0,3,182.62154489666014
355,12,0,0,0,2,183.17154489666018
356,11,0,1,1,1,200.3847544111918
357,11,0,0,0,0,201.38929986573729
358,11,0,0,0,0,203.4847544111918
359,11,0,0,1,0,203.71657259300994
360,11,1,1,0,1,203.8128868695141
361,12,1,0,0,2,185.91597963038794
362,12,0,0,1,2,185.7576462970546
363,12,0,0,0,2,187.3076462970546
364,12,0,0,0,2,187.63145756261892
365,12,0,0,0,2,188.51479089595225
366,12,0,0,0,2,189.12760674584447
367,13,1,0,0,3,173.39471391924104
368,13,0,0,1,3,173.52163699616415
369,12,0,1,0,3,189.18231643913614
370,12,0,0,1,1,189.35731643913616
371,12,0,0,0,1,190.40731643913614
372,13,1,0,0,2,175.19136902074104
373,13,0,0,0,2,175.66444594381798
374,13,0,0,0,2,175.8298305592026
375,13,0,0,0,2,175.68752286689488
376,13,0,0,0,2,177.08367671304873
377,13,0,0,0,2,177.24906132843336
378,13,0,0,0,2,177.72213825151024
379,13,0,0,0,2,178.1952151745872
380,13,0,0,0,2,179.35573730550018
381,13,0,0,0,2,179.52112192088478
382,12,0,1,0,2,195.00990523238784
383,12,0,0,0,1,195.05990523238782
384,12,0,0,0,1,194.94323856572115
385,12,0,0,0,1,197.15990523238784
386,12,0,0,0,1,198.04323856572117
387,12,0,0,0,1,198.9265718990545
388,12,0,0,0,1,200.14323856572116
389,12,1,1,0,2,199.543228896977
390,12,0,0,0,1,200.92656223031034
391,12,0,0,0,1,202.143228896977
392,12,0,0,0,1,202.693228896977
393,12,0,0,0,1,203.616198277861
394,12,0,0,0,1,204.49953161119433
395,12,0,0,0,1,204.38286494452765
396,13,1,0,1,2,188.6687984103332
397,13,0,0,0,2,189.44956764110245
398,13,0,0,0,2,190.53802917956398
399,13,0,0,0,2,190.39572148725625
400,13,0,0,0,2,191.1764907180255
401,13,0,0,0,2,191.03418302571782
402,11,0,2,0,2,225.62141952754126
403,11,0,0,0,0,225.898692254814
404,11,0,0,0,0,226.53960134572307
405,11,0,0,0,0,226.45323770935946
406,12,1,0,0,1,207.33630123357946
407,12,0,0,0,1,208.55296790024616
408,12,0,0,0,1,209.10296790024617
409,12,0,0,0,1,209.65296790024615
410,12,0,0,1,1,210.82796790024614
411,12,0,0,0,1,212.0446345669128
412,12,0,0,0,1,212.2613012335795
413,12,0,0,0,1,213.14463456691283
414,12,0,0,0,1,213.6946345669128
415,11,0,1,0,1,233.38092475150944
416,11,0,0,0,0,234.38547020605486
417,11,0,0,0,0,235.50871568421897
418,11,0,0,0,0,235.7859884114917
419,12,1,0,0,1,215.55798937720076
420,12,0,0,0,1,216.7746560438674
421,12,0,0,0,1,217.99132271053406
422,12,0,0,0,1,218.54132271053405
423,12,0,0,1,1,218.38298937720074
424,12,0,0,0,1,219.5996560438674
425,12,0,0,1,1,219.44132271053408
426,13,1,0,0,2,202.29968250203143
427,13,0,0,0,2,202.61891327126222
428,13,0,0,0,2,202.78429788664684
429,13,0,0,0,2,202.93396277328387
430,12,0,1,0,2,220.36924734834656
431,12,0,0,0,1,220.25258068167992
432,12,0,0,0,1,221.80258068167993
433,12,0,0,0,1,222.01924734834657
434,12,0,0,0,1,223.23591401501326
435,12,0,0,0,1,224.1192473483466
436,12,0,0,0,1,225.33591401501326
437,12,0,0,0,1,225.88591401501324
438,13,1,0,0,2,207.9408437061661
439,13,0,0,1,1,209.2985360138584
440,13,0,0,0,1,210.38699755231994
441,13,0,0,0,1,211.47545909078147
442,13,0,0,0,1,211.6408437061661
443,13,0,0,0,1,212.11392062924304
444,13,0,0,0,1,212.89468986001228
445,13,0,0,1,1,213.32930524462765
446,13,0,0,0,1,213.49468986001227
447,13,0,0,0,1,214.73699755232
448,13,0,0,0,1,215.97930524462768
449,13,0,0,1,1,217.79853601385847
450,14,1,0,0,2,202.53792629858285
451,14,0,0,0,2,204.08792629858286
452,14,0,0,0,2,204.78078344144
453,14,0,0,0,2,205.61649772715427
454,14,0,0,0,2,207.45221201286859
455,14,0,0,0,2,209.1450691557257
456,14,0,0,0,2,210.12364058429716
457,14,0,0,0,2,211.16135645922387
458,14,0,0,1,1,212.16493451137006
459,14,0,0,0,1,212.2863630827986
460,14,0,0,0,1,212.6935059399415
461,14,0,0,0,1,212.5292202256558
462,14,0,0,1,1,212.61493451137008
463,14,0,0,0,1,213.02207736851295
464,14,0,0,1,0,213.96493451137007
465,14,0,0,0,0,214.65779165422722
466,14,0,0,0,0,215.3506487970844
467,14,0,0,0,0,216.04350593994153
468,14,0,0,0,0,216.16493451137012
469,14,0,0,0,0,216.57207736851296
470,14,0,0,0,0,217.55064879708442
471,14,0,0,1,0,217.92207736851302
472,14,0,0,0,0,218.04350593994155
473,15,1,0,0,1,203.48727221061213
474,15,0,0,0,1,205.17060554394547
475,15,0,0,0,1,205.78727221061214
476,15,0,0,0,1,206.93727221061215
477,15,0,0,0,1,207.0206055439455
478,15,0,0,0,1,207.10393887727884
479,15,0,0,0,1,207.98727221061216
480,15,0,0,0,1,208.33727221061218
481,15,0,0,0,1,208.15393887727885
482,15,0,0,0,1,208.7706055439455
483,15,0,0,0,1,209.65393887727885
484,15,0,0,0,1,210.5372722106122
485,17,2,0,0,3,184.6652401858343
486,17,0,0,0,3,184.92112253877548
487,18,1,0,0,4,174.55606017551017
488,18,0,0,0,4,176.10606017551015
489,18,0,0,0,4,176.9893935088435
490,18,0,0,0,4,177.65050461995463
491,17,0,1,0,4,188.10070639465786
492,17,0,0,0,3,188.35658874759903
493,17,0,0,0,3,189.3183534534814
494,17,0,0,0,3,190.04482404171668
495,17,0,0,0,3,190.53600051230495
496,17,0,0,0,3,190.79188286524612
497,16,0,1,0,3,203.9999508298435
498,16,0,0,0,2,204.0499508298435
499,16,0,0,0,2,205.34995082984352
500,15,0,1,0,2,220.1709652937063
501,14,0,1,0,1,236.5655630067838
502,15,1,0,0,1,220.24119213966486
503,15,0,0,1,1,220.8245254729982
504,16,1,0,0,3,207.22611763093585
505,16,0,0,1,3,207.99486763093583
506,16,0,0,0,3,209.41986763093584
507,16,0,0,0,2,210.21986763093585
508,16,0,0,0,3,210.76986763093586
509,16,0,0,0,3,211.44486763093585
510,16,0,0,0,3,212.49486763093586
511,15,0,1,0,3,226.99455480749643
512,15,0,0,0,1,227.34455480749645
513,15,1,1,0,3,227.02886046062937
514,15,0,0,0,1,228.17886046062938
515,15,0,0,0,1,228.89433696773162
516,15,0,0,0,1,229.77767030106494
517,15,0,0,0,1,231.72767030106493
518,15,0,0,0,1,232.6110036343983
519,16,1,0,0,2,217.77594090724838
520,16,0,0,0,2,217.8259409072484
521,16,0,0,0,2,218.1259409072484
522,16,0,0,0,2,218.67594090724842
523,16,0,0,0,2,219.72594090724843
524,16,0,0,0,2,220.0259409072484
525,15,0,1,0,2,234.75453200439833
526,14,0,1,0,1,251.9048282101531
527,14,0,0,0,0,253.16911392443882
528,14,0,0,0,0,252.71911392443886
529,15,1,0,0,1,235.58450632947628
530,15,0,0,0,1,236.4678396628096
531,15,0,0,0,1,237.61783966280962
532,15,0,0,0,1,238.50117299614294
533,15,0,0,0,1,239.11783966280962
534,16,1,0,0,2,224.126099683884
535,16,0,0,0,2,224.42609968388402
536,16,0,0,0,2,224.47609968388403
537,16,0,0,0,3,226.02609968388404
538,16,0,0,0,3,226.32609968388402
539,16,0,0,0,2,226.37609968388404
540,16,0,0,0,3,226.67609968388405
541,16,0,0,1,1,227.19484968388406
542,16,0,0,0,1,228.49484968388407
543,16,0,0,0,1,228.79484968388408
544,16,0,0,0,1,229.84484968388406
545,16,0,0,0,1,230.51984968388408
546,17,1,0,0,2,217.5951526436556
547,17,0,0,0,2,218.08632911424385
548,17,0,0,0,2,218.5775055848321
549,18,1,0,0,3,206.78708860789698
550,18,0,0,0,3,207.89264416345253
551,18,0,0,0,3,209.85656735136467
552,18,0,0,0,3,210.29545624025357
553,19,1,0,0,4,199.11674801708233
554,19,0,0,0,4,200.35095854339815
555,19,0,0,0,4,200.1114848591876
556,19,0,0,0,4,200.92464275392445
557,20,1,0,0,5,191.15091061622823
558,19,0,1,0,5,201.80124907941655
559,19,0,0,0,4,202.6144069741534
560,19,0,0,0,4,202.79598592152183
561,18,0,1,0,4,215.1493927793564
562,18,0,0,0,3,215.36605944602306
563,18,0,0,0,3,217.13828166824527
564,18,0,0,0,3,218.02161500157862
565,18,0,0,0,3,218.68272611268972
566,17,1,2,1,5,231.1867139309792
567,17,0,0,0,2,231.44259628392038
568,16,0,1,0,2,246.94286341395673
569,16,0,0,1,1,247.4616134139567
570,16,0,0,0,1,247.51161341395672
571,16,0,0,0,1,248.06161341395674
572,16,0,0,0,1,248.11161341395675
573,16,0,0,0,1,248.41161341395673
574,16,0,0,0,1,249.21161341395674
575,16,1,1,0,2,249.390110611282
576,16,0,0,0,1,250.19011061128202
577,16,0,0,0,1,250.990110611282
578,16,0,0,0,1,253.04011061128202
579,16,0,0,0,1,253.84011061128203
580,16,0,0,0,1,254.14011061128204
581,16,0,0,0,1,255.19011061128202
582,17,1,0,0,2,240.81422175179486
583,17,0,0,0,2,241.07010410473606
584,17,0,0,0,2,242.03186881061836
585,17,0,0,1,3,243.43480998708898
586,17,0,0,0,3,244.1612805753243
587,17,0,0,0,3,244.41716292826544
588,17,0,0,0,3,245.14363351650076
589,17,0,0,0,3,245.1642217517949
590,16,0,1,1,2,260.73790860409457
591,16,0,0,0,2,261.2879086040946
592,16,0,0,0,2,261.3379086040946
593,15,0,1,0,2,279.8945691884019
594,15,0,0,0,1,281.31123585506856
595,17,2,0,1,2,246.848149283884
596,17,0,0,1,3,247.54520810741343
597,17,0,0,0,3,248.0363845780017
598,17,0,0,0,3,249.23344340153108
599,17,0,0,0,3,249.72461987211932
600,17,0,0,0,3,250.45109046035464
601,16,0,1,0,3,266.3825914610018
602,16,0,0,0,2,266.68259146100183
603,16,0,0,0,2,267.98259146100185
604,17,1,0,0,3,251.67773313976645
605,17,0,0,0,3,251.9336154927076
606,18,1,0,2,3,237.34563685422387
607,17,0,1,1,3,251.75746658187757
608,17,0,0,0,2,251.7780548171717
609,17,0,0,0,2,253.56334893481878
610,17,0,0,0,2,253.81923128775992
611,17,0,0,0,2,254.54570187599523
612,18,1,0,1,3,240.43827356268125
613,19,1,0,0,4,228.9362591646454
614,19,0,0,0,4,230.4862591646454
615,19,0,0,0,4,231.19415390148754
616,19,0,0,0,4,232.00731179622437
617,18,0,1,0,4,246.2200184249053
618,18,0,0,0,3,247.1033517582386
619,17,1,2,0,4,262.3445372609543
620,17,0,0,0,2,262.1298313786014
621,16,0,1,0,2,280.03631867874213
622,16,0,0,0,1,280.8363186787421
623,16,0,0,0,1,282.6363186787421
624,16,0,0,0,1,283.4363186787421
625,16,0,0,0,1,284.9863186787421
626,17,1,0,0,2,267.91653522705144
627,17,0,0,0,2,268.4077116976397
628,17,0,0,1,1,269.34006463881616
629,17,0,0,0,1,270.0665352270514
630,16,0,1,0,1,287.99204702371094
631,16,0,0,0,1,288.79204702371095
632,17,1,0,0,2,272.91016190466917
633,17,0,0,0,2,274.8131030811397
634,17,0,0,0,2,275.539573669375
635,17,0,0,0,2,276.2660442576103
636,17,0,0,0,2,277.93369131643385
637,17,0,0,0,2,278.66016190466917
638,17,0,0,0,2,279.3866324929045
639,17,0,0,0,2,280.1131030811398
640,17,0,0,0,2,280.8395736693751
641,17,0,0,1,1,281.77192661055153
642,17,0,0,0,1,281.7925148458457
643,17,0,0,0,1,282.61298024365476
644,17,0,0,0,1,284.2806273024783
645,17,0,0,0,1,285.0070978907136
646,17,0,0,0,1,285.2629802436548
647,17,0,0,0,1,286.4600390671842
648,16,0,1,1,1,305.3646533014999
649,17,1,0,0,1,287.3314384014117
650,17,0,0,0,1,287.94026193082345
651,17,0,0,0,1,288.4314384014117
652,17,0,0,0,1,289.3932031072941
653,17,0,0,0,1,289.64908546023526
654,17,0,0,0,1,290.02261487199996
655,17,0,0,0,1,290.7490854602352
656,17,0,0,0,1,291.2402619308235
657,17,0,0,0,1,291.4961442837647
658,17,0,0,0,1,292.92849722494117
659,17,0,0,0,1,293.4196736955294
660,17,0,0,0,1,294.6167325190588
661,17,0,0,0,1,295.5784972249412
662,16,0,1,0,1,314.33539553104623
663,16,0,0,0,0,314.13539553104624
664,16,0,0,0,0,315.43539553104625
665,17,1,0,0,1,296.574489911573
666,17,0,0,0,1,298.00684285274946
667,17,0,0,0,1,298.56005196781604
668,17,0,0,0,1,299.75711079134544
669,17,0,0,0,1,300.0129931442866
670,17,0,0,0,1,300.974757850169
671,17,0,0,0,1,302.8776990266396
672,17,0,0,0,1,303.1335813795808
673,17,0,0,0,1,303.38946373252196
674,17,0,0,1,1,303.85122843840435
675,17,0,0,0,1,305.04828726193375
676,17,0,0,0,1,306.3629931442867
677,17,0,0,0,1,306.61887549722786
678,17,0,0,0,1,307.22769902663964
679,17,0,0,0,1,307.48358137958087
680,17,0,0,0,1,308.9159343207573
681,17,0,0,1,1,309.8718083231641
682,18,1,0,0,2,293.0094856385439
683,18,0,0,0,2,293.4483745274328
684,18,0,0,0,2,294.9983745274328
685,18,0,0,0,2,295.88170786076614
686,18,0,0,0,2,297.26727096293524
687,18,0,0,0,2,298.37282651849074
688,18,0,0,0,2,299.0339376296019
689,19,1,0,0,3,283.816361964886
690,19,0,0,1,3,284.60320407014916
691,19,0,0,0,3,285.20583564909657
692,19,0,0,0,3,286.44004617541236
693,18,0,1,0,3,302.99759455569017
694,18,0,0,0,2,303.88092788902355
695,18,0,0,0,2,305.4309278890235
696,19,1,0,0,3,289.24508957907494
697,19,0,0,0,3,290.26877378960125
698,18,0,1,0,3,307.031135099893
699,18,0,0,0,2,307.4700239887819
700,18,0,0,1,2,308.3255795443375
701,18,0,0,1,2,309.40335732211526
702,19,1,0,0,3,292.7979174630566
703,18,0,1,0,3,310.7119336066269
704,18,0,0,0,2,310.81748916218254
705,18,0,0,0,2,311.9230447177381
706,18,0,0,0,2,312.645393792059
707,18,0,0,0,2,313.0842826809479
708,17,0,1,0,2,331.61882434159196
709,17,0,0,1,1,333.1394125768861
710,17,0,0,0,1,333.9835302239449
711,17,0,0,0,1,334.94529492982724
712,19,2,0,0,3,299.2852638845823
713,19,0,0,0,3,299.67736914774025
714,19,0,0,0,3,300.8063165161613
715,19,0,0,0,3,301.35396559207015
716,19,0,0,0,3,302.167123486807
717,19,0,0,0,3,302.7697550657544
718,19,0,0,1,3,303.55659717101753
719,20,1,0,0,4,288.75126731246667
720,20,0,0,0,4,289.1012673124667
721,20,0,0,0,4,289.2512673124667
722,20,0,0,1,3,290.67626731246673
723,20,0,0,0,3,291.22626731246675
724,20,0,0,0,3,292.3762673124667
725,20,0,0,0,3,292.9262673124668
726,20,1,1,0,4,292.38264925603266
727,20,0,0,0,3,292.33264925603265
728,20,0,0,0,3,293.4826492560327
729,20,0,0,0,3,294.5326492560327
730,21,1,0,0,4,280.93585643431686
731,21,0,0,0,4,281.15474926169617
732,21,0,0,0,4,283.18093973788666
733,21,0,0,0,4,284.2547492616962
734,21,0,0,0,4,284.3761778331248
735,21,0,0,0,4,285.44998735693434
736,21,0,0,0,4,286.3333206902677
737,21,0,0,0,4,287.21665402360105
738,19,0,2,0,4,317.81512069956307
739,19,0,0,0,2,318.4177522785105
740,19,0,0,0,2,319.2309101732473
741,19,0,0,0,2,319.8335417521947
742,18,1,2,0,3,337.7081138486016
743,19,1,0,0,3,319.82347627762255
744,19,0,0,0,3,321.4787394355173
745,19,0,0,0,3,322.50242364604367
746,19,0,0,0,3,323.105055224991
747,20,1,0,0,4,307.4223024637415
748,20,0,0,0,4,307.77230246374154
749,20,0,0,0,4,308.12230246374156
750,19,0,1,0,4,325.34060662660636
751,20,1,0,0,4,309.14607629527603
752,20,0,0,1,2,309.8710762952761
753,20,0,0,0,2,310.42107629527607
754,20,0,0,0,2,310.97107629527613
755,20,0,0,0,2,311.9210762952761
756,20,0,0,1,1,312.44607629527616
757,21,1,0,0,2,297.99626313835824
758,21,0,0,0,2,299.1653107574059
759,21,0,0,0,2,299.6676917097869
760,21,0,0,1,2,300.9953005481491
761,21,0,0,0,2,301.68815769100627
762,21,0,0,0,2,303.1429195957682
763,20,0,1,1,2,319.1067233894939
764,20,0,0,0,1,319.6567233894939
765,20,0,0,0,1,320.0067233894939
766,20,0,0,0,1,320.45672338949396
767,20,0,0,0,1,321.606723389494
768,20,0,0,0,1,323.356723389494
769,20,0,0,0,1,324.9722840532762
770,22,2,0,0,4,295.0202582302511
771,22,0,0,0,4,296.02480368479655
772,22,0,0,0,4,296.8475309575238
773,22,0,0,0,4,297.48844004843295
774,21,0,1,0,4,312.5257737528532
775,21,0,0,0,3,313.4091070861865
776,21,0,0,1,3,314.4591070861865
777,21,0,0,0,3,314.9614880385675
778,21,0,0,0,3,315.8448213719009
779,21,0,0,0,3,315.77577375285324
780,21,0,0,0,3,316.65910708618657
781,21,0,0,1,3,317.1376785147581
782,21,0,0,0,3,317.8305356576152
783,21,0,0,0,3,318.90434518142473
784,21,0,0,0,3,319.7876785147581
785,21,0,0,0,3,320.6710118480915
786,22,1,0,0,4,306.6655113095419
787,22,0,0,0,4,307.48823858226916
788,22,0,0,0,4,308.1291476731783
789,21,0,1,0,4,323.4811998356303
790,22,1,0,0,4,309.3479634794653
791,22,0,0,0,4,310.7161452976472
792,22,0,0,0,4,311.35705438855626
793,22,0,0,1,4,311.4297816612836
794,22,0,0,0,4,312.43432711582903
795,22,0,0,1,3,313.41614529764723
796,22,0,0,0,3,314.6025089340109
797,22,0,0,0,4,315.6979634794655
798,22,0,0,0,4,316.88432711582914
799,22,0,0,0,4,317.88887257037464
800,22,0,0,0,4,318.7115998431019
801,22,0,0,0,4,319.5343271158292
802,22,0,0,0,4,320.17523620673836
803,22,0,0,0,4,321.1797816612838
804,22,0,0,0,4,322.1843271158293
805,22,0,0,0,4,323.1311382525932
806,21,0,1,0,4,339.76870258482086
807,21,0,0,0,2,341.0329882991066
808,21,0,0,0,2,341.91632163244
809,21,0,0,0,2,343.1806073467257
810,21,0,0,0,2,343.6829882991067
811,20,0,1,0,2,361.6028177998699
812,20,0,0,0,1,362.5528177998699
813,20,0,0,0,1,363.10281779986997
814,20,0,0,0,1,363.6528177998699
815,20,0,0,1,2,364.17781779987
816,19,0,1,0,2,384.55779096959503
817,19,0,0,0,1,385.1604225485424
818,19,0,0,0,1,385.7630541274898
819,19,0,0,0,1,386.99726465380564
820,19,0,0,0,1,387.81042254854253
821,19,0,0,0,1,389.0446330748584
822,19,0,0,0,1,389.8577909695952
823,19,0,0,0,1,390.46042254854257
824,19,0,0,1,1,391.03673833801633
825,19,0,0,0,1,392.06042254854265
826,19,0,0,0,1,393.505159390648
827,19,0,0,0,1,394.31831728538486
828,20,1,0,1,2,374.44990142111567
829,20,0,0,0,2,374.79990142111564
830,20,0,0,0,2,374.94990142111567
831,19,0,1,0,2,395.05601233434146
832,19,0,0,0,1,395.6586439132888
833,21,2,0,0,3,357.47448735011847
834,21,0,0,1,3,359.0959159215471
835,21,0,0,0,3,359.78877306440427
836,21,0,0,0,3,360.86258258821385
837,21,0,0,1,3,360.7697254453567
838,20,0,1,0,3,380.3432280888523
839,20,0,0,0,2,381.49322808885233
840,20,0,0,0,2,382.4432280888524
841,21,1,0,0,3,364.5649791322404
842,21,0,0,0,3,365.63878865604994
843,20,0,1,1,3,384.0327579386802
844,20,0,0,1,2,384.75775793868024
845,20,0,0,0,2,386.10775793868027
846,21,1,0,0,3,368.2454837511241
847,20,0,1,0,3,387.89040421618034
848,20,0,0,0,2,388.84040421618033
849,19,0,1,0,2,410.464665105199
850,19,0,0,0,1,411.2778229999359
851,19,0,0,0,1,412.72255984204116
852,19,0,0,0,1,413.535717736778
853,19,0,0,1,1,414.53308615783067
854,19,0,0,1,0,415.2146651051991
855,19,0,0,0,0,415.8172966841465
856,19,0,0,1,1,416.59619704173286
857,19,0,0,0,1,416.9883023048908
858,19,0,0,0,1,418.22251283120664
859,19,0,0,0,1,419.0356707259435
860,19,0,0,0,1,419.4277759891014
861,19,0,0,0,1,420.4514601996278
862,19,0,0,0,1,421.1573227703827
863,19,0,0,1,1,421.94416487564587
864,19,0,0,0,1,422.96784908617224
865,19,0,0,0,1,424.51784908617225
866,19,0,0,0,1,425.33100698090914
867,19,0,0,0,1,426.77574382301447
868,19,0,0,0,1,428.0099543493302
869,19,0,0,0,1,429.03363855985657
870,20,1,0,0,2,407.8544566318638
871,20,0,0,0,2,408.2044566318638
872,20,0,0,0,2,408.1544566318638
873,21,1,0,1,3,388.9328158398704
874,21,0,0,1,2,389.601863458918
875,21,0,0,0,2,389.9137682208228
876,22,1,0,0,3,372.7608696653309
877,22,0,0,1,3,373.9245060289673
878,22,0,0,0,3,374.92905148351275
879,22,0,0,0,3,376.2972333016946
880,22,0,0,0,3,377.1199605744219
881,22,0,0,0,3,377.3972333016946
882,22,0,0,0,3,377.85632421078554
883,22,0,0,0,3,379.0426878471492
884,21,0,1,0,3,397.76769201811044
885,21,0,0,1,2,398.2462634466819
886,20,0,1,0,2,418.8882547811768
887,20,0,0,0,1,420.3382547811768
888,20,0,0,0,1,421.2882547811769
889,20,0,0,1,2,422.11325478117686
890,20,0,0,0,2,423.4632547811769
891,20,0,0,1,2,424.30677778395057
892,21,1,0,0,3,404.43502646090536
893,21,0,0,1,4,405.10407407995297
894,21,0,0,1,4,405.81188057908184
895,21,0,0,1,3,407.05235676955806
896,21,0,0,0,3,407.7452139124152
897,21,0,0,0,3,409.009499626701
898,21,0,0,1,3,410.05949962670104
899,21,0,0,0,3,411.7047377219392
900,21,0,0,0,3,412.96902343622486
901,21,0,0,0,3,412.7094996267011
902,21,0,0,0,3,413.67658652874275
903,22,1,0,1,4,394.8753780501636
904,22,0,0,0,4,396.7890144138
905,22,0,0,0,4,397.7935598683454
906,21,0,1,0,4,417.5147723266
907,21,0,0,0,3,418.49334375517145
908,21,0,0,1,2,418.97191518374285
909,20,0,1,0,2,441.4483464305548
910,20,0,0,0,1,442.1983464305548
911,20,0,0,0,1,442.9483464305549
912,19,0,1,0,1,466.64316440337154
913,19,0,0,0,0,467.5615854560032
914,19,0,0,0,0,468.1642170349506
915,19,0,0,0,0,469.0603730680965
916,19,0,0,0,0,470.50510991020184
917,19,0,0,0,0,471.31826780493867
918,19,0,0,0,0,471.86614983254174
919,19,0,0,0,0,473.31088667464707
920,19,0,0,0,0,473.9135182535945
921,19,0,0,0,0,475.7793077272787
922,20,1,0,0,1,452.7628423409148
923,20,0,0,1,1,453.28784234091484
924,21,1,0,0,2,431.9408022294427
925,21,0,0,0,2,433.3955641342046
926,21,0,0,0,2,435.42175461039517
927,21,0,0,1,3,436.09080222944283
928,21,0,0,0,3,437.15674621755596
929,21,0,0,0,3,437.9346090770078
930,21,0,0,0,3,438.8179424103412
931,22,1,0,0,4,418.7148541189621
932,20,0,2,0,4,461.305295058061
933,20,0,0,0,2,462.25529505806105
934,20,0,0,1,2,462.5802950580611
935,20,0,0,0,2,463.13029505806105
936,20,0,0,0,2,464.08029505806115
937,20,0,0,0,2,465.7302950580612
938,18,0,2,0,2,518.3272174245576
939,18,0,0,0,0,519.6549952023355
940,18,0,0,0,0,520.9827729801132
941,18,0,0,0,0,521.8661063134466
942,18,0,0,0,0,522.7494396467799
943,18,0,0,0,0,523.6780542544479
944,18,0,0,0,0,524.7836098100036
945,18,0,0,0,0,525.2224986988925
946,18,0,0,0,0,526.1058320322259
947,18,0,0,0,0,526.766943143337
948,19,1,0,0,1,498.93184087263506
949,19,0,0,0,1,500.16605139895086
950,19,0,0,0,1,500.97920929368775
951,19,0,0,0,1,501.79236718842463
952,19,0,0,0,1,502.6055250831615
953,19,0,0,0,1,503.4186829778984
954,19,0,0,0,1,504.23184087263525
955,19,0,0,1,1,505.6502619252669
956,19,0,0,0,1,506.67394613579324
957,19,0,0,0,1,507.6976303463196
958,19,0,0,1,1,508.06341982000373
959,19,0,0,0,1,509.71868297789854
960,19,0,0,0,1,510.32131455684595
961,19,0,0,0,1,512.1871040305301
962,19,0,0,0,1,512.8949987673723
963,19,0,0,0,1,513.9186829778987
964,19,0,0,0,1,514.521314556846
965,19,0,0,0,1,515.1239461357935
966,19,0,0,0,1,515.7265777147409
967,19,0,0,0,1,517.2765777147409
968,19,0,0,0,1,517.866797862482
969,19,0,0,0,1,518.25890312564
970,19,0,0,0,1,519.2825873361663
971,20,1,0,1,2,492.9659579693581
972,20,0,0,0,2,493.51595796935806
973,20,0,0,0,2,494.8659579693581
974,20,0,0,0,2,496.21595796935816
975,20,0,0,0,2,496.96595796935816
976,20,0,0,0,2,497.71595796935816
977,20,0,0,0,2,498.26595796935817
978,19,0,1,0,2,526.1293417264307
979,19,0,0,0,1,527.1530259369571
980,19,0,0,0,1,528.8082890948518
981,19,0,0,0,1,529.831973305378
982,19,0,0,0,1,531.2767101474834
983,19,0,0,0,1,531.6688154106413
984,19,0,0,0,1,532.0609206737993
985,20,1,0,0,2,505.5303746401093
986,20,0,0,0,2,505.8803746401093
987,21,1,0,0,3,482.0289282286755
988,21,0,0,0,4,483.1027377524851
989,22,1,0,1,5,461.69124967282676
990,22,0,0,0,5,462.8776133091904
991,21,0,1,1,4,485.76617832323046
992,21,0,0,0,3,486.64951165656373
993,21,0,0,0,3,487.15189260894476
994,22,1,0,0,5,465.0336247630836
995,22,0,0,0,5,466.21998839944723
996,22,0,0,0,5,466.4972611267201
997,22,0,0,0,5,466.95635203581094
998,22,0,0,0,5,467.5972611267201
999,22,0,0,0,5,468.96544294490195
1000,22,0,0,0,5,469.7881702176292
1001,22,0,0,0,5,471.1563520358111
1002,22,0,0,0,5,472.34271567217473
1003,22,0,0,0,5,472.71089749035656
1004,21,0,1,1,4,496.1027540797811
1005,21,0,0,0,3,496.79561122263823
1006,21,0,0,0,4,496.91703979406685
1007,21,0,0,0,3,497.41942074644777
1008,22,1,0,0,5,475.5617198034275
1009,22,0,0,0,6,476.02081071251837
1010,22,0,0,0,6,477.0253561670639
1011,22,0,0,0,6,478.0299016216093
1012,21,0,1,0,6,502.61494545848984
1013,21,0,0,0,4,503.307802601347
1014,21,0,0,0,4,503.81018355372794
1015,20,0,1,0,4,530.1316292273971
1016,20,0,0,0,2,531.4816292273971
1017,21,1,0,0,3,505.90522233521455
1018,21,0,0,0,3,506.9790318590241
1019,21,0,0,0,4,507.67188900188125
1020,21,0,0,0,3,508.74569852569084
1021,21,0,0,0,3,510.0099842399765
1022,21,0,0,0,4,510.8933175733099
1023,21,0,0,0,3,511.0147461447384
1024,21,0,0,0,3,511.8980794780718
1025,21,0,0,0,3,513.1623651923576
1026,22,1,0,0,5,489.8618031381595
1027,22,0,0,0,5,490.8663485927049
1028,22,0,0,0,5,491.32543950179587
1029,21,0,1,0,5,516.1577468965802
1030,21,0,0,0,4,517.2315564203897
1031,21,0,0,1,4,518.2815564203897
1032,20,0,1,0,4,544.331776673942
1033,20,0,0,0,2,545.6817766739421
1034,20,0,0,0,2,546.831776673942
1035,20,0,0,0,2,547.981776673942
1036,21,1,0,0,3,521.554073022802
1037,21,0,0,0,3,521.8659777847067
1038,21,0,0,0,3,522.7493111180402
1039,21,0,0,0,3,524.204073022802
1040,21,0,0,0,3,525.2778825466115
1041,20,0,1,0,3,552.2752937665243
1042,20,0,0,0,2,552.8252937665243
1043,20,0,0,0,2,553.7752937665243
1044,20,0,0,0,2,554.4252937665243
1045,18,0,2,0,2,616.8892304753862
1046,18,0,0,1,0,616.6336749198306
1047,18,0,0,1,0,617.0447860309417
1048,19,1,0,0,1,585.1950604503659
1049,19,0,0,0,1,586.0082183451028
1050,19,0,0,0,1,587.0171745667858
1051,19,0,0,0,1,587.4092798299437
1052,19,0,0,0,1,588.0119114088911
1053,19,0,0,0,1,589.2461219352068
1054,19,0,0,0,1,589.9862507182513
1055,19,0,0,0,1,591.2204612445672
1056,19,0,0,0,1,592.2441454550935
1057,19,0,0,0,1,593.0573033498304
1058,21,2,0,0,3,535.9780363641322
1059,21,1,1,0,4,536.5855559069831
1060,21,0,0,0,3,537.6593654307927
1061,22,1,0,1,4,513.7680306384839
1062,22,0,0,0,4,515.0453033657567
1063,22,0,0,0,4,515.6862124566658
1064,22,0,0,0,4,516.5089397293931
1065,22,0,0,1,3,517.4907579112113
1066,22,0,0,0,3,519.3134851839386
1067,22,0,0,0,3,519.8634851839387
1068,22,0,0,0,3,520.3225760930295
1069,21,0,1,0,3,545.7725046821976
1070,20,0,1,0,2,573.7952218872829
1071,20,0,0,0,1,574.5452218872829
1072,20,0,0,1,1,575.270221887283
1073,21,1,0,0,2,548.2092784752904
1074,21,0,0,0,2,549.4735641895761
1075,22,1,0,0,4,524.8861294536863
1076,22,0,0,0,4,525.8906749082317
1077,21,0,1,0,4,551.4145374086327
1078,21,0,0,0,2,552.2978707419659
1079,21,0,0,0,2,552.4192993133945
1080,21,0,0,0,2,553.6835850276804
1081,21,0,0,0,2,554.1859659800613
1082,21,0,0,0,2,555.2341791426473
1083,22,1,0,0,3,530.5667164543452
1084,23,1,0,0,4,508.19859834763463
1085,23,0,0,0,4,510.009467912852
1086,23,0,0,0,4,510.6029461737216
1087,23,1,1,1,5,510.57466646460006
1088,23,0,0,0,4,510.8203186385131
1089,22,0,1,0,4,534.4827388289001
1090,23,1,0,0,4,512.0313154015566
1091,22,0,1,0,4,536.1120610546554
1092,23,1,0,0,4,513.1550149218444
1093,23,0,0,0,4,514.0963192696705
1094,23,0,0,0,4,515.298493182714
1095,23,0,0,0,4,515.8919714435835
1096,23,0,0,0,4,517.5289279653227
1097,23,0,0,1,4,518.5354497044532
1098,23,0,0,0,4,519.7047617040506
1099,23,0,0,0,4,520.9938921388332
1100,23,0,0,1,4,521.565631269268
1101,23,0,0,0,4,522.3330225736158
1102,23,0,0,1,4,522.5569356170942
1103,23,0,0,0,4,523.6721530083985
1104,23,0,0,0,4,525.4830225736159
1105,22,0,1,0,4,550.1842027717778
1106,22,0,0,0,3,551.0978391354142
1107,22,0,0,1,3,552.4432936808688
1108,22,0,0,0,3,553.0842027717779
1109,22,0,0,0,3,553.725111862687
1110,21,0,1,0,3,581.1513890220708
1111,20,0,1,0,2,611.9505296611342
1112,20,0,0,0,1,613.4005296611342
1113,21,1,0,1,1,584.7862187248896
1114,21,0,0,0,1,586.0505044391755
1115,21,0,0,0,1,586.8385996772707
1116,21,0,0,0,1,588.1028853915565
1117,21,0,0,0,1,588.9862187248898
1118,21,0,0,0,1,590.4409806296517
1119,21,0,0,0,1,591.5147901534613
1120,21,0,0,0,1,592.0171711058422
1121,20,0,1,0,1,622.5512965371094
1122,20,0,0,0,0,624.3217481610523
1123,20,0,0,0,0,624.8717481610522
1124,20,0,0,0,0,626.0217481610523
1125,20,0,0,0,0,626.7717481610523
1126,20,0,0,0,0,627.7217481610523
1127,20,0,0,1,1,628.6467481610523
1128,20,0,0,0,1,629.9967481610523
1129,20,0,0,0,1,631.1467481610523
1130,20,0,0,0,1,632.0967481610525
1131,20,0,0,0,1,632.6467481610524
1132,20,0,0,0,1,633.5967481610525
1133,20,0,0,1,1,634.1217481610524
1134,20,0,0,0,1,634.8717481610524
1135,20,0,0,0,1,635.6217481610524
1136,20,0,0,0,1,636.9717481610526
1137,20,0,0,0,1,637.5217481610525
1138,20,0,0,0,1,638.4717481610526
1139,20,0,0,0,1,638.6217481610526
1140,20,0,0,0,1,639.1717481610525
1141,20,0,0,0,1,640.1217481610526
1142,20,0,0,1,0,641.4467481610526
1143,20,0,0,0,0,642.3967481610526
1144,20,0,0,0,0,643.3467481610526
1145,21,1,0,0,1,612.663569677193
1146,21,0,0,0,1,613.3564268200502
1147,21,0,0,0,1,614.0492839629072
1148,21,0,0,0,1,614.8373792010026
1149,21,0,0,0,1,615.1492839629072
1150,22,1,0,0,2,587.3947710555025
1151,22,0,0,0,2,588.2174983282298
1152,22,0,0,0,2,589.6427201321728
1153,22,0,0,1,2,590.2609019503547
1154,22,0,0,0,2,591.4472655867183
1155,22,0,0,0,2,592.2699928594456
1156,23,1,0,0,3,567.3060801264262
1157,24,1,0,0,4,543.3204101211585
1158,24,0,0,0,4,544.5370767878252
1159,24,0,0,1,3,545.3995767878251
1160,23,0,1,0,3,569.8770949733611
1161,23,0,0,0,3,571.340138451622
1162,23,0,0,0,3,572.5423123646655
1163,23,0,0,1,2,573.635790625535
1164,23,0,0,1,2,575.0770949733611
1165,23,0,0,1,2,575.3010080168394
1166,23,0,0,0,2,576.0683993211873
1167,23,0,0,0,2,576.8357906255351
1168,23,0,0,0,2,577.5162254081439
1169,23,0,0,0,2,578.1097036690134
1170,23,0,0,0,2,579.2249210603177
1171,23,0,0,0,2,581.0357906255351
1172,23,0,0,0,2,582.1777222333046
1173,23,0,0,0,2,582.597287450696
1174,23,0,0,0,2,583.2777222333046
1175,23,1,1,0,3,583.7419165064313
1176,23,0,0,0,2,585.3788730281705
1177,23,0,0,0,2,585.6245252020835
1178,23,0,0,1,2,586.8919165064314
1179,23,0,0,2,2,587.4419165064314
1180,23,0,0,0,2,588.4701773759966
1181,23,0,0,0,2,590.2810469412141
1182,23,0,0,0,2,591.5701773759966
1183,23,0,0,0,2,592.5114817238228
1184,23,0,0,1,1,593.2571338977358
1185,23,0,0,0,1,593.5027860716489
1186,23,0,0,0,1,595.4096580925022
1187,23,0,0,1,1,596.6770493968501
1188,23,0,0,0,1,597.7922667881545
1189,23,0,0,0,1,598.9074841794588
1190,23,0,0,0,1,600.1966146142415
1191,23,0,0,1,1,601.2900928751111
1192,23,0,0,1,1,601.6879189620676
1193,23,0,0,0,1,601.7596580925024
1194,23,0,0,0,1,603.048788527285
1195,23,0,0,0,1,604.0770493968503
1196,23,0,0,0,1,604.8444407011981
1197,23,0,0,0,1,606.2205276577199
1198,23,0,0,0,1,607.0673389730866
1199,23,0,0,1,1,607.6390781035215
1200,23,0,0,0,1,608.0586433209128
1201,23,0,0,2,1,608.7825563643911
1202,23,0,0,0,1,609.8108172339563
1203,22,0,1,0,1,638.5197932531786
1204,22,0,0,0,0,639.524338707724
1205,22,0,0,0,0,641.3470659804514
1206,22,0,0,0,0,642.1697932531787
1207,22,0,0,0,0,643.083429616815
1208,22,0,0,0,0,645.1575496383849
1209,22,0,0,1,0,646.1393678202031
1210,22,0,0,0,0,647.4001996486394
1211,22,0,0,0,0,649.1320178304576
1212,22,0,0,0,0,650.6820178304575
1213,23,1,0,0,1,622.2219300986985
1214,23,0,0,0,1,622.9893214030465
1215,23,0,0,0,1,623.9306257508725
1216,23,0,0,0,1,624.3501909682637
1217,23,0,0,0,1,625.4654083595682
1218,23,0,0,0,1,626.8456155234223
1219,23,0,0,0,1,628.5695285669005
1220,23,0,0,0,1,629.684745958205
1221,23,0,0,0,1,630.1872315202395
1222,23,0,0,0,1,630.9546228245873
1223,23,0,0,0,1,631.8959271724134
1224,23,0,0,1,1,632.1198402158917
1225,23,0,0,0,1,632.8872315202395
1226,23,0,0,0,1,633.7415793463264
1227,23,0,0,0,1,633.9872315202396
1228,23,0,0,0,1,634.4067967376308
1229,24,1,0,0,2,608.2919302068962
1230,24,0,0,0,2,609.1752635402296
1231,24,0,0,0,2,610.0585968735629
1232,24,0,0,0,2,610.7752635402296
1233,25,1,0,0,3,587.1122529986204
1234,25,0,0,0,3,588.5822529986204
1235,25,0,0,0,3,589.2522529986204
1236,25,0,0,0,3,590.2422529986204
1237,25,0,0,0,3,591.6004226657992
1238,25,0,0,0,3,592.7504226657993
1239,25,0,0,0,3,593.2604226657993
1240,25,0,0,0,3,594.7304226657993
1241,26,1,0,0,4,572.2696371786532
1242,26,0,0,0,4,573.0504064094224
1243,26,0,0,1,3,573.9657910248071
1244,26,1,1,0,4,574.3718992851605
1245,26,0,0,0,3,575.6142069774681
1246,27,1,0,0,4,555.195162274599
1247,26,0,1,0,4,577.7777810370836
1248,26,0,0,0,3,578.635473344776
1249,26,0,0,0,3,579.262396421699
1250,27,1,0,0,4,558.4860113690435
1251,26,0,1,0,4,581.196402179086
1252,26,0,0,0,3,581.9771714098553
1253,27,1,0,0,4,560.3594983946755
1254,27,0,0,1,4,561.5206095057865
1255,27,0,0,0,4,562.552090987268
1256,27,0,0,0,4,563.7317206168977
1257,26,0,1,0,4,587.1115616572683
1258,26,0,0,0,3,587.7384847341914
1259,27,1,0,0,4,566.8703927069992
1260,27,0,0,0,4,567.9018741884806
1261,27,0,0,0,4,568.2840006793258
1262,26,0,1,0,4,591.2132151030858
1263,26,0,0,0,3,592.1478304877012
1264,26,0,0,0,3,592.7747535646242
1265,26,0,0,0,3,593.228598033739
1266,27,1,0,0,4,572.379390699156
1267,27,0,0,0,4,573.2627240324894
1268,28,1,0,0,5,552.9979838884719
1269,28,0,0,0,5,554.5479838884719
1270,28,0,0,0,5,555.3836981741863
1271,28,0,0,0,5,555.9336981741862
1272,28,0,0,3,4,557.2872696027578
1273,28,0,0,0,4,557.6944124599006
1274,27,0,1,0,4,579.8194532319741
1275,27,0,0,0,3,580.258342120863
1276,27,0,0,0,3,581.4379717504927
1277,27,0,0,0,3,582.321305083826
1278,27,0,0,1,2,583.334268046789
1279,26,0,1,1,2,607.2935209156152
1280,26,0,0,0,1,608.3819824540768
1281,25,0,1,0,1,633.6013167938568
1282,25,0,0,0,1,634.1113167938569
1283,24,0,1,0,1,661.407839532811
1284,24,0,0,0,0,662.4578395328109
1285,24,0,0,1,0,663.4036728661443
1286,25,1,0,0,1,636.9955259514985
1287,25,0,0,0,1,637.9855259514985
1288,25,0,0,0,1,638.8269180227393
1289,25,0,0,0,1,639.6569180227393
1290,25,0,0,0,1,640.9669180227394
1291,27,2,0,0,3,593.6638129840179
1292,27,0,0,0,3,594.1027018729068
1293,27,0,0,0,3,595.1341833543883
1294,27,0,0,0,3,596.1656648358698
1295,27,0,0,0,3,597.4193685395735
1296,26,0,1,0,3,620.8629057212709
1297,27,1,0,0,3,598.6939092130756
1298,27,0,0,0,3,599.5772425464089
1299,27,0,0,1,3,600.2939092130756
1300,27,0,0,0,3,600.7327981019645
1301,27,0,0,0,3,601.4679832871497
1302,28,1,0,1,4,580.0351981697515
1303,29,1,0,0,5,560.7719154742429
1304,29,0,0,0,5,561.1495016811394
1305,29,0,0,0,5,561.6650189225188
1306,28,0,1,1,4,582.2714000811623
1307,28,0,0,0,4,583.4414533282727
1308,28,0,0,0,4,584.2771676139871
1309,28,0,0,0,4,585.5414533282728
1310,28,0,0,0,4,586.377167613987
1311,28,0,0,0,4,587.3557390425585
1312,28,0,0,0,4,587.7628818997015
1313,28,0,0,0,4,589.0271676139871
1314,28,0,0,1,4,590.2735961854157
1315,28,0,0,0,4,591.2521676139871
1316,28,0,0,0,4,592.3735961854156
1317,28,0,0,0,4,592.9235961854157
1318,28,0,0,0,4,593.3307390425587
1319,28,1,1,0,5,593.8113777015042
1320,27,0,1,0,4,616.9673986272855
1321,27,0,0,0,3,617.5544356643225
1322,26,0,1,0,3,643.1518905578728
1323,26,0,0,0,2,645.3172751732574
1324,26,0,0,0,2,645.9441982501805
1325,26,0,0,0,2,647.4941982501805
1326,27,1,0,0,3,623.8944131298034
1327,27,0,0,1,2,625.2036723890627
1328,27,0,0,0,2,626.5314501668405
1329,27,0,0,0,2,627.5629316483219
1330,28,1,0,0,4,605.2160412323104
1331,28,0,0,0,4,606.0517555180247
1332,29,1,0,0,5,585.4775570518859
1333,28,0,1,0,5,607.4998195952601
1334,28,0,0,0,3,608.4783910238315
1335,28,0,0,0,3,609.1712481666885
1336,28,0,0,0,3,610.006962452403
1337,28,0,0,0,3,611.2712481666886
1338,27,0,1,0,3,634.9265553370028
1339,27,0,0,0,2,635.5135923740397
1340,27,0,0,0,2,636.3969257073732
1341,27,0,0,0,2,637.7247034851508
1342,27,0,0,0,2,639.2006294110769
1343,28,1,0,0,3,616.1523926463955
1344,28,0,0,0,3,616.5595355035384
1345,28,0,0,1,2,617.948821217824
1346,27,0,1,2,1,641.9650425338347
1347,27,0,0,0,1,642.5520795708717
1348,28,1,0,0,2,620.5270053004834
1349,28,0,0,0,2,622.0770053004834
1350,28,0,0,0,2,622.7698624433406
1351,27,0,1,0,2,646.558203182705
1352,27,0,0,0,1,646.5526476271494
1353,27,0,0,0,1,647.2878328123347
1354,27,0,0,0,1,648.3193142938161
1355,28,2,1,0,3,625.6617541649299
1356,28,0,0,0,2,626.354611307787
1357,28,0,0,0,2,626.6188970220727
1358,28,0,0,0,2,627.5974684506442
1359,28,0,0,0,2,628.4331827363584
1360,28,0,0,1,2,629.1081827363585
1361,27,0,1,0,2,654.0197052654829
1362,28,1,0,0,2,630.7279300774298
1363,28,0,0,0,2,631.5636443631441
1364,28,0,0,0,2,632.8279300774299
1365,28,1,1,1,4,632.5755520862723
1366,28,0,0,0,2,633.6969806577008
1367,29,1,0,0,3,612.169498566056
1368,29,0,0,0,3,613.2367399453664
1369,29,0,0,0,3,614.166050290194
1370,29,0,0,1,3,615.3539813246766
1371,29,0,0,0,3,616.1453606350215
1372,29,0,0,0,3,617.2815675315733
1373,30,1,0,0,4,597.4705152805208
1374,29,1,2,0,6,619.1360885849434
1375,29,0,0,0,4,619.8113672134276
1376,29,0,0,0,4,621.0165396272207
1377,29,0,0,0,4,622.0837810065311
1378,29,0,0,0,4,623.0820568686001
1379,29,0,0,0,4,624.2872292823932
1380,28,0,1,0,4,647.5511805953231
1381,28,0,0,0,2,648.5297520238946
1382,28,0,0,0,2,649.0797520238947
1383,28,0,0,0,2,650.6297520238946
1384,29,1,0,0,3,628.7252778161742
1385,29,0,0,0,3,629.7925191954845
1386,30,1,0,0,4,609.2311018889684
1387,30,0,0,0,5,610.247768555635
1388,30,0,0,0,5,611.5311018889684
1389,30,0,0,0,4,612.2811018889684
1390,30,0,0,0,5,613.3806857702886
1391,29,0,1,0,5,635.4482500229095
1392,29,0,0,0,3,636.0124460073619
1393,31,2,0,0,6,594.9455140068869
1394,31,0,0,0,7,596.1729333617257
1395,31,0,0,0,7,596.8842236843062
1396,31,0,0,0,7,597.7245462649514
1397,29,0,2,0,7,639.7120520614193
1398,29,0,0,0,3,641.193086544178
1399,29,0,0,0,3,641.9844658545228
1400,30,1,0,0,4,621.1499836593721
1401,30,0,0,0,4,621.2333169927055
1402,30,0,0,0,4,622.6499836593721
1403,30,1,1,0,5,622.8063368925906
1404,30,0,0,0,4,623.6896702259239
1405,30,0,0,1,5,624.6896702259239
1406,30,0,0,0,5,625.4396702259239
1407,31,1,0,0,6,605.7964550573457
1408,31,0,0,0,6,606.6367776379909
1409,31,0,0,0,6,607.993229250894
1410,31,0,0,0,6,609.0916163476683
1411,31,0,0,0,6,609.9319389283133
1412,31,0,0,0,6,610.9012937670232
1413,31,0,0,0,6,612.1287131218619
1414,31,0,0,0,6,613.3561324767005
1415,31,0,0,0,6,614.8416163476683
1416,31,0,0,0,6,615.9400034444424
1417,31,0,0,0,6,616.7803260250877
1418,31,0,0,1,6,617.8625840896037
1419,31,0,0,0,6,618.8319389283134
1420,31,0,0,0,6,619.8012937670231
1421,30,1,2,1,7,640.8579164168872
1422,30,0,0,0,5,641.7412497502205
1423,28,0,2,0,5,688.900213794415
1424,28,0,0,0,3,689.593070937272
1425,28,0,0,0,3,690.5716423658434
1426,28,0,0,1,3,691.3180709372721
1427,28,0,0,1,3,691.993070937272
1428,29,1,0,1,5,668.8519305601247
1429,30,1,0,0,6,646.7218662081207
1430,30,0,0,0,6,647.8718662081207
1431,29,0,1,0,6,670.9949346624618
1432,29,0,0,0,5,671.510451903841
1433,29,0,0,1,4,672.905279490048
1434,29,0,0,0,4,674.1104519038411
1435,29,0,0,0,4,675.5225208693582
1436,29,0,0,0,4,676.5897622486686
1437,30,1,0,0,5,654.601770173713
1438,29,0,1,0,5,677.8153878705876
1439,28,0,1,0,4,702.7054216781207
1440,28,0,0,0,3,703.2622036005206
1441,28,0,0,0,3,704.2407750290921
1442,30,2,0,0,7,657.8047233604859
1443,30,0,0,0,7,658.7049864145314
1444,29,0,1,1,5,682.3158359321944
1445,29,0,0,0,3,683.3830773115048
1446,29,0,0,0,3,684.5882497252979
1447,29,0,0,0,3,686.4830773115049
1448,29,0,0,0,3,688.1020428287462
1449,29,0,0,0,3,689.1003186908152
1450,29,0,0,2,2,690.0641117942635
1451,29,0,0,0,2,690.8554911046083
1452,30,1,0,0,3,668.3919747344547
1453,30,1,1,0,4,668.4137448599373
1454,30,0,0,0,3,669.6970781932706
1455,30,0,0,0,3,670.9804115266039
1456,30,0,0,1,3,671.6470781932707
1457,30,0,0,1,3,672.6470781932707
1458,31,1,0,1,4,651.5294305096168
1459,31,0,0,0,4,652.4987853483265
1460,31,0,0,0,4,653.6134123383546
1461,31,0,0,0,4,654.1956704028706
1462,32,1,0,0,5,634.0036182027809
1463,32,0,0,0,5,635.053618202781
1464,32,0,0,0,5,636.1089352024078
1465,32,0,0,1,5,637.2602682631602
1466,32,0,0,0,5,638.3102682631603
1467,32,0,0,1,5,638.8446432631603
1468,32,0,0,0,5,640.0196432631602
1469,31,0,1,1,5,661.7359570980586
1470,31,0,0,0,4,662.640795807736
1471,31,0,0,0,4,663.0295054851555
1472,31,0,0,0,4,664.7730538722523
1473,31,0,0,0,4,666.4520861303167
1474,31,0,0,0,4,667.2924087109618
1475,31,0,0,0,4,668.6488603238652
1476,31,0,0,0,4,669.7472474206394
1477,32,1,0,0,5,649.3192084387443
1478,32,0,0,0,5,649.8692084387443
1479,32,0,0,0,5,650.9192084387444
1480,33,1,0,0,6,631.9095354557521
1481,33,0,0,0,6,633.1565051527218
1482,33,0,0,0,6,633.9186263648429
1483,33,0,0,0,6,635.0443839406006
1484,32,0,1,0,6,655.9871647811962
1485,31,0,1,0,5,678.1102928844356
1486,31,0,0,0,4,679.2731961102422
1487,31,0,0,0,4,679.7264219166938
1488,30,0,1,0,4,703.6625439505032
1489,30,0,0,0,3,704.9458772838366
1490,30,0,0,0,3,705.6958772838366
1491,30,0,0,0,3,706.8458772838366
1492,30,0,0,0,3,707.9958772838365
1493,30,0,0,0,3,709.0149200649103
1494,30,0,0,0,3,709.3649200649103
1495,30,1,1,0,4,710.3175212236832
1496,31,1,0,0,4,687.9363108616288
1497,31,0,0,0,4,688.260504410016
1498,31,0,0,1,3,689.084697958403
1499,31,0,0,1,3,690.0379237648547
1500,31,1,1,0,4,690.8182863520844
1501,31,0,0,1,3,691.7715121585361
1502,31,0,0,0,3,693.321512158536
1503,31,0,0,0,3,693.6457057069232
1504,31,0,0,0,3,694.0989315133747
1505,31,0,0,0,3,694.6811895778909
1506,31,0,0,0,3,695.9086089327295
1507,30,0,1,0,3,720.1174705337402
1508,30,0,0,0,2,721.0008038670735
1509,30,0,0,0,2,722.2850142406643
1510,30,0,0,0,2,723.7016809073309
1511,30,0,0,0,2,724.851680907331
1512,30,0,0,0,2,725.4683475739977
1513,30,0,0,0,2,726.4850142406643
1514,29,0,1,0,2,752.5923981680805
1515,29,0,0,0,1,754.2113636853219
1516,29,0,0,0,1,755.1406740301495
1517,29,0,0,0,1,755.7941223060116
1518,29,0,0,1,1,756.2923981680806
1519,29,0,0,0,1,756.6699843749772
1520,29,0,0,0,1,757.8751567887703
1521,29,0,0,0,1,759.3561912715288
1522,29,0,0,0,1,760.1475705818737
1523,30,1,0,0,2,735.2409848958112
1524,30,0,0,0,2,736.3909848958112
1525,30,0,0,0,2,737.1409848958112
1526,30,0,0,0,2,737.8909848958112
1527,30,0,0,0,2,738.9076515624779
1528,31,1,0,0,3,715.7332111894947
1529,31,0,0,1,3,716.5574047378818
1530,31,0,0,0,3,717.913856350785
1531,31,0,0,0,3,718.2380498991722
1532,31,1,1,0,5,719.1455265564058
1533,31,0,0,0,3,720.3729459112444
1534,31,0,0,0,3,721.8584297822122
1535,32,1,0,0,4,699.926916351518
1536,32,0,0,2,4,701.1956663515181
1537,32,0,0,0,4,702.683166351518
1538,32,0,0,0,4,703.6081663515181
1539,32,0,0,0,4,704.470666351518
1540,33,1,0,0,5,683.5957976741993
1541,33,0,0,1,5,684.342767371169
1542,33,0,0,0,5,685.6503431287448
1543,33,0,0,0,5,686.5942825226841
1544,33,0,0,0,5,688.0230704014721
1545,32,0,1,0,5,710.56419328131
1546,32,0,0,0,4,711.6141932813101
1547,32,1,1,0,5,712.1201544528833
1548,32,0,0,1,4,712.6545294528833
1549,32,0,0,0,4,713.4707213701953
1550,31,0,1,0,4,737.5705057442195
1551,31,0,0,1,2,738.9108283248646
1552,31,0,0,0,2,739.7511509055098
1553,33,2,0,0,4,695.2222932748728
1554,32,0,1,0,4,718.8641547584454
1555,32,0,0,1,3,720.3985297584454
1556,32,0,0,0,3,721.5735297584454
1557,32,0,0,0,3,721.7485297584453
1558,31,0,1,0,3,746.180846047424
1559,30,0,1,0,2,771.9581276917005
1560,30,0,0,1,1,772.6914610250338
1561,30,0,0,0,1,772.6414610250339
1562,30,0,0,0,1,773.1247943583672
1563,30,0,0,0,1,774.4081276917005
1564,30,0,0,0,1,775.5581276917005
1565,30,0,0,0,1,776.8414610250339
1566,30,0,0,0,1,778.8581276917006
1567,30,0,0,0,1,779.7414610250339
1568,30,0,0,1,1,781.1414610250339
1569,30,0,0,0,1,782.6914610250338
1570,32,2,0,2,4,734.3201197109693
1571,32,0,0,0,4,735.8076197109693
1572,33,1,0,1,5,714.3316312348793
1573,33,0,0,0,5,716.0634494166975
1574,33,0,0,1,5,716.9316312348794
1575,33,0,0,1,5,717.617994871243
1576,33,0,0,0,5,719.0467827500308
1577,33,0,0,0,5,720.166807819437
1578,33,0,0,0,5,721.2925653951946
1579,33,0,0,0,5,722.2971108497401
1580,33,0,0,0,5,723.0050972773328
1581,33,0,0,0,5,724.0931432935806
1582,33,0,0,1,4,725.567385717823
1583,33,0,0,1,3,726.1931432935805
1584,34,1,0,0,4,705.5742273143577
1585,34,0,0,0,4,706.6536390790634
1586,34,1,1,0,5,707.7960580836321
1587,36,2,0,0,6,668.4934993012081
1588,36,0,0,0,6,669.5990548567637
1589,36,0,0,0,6,670.8157215234304
1590,36,0,0,0,6,671.8101659678748
1591,36,0,0,0,6,672.6934993012081
1592,35,0,1,0,6,693.1676828683854
1593,35,0,0,0,5,694.4319685826712
1594,35,0,0,0,5,696.2105400112426
1595,35,0,0,0,5,697.0176828683855
1596,35,0,0,0,5,698.0533971540999
1597,36,1,0,0,6,679.0588583442637
1598,37,1,0,0,7,661.4032135241486
1599,36,0,1,1,7,680.5805761059167
1600,36,0,0,0,6,681.5750205503612
1601,36,0,0,0,6,682.1250205503612
1602,36,0,0,0,6,683.452798328139
1603,36,0,0,0,6,684.6694649948056
1604,36,0,0,1,6,686.0944649948055
1605,37,1,0,0,7,668.2571415641594
1606,37,0,0,0,8,669.4287631857809
1607,37,0,0,0,8,670.7625469695648
1608,36,0,1,0,8,690.437172072112
1609,33,0,3,0,7,753.9400995386617
1610,33,0,0,0,3,755.4294934780555
1611,33,0,0,0,3,756.7976752962373
1612,33,0,0,0,3,757.2567662053283
1613,33,0,0,0,3,757.8976752962374
1614,32,0,1,0,3,783.3754831508157
1615,32,0,0,0,2,783.9795207513625
1616,32,0,0,1,2,785.2638957513626
1617,32,0,0,0,2,786.3138957513626
1618,31,0,1,0,2,812.2505344036724
1619,31,0,0,1,1,812.9898774466103
1620,32,1,0,0,2,787.5855062764037
1621,33,1,0,0,3,764.3132182074219
1622,33,0,0,0,3,765.1965515407552
1623,33,0,0,0,3,765.7162485104521
1624,34,1,0,0,4,743.9937117895565
1625,34,0,0,0,4,744.8378294366153
1626,34,0,0,0,4,746.0348882601447
1627,34,0,0,0,4,747.2319470836742
1628,34,0,0,1,4,747.9437117895566
1629,34,0,0,0,4,748.4348882601448
1630,34,0,0,0,4,749.7495941424977
1631,34,1,1,0,5,750.3088012473902
1632,34,0,0,0,4,751.7411541885667
1633,34,0,0,0,4,753.2911541885668
1634,33,0,1,0,4,777.1136233283582
1635,33,0,0,0,3,778.4818051465401
1636,33,0,0,0,3,779.4863506010856
1637,33,0,0,0,3,780.5515021162371
1638,33,0,0,0,3,781.3136233283583
1639,35,2,0,0,5,736.8142734238808
1640,35,0,0,0,5,737.7374903947284
1641,36,1,0,0,6,718.1961712170971
1642,36,0,0,1,6,719.0656156615416
1643,37,1,0,0,7,700.2205990220405
1644,37,0,0,0,7,700.6354638869053
1645,37,0,0,0,7,701.9151936166351
1646,36,0,1,0,7,722.6254125019786
1647,36,0,0,1,6,723.4163073722326
1648,36,0,0,0,6,724.6329740388993
1649,35,0,1,0,6,746.0197140271536
1650,34,0,1,0,5,769.5013395896459
1651,35,1,0,0,5,748.2784441727989
1652,36,1,0,0,6,728.5554318346656
1653,36,0,0,0,6,729.9943207235544
1654,36,0,0,0,6,730.6554318346656
1655,36,0,0,0,6,731.5387651679989
1656,36,0,0,0,6,733.1998762791101
1657,35,0,1,0,6,755.1752668800782
1658,35,0,0,1,4,756.3109811657926
1659,34,0,1,0,4,779.1536355901673
1660,34,0,0,0,3,779.1742238254615
1661,34,0,0,1,3,780.3565767666378
1662,34,0,0,0,3,781.6712826489908
1663,34,0,0,0,3,782.9271650019319
1664,33,0,1,0,3,807.6494435709452
1665,33,0,0,0,2,808.896413267915
1666,33,0,0,0,2,809.4161102376119
1667,33,0,0,1,2,810.4055041770059
1668,33,0,0,0,2,811.5918678133695
1669,33,0,0,0,2,812.4752011467028
1670,33,0,0,0,2,813.5308891576799
1671,33,0,0,0,2,814.5354346122253
1672,34,1,0,0,3,791.4946865353952
1673,34,0,0,0,3,792.1623335942187
1674,33,0,1,0,3,817.2273150353217
1675,33,0,0,0,2,817.5045877625944
1676,33,0,0,0,2,818.6087390471705
1677,33,0,0,0,2,820.0981329865643
1678,33,0,0,0,2,821.5875269259583
1679,33,0,0,0,2,822.3496481380795
1680,33,0,0,0,2,824.3238905623219
1681,33,0,0,0,2,825.0860117744433
1682,33,0,0,1,2,825.5905572289886
1683,33,0,0,0,2,826.3526784411098
1684,32,0,1,0,2,852.8397963526119
1685,32,0,0,0,1,853.7647963526119
1686,33,1,0,0,2,828.6082873722297
1687,33,0,0,0,2,829.7340449479872
1688,34,1,0,0,3,805.8933377436347
1689,34,0,0,1,3,807.1345142142228
1690,34,0,0,0,3,808.3315730377523
1691,34,0,0,0,3,809.705102449517
1692,35,1,0,0,4,787.3335280938164
1693,36,1,0,0,5,766.7478745356549
1694,36,0,0,0,5,767.2978745356548
1695,36,0,0,0,5,768.1812078689883
1696,38,2,0,1,7,728.0479864021994
1697,38,0,0,0,7,729.5979864021994
1698,38,0,0,1,7,730.5558811390415
1699,38,1,1,0,8,730.7425145980014
1700,38,0,0,2,7,731.739883019054
1701,37,0,1,0,7,752.5706294970422
1702,37,0,0,0,5,753.4719808483935
1703,38,1,0,0,6,733.995086615541
1704,38,0,0,0,6,734.7029813523832
1705,38,1,1,1,7,735.2419651869154
1706,39,1,0,0,7,717.0087091705618
1707,38,0,1,0,7,737.1551371776184
1708,38,0,0,1,5,738.1656634934079
1709,38,0,0,0,5,739.6104003355131
1710,37,0,1,0,5,760.4563750830705
1711,36,0,1,0,3,782.3456905024165
1712,37,1,0,0,3,762.6723790598238
1713,37,0,0,0,3,763.303460140905
1714,37,0,0,0,3,764.2048114922563
1715,37,0,0,1,3,764.4980547354995
1716,37,0,0,1,3,765.7078302904595
1717,36,0,1,0,3,788.1819844354018
1718,36,0,0,0,2,788.8430955465129
1719,36,0,0,0,2,789.8375399909575
1720,37,1,0,0,4,769.0257145857964
1721,37,0,0,1,4,769.5351740452559
1722,37,0,0,0,4,770.274363234445
1723,37,0,0,0,4,771.0135524236341
1724,36,0,1,0,4,793.2385351239976
1725,36,0,0,0,3,794.4552017906642
1726,35,0,1,1,3,817.8200636753421
1727,34,0,1,0,1,842.4763282770264
1728,34,0,0,0,0,843.3204459240851
1729,34,0,0,0,0,844.2822106299674
1730,35,1,0,0,1,820.9227188976827
1731,35,0,0,0,1,822.301290326254
1732,35,0,0,0,1,824.0227188976827
1733,35,0,0,0,1,825.2870046119683
1734,35,0,0,0,1,826.4370046119683
1735,35,0,0,1,1,827.3441474691111
1736,35,0,0,0,1,828.2655760405397
1737,35,0,0,0,1,829.1870046119683
1738,35,0,0,0,1,829.7655760405397
1739,36,1,0,1,2,807.3206989283025
1740,36,0,0,1,2,808.4123655949692
1741,36,0,0,0,2,809.5179211505247
1742,37,1,0,0,4,788.0120313896997
1743,37,0,0,0,4,789.7241935518617
1744,37,0,0,0,4,791.0039232815916
1745,37,0,0,0,4,792.3377070653753
1746,37,0,0,0,4,793.5093286869969
1747,37,0,0,0,4,794.1404097680779
1748,37,0,0,0,4,795.744463822132
1749,36,0,1,0,4,818.9985490825691
1750,36,0,0,0,2,820.4929935270135
1751,36,0,0,0,2,821.3207713047913
1752,36,0,0,0,2,822.3152157492357
1753,36,0,0,0,2,822.8652157492357
1754,36,0,0,1,2,824.0984285505547
1755,36,0,0,0,2,824.5373174394435
1756,36,0,0,0,2,825.8095396616658
1757,37,1,0,0,3,804.4038764275666
1758,37,0,0,0,3,805.6836061572964
1759,37,0,0,0,3,806.6390115627019
1760,37,0,0,0,3,806.7718811752478
1761,37,1,1,0,4,807.4651079890082
1762,37,0,0,1,3,808.0826755565757
1763,37,0,0,0,3,809.0380809619811
1764,37,0,0,0,3,809.8853782592784
1765,37,0,0,0,3,811.0569998809
1766,37,0,0,0,3,812.2286215025216
1767,37,1,1,0,4,812.9699081754122
1768,39,2,0,0,6,771.7752974997501
1769,39,0,0,0,6,773.0637877551748
1770,39,0,0,0,6,774.1522492936363
1771,39,0,0,0,6,774.8304544218414
1772,39,0,0,0,6,776.4317364731235
1773,40,1,0,0,7,757.6321930612953
1774,39,0,1,0,7,778.0334022211506
1775,39,0,0,2,4,779.4039150416635
1776,39,0,0,1,4,780.3257099134584
1777,39,0,0,0,4,781.7218637596121
1778,40,1,0,0,5,762.6900671656218
1779,40,0,0,0,5,763.8400671656218
1780,39,0,1,0,5,784.7666848858444
1781,39,0,0,0,4,786.060274629434
1782,39,0,0,0,4,787.0461720653315
1783,39,0,0,0,4,788.1645430109558
1784,38,0,1,0,4,809.6671377397224
1785,39,1,0,0,4,789.647467541268
1786,38,0,1,0,4,811.5498311780441
1787,38,0,0,0,3,811.8366732833072
1788,38,0,0,0,3,812.3340417043598
1789,38,0,0,1,2,813.6603574938335
1790,38,0,0,0,2,814.1577259148861
1791,38,0,0,0,2,815.707725914886
1792,38,0,0,0,2,816.836673283307
1793,38,0,0,0,2,818.070883809623
1794,38,0,0,1,1,818.7656206517281
1795,38,0,0,1,0,820.3550943359387
1796,38,0,0,0,0,821.1682522306755
1797,39,1,0,0,1,801.3152201221967
1798,39,0,0,0,1,802.1985534555299
1799,40,1,0,0,2,782.7548396191416
1800,40,0,0,0,2,783.8119444798759
1801,40,0,0,0,2,785.2619444798759
1802,40,0,0,0,2,785.8119444798759
1803,40,0,0,0,2,787.3619444798759
1804,40,0,0,0,2,788.5119444798759
1805,40,0,0,0,2,790.0119444798759
1806,40,0,0,0,2,790.5619444798759
1807,41,1,0,0,3,771.9031841487113
1808,42,1,0,0,4,754.56144166898
1809,42,0,0,0,4,755.5400130975514
1810,42,0,0,0,4,756.2328702404086
1811,42,0,0,0,4,757.1162035737419
1812,42,0,0,0,4,758.3804892880277
1813,43,1,0,0,5,741.8390825603991
1814,42,0,1,0,5,760.3812860777165
1815,42,0,0,0,4,761.2646194110498
1816,43,1,0,0,5,744.5631166340486
1817,43,0,0,1,5,745.868930587537
1818,43,0,0,0,5,747.4654422154439
1819,42,0,1,0,5,766.6180305687316
1820,42,0,0,0,4,767.5966019973031
1821,42,0,0,0,4,768.4799353306364
1822,42,0,0,0,4,769.648982949684
1823,42,0,0,2,3,770.8894591401602
1824,41,0,1,0,3,791.2821006758728
1825,41,0,0,0,2,792.1003933587997
1826,40,0,1,0,2,812.848784597498
1827,40,0,0,0,1,814.198784597498
1828,40,0,0,0,1,815.1487845974981
1829,40,0,0,1,1,816.286284597498
1830,40,0,0,0,1,817.436284597498
1831,40,0,0,0,1,818.686284597498
1832,40,0,0,1,1,819.423784597498
1833,40,0,0,1,1,820.361284597498
1834,40,0,0,0,1,821.411284597498
1835,40,0,0,0,1,822.861284597498
1836,41,1,0,0,2,803.2793020463395
1837,41,0,0,1,2,804.1829605829248
1838,40,0,1,0,2,825.0328447508034
1839,40,0,0,0,1,826.2328447508035
1840,41,1,0,1,2,807.0442387812717
1841,42,1,0,1,2,788.5681854769557
1842,42,0,0,0,2,790.0015515114961
1843,43,1,0,0,3,772.538724732159
1844,43,0,0,0,3,773.2050038019265
1845,43,0,0,0,3,774.7084921740194
1846,43,0,0,0,3,775.3747712437869
1847,43,0,0,0,3,776.9712828716939
1848,44,1,0,0,4,759.6457991700645
1849,46,2,0,0,8,726.7090252931051
1850,46,0,0,0,8,727.7372861626703
1851,46,0,0,0,8,728.6785905104964
1852,47,1,0,0,10,713.8833013506986
1853,46,0,1,0,10,730.6833871686367
1854,45,0,1,1,10,748.2300373188605
1855,45,0,0,0,7,749.5578150966383
1856,46,1,0,0,8,733.7359060727983
1857,46,0,0,0,8,734.416340855407
1858,46,0,0,0,8,735.357645203233
1859,45,0,1,1,8,752.5638937015206
1860,44,0,1,0,6,770.8500090153069
1861,44,0,0,0,5,771.8545544698522
1862,45,1,0,0,6,755.7288977038556
1863,45,0,0,0,6,757.2344532594112
1864,45,0,0,0,6,758.9177865927445
1865,45,0,0,0,6,760.1566754816334
1866,46,1,0,0,7,744.6260955798588
1867,46,0,0,0,7,746.1760955798587
1868,46,0,0,0,7,747.2913129711632
1869,47,1,0,0,8,732.2276680143298
1870,47,0,0,0,8,733.5649020568829
1871,47,0,0,0,8,734.4766041845427
1872,47,1,1,1,8,735.1748295918635
1873,47,0,0,0,8,736.6397232088848
1874,47,0,0,0,8,737.4139873317827
1875,47,0,0,0,8,738.1554766934847
1876,46,0,1,0,8,755.8358145287656
1877,46,0,0,0,7,756.8640753983309
1878,46,0,0,0,7,757.892336267896
1879,46,0,0,0,7,758.6597275722439
1880,45,0,1,0,7,776.6597182649133
1881,45,0,0,1,6,777.8874960426909
1882,43,0,2,0,6,815.0931387042742
1883,43,0,0,0,4,816.0384875414835
1884,44,1,0,0,5,798.6432946428135
1885,44,0,0,0,5,799.3751128246316
1886,44,0,0,0,5,800.1978400973588
1887,43,0,1,0,5,820.2098482605655
1888,43,0,0,0,4,820.9691505861468
1889,44,2,1,0,6,802.6945914792558
1890,42,0,2,0,5,841.7938460242401
1891,42,0,0,0,3,843.0581317385258
1892,43,1,0,0,4,824.5474775120484
1893,45,2,0,1,7,788.2598118448464
1894,45,0,0,0,7,789.0542562892908
1895,45,0,0,0,7,790.2931451781797
1896,45,0,0,0,7,791.4431451781796
1897,45,0,0,0,7,792.5931451781797
1898,46,1,0,0,8,776.357424630828
1899,45,0,1,0,8,795.0187657459575
1900,45,0,0,1,7,796.424321301513
1901,44,0,1,0,7,815.6106459998122
1902,44,0,0,0,6,817.1606459998121
1903,44,0,0,0,6,817.3470096361757
1904,45,1,0,0,7,799.6770760887052
1905,45,0,0,0,8,801.3604094220385
1906,45,0,0,1,7,802.6770760887052
1907,45,0,0,0,7,803.8270760887052
1908,46,1,0,0,9,786.9993135650377
1909,45,0,1,0,8,805.6283592218701
1910,45,0,0,0,8,806.6005814440923
1911,45,0,0,0,8,807.6616925552034
1912,44,0,1,0,8,826.9212033967458
1913,44,0,0,0,6,827.9257488512911
1914,44,0,0,0,6,828.4757488512911
1915,44,0,0,2,6,829.3666579422003
1916,44,1,1,0,7,830.1501655491574
1917,44,0,0,0,6,831.0638019127936
1918,43,0,1,0,6,851.7959859754785
1919,43,0,0,0,5,852.8343580685017
1920,42,0,1,0,5,874.3026968004481
1921,42,0,0,1,3,875.6503158480673
1922,42,0,0,0,3,876.5812682290195
1923,43,1,0,0,4,857.058448037647
1924,44,1,0,0,5,838.6400742186096
1925,44,0,0,0,5,839.735528764064
1926,44,0,0,1,5,841.0923469458822
1927,44,0,0,0,5,842.484679351678
1928,44,0,0,0,5,843.5801338971324
1929,44,0,0,0,5,844.4028611698596
1930,44,0,0,0,5,845.0437702607688
1931,44,0,0,1,6,846.400588442587
1932,42,0,2,0,6,887.5756845098811
1933,42,0,0,0,4,888.3637797479763
1934,42,0,0,0,4,889.0090178432145
1935,42,0,0,0,4,890.2733035575002
1936,41,0,1,0,4,913.3181309063549
1937,41,0,0,0,3,913.9413016380622
1938,41,0,0,0,3,914.9808015442727
1939,41,0,0,0,3,915.5064113003701
1940,41,0,0,0,3,916.8125088613458
1941,41,0,0,0,3,917.6308015442726
1942,42,1,0,0,4,896.343163412266
1943,42,0,0,0,4,897.4169729360756
1944,42,0,0,0,4,898.6812586503613
1945,41,0,1,0,4,921.9015285697732
1946,41,0,0,1,3,922.7076261307488
1947,42,1,0,0,4,901.9181588419214
1948,41,0,1,0,4,925.5064779734317
1949,41,0,0,0,3,926.2272096807488
1950,41,0,0,0,3,926.9801841290198
1951,42,1,0,0,5,905.9461321259478
1952,42,0,0,0,4,907.4008940307097
1953,42,0,0,0,5,908.5699416497574
1954,42,0,0,0,5,909.3580368878526
1955,42,0,0,1,6,910.0389892688049
1956,41,0,1,0,6,933.533955045739
1957,41,0,0,1,3,934.7302965091535
1958,41,0,0,1,3,936.024198948178
1959,41,0,0,1,2,936.8302965091535
1960,41,0,0,0,2,937.6973696798852
1961,41,0,0,0,2,938.8571257774462
1962,40,0,1,0,2,963.4736441821499
1963,40,0,0,0,1,964.8236441821498
1964,40,0,0,0,1,966.7736441821498
1965,42,2,0,0,3,921.2606135068094
1966,42,0,0,0,3,922.1439468401427
1967,42,0,0,0,3,923.3129944591902
1968,42,0,0,0,3,924.7677563639521
1969,42,0,0,0,3,925.6034706496664
1970,42,0,0,0,3,926.4868039829996
1971,42,0,0,0,3,927.8810203947498
1972,42,0,0,2,3,928.169115632845
1973,42,0,0,1,3,928.9453061090356
1974,42,0,0,0,3,929.923877537607
1975,42,0,0,0,3,930.9024489661784
1976,42,0,0,0,3,931.7857822995118
1977,42,0,0,0,3,933.0024489661783
1978,41,0,1,0,3,956.4662521108295
1979,41,0,0,0,2,957.9674716230246
1980,41,0,0,0,2,958.5906423547318
1981,41,0,0,0,2,959.6040569888783
1982,42,1,0,0,3,937.8884842034287
1983,41,0,1,0,3,961.7682633598075
1984,41,0,0,0,2,962.8792389695637
1985,41,0,0,1,3,964.0755804329782
1986,41,0,0,0,3,964.6011901890759
1987,40,0,1,0,3,989.8557020764795
1988,40,0,0,0,2,990.5057020764792
1989,40,0,0,0,2,992.0557020764793
1990,40,0,0,0,2,992.9057020764792
1991,40,0,0,1,1,993.9432020764792
1992,40,0,0,0,1,995.0932020764792
1993,41,1,0,0,2,971.3104410502236
1994,41,0,0,1,2,972.1165386111992
1995,41,0,0,0,2,973.0323922697356
1996,41,0,0,0,2,974.6311727575406
1997,40,0,1,0,2,999.8358079598013
1998,41,1,0,0,2,975.9373736193182
1999,41,0,0,0,2,977.3410321559037
2000,41,0,0,0,2,978.2568858144402
2001,41,0,0,0,2,979.3678614241963
2002,41,0,0,0,2,980.3812760583426
2003,41,0,0,0,2,981.1995687412693
2004,41,0,0,1,2,982.005666302245
2005,41,0,0,0,2,983.0190809363912
2006,42,1,0,0,3,960.2698171045724
2007,42,1,1,0,4,960.7301581006593
2008,42,0,0,0,3,961.8039676244688
2009,41,0,1,0,3,986.2695333190679
2010,41,0,0,0,2,987.5756308800435
2011,41,0,0,0,2,988.3939235629704
2012,41,0,0,0,2,989.8951430751654
2013,42,1,0,1,3,966.8750206209949
2014,42,0,0,0,3,968.0440682400424
2015,43,1,0,0,4,946.5337410716693
2016,43,0,0,0,4,947.2930433972506
2017,43,0,0,1,3,948.4128108391111
2018,43,0,0,0,3,949.3581596763204
2019,44,1,0,0,5,928.3875196836766
2020,44,0,0,0,5,929.4829742291312
2021,44,0,0,0,5,930.0329742291312
2022,42,0,2,0,5,975.1890429352383
2023,42,0,0,0,2,976.3580905542859
2024,42,0,0,0,2,977.3366619828573
2025,42,0,0,0,2,978.1247572209525
2026,42,0,0,0,2,979.1985667447619
2027,42,0,0,1,3,980.1652334114286
2028,43,1,0,0,4,958.5125535646512
2029,43,0,0,0,4,959.2718558902326
2030,43,0,0,0,4,959.8451117041859
2031,43,0,0,0,4,961.6741814716279
2032,43,0,0,0,4,962.526507053023
2033,43,0,0,0,4,963.5648791460463
2034,43,0,0,0,4,964.6032512390697
2035,42,0,1,0,4,988.5898226256163
2036,42,0,0,0,3,989.6636321494258
2037,42,0,0,0,3,991.0231559589496
2038,42,0,0,0,3,991.7160131018067
2039,42,0,0,0,3,992.694584530378
2040,42,0,0,0,3,994.3398226256161
2041,43,1,0,1,4,972.2993616343227
2042,43,0,0,0,4,973.3377337273458
2043,43,0,0,0,4,974.1900593087412
2044,43,1,1,0,5,974.7179521187757
2045,42,0,1,0,4,999.1821704098111
2046,42,0,0,1,4,999.8631227907634
2047,42,0,0,0,4,1001.2226466002872
2048,42,0,0,0,4,1002.2012180288586
2049,42,0,0,0,4,1003.3702656479062
2050,42,0,0,0,4,1004.5393132669537
2051,42,0,0,0,4,1005.6131227907632
2052,41,0,1,0,4,1031.24664195537
2053,41,0,0,0,3,1032.7478614675651
2054,42,1,0,0,4,1009.3860076230992
2055,42,0,0,0,4,1010.3645790516706
2056,42,0,0,0,4,1011.6288647659563
2057,43,1,0,0,5,989.3840074458178
2058,44,1,0,0,6,967.6855072765946
2059,44,0,0,1,5,968.3150527311401
2060,44,0,0,1,6,968.9445981856854
2061,44,0,0,0,6,969.8582345493218
2062,44,0,0,0,6,970.7718709129582
2063,44,0,0,0,6,971.5036890947763
2064,44,0,0,0,6,972.780961822049
2065,44,0,0,1,6,974.1377800038671
2066,44,0,0,0,6,975.9605072765943
2067,44,0,0,1,6,977.0445981856851
2068,44,0,0,0,6,977.7764163675034
2069,44,0,0,0,6,979.2355072765943
2070,44,0,0,0,6,980.1491436402306
2071,43,0,1,0,6,1003.973682976165
2072,42,0,1,0,5,1028.9466444630852
2073,42,0,0,0,4,1030.0204539868948
2074,42,0,0,0,4,1030.80854922499
2075,42,0,0,0,4,1031.8347397011803
2076,41,0,1,0,4,1057.7112367058205
2077,40,1,2,0,4,1085.3530930855436
2078,39,0,1,0,2,1114.4713846861753
2079,40,1,0,0,2,1087.320850069021
2080,40,0,0,0,2,1088.1708500690208
2081,40,0,0,1,2,1088.9083500690208
2082,40,0,0,0,2,1089.6583500690208
2083,41,1,0,0,3,1063.3740000673372
2084,41,0,0,0,3,1064.7776586039226
2085,41,0,0,0,3,1065.791073238069
2086,41,0,0,0,3,1066.9020488478252
2087,42,1,0,0,4,1042.537433108044
2088,42,0,0,0,4,1043.135052155663
2089,43,1,0,0,6,1019.6923765241361
2090,43,0,0,0,6,1020.2656323380894
2091,43,0,0,0,6,1021.3970276869267
2092,43,0,0,0,6,1022.7144695473916
2093,43,0,0,0,6,1023.7528416404149
2094,43,0,0,0,5,1024.6981904776242
2095,43,0,0,0,5,1026.294702105531
2096,43,0,0,0,6,1027.3330741985544
2097,42,0,1,0,6,1052.9582551704852
2098,42,0,0,0,5,1053.7463504085804
2099,42,0,0,0,5,1054.82015993239
2100,42,0,0,0,5,1055.8939694561993
2101,42,0,0,0,4,1056.967778980009
2102,42,0,0,1,5,1057.7439694561992
2103,42,0,0,1,5,1058.710636122866
2104,42,0,0,0,4,1059.6892075514374
2105,41,0,1,0,4,1086.3454887617022
2106,41,0,0,0,4,1087.5540253470679
2107,41,0,0,0,4,1088.7625619324338
2108,40,0,1,0,4,1116.8209689035689
2109,40,0,0,0,2,1118.3209689035689
2110,40,0,0,0,2,1119.8709689035688
2111,40,0,0,0,2,1120.9209689035688
2112,39,0,1,0,2,1150.5399393000744
2113,39,0,0,1,0,1151.8719905821256
2114,40,1,0,0,1,1123.2864408175724
2115,40,0,0,0,1,1124.7364408175722
2116,40,0,0,0,1,1125.6441888838788
2117,40,0,0,0,1,1126.8941888838788
2118,40,0,0,1,1,1128.1316888838787
2119,40,0,0,0,1,1129.3816888838787
2120,40,0,0,0,1,1130.5316888838786
2121,40,0,0,0,1,1131.7816888838786
2122,40,0,0,0,1,1132.7316888838786
2123,41,1,0,0,2,1105.9821354964668
2124,41,0,0,0,2,1106.8979891550034
2125,41,0,0,1,3,1107.8992086671985
2126,41,0,0,0,3,1108.4735989111007
2127,41,0,0,0,3,1109.8772574476861
2128,42,1,0,0,4,1084.298037032265
2129,43,1,0,0,5,1059.8050594268634
2130,43,0,0,0,5,1061.5411059384915
2131,44,1,0,1,6,1038.1913080762529
2132,44,0,0,0,5,1039.104944439889
2133,44,0,0,0,6,1040.2913080762528
2134,43,0,1,0,6,1065.421406532677
2135,42,0,1,0,5,1091.4239062584793
2136,42,0,0,0,3,1092.9262872108602
2137,43,1,0,0,4,1068.5117223920029
2138,43,0,0,0,4,1069.3640479733983
2139,43,0,0,0,4,1070.3093968106077
2140,43,0,0,0,4,1071.9498650143871
2141,43,0,0,0,4,1072.5231208283406
2142,43,0,0,1,4,1073.828934781829
2143,43,0,0,0,4,1074.7932933957754
2144,44,1,0,0,5,1051.0627640004168
2145,44,0,0,0,5,1052.4309458185987
2146,43,0,1,0,5,1078.2178395280714
2147,43,0,0,0,4,1079.5352813885365
2148,43,0,0,1,4,1080.6550488303967
2149,43,0,0,1,4,1081.7748162722573
2150,43,0,0,0,4,1082.8131883652804
2151,43,0,0,0,4,1084.0841185978386
2152,43,0,0,0,4,1085.029467435048
2153,43,0,0,0,4,1086.067839528071
2154,43,0,0,0,4,1087.2922581327223
2155,43,0,0,0,4,1088.4056454707547
2156,42,0,1,1,4,1114.994832544018
2157,41,0,1,0,3,1143.145534483852
2158,41,0,0,0,2,1144.354071069218
2159,41,0,0,0,2,1145.904071069218
2160,41,0,0,0,2,1146.8199247277544
2161,41,0,0,1,2,1148.016266191169
2162,42,1,0,0,3,1121.9099265199507
2163,42,0,0,1,3,1123.0670693770935
2164,42,0,0,0,3,1123.9018409012942
2165,42,0,0,0,3,1124.6899361393894
2166,42,0,0,0,3,1126.0494599489132
2167,42,0,0,0,3,1126.7899361393893
2168,41,0,1,0,3,1155.76537179035
2169,41,0,0,0,2,1156.5182571580324
2170,41,0,0,1,2,1157.8121595970567
2171,41,0,0,0,2,1159.4109400848615
2172,41,0,0,0,2,1159.8389888653494
2173,41,0,0,0,2,1161.535330328764
2174,41,0,0,0,2,1162.4511839873005
2175,41,0,0,0,2,1163.4645986214466
2176,41,0,0,0,2,1164.185330328764
2177,40,0,1,0,2,1194.6363094296776
2178,40,0,0,0,1,1196.2863094296774
2179,40,0,0,0,1,1197.6363094296773
2180,40,0,0,0,1,1198.9863094296775
2181,40,0,0,0,1,1200.1363094296773
2182,41,1,0,0,2,1172.0354238338314
2183,41,0,0,0,2,1173.1463994435876
2184,42,1,0,0,3,1145.4893423139783
2185,42,0,0,0,3,1146.7060089806448
2186,43,1,0,1,4,1120.6570320276066
2187,43,0,0,0,4,1121.416334353188
2188,43,0,0,0,4,1122.5544705613215
2189,43,0,0,0,4,1123.9649356776006
2190,42,0,1,0,4,1151.6963133258769
2191,43,1,0,0,4,1126.2325550970531
2192,43,0,0,0,4,1127.3639504458902
2193,43,0,0,0,4,1128.5883690505414
2194,43,0,0,1,4,1129.522089980774
2195,43,0,0,0,4,1130.839531841239
2196,44,1,0,0,5,1106.0624970266651
2197,44,0,0,0,5,1107.0670424812106
2198,44,0,0,0,5,1108.2534061175743
2199,44,0,0,0,5,1109.3488606630287
2200,44,0,0,0,5,1110.171587935756
2201,44,0,0,0,5,1111.3579515721196
2202,44,0,0,0,5,1112.7261333903014
2203,44,0,0,0,5,1113.8215879357558
2204,43,0,1,0,5,1140.8482088773753
2205,42,0,1,0,4,1169.5541794454618
2206,43,1,0,0,4,1142.892454342079
2207,42,0,1,0,4,1171.0778980569175
2208,42,0,0,0,3,1172.4374218664411
2209,43,1,0,0,5,1145.894691125361
2210,43,0,0,1,5,1146.6423655439658
2211,43,0,0,0,5,1147.866784148617
2212,43,0,0,1,5,1149.1221369219422
2213,43,1,1,0,6,1150.1643772284585
2214,43,0,0,1,4,1150.9120516470632
2215,43,0,0,1,4,1152.1713539726445
2216,43,0,0,0,4,1153.6748423447375
2217,42,0,1,0,4,1182.0688937402404
2218,42,0,0,0,3,1183.0474651688116
2219,43,1,0,0,4,1155.9789194672112
2220,43,0,0,0,4,1157.0172915602345
2221,42,0,1,0,4,1185.7297631764186
2222,42,0,0,0,3,1187.0892869859424
2223,42,0,0,0,3,1188.8462497297603
2224,42,0,0,0,3,1190.205773539284
2225,42,0,0,0,3,1191.0891068726173
2226,43,1,0,0,4,1164.3916857825564
2227,43,0,0,0,4,1165.5230811313936
2228,43,0,0,0,4,1166.9335462476727
2229,43,0,0,0,4,1168.0649415965097
2230,43,0,0,0,4,1169.010290433719
2231,43,0,0,0,4,1170.0486625267422
2232,43,0,0,0,4,1170.8079648523235
2233,42,0,1,0,4,1199.9410952670441
2234,42,0,0,0,3,1201.300619076568
2235,42,0,0,0,3,1202.945857171806
2236,43,1,0,0,4,1176.158744214322
2237,44,1,0,1,5,1149.6585454821782
2238,44,0,0,1,5,1150.3790000276329
2239,44,0,0,0,5,1151.383545482178
2240,44,0,0,0,5,1152.3880909367235
2241,44,0,0,0,5,1153.3017273003597
2242,44,0,0,1,5,1154.3858182094507
2243,43,0,1,0,5,1182.5402666447765
2244,44,2,1,0,6,1156.6816179523064
2245,44,0,0,0,5,1157.5043452250336
2246,43,0,1,0,5,1185.3630226883356
2247,43,0,0,1,4,1185.9246505953122
2248,42,0,1,0,4,1215.1294389911022
2249,42,0,0,0,3,1216.393724705388
2250,42,0,0,1,4,1217.6461056577689
2251,42,0,0,0,4,1219.0056294672927
2252,42,1,1,0,5,1219.4631375034712
2253,42,0,0,0,4,1220.5369470272806
2254,41,0,1,0,4,1251.2156676132279
2255,42,1,0,0,4,1222.461723146246
2256,42,0,0,0,4,1222.9641040986269
2257,42,0,0,0,4,1224.4188660033888
2258,42,0,0,0,4,1225.7783898129126
2259,43,1,0,0,5,1198.0881947009843
2260,44,1,0,0,6,1171.9191448214165
2261,44,0,0,0,6,1172.7418720941437
2262,44,0,0,0,6,1174.4736902759616
2263,44,0,0,0,6,1175.296417548689
2264,44,0,0,0,6,1176.3918720941435
2265,43,1,2,1,7,1204.7236308446954
2266,43,0,0,0,4,1206.1340959609743
2267,42,0,1,0,4,1235.914831460045
2268,42,0,0,1,5,1237.2624505076642
2269,42,0,0,0,5,1238.9076886029022
2270,42,0,0,0,5,1239.8862600314735
2271,42,0,0,1,5,1240.662450507664
2272,43,1,0,0,6,1212.812160960974
2273,43,0,0,1,5,1214.2109981702763
2274,42,0,1,0,5,1244.1893287085277
2275,42,0,0,0,4,1244.977423946623
2276,42,0,0,0,4,1245.67028108948
2277,42,0,0,0,4,1246.9345668037658
2278,43,1,0,1,5,1218.6477164129803
2279,43,0,0,0,5,1219.7791117618176
2280,43,0,0,0,5,1221.0035303664686
2281,44,1,0,1,6,1194.4841319490488
2282,44,0,0,0,6,1195.6704955854125
2283,44,0,0,0,6,1196.5841319490487
2284,44,0,0,0,6,1197.9523137672304
2285,44,0,0,0,6,1199.229586494503
2286,44,0,0,0,6,1200.3250410399576
2287,44,0,0,1,7,1201.4091319490485
2288,44,0,0,1,7,1202.5841319490485
2289,45,1,0,0,8,1176.6200401279586
2290,45,0,0,0,8,1177.5033734612916
2291,45,0,0,1,8,1178.6422623501805
2292,45,0,0,0,8,1179.7033734612917
2293,45,0,0,0,8,1180.1422623501805
2294,45,0,0,1,7,1181.5478179057359
2295,44,0,1,1,6,1209.3874279811907
2296,44,0,0,0,6,1210.4828825266452
2297,44,0,0,1,6,1212.0215188902814
2298,43,0,1,0,6,1241.0509876942317
2299,43,0,0,0,5,1241.7172667639993
2300,43,0,0,1,4,1243.3951737407433
2301,43,0,0,0,4,1244.1544760663246
2302,42,0,1,0,4,1274.3642360747738
2303,41,0,1,0,3,1306.1565238147227
2304,40,0,1,0,3,1339.7535199368763
2305,40,0,0,0,2,1340.753519936876
2306,40,0,0,0,2,1342.403519936876
2307,40,0,0,0,2,1343.3535199368757
2308,40,0,0,0,2,1344.7035199368759
2309,40,0,0,0,2,1345.5535199368758
2310,40,0,0,0,2,1347.5035199368756
2311,40,0,0,0,2,1348.6535199368757
2312,40,0,0,0,2,1350.0035199368756
2313,39,0,1,0,2,1386.3146185559517
2314,39,0,0,0,1,1387.7107724021055
2315,39,0,0,0,1,1388.4915416328747
2316,39,0,0,0,1,1389.374874966208
2317,40,1,0,0,2,1355.0517530920526
2318,41,1,0,0,3,1323.2700030166368
2319,41,0,0,0,3,1324.3809786263928
2320,41,0,0,0,3,1325.394393260539
2321,41,0,0,0,3,1326.7004908215144
2322,41,0,0,0,3,1327.0309786263924
2323,41,0,0,0,3,1327.9402907171457
2324,42,1,0,1,3,1296.8714742714994
2325,42,0,0,0,3,1297.7548076048326
2326,42,0,0,0,3,1298.8286171286422
2327,42,0,0,1,3,1300.0809980810232
2328,42,0,0,0,3,1301.4405218905467
2329,43,1,0,0,4,1271.6186492884408
2330,44,1,0,0,5,1244.051179986431
2331,44,0,0,0,5,1245.0557254409762
2332,44,0,0,0,5,1246.2420890773399
2333,44,0,0,0,5,1247.5193618046126
2334,44,0,0,0,5,1247.7511799864305
2335,44,0,0,1,5,1248.471634531885
2336,44,0,0,0,5,1249.3852708955214
2337,44,0,0,0,5,1250.8443618046122
2338,44,0,0,0,5,1252.212543622794
2339,44,0,0,0,5,1253.0352708955213
2340,44,0,0,0,5,1253.6761799864303
2341,44,0,0,0,5,1254.4079981682482
2342,44,0,0,0,5,1256.003452713703
2343,45,1,0,0,6,1228.5855982089538
2344,46,1,0,0,7,1202.089172160933
2345,46,0,0,0,7,1203.3783025957157
2346,46,0,0,0,7,1204.6674330304982
2347,46,0,0,0,7,1205.7897953718618
2348,46,1,1,0,8,1206.7761519871653
2349,46,0,0,0,7,1207.8913693784696
2350,46,0,0,0,7,1208.7457172045565
2351,46,0,0,0,7,1209.9478911176
2352,46,0,0,0,7,1210.9761519871652
2353,46,0,0,0,7,1212.0044128567301
2354,45,0,1,0,7,1240.6125688918173
2355,45,0,0,0,6,1241.4959022251505
2356,45,0,0,0,6,1241.9347911140394
2357,45,0,0,0,6,1242.9959022251505
2358,45,1,1,0,7,1243.572359936185
2359,44,0,1,0,6,1272.836095556673
2360,42,0,2,0,5,1334.1277249521047
2361,43,1,0,1,3,1303.161963906707
2362,43,0,0,0,3,1304.9445220462417
2363,44,1,0,0,5,1276.1651010906453
2364,44,0,0,0,5,1277.1696465451905
2365,44,1,1,0,6,1277.6769844051175
2366,44,0,0,0,4,1278.4088025869355
2367,44,0,0,0,4,1279.8678934960265
2368,44,0,0,1,6,1281.7701662232992
2369,43,0,1,0,6,1312.6080311028718
2370,43,0,0,2,3,1313.9952404051974
2371,44,1,0,0,4,1284.91921221417
2372,43,0,1,0,4,1315.9773393576752
2373,43,0,0,0,4,1317.75989749721
2374,43,0,0,1,4,1318.7866416832564
2375,43,0,0,0,4,1320.0110602879076
2376,44,1,0,0,5,1291.389218008637
2377,44,0,0,2,4,1292.0983089177278
2378,44,0,0,1,3,1292.9096725540915
2379,44,0,0,0,3,1293.9596725540914
2380,42,0,2,1,4,1356.255420055103
2381,42,0,0,0,3,1357.6149438646269
2382,42,0,0,0,3,1358.6887533884362
2383,42,0,0,0,3,1360.0482771979598
2384,42,0,0,0,3,1361.5506581503407
2385,42,0,0,0,3,1361.8625629122455
2386,43,1,0,0,4,1331.3797126119607
2387,43,0,0,0,4,1332.045991681728
2388,43,0,0,0,4,1333.2704102863793
2389,43,0,0,0,4,1334.3087823794024
2390,44,1,0,0,5,1304.6801736889613
2391,44,0,0,0,5,1305.4119918707795
2392,43,0,1,0,5,1336.8043140517125
2393,43,0,0,0,4,1337.9822210284567
2394,43,0,0,0,4,1339.0205931214798
2395,43,0,0,0,4,1339.5008256796193
2396,44,1,0,0,6,1309.9814887323553
2397,44,0,0,0,6,1311.2133069141732
2398,44,0,0,0,6,1312.4445982008283
2399,44,0,0,0,6,1313.4491436553735
2400,43,0,1,0,6,1345.2100259512983
2401,43,0,0,0,4,1345.8763050210657
2402,43,0,0,1,5,1347.182118974554
2403,42,0,1,0,5,1380.0365642931872
2404,42,0,0,1,4,1380.7175166741395
2405,42,0,0,1,4,1381.2079928646156
2406,42,0,0,1,4,1382.2698976265203
2407,42,0,0,1,4,1382.8556119122345
2408,42,0,0,0,4,1384.4056119122345
2409,42,0,0,0,4,1385.4794214360438
2410,42,0,0,0,4,1386.6484690550915
2411,42,0,0,0,4,1388.1984690550914
2412,42,0,0,0,4,1389.0818023884246
2413,43,1,0,0,5,1357.5365266086767
2414,44,1,0,0,6,1327.561832822116
2415,44,0,0,0,7,1328.9300146402977
2416,44,0,0,0,7,1329.4800146402974
2417,45,1,0,0,7,1301.051569870513
2418,45,0,0,0,7,1302.2015698705131
2419,45,0,0,0,7,1303.529347648291
2420,45,0,0,0,8,1305.0349032038462
2421,44,0,1,0,8,1335.7818153877542
2422,44,0,0,0,6,1336.9681790241177
2423,44,0,0,1,5,1337.9613608422997
2424,44,0,0,0,5,1338.6931790241176
2425,45,1,0,0,6,1309.659997268026
2426,45,0,0,0,6,1310.898886156915
2427,45,0,0,0,6,1311.871108379137
2428,45,0,0,0,6,1312.6655528235815
2429,46,2,1,0,9,1284.997036552122
2430,46,0,0,0,7,1286.2861669869044
2431,46,0,0,0,8,1287.6187756825564
2432,46,0,0,0,8,1288.6470365521218
2433,46,0,0,0,8,1289.849210465165
2434,45,0,1,0,8,1319.4774433252983
2435,45,0,0,0,6,1321.2496655475202
2436,45,1,1,0,7,1322.396218510083
2437,46,1,0,0,7,1294.2952137598636
2438,46,0,0,0,8,1295.3234746294288
2439,46,0,0,0,8,1296.2647789772548
2440,46,0,0,0,8,1297.0321702816025
2441,46,0,0,0,8,1298.234344194646
2442,46,0,0,0,8,1299.4365181076894
2443,46,0,0,0,8,1300.7256485424718
2444,46,0,0,0,8,1302.362605064211
2445,46,0,0,0,8,1303.6517354989935
2446,44,0,2,0,8,1363.9903938150617
2447,44,0,0,0,6,1365.2676665423342
2448,44,0,0,0,6,1366.4540301786978
2449,44,0,0,0,6,1368.0040301786978
2450,44,0,0,1,6,1368.8153938150613
2451,44,0,0,0,6,1370.001757451425
2452,43,0,1,0,6,1402.8459803371532
2453,43,0,0,0,5,1403.9773756859904
2454,43,0,0,0,5,1404.9227245231996
2455,43,0,0,1,5,1405.8564454534321
2456,43,0,0,1,5,1406.6971431278505
2457,43,0,0,0,5,1408.0145849883156
2458,43,0,0,0,5,1408.8669105697109
2459,43,0,0,0,4,1409.5331896394782
2460,43,0,0,0,5,1410.89714312785
2461,44,1,0,0,5,1379.9352882066887
2462,44,0,0,1,6,1381.0193791157797
2463,44,0,0,0,5,1382.3875609339614
2464,44,0,0,0,5,1383.5284700248703
2465,44,0,0,0,6,1384.805742752143
2466,44,1,1,0,7,1385.5859167749277
2467,44,0,0,0,6,1386.9540985931094
2468,44,0,0,0,6,1388.0495531385639
2469,44,0,0,1,6,1388.7700076840183
2470,47,3,0,0,9,1300.640007193549
2471,49,2,0,0,11,1248.4271497570776
2472,49,0,0,1,10,1249.5995987366693
2473,49,0,0,0,10,1250.9455171040163
2474,48,0,1,0,10,1278.3862622395761
2475,48,0,0,0,9,1279.6106886937894
2476,48,0,0,0,8,1280.9940220271226
2477,48,1,1,0,9,1281.9202226663933
2478,49,1,0,0,10,1256.6647079180996
2479,50,1,0,0,10,1232.4904137597375
2480,49,0,1,0,11,1258.4096645193983
2481,48,0,1,0,10,1285.1725495045773
2482,48,0,0,0,9,1286.6392161712438
2483,48,0,0,2,10,1288.335049504577
2484,48,0,0,0,10,1289.385049504577
2485,48,0,0,0,9,1291.0183828379102
2486,48,0,0,0,9,1292.1517161712434
2487,48,0,0,0,10,1293.2017161712436
2488,48,0,0,0,10,1294.5850495045768
2489,48,0,0,0,10,1295.8017161712432
2490,48,0,0,0,10,1296.9350495045765
2491,47,0,1,0,10,1325.9453050039629
2492,48,1,0,0,9,1299.0891528163804
2493,48,1,1,0,10,1299.5190931737195
2494,46,0,2,0,9,1356.8632457485523
2495,46,0,0,0,7,1357.9784631398566
2496,47,1,0,0,8,1329.8789213709233
2497,47,0,0,0,8,1330.1948788177317
2498,46,0,1,0,8,1360.132980603312
2499,46,0,0,0,7,1360.8134153859207
2500,46,0,0,0,7,1362.3634153859205
2501,46,1,1,0,8,1363.0070968984653
2502,46,0,0,0,7,1363.774488202813
2503,45,0,1,0,7,1394.6007324156456
2504,47,2,0,0,8,1335.591126780937
2505,47,0,0,0,8,1336.4177225256178
2506,46,0,1,0,8,1365.7942771507965
2507,45,0,1,0,7,1397.0228085798628
2508,45,0,0,0,6,1398.2616974687517
2509,46,1,0,0,8,1368.3375301324743
2510,46,0,0,1,8,1369.7027475237787
2511,46,0,0,0,8,1370.6440518716047
2512,46,0,0,0,8,1371.4114431759524
2513,44,0,2,0,8,1435.009130880733
2514,44,0,0,0,5,1436.1954945170964
2515,44,0,0,0,5,1437.7454945170964
2516,44,0,0,0,5,1438.6591308807326
2517,44,1,1,1,6,1439.4303279945789
2518,44,0,0,0,5,1440.253055267306
2519,45,1,0,0,6,1409.2740984835882
2520,45,0,0,0,6,1410.5129873724768
2521,45,0,0,0,6,1411.7518762613656
2522,45,0,0,0,6,1412.8129873724768
2523,45,0,0,0,6,1413.8740984835877
2524,45,0,0,0,6,1415.1129873724765
2525,45,0,0,0,6,1416.2629873724763
2526,45,0,0,1,6,1417.4907651502542
2527,46,1,0,0,8,1387.4964006904659
2528,46,0,0,0,8,1389.220313733944
2529,47,1,0,0,9,1360.5837113140728
2530,47,0,0,0,9,1361.2400942927961
2531,47,0,0,0,9,1362.7475411013068
2532,47,0,0,1,8,1364.4996687608811
2533,47,0,0,0,8,1365.4964772715193
2534,48,1,0,0,9,1337.6947744669833
2535,47,0,1,0,9,1366.719051998415
2536,47,0,0,0,7,1368.056286040968
2537,47,0,0,0,7,1369.393520083521
2538,47,0,0,0,7,1370.730754126074
2539,46,0,1,0,7,1401.4536769030926
2540,48,2,0,0,8,1343.6285236987972
2541,47,0,1,0,8,1373.1217322620084
2542,46,0,1,0,7,1403.9936472696195
2543,45,0,1,0,6,1436.867208671964
2544,45,0,0,0,5,1438.550542005297
2545,44,0,1,0,5,1472.6047932442486
2546,44,0,0,0,4,1473.9729750624304
2547,44,0,0,0,4,1474.7047932442483
2548,44,0,0,0,4,1476.07297506243
2549,43,0,1,0,4,1511.1318188155362
2550,43,0,0,0,3,1512.914376955071
2551,43,0,0,0,3,1513.9527490480941
2552,43,0,0,0,3,1515.363214164373
2553,44,1,0,0,4,1482.1651865697281
2554,44,0,0,0,4,1482.7151865697278
2555,43,0,1,0,4,1519.0693510754138
2556,44,1,0,0,4,1485.696184005518
2557,44,0,0,0,4,1486.8825476418815
2558,43,0,1,0,4,1522.117387513887
2559,43,0,0,0,3,1523.527852630166
2560,43,0,0,0,3,1524.7522712348173
2561,45,2,0,0,5,1457.5332814021585
2562,45,0,0,0,5,1458.5943925132694
2563,45,0,0,0,5,1459.5666147354916
2564,45,0,0,0,5,1461.249948068825
2565,45,0,0,0,6,1462.3110591799357
2566,45,0,0,0,6,1463.8166147354912
2567,44,0,1,0,6,1497.899689260594
2568,44,0,0,0,4,1498.9042347151394
2569,44,0,0,0,4,1499.9996892605939
2570,44,0,0,2,3,1501.072416533321
2571,44,0,0,0,3,1501.8042347151393
2572,44,0,0,0,3,1502.9905983515027
2573,44,0,0,0,3,1504.4496892605932
2574,44,0,0,0,3,1504.8178710787752
2575,44,0,0,1,3,1506.3565074424114
2576,44,0,0,0,3,1507.2701438060476
2577,44,0,0,2,2,1508.433780169684
2578,44,0,0,0,2,1509.4383256242293
2579,44,0,0,0,2,1510.715598351502
2580,43,0,1,0,2,1547.3434402463517
2581,43,0,0,0,1,1548.102742571933
2582,43,0,0,1,1,1549.4550681533283
2583,43,0,0,0,1,1550.2143704789094
2584,43,0,0,0,1,1551.6248355951884
2585,42,0,1,1,1,1589.6247464891978
2586,42,0,0,0,0,1590.6509369653882
2587,44,2,0,0,2,1519.2827125578704
2588,45,1,0,0,3,1486.224009389113
2589,45,0,0,0,3,1487.4628982780018
2590,45,0,0,0,3,1488.257342722446
2591,46,1,0,0,4,1456.3767483154363
2592,46,0,0,0,4,1457.2310961415235
2593,46,1,1,1,5,1457.598551044784
2594,46,0,0,0,4,1458.626811914349
2595,46,0,0,0,5,1459.8289858273927
2596,46,0,0,1,5,1460.9333336534794
2597,46,0,0,0,4,1462.309420610001
2598,46,0,0,0,4,1463.2942032186966
2599,45,0,1,0,5,1497.2217593939918
2600,45,1,1,0,5,1497.561533247539
2601,45,0,0,0,3,1498.1781999142058
2602,45,0,0,0,3,1498.9726443586503
2603,46,1,0,0,4,1467.3808477421576
2604,46,0,0,0,4,1468.4497363834057
2605,46,0,0,0,4,1469.3910407312317
2606,46,0,0,0,4,1470.0714755138404
2607,46,0,0,0,4,1471.62147551384
2608,46,0,0,0,4,1472.6497363834053
2609,46,0,0,0,4,1473.7649537747095
2610,47,1,0,0,5,1443.7125079497157
2611,47,0,0,0,5,1444.7093164603539
2612,47,0,0,0,5,1445.7061249709918
2613,47,0,0,0,5,1446.6178270986516
2614,46,0,1,0,5,1479.6091617924033
2615,46,0,0,0,4,1480.9852487489247
2616,46,0,0,0,4,1482.0135096184902
2617,47,1,0,0,5,1451.5302434563944
2618,46,0,1,0,5,1484.1939144524772
2619,46,0,0,1,4,1484.9504361916077
2620,46,0,0,0,4,1486.3265231481291
2621,46,0,0,0,4,1487.4417405394336
2622,47,1,0,0,5,1457.3536184002965
2623,48,1,0,0,6,1428.09312635029
2624,48,0,0,0,6,1429.39312635029
2625,48,0,0,0,6,1430.109793016957
2626,48,0,0,0,6,1431.2431263502901
2627,47,0,1,1,6,1462.7815107206861
2628,46,0,1,1,5,1495.7648680309183
2629,45,0,1,0,4,1530.4141196760972
2630,46,1,0,0,4,1498.3996822918343
2631,46,0,0,0,4,1499.862725770095
2632,46,0,0,1,3,1500.6192475092255
2633,46,0,0,0,3,1501.6040301179207
2634,46,0,0,1,2,1502.795334465747
2635,46,0,0,0,2,1504.3453344657466
2636,46,0,0,0,2,1505.460551857051
2637,46,0,0,0,2,1507.0540301179205
2638,46,0,0,1,2,1508.3322909874855
2639,46,0,0,0,2,1509.4475083787897
2640,46,0,0,2,3,1510.367073596181
2641,46,0,0,0,3,1511.3953344657461
2642,46,0,0,0,3,1512.8583779440069
2643,45,0,1,0,3,1547.754028628182
2644,45,0,0,0,2,1548.9040286281815
2645,45,0,0,0,2,1550.2762508504038
2646,45,0,0,0,2,1551.6040286281816
2647,46,1,0,0,3,1518.7811149623512
2648,46,0,0,0,3,1520.070245397134
2649,46,0,0,0,3,1521.0115497449597
2650,46,0,0,0,3,1522.3006801797424
2651,46,0,0,0,3,1524.1008144040811
2652,46,0,0,0,3,1525.6508144040813
2653,47,1,0,1,4,1494.2284566508026
2654,47,0,0,0,4,1495.3103715444195
2655,47,0,0,0,4,1496.3071800550579
2656,47,0,0,0,4,1497.0486694167598
2657,46,0,1,0,4,1531.1366754494059
2658,46,0,0,0,3,1532.7736319711446
2659,47,1,0,0,4,1500.955044056865
2660,47,0,0,1,4,1501.8986610781415
2661,47,0,0,0,4,1503.3210015036732
2662,46,0,1,0,4,1537.2813269654378
2663,47,1,0,0,4,1505.366830647024
2664,47,0,0,0,4,1507.0820283607404
2665,47,0,0,0,4,1508.2490496373364
2666,47,0,0,0,4,1509.9286142986325
2667,47,0,0,0,4,1510.6701036603345
2668,47,0,0,0,4,1512.0924440858662
2669,48,1,0,0,5,1481.3582265007442
2670,49,1,0,1,6,1452.3488749395044
2671,50,1,0,0,7,1424.980897440714
2672,50,0,0,0,7,1425.8908974407138
2673,50,0,0,0,7,1427.280897440714
2674,49,0,1,0,7,1458.072711993371
2675,49,0,0,0,6,1459.8676099525549
2676,48,0,1,0,6,1491.9908007984795
2677,48,0,0,0,5,1492.8741341318128
2678,47,0,1,0,5,1525.9696172101824
2679,47,0,0,0,4,1527.2619313463904
2680,46,0,1,0,4,1561.3098061247786
2681,47,1,0,0,4,1529.3947038668043
2682,47,0,0,0,4,1530.3064059944636
2683,49,2,0,0,6,1468.6377771783632
2684,50,1,0,0,7,1439.8240216347956
2685,50,0,0,0,7,1440.7340216347957
2686,50,0,0,0,7,1441.9640216347957
2687,50,0,0,0,7,1442.6340216347955
2688,50,0,0,0,7,1443.5440216347954
2689,50,0,0,1,7,1444.7640216347954
2690,50,1,1,0,8,1445.636034480552
2691,50,1,1,0,8,1446.5883412309422
2692,51,1,0,0,8,1419.5473933636686
2693,51,0,0,0,8,1420.509158069551
2694,51,0,0,0,8,1421.549354147982
2695,51,0,0,0,8,1422.9032757166096
2696,50,0,1,0,8,1452.7471998865801
2697,50,0,0,0,7,1453.9771998865801
2698,50,0,0,0,7,1455.6071998865798
2699,51,1,0,0,8,1427.7619606731175
2700,52,1,0,0,9,1401.1328845063267
2701,51,0,1,0,9,1429.561317197796
2702,52,1,0,0,9,1402.743791867069
2703,51,0,1,0,9,1430.8918051243456
2704,51,0,0,0,8,1432.5986678694437
2705,50,0,1,0,8,1462.4659539754532
2706,50,0,0,0,7,1463.375953975453
2707,50,1,1,0,9,1464.9288871554375
2708,50,0,0,0,8,1465.9988871554376
2709,50,0,0,0,8,1466.9088871554372
2710,51,1,0,0,8,1439.021123250833
2711,51,0,0,0,8,1440.218182074362
2712,51,0,0,0,9,1441.4936722704406
2713,51,0,0,0,8,1443.0044565841658
2714,51,0,0,0,9,1444.3583781527932
2715,51,0,0,1,7,1445.5456330547538
2716,50,0,1,0,7,1475.3198082883425
2717,49,0,1,0,6,1506.6859063381544
2718,49,0,0,0,5,1508.1134573585623
2719,49,0,0,0,5,1509.2961104197866
2720,49,0,0,0,5,1509.9073349095825
2721,48,0,1,0,5,1542.7382138992477
2722,48,0,0,0,4,1543.871547232581
2723,48,0,0,0,4,1544.8382138992474
2724,49,1,0,0,5,1513.9721279013036
2725,49,0,0,1,6,1515.3078421870177
2726,49,0,0,0,6,1516.490495248242
2727,49,0,0,0,6,1517.5098830033442
2728,49,0,0,0,6,1519.1006993298747
2729,49,0,0,0,6,1519.956821778854
2730,49,0,0,0,6,1521.1394748400783
2731,49,0,0,0,6,1522.1588625951804
2732,49,0,0,0,6,1523.3823319829353
2733,49,0,0,0,6,1524.7282503502822
2734,49,0,0,1,6,1525.5741687176292
2735,48,0,1,0,6,1558.6496693714669
2736,50,2,0,0,7,1497.231682596608
2737,50,0,0,0,7,1498.221682596608
2738,50,0,0,0,7,1499.371682596608
2739,50,0,0,0,7,1501.0258150785276
2740,50,0,0,0,7,1502.1758150785276
2741,50,0,0,0,7,1503.0058150785273
2742,50,0,0,0,7,1504.0758150785273
2743,50,0,0,0,7,1505.6258150785275
2744,50,0,0,0,7,1506.615815078527
2745,50,0,0,0,7,1507.765815078527
2746,50,0,0,2,7,1508.895815078527
2747,50,0,0,0,7,1509.9658150785267
2748,50,0,0,0,7,1511.0358150785269
2749,51,1,0,0,8,1482.7311912534574
2750,51,0,0,0,8,1484.163544194634
2751,51,0,0,0,8,1485.282171645614
2752,51,0,0,0,8,1486.8713873318886
2753,52,1,0,0,9,1459.1055914216597
2754,51,0,1,0,9,1489.0644122366484
2755,51,0,0,0,8,1490.026176942531
2756,51,0,0,0,8,1491.6153926288052
2757,51,0,0,0,8,1492.7340200797858
2758,51,0,0,0,8,1493.8526475307658
2759,51,0,0,0,8,1494.8144122366482
2760,51,0,0,0,8,1496.6389220405697
2761,51,0,0,0,8,1497.9928436091968
2762,51,0,0,0,8,1499.1899024327263
2763,51,0,0,1,9,1500.2202945895888
2764,52,1,0,0,10,1472.2747120013275
2765,52,0,0,0,10,1473.5939427705582
2766,52,0,0,0,10,1474.9131735397887
2767,51,0,1,0,10,1504.7079170381435
2768,51,0,0,0,9,1506.061838606771
2769,51,0,0,0,9,1507.2588974303003
2770,51,0,0,0,9,1508.9265444891237
2771,51,0,0,0,9,1510.515760175398
2772,51,0,0,0,9,1511.6343876263784
2773,51,0,0,1,9,1512.74321115579
2774,51,0,0,0,9,1513.7049758616722
2775,51,0,0,0,9,1514.9020346852017
2776,51,0,0,1,9,1516.0108582146133
2777,51,0,0,0,9,1517.6000739008878
2778,52,1,0,1,10,1488.9260340181781
2779,52,0,0,1,10,1489.774110941255
2780,52,0,0,0,10,1491.2856494027933
2781,51,0,1,0,10,1521.9905372473393
2782,50,1,2,0,10,1553.7400207284604
2783,49,0,1,0,8,1586.299401687525
2784,49,0,0,0,7,1588.053483320178
2785,50,1,0,0,8,1557.2114136537743
2786,51,1,0,0,9,1527.7660918174258
2787,51,0,0,0,9,1529.276876131151
2788,52,1,0,0,10,1500.926359282475
2789,52,0,0,0,10,1501.9378977440135
2790,52,0,0,0,10,1503.4109746670902
2791,52,1,1,0,12,1504.5393629173234
2792,52,1,1,0,11,1505.0516194043416
2793,52,0,0,0,11,1506.06315786588
2794,52,0,0,1,11,1507.2324329546727
2795,54,2,0,0,13,1451.9016021044995
2796,53,0,1,0,13,1480.3497861517385
2797,53,0,0,0,12,1481.7111069064554
2798,53,0,0,0,12,1482.7705408687193
2799,53,0,0,0,12,1483.9054465290965
2800,53,0,0,2,11,1485.2478993592852
2801,53,0,0,0,10,1486.7224276611719
2802,53,0,0,0,11,1487.857333321549
2803,53,0,0,2,10,1488.8224276611716
2804,51,0,2,0,10,1548.2362455276623
2805,51,0,0,0,7,1549.2764416060938
2806,51,0,0,0,7,1550.395069057074
2807,51,1,1,0,8,1551.7496907354666
2808,51,0,0,0,7,1553.0643966178195
2809,51,0,0,0,7,1554.3791025001722
2810,51,0,0,0,7,1555.693808382525
2811,51,0,0,0,7,1556.5771417158583
2812,51,0,0,0,7,1557.8918475982111
2813,51,0,0,0,7,1559.1673377942893
2814,51,0,0,0,7,1560.756553480564
2815,51,0,0,0,7,1562.3457691668382
2816,51,0,0,1,6,1563.1759808997933
2817,50,0,1,0,6,1595.6087558277231
2818,50,0,0,0,5,1597.158755827723
2819,50,0,0,0,5,1598.2287558277228
2820,50,1,1,0,6,1599.2626347719886
2821,50,0,0,0,5,1600.4926347719884
2822,50,0,0,0,5,1601.4026347719885
2823,51,1,0,0,7,1570.9339556588118
2824,51,0,0,1,10,1571.8859164431256
2825,50,0,1,0,10,1604.545209467999
2826,50,0,0,0,7,1605.4552094679989
2827,51,1,0,0,8,1575.0639308509794
2828,53,2,0,0,10,1516.1756693094328
2829,51,0,2,0,10,1577.1094746001297
2830,51,0,0,0,7,1578.620258913855
2831,51,0,0,0,7,1579.2682981295413
2832,51,0,0,0,7,1580.0732000903256
2833,51,0,0,0,7,1580.8781020511099
2834,51,0,0,0,7,1581.9884631925875
2835,51,0,0,0,7,1583.107090643568
2836,50,0,1,1,7,1615.662464835908
2837,50,0,0,0,6,1616.892464835908
2838,50,0,0,0,6,1617.9624648359081
2839,51,1,0,0,7,1587.4828086626546
2840,51,0,0,0,7,1588.758298858733
2841,50,0,1,0,7,1621.5969806595945
2842,49,0,1,0,6,1656.2767406636187
2843,49,0,0,1,6,1657.6940876023941
2844,49,0,0,0,6,1658.9583733166799
2845,48,0,1,0,6,1694.3124676908064
2846,48,0,0,0,5,1695.4458010241397
2847,48,0,0,0,5,1696.6624676908061
2848,48,0,0,0,5,1697.7958010241393
2849,48,0,0,0,5,1699.0958010241393
2850,48,0,0,0,5,1700.2488888415435
2851,48,0,0,1,5,1701.12180550821
2852,47,0,1,0,5,1738.473737310924
2853,47,0,0,0,4,1739.8960777364557
2854,47,0,0,0,4,1740.6375670981581
2855,47,0,0,0,4,1741.634375608796
2856,47,0,0,0,4,1742.2907585875193
2857,47,0,0,0,4,1743.6279926300724
2858,46,1,2,1,4,1781.982959638816
2859,46,0,0,0,2,1783.0112205083813
2860,46,0,0,0,2,1783.5177422475115
2861,46,0,0,0,2,1784.1112205083812
2862,46,0,0,0,2,1784.8786118127286
2863,46,0,0,0,2,1785.9938292040329
2864,47,1,0,0,3,1749.0428966677769
2865,47,0,0,0,3,1749.6992796465
2866,48,1,0,0,4,1714.431586320531
2867,48,0,0,0,4,1715.8149196538643
2868,47,0,1,1,4,1753.2148855141227
2869,48,1,0,0,4,1717.623950399245
2870,47,0,1,0,4,1755.372089012804
2871,48,1,0,0,4,1719.8195454917038
2872,48,0,0,0,4,1721.1195454917035
2873,48,0,0,0,4,1722.0862121583702
2874,48,0,0,0,4,1723.7195454917035
2875,48,0,0,0,4,1725.68621215837
2876,48,0,0,0,4,1727.3195454917031
2877,48,0,0,0,4,1728.7028788250364
2878,49,1,0,0,5,1694.3701670122805
2879,49,0,0,0,5,1695.22628946126
2880,49,0,0,1,4,1696.480371093913
2881,49,0,0,0,4,1697.581391502076
2882,49,0,0,0,4,1698.6824119102391
2883,49,0,0,0,4,1699.6609833388104
2884,49,0,0,0,4,1700.3538404816675
2885,50,1,0,1,5,1667.375763672034
2886,50,0,0,0,5,1667.8857636720338
2887,50,0,0,0,5,1668.9557636720338
2888,50,0,0,0,5,1670.0257636720337
2889,50,0,0,1,4,1671.5657636720334
2890,50,0,0,0,4,1671.9957636720335
2891,50,0,0,0,4,1673.3857636720331
2892,50,0,0,0,4,1675.0157636720332
2893,50,0,0,1,4,1676.3157636720332
2894,49,0,1,0,4,1711.5395817776068
2895,49,0,0,1,3,1712.4882085859476
2896,50,1,0,0,4,1679.1974444142286
2897,50,0,0,0,4,1680.2674444142287
2898,49,0,1,2,3,1715.7958005557784
2899,50,1,0,0,3,1682.7188845446626
2900,50,0,0,1,4,1684.1788845446627
2901,50,0,0,0,4,1685.0088845446624
2902,50,0,0,0,4,1686.2388845446624
2903,50,0,0,0,4,1687.6288845446622
2904,50,0,0,0,4,1688.858884544662
2905,50,0,0,0,4,1690.488884544662
2906,50,0,0,0,4,1691.5588845446619
2907,49,0,1,0,4,1726.7680380487811
2908,49,0,0,0,3,1727.9506911100054
2909,49,0,0,0,3,1728.6435482528625
2910,50,1,0,0,4,1695.0296772878053
2911,49,0,1,0,4,1731.2460764423236
2912,49,0,0,0,3,1732.6736274627317
2913,49,0,0,0,3,1733.5297499117112
2914,49,0,0,0,3,1734.7940356259965
2915,48,0,1,0,3,1772.2303871056786
2916,48,0,0,0,2,1773.1137204390118
2917,48,0,0,0,2,1774.6637204390117
2918,48,0,0,1,2,1775.6199704390117
2919,48,0,0,0,2,1777.0866371056782
2920,48,0,0,0,2,1778.0533037723446
2921,48,0,0,0,2,1778.9366371056778
2922,48,0,0,0,2,1780.444970439011
2923,48,0,0,0,2,1781.6616371056778
2924,48,0,0,1,2,1782.5345537723442
2925,48,0,0,0,2,1784.0714056334994
2926,48,0,0,0,2,1785.4547389668326
2927,48,0,0,0,2,1786.2547389668325
2928,48,0,0,0,2,1787.1797389668325
2929,48,0,0,0,2,1788.896405633499
2930,49,1,0,0,3,1753.2128055185294
2931,49,0,0,0,3,1754.15056062057
2932,49,0,0,0,3,1755.6597442940395
2933,49,0,0,1,3,1756.6689279675088
2934,49,0,0,0,3,1757.5250504164885
2935,49,0,0,1,3,1758.779132049141
2936,49,0,0,0,3,1759.8801524573043
2937,49,0,0,0,3,1761.3893361307737
2938,49,0,0,0,3,1762.8168871511818
2939,49,0,0,0,3,1764.2444381715898
2940,49,0,0,0,3,1765.0189279675078
2941,49,0,0,0,3,1766.6913769470996
2942,49,0,0,0,3,1767.7515810287323
2943,49,0,0,0,3,1769.1791320491404
2944,49,0,0,0,3,1770.7699483756705
2945,48,0,1,0,3,1808.5369693552254
2946,48,0,0,1,3,1809.4353222441139
2947,48,0,0,0,3,1810.9019889107803
2948,48,0,0,0,3,1812.2019889107803
2949,48,0,0,0,3,1813.25198891078
2950,48,0,0,0,3,1814.5936555774467
2951,49,1,0,0,4,1778.3856217901516
2952,49,0,0,1,4,1779.9662340350496
2953,49,0,0,0,4,1780.9856217901515
2954,49,0,0,0,4,1782.4131728105597
2955,49,0,0,0,4,1783.8407238309676
2956,49,0,0,1,4,1785.3397034228042
2957,49,0,0,0,4,1786.4407238309673
2958,49,0,0,0,4,1787.4601115860694
2959,50,1,0,0,5,1752.189909354348
2960,50,0,0,1,6,1753.4099093543475
2961,51,1,0,0,9,1720.274420935635
2962,51,0,0,0,9,1721.3930483866152
2963,52,1,0,0,11,1688.7326051484108
2964,52,0,0,0,11,1689.7441436099493
2965,51,0,1,0,11,1723.5981764664052
2966,52,1,0,0,10,1691.4337884574359
2967,52,0,0,0,10,1692.5222499958973
2968,52,1,1,1,11,1692.8725614791902
2969,52,0,0,0,10,1693.7302537868823
2970,51,1,2,1,12,1727.768173276515
2971,51,0,0,0,7,1729.2789575902402
2972,51,0,0,0,7,1730.4760164137697
2973,50,0,1,0,7,1766.2288487067779
2974,50,1,1,0,8,1766.9402896644774
2975,48,0,2,0,7,1841.7663906884661
2976,47,0,1,0,4,1881.9441989370835
2977,48,1,0,0,4,1843.4214031258941
2978,48,0,0,0,4,1844.7214031258939
2979,48,0,0,0,4,1846.189856152164
2980,48,0,0,0,4,1847.5731894854973
2981,48,0,0,0,4,1848.664856152164
2982,48,0,0,1,4,1849.8294394854972
2983,48,0,0,0,4,1851.129439485497
2984,48,0,0,0,4,1852.2160575120117
2985,48,0,0,0,4,1853.349390845345
2986,48,0,0,0,4,1854.649390845345
2987,48,0,0,0,4,1855.782724178678
2988,49,1,0,1,5,1818.8055257260519
2989,50,1,0,0,6,1782.9084152115306
2990,50,0,0,0,6,1784.1384152115306
2991,50,0,0,0,6,1785.4484152115306
2992,50,0,0,0,6,1787.1184152115302
2993,50,1,1,1,7,1787.6594798334838
2994,49,0,1,0,6,1825.0759759263094
2995,49,0,0,0,5,1826.136180007942
2996,48,0,1,0,5,1865.142412530914
2997,48,0,0,0,4,1866.3590791975805
2998,46,0,2,0,4,1948.5213711746271
2999,46,0,0,0,2,1949.288762478975
3000,47,1,0,0,3,1909.2038951921882
3001,47,0,0,0,3,1910.3709164687837
3002,47,0,0,0,3,1911.4528313624005
3003,47,0,0,1,3,1912.6943207241027
3004,47,0,0,0,3,1913.5209164687833
3005,47,0,0,0,3,1915.4538951921875
3006,47,0,0,1,2,1916.3549590219745
3007,48,1,0,0,3,1877.4486057090164
3008,48,0,0,0,3,1878.4986057090164
3009,48,0,0,0,3,1879.7152723756828
3010,48,0,0,0,3,1881.1819390423495
3011,48,0,0,0,3,1882.0652723756828
3012,48,0,0,0,3,1882.698605709016
3013,48,0,0,0,3,1883.5819390423492
3014,48,0,0,0,3,1884.881939042349
3015,48,0,0,0,3,1886.1819390423489
3016,48,0,0,0,3,1887.7319390423488
3017,48,0,0,0,3,1888.6986057090153
3018,48,0,0,0,3,1889.8814363362537
3019,48,0,0,0,3,1891.3481030029204
3020,48,0,0,0,3,1892.7314363362536
3021,48,0,0,0,3,1893.6147696695868
3022,48,0,0,0,3,1894.9147696695866
3023,47,0,1,0,3,1936.1365653030873
3024,47,0,0,0,2,1937.2184801967041
3025,47,0,0,0,2,1938.555714239257
3026,48,1,0,1,3,1899.2597618592727
3027,48,0,0,0,3,1900.6430951926059
3028,49,1,0,0,4,1862.5156850866342
3029,49,0,0,0,4,1863.4534401886747
3030,49,0,0,0,4,1864.8809912090828
3031,49,0,0,1,5,1865.9718075356134
3032,50,1,0,0,6,1829.4513713849008
3033,50,0,0,0,6,1830.2813713849007
3034,50,0,0,0,6,1831.6713713849008
3035,50,0,0,0,6,1832.5013713849005
3036,50,0,0,1,6,1833.5613713849004
3037,50,0,0,0,6,1835.0313713849
3038,50,0,0,0,6,1836.2613713849
3039,50,0,0,0,6,1837.4913713848998
3040,51,1,0,0,7,1802.158207240098
3041,52,1,0,0,8,1768.5599724854803
3042,52,0,0,0,8,1769.7253571008648
3043,52,0,0,0,8,1771.1215109470188
3044,52,0,0,0,8,1772.2099724854802
3045,51,0,1,0,8,1808.7772050009946
3046,50,0,1,0,7,1846.1769200832946
3047,50,0,0,0,6,1847.8069200832945
3048,50,0,0,0,6,1848.9169200832944
3049,51,1,0,0,8,1813.202862826759
3050,50,0,1,0,8,1851.0920514791446
3051,50,0,0,0,7,1852.2420514791447
3052,51,1,0,1,8,1817.1980896854357
3053,51,0,0,1,7,1818.3069132148476
3054,50,0,1,0,7,1855.816067115305
3055,51,1,0,0,8,1820.1235952110833
3056,50,0,1,0,8,1857.990854722294
3057,50,0,0,0,6,1859.1408547222936
3058,51,1,0,0,8,1823.6969163944057
3059,51,0,0,0,8,1825.442994825778
3060,51,0,0,0,8,1826.7969163944051
3061,50,0,1,1,7,1864.628035738475
3062,50,0,0,0,5,1865.618035738475
3063,50,0,0,0,5,1866.8480357384751
3064,50,0,0,0,5,1868.078035738475
3065,50,0,0,0,5,1869.308035738475
3066,50,0,0,0,5,1870.6180357384746
3067,50,0,0,0,5,1871.8480357384747
3068,50,0,0,0,5,1872.5980357384742
3069,49,0,1,0,5,1911.5831570304485
3070,49,0,0,0,4,1912.3576468263668
3071,49,0,0,0,4,1913.7035651937135
3072,48,0,1,0,4,1954.9511988397214
3073,48,0,0,0,3,1956.2511988397212
3074,48,0,0,0,3,1957.301198839721
3075,48,1,1,0,5,1958.2266277667384
3076,48,0,0,0,4,1959.1099611000716
3077,48,0,0,0,4,1960.7432944334048
3078,48,0,0,1,4,1961.9495444334045
3079,48,0,0,0,4,1962.9995444334045
3080,48,0,0,0,4,1964.1936641342961
3081,48,0,0,0,4,1965.1603308009626
3082,48,0,0,0,4,1966.2936641342958
3083,48,0,0,2,5,1967.489497467629
3084,48,0,0,0,5,1968.872830800962
3085,48,0,0,0,5,1970.1728308009617
3086,48,0,0,0,5,1971.6394974676284
3087,48,0,0,0,5,1972.6894974676281
3088,48,0,0,0,5,1974.0728308009614
3089,48,0,0,1,5,1974.695747467628
3090,47,0,1,1,3,2017.9486935549335
3091,47,0,0,0,3,2018.9455020655716
3092,46,0,1,0,3,2063.5954616670315
3093,46,0,0,0,2,2064.362852971379
3094,47,1,0,0,3,2020.9785369507113
3095,47,0,0,0,3,2022.400877376243
3096,47,0,0,0,3,2023.8232178017747
3097,47,0,0,0,3,2025.415770993264
3098,47,0,0,0,3,2026.4976858868808
3099,47,0,0,0,3,2028.0902390783704
3100,47,0,0,0,3,2029.512579503902
3101,47,0,0,0,3,2030.50938801454
3102,47,0,0,1,3,2031.495558227306
3103,47,0,0,0,3,2032.237047589008
3104,47,0,0,0,3,2033.3615156741141
3105,47,0,0,0,3,2035.2093880145396
3106,47,1,1,0,4,2036.1644353188876
3107,47,0,0,0,3,2037.2463502125045
3108,47,0,0,0,3,2037.9878395742064
3109,48,1,0,1,5,1996.2870512497436
3110,47,0,1,1,4,2040.0130094589429
3111,47,0,0,0,4,2040.8396052036235
3112,47,0,0,0,4,2042.0917328631979
3113,47,0,0,0,4,2043.2587541397934
3114,47,0,0,0,4,2044.6810945653253
3115,47,0,0,1,4,2046.007690310006
3116,47,0,0,0,4,2047.2598179695804
3117,47,0,0,0,4,2048.426839246176
3118,47,0,0,0,4,2049.6789669057503
3119,46,0,1,0,4,2095.433294073837
3120,46,0,0,0,2,2096.809381030358
3121,45,0,1,0,2,2144.5473961597345
3122,45,0,0,0,1,2145.3418406041787
3123,45,0,0,0,1,2146.7585072708453
3124,45,0,0,0,1,2148.219618381956
3125,45,0,0,0,1,2150.080729493067
3126,45,0,0,0,1,2151.141840604178
3127,45,0,0,0,1,2152.4696183819556
3128,45,0,0,1,1,2153.6085072708447
3129,46,1,0,1,2,2107.948539721478
3130,47,1,0,0,3,2063.8921878125107
3131,47,0,0,0,3,2065.3145282380424
3132,47,0,0,1,2,2067.1517622805954
3133,47,0,0,0,2,2068.7443154720845
3134,47,0,0,0,2,2070.0815495146376
3135,47,0,0,0,2,2071.2060175997435
3136,47,0,0,0,2,2072.4581452593184
3137,47,0,0,0,2,2073.9655920678288
3138,47,0,0,0,2,2075.473038876339
3139,47,0,0,0,2,2076.93793249336
3140,47,0,0,0,2,2077.8496346210195
3141,47,0,0,0,2,2078.846443131658
3142,48,1,0,0,3,2036.3881838997484
3143,48,0,0,0,3,2038.188183899748
3144,48,0,0,0,3,2039.3215172330813
3145,48,0,0,0,3,2040.7048505664145
3146,48,0,0,1,3,2041.9111005664145
3147,49,1,0,0,4,2001.308833207916
3148,49,0,0,0,4,2002.532302595671
3149,49,0,0,0,4,2003.633323003834
3150,49,0,0,0,4,2004.8976087181197
3151,50,1,0,0,6,1965.8386565437572
3152,50,0,0,1,6,1967.458656543757
3153,50,0,0,1,6,1968.4786565437569
3154,49,0,1,0,6,2009.6657173580406
3155,49,0,0,0,5,2010.9300030723264
3156,49,0,0,1,4,2012.2144711387411
3157,49,0,0,0,4,2013.0705935877206
3158,49,0,0,1,4,2014.924916312378
3159,49,0,0,0,4,2016.1892020266637
3160,49,0,0,0,4,2017.0453244756432
3161,49,0,0,0,4,2018.2279775368677
3162,48,0,1,0,4,2061.567926137192
3163,48,0,0,0,2,2062.617926137192
3164,47,0,1,0,2,2107.662885587207
3165,47,0,0,1,1,2108.7341621829514
3166,48,1,0,0,2,2065.5699088041397
3167,48,0,0,1,2,2066.77615880414
3168,49,1,0,0,3,2025.7480739305856
3169,49,0,0,1,3,2027.3286861754837
3170,50,1,0,0,4,1987.3811124519739
3171,51,1,0,0,5,1949.4961870570135
3172,52,1,0,0,6,1913.141452690532
3173,52,0,0,1,6,1914.066452690532
3174,52,0,0,0,6,1915.6549142289937
3175,52,0,0,0,6,1916.666452690532
3176,52,0,0,0,6,1917.7549142289934
3177,52,0,0,0,6,1918.997221921301
3178,52,0,0,0,6,1920.3933757674545
3179,52,0,0,0,6,1921.8664526905313
3180,52,0,0,0,6,1923.0318373059158
3181,52,0,0,0,6,1924.4279911520696
3182,52,0,0,1,6,1925.4299142289926
3183,51,0,1,0,6,1964.4534442912031
3184,51,0,0,1,6,1966.032856055909
3185,51,0,0,1,7,1967.1416795853206
3186,52,1,0,0,9,1930.139916516372
3187,52,0,0,0,8,1931.4591472856025
3188,52,0,0,0,9,1932.4706857471413
3189,52,0,0,0,9,1933.6360703625255
3190,52,0,0,0,9,1934.724531900987
3191,52,0,0,0,8,1935.9668395932945
3192,52,0,0,0,9,1937.4014549779097
3193,52,0,0,0,9,1938.8745319009868
3194,53,1,0,0,10,1903.6995407330435
3195,54,1,0,0,11,1869.374549237987
3196,54,0,0,0,11,1870.4060307194684
3197,54,0,0,0,12,1871.4375122009499
3198,53,0,1,0,12,1908.3300901109042
3199,53,0,0,0,11,1909.1631089788284
3200,53,0,0,1,11,1910.0244297335453
3201,51,0,2,0,11,1986.1888306046187
3202,50,0,1,0,7,2026.8151146067414
3203,50,0,0,0,6,2027.9651146067415
3204,50,0,0,0,6,2029.0351146067414
3205,50,0,0,1,7,2030.175114606741
3206,50,0,0,0,7,2031.165114606741
3207,50,0,0,0,6,2032.5551146067407
3208,50,0,0,0,6,2033.865114606741
3209,50,0,0,0,7,2035.426273594361
3210,49,0,1,0,7,2078.308642962994
3211,49,0,0,0,5,2079.491296024218
3212,49,0,0,0,5,2080.7555817385037
3213,50,1,0,1,6,2040.5694701037337
3214,50,0,0,0,6,2042.0394701037337
3215,50,0,0,0,7,2042.9894701037335
3216,50,0,0,1,6,2044.3694701037334
3217,50,0,0,0,6,2045.5194701037333
3218,50,0,0,0,6,2046.4294701037331
3219,49,0,1,0,7,2089.4909559744774
3220,49,0,0,0,6,2090.4287110765176
3221,49,0,0,0,6,2091.5297314846807
3222,49,0,0,0,6,2092.957282505089
3223,49,0,0,0,6,2093.8134049540686
3224,49,0,0,0,6,2094.873609035701
3225,49,0,0,0,5,2095.974629443864
3226,49,0,0,0,5,2096.912384545905
3227,49,0,0,0,6,2098.666466178558
3228,49,0,0,0,6,2099.359323321415
3229,48,0,1,1,4,2144.139737181505
3230,49,1,0,1,5,2101.604232341066
3231,49,0,0,1,5,2102.7030288133114
3232,49,0,0,0,5,2103.7502982517876
3233,49,0,0,0,5,2105.586012537502
3234,49,0,0,1,5,2106.51356355791
3235,49,0,0,0,5,2107.3696860068894
3236,49,0,0,0,5,2108.8788696803585
3237,49,0,0,0,5,2109.979890088522
3238,49,0,0,0,5,2111.2482879558906
3239,48,0,1,0,5,2155.6948060909062
3240,48,0,0,0,4,2156.494806090906
3241,48,0,0,1,4,2157.451056090906
3242,47,0,1,0,4,2204.602663749094
3243,47,0,0,0,3,2205.8973446001573
3244,46,0,1,0,3,2255.1331324597045
3245,46,0,0,1,1,2256.446251483556
3246,46,0,0,1,1,2257.7660724329335
3247,45,0,1,0,1,2308.996162461713
3248,45,0,0,0,0,2310.3239402394906
3249,45,0,0,0,0,2311.829495795046
3250,45,0,0,0,0,2313.2461624617126
3251,45,0,0,0,0,2314.3961624617123
3252,45,0,0,0,0,2315.5461624617124
3253,45,0,0,0,0,2316.6961624617124
3254,45,0,0,0,0,2317.579495795045
3255,45,0,0,1,0,2319.0739402394897
3256,45,0,0,0,0,2319.868384683934
3257,45,0,0,0,0,2321.1072735728226
3258,45,0,0,0,0,2321.5461624617114
3259,45,0,0,0,0,2322.4294957950447
3260,46,1,0,0,1,2272.849506756022
3261,46,0,0,0,1,2274.1386371908043
3262,46,0,0,0,1,2275.1187975041676
3263,47,1,0,0,2,2227.505631599823
3264,47,0,0,0,2,2228.3322273445037
3265,49,2,0,1,4,2138.0809119426876
3266,48,0,1,0,4,2184.5003668904515
3267,48,0,0,0,3,2185.3003668904516
3268,48,0,0,0,3,2186.517033557118
3269,48,0,0,0,3,2187.650366890451
3270,48,0,0,0,3,2188.4503668904513
3271,48,0,0,0,3,2189.3337002237845
3272,48,0,0,0,3,2190.383700223784
3273,48,0,0,0,3,2191.683700223784
3274,48,0,0,0,3,2192.6503668904506
3275,48,0,0,1,3,2194.1066168904504
3276,48,0,0,0,3,2194.823283557117
3277,47,0,1,1,3,2242.589004022129
3278,47,0,0,0,2,2244.2666635965966
3279,47,0,0,1,2,2245.167727426384
3280,47,0,0,0,2,2246.504961468937
3281,47,0,0,0,2,2247.586876362554
3282,47,0,0,0,2,2247.987940192341
3283,47,0,0,0,2,2249.4102806178726
3284,47,0,0,0,2,2250.4921955114896
3285,46,0,1,0,2,2300.6954733349876
3286,46,0,0,0,1,2301.2019950741173
3287,46,0,0,1,1,2301.9585168132476
3288,46,0,0,0,1,2303.5954733349868
3289,46,0,0,1,1,2304.6128646393345
3290,46,0,0,0,1,2305.4672124654217
3291,47,1,0,0,2,2257.3785483704123
3292,47,0,0,0,2,2258.545569647008
3293,47,0,0,0,2,2260.138122838497
3294,46,0,1,0,2,2310.465292513225
3295,46,0,0,0,1,2311.580509904529
3296,46,0,0,0,1,2312.6087707740944
3297,46,0,0,0,1,2313.5935533827897
3298,46,0,0,0,1,2314.9696403393114
3299,46,0,0,0,1,2316.039580528449
3300,46,0,0,0,1,2317.5026240067095
3301,46,0,0,1,1,2318.2591457458398
3302,46,0,0,0,1,2319.287406615405
3303,46,0,0,0,1,2320.402624006709
3304,46,0,0,0,1,2321.6047979197524
3305,46,0,0,0,1,2323.3287109632306
3306,46,0,0,0,1,2324.270015311057
3307,46,0,0,0,1,2325.733058789317
3308,46,0,0,0,1,2326.9352327023603
3309,46,0,0,0,1,2327.9200153110564
3310,46,0,0,0,1,2329.2091457458387
3311,46,0,0,0,1,2330.5852327023604
3312,46,0,0,2,1,2331.939580528447
3313,46,0,0,0,1,2333.2287109632293
3314,47,1,0,0,2,2284.4642703044374
3315,47,0,0,0,2,2285.290866049118
3316,48,1,0,0,3,2238.4483480064278
3317,49,1,0,0,4,2193.3453204960924
3318,49,0,0,1,4,2194.8443000879292
3319,49,0,0,0,4,2195.7004225369087
3320,49,0,0,0,4,2197.0463409042554
3321,49,0,0,0,4,2198.0657286593573
3322,49,0,0,0,4,2198.717769475684
3323,50,1,0,0,5,2155.3824140861702
3324,50,0,0,0,5,2156.37241408617
3325,51,1,0,1,7,2115.2474647903623
3326,51,0,0,1,6,2116.356288319774
3327,50,0,1,0,6,2159.1243520836592
3328,50,0,0,0,4,2160.274352083659
3329,50,0,0,0,4,2161.184352083659
3330,50,0,0,0,4,2162.254352083659
3331,51,1,0,0,5,2120.8670118467244
3332,52,1,0,0,6,2080.9089923881334
3333,52,0,0,0,6,2081.997453926595
3334,52,0,0,1,6,2083.076300080441
3335,52,0,0,0,6,2084.6263000804406
3336,51,0,1,0,6,2126.694602147569
3337,52,1,0,0,6,2086.9322059524234
3338,52,0,0,0,6,2088.251436721654
3339,52,0,0,0,6,2089.5706674908847
3340,52,0,0,0,6,2090.351436721654
3341,52,0,0,1,6,2092.3148982601156
3342,52,1,1,0,7,2093.365392198148
3343,52,0,0,0,6,2094.838469121225
3344,52,0,0,0,6,2096.0807768135323
3345,52,0,0,0,6,2097.400007582763
3346,52,0,0,0,6,2098.5653921981475
3347,52,0,0,0,6,2099.500007582763
3348,52,0,0,0,6,2100.97308450584
3349,52,0,0,0,6,2102.4461614289166
3350,52,0,0,0,6,2103.419238351993
3351,52,0,0,0,6,2104.775499957852
3352,52,0,0,0,6,2106.2870384193902
3353,52,0,0,0,6,2107.529346111698
3354,51,0,1,0,6,2149.7338328066
3355,51,0,0,0,5,2151.087754375227
3356,51,0,0,0,5,2152.2536807958595
3357,51,0,0,0,5,2154.313484717428
3358,51,0,0,0,5,2155.27524942331
3359,51,0,0,0,5,2156.3154455017416
3360,51,0,0,0,5,2157.2772102076233
3361,50,0,1,0,5,2201.405578209205
3362,50,0,0,0,4,2203.2755782092045
3363,50,0,0,0,4,2204.2255782092047
3364,51,1,0,0,5,2162.0937041266707
3365,52,1,0,0,6,2121.4197867396197
3366,53,1,0,0,7,2082.574130386042
3367,53,0,0,0,7,2083.8599794426455
3368,53,0,0,0,7,2084.843941706796
3369,53,0,0,1,7,2085.7429983105694
3370,53,0,0,1,7,2086.943941706796
3371,54,1,0,0,8,2049.151461304818
3372,54,0,0,0,8,2050.1088687122256
3373,54,0,0,0,8,2051.140350193707
3374,53,0,1,0,8,2091.0434075223025
3375,54,1,0,0,9,2053.3972333089264
3376,54,0,0,0,9,2054.3546407163335
3377,54,0,0,0,9,2055.682418494111
3378,54,0,0,0,9,2057.306492568185
3379,53,0,1,0,9,2097.174727577224
3380,53,0,0,1,8,2098.677557765903
3381,52,0,1,0,8,2140.655887573199
3382,52,0,0,0,6,2142.167426034737
3383,52,0,0,0,6,2143.9481952655065
3384,52,0,0,0,6,2144.7289644962757
3385,52,0,0,0,6,2146.1251183424292
3386,52,0,0,1,6,2147.3578106501213
3387,52,0,0,0,6,2148.600118342429
3388,52,0,0,0,6,2149.91934911166
3389,52,0,0,1,6,2150.5751183424286
3390,53,1,0,0,7,2110.952946298232
3391,52,0,1,0,7,2152.360252231033
3392,53,1,0,0,7,2113.081756905919
3393,53,0,0,0,7,2114.022554492332
3394,53,0,0,0,7,2115.081988454596
3395,52,0,1,0,7,2157.149411574107
3396,52,0,0,0,6,2158.4686423433377
3397,51,0,1,1,6,2202.0496262759843
3398,50,0,1,0,5,2246.9953908473376
3399,50,0,0,0,4,2248.4653908473374
3400,50,0,0,1,4,2249.765390847337
3401,50,0,0,0,4,2251.235390847337
3402,50,0,0,0,4,2253.105390847337
3403,50,0,0,0,4,2254.335390847337
3404,50,0,0,0,4,2255.4053908473365
3405,51,1,0,0,5,2211.9562655366044
3406,50,0,1,0,5,2257.579174462809
3407,49,0,1,0,4,2304.764536207344
3408,49,0,0,0,3,2305.9471892685683
3409,49,0,0,0,3,2307.456372942038
3410,49,0,0,0,3,2308.8022913093846
3411,48,0,1,1,3,2358.4354952757453
3412,48,0,0,0,2,2359.4021619424116
3413,48,0,0,0,2,2361.035495275745
3414,48,0,0,0,2,2362.335495275745
3415,49,1,0,0,3,2315.030689249709
3416,49,0,0,0,3,2316.580689249709
3417,49,0,0,0,3,2317.8449749639944
3418,49,0,0,0,3,2319.1500770048106
3419,49,0,0,0,3,2320.332730066035
3420,50,1,0,0,4,2274.5650754647145
3421,51,1,0,0,5,2231.053995553641
3422,51,0,0,0,5,2231.8588975144257
3423,51,0,0,0,5,2233.1343877105037
3424,51,0,0,1,5,2234.1647798673666
3425,51,0,0,0,5,2235.989289671288
3426,50,0,1,0,5,2281.610684890964
3427,50,0,0,0,4,2282.760684890964
3428,50,0,0,0,4,2283.990684890964
3429,50,0,0,0,4,2284.820684890964
3430,50,0,0,0,4,2285.650684890964
3431,50,0,0,0,4,2286.8006848909636
3432,50,0,0,0,4,2288.270684890964
3433,50,0,0,1,4,2289.0906848909635
3434,51,1,0,0,5,2245.2163577362385
3435,51,0,0,0,5,2246.3349851872185
3436,51,0,0,0,5,2247.7673381283953
3437,51,0,0,0,5,2248.8075342068264
3438,53,2,0,0,7,2164.570457444305
3439,53,0,0,0,7,2165.9317781990217
3440,53,0,0,0,7,2166.9912121612856
3441,53,0,0,1,7,2168.4940423499647
3442,53,0,0,1,7,2169.2909117940285
3443,53,0,0,0,7,2170.2748740581796
3444,53,0,0,0,7,2171.5607231147833
3445,53,0,0,0,7,2172.3182702845943
3446,53,0,0,0,7,2172.9626099072357
3447,52,0,1,0,7,2215.5996688617684
3448,52,0,0,0,6,2216.765053477153
3449,51,0,1,0,6,2261.4998639915625
3450,51,0,0,0,5,2262.8537855601903
3451,51,0,0,0,5,2263.8155502660725
3452,51,0,0,0,5,2264.894962030778
3453,51,0,0,1,4,2266.4743737954836
3454,51,0,0,0,4,2267.517751252503
3455,51,0,0,0,4,2268.244221840738
3456,51,0,0,0,4,2269.8334375270124
3457,51,0,0,1,5,2270.6285355662276
3458,50,0,1,1,5,2317.4182209121536
3459,50,0,0,0,4,2318.888220912154
3460,50,0,0,0,4,2320.2782209121538
3461,49,0,1,0,4,2368.9692713077725
3462,49,0,0,0,3,2369.907026409813
3463,49,0,0,0,3,2371.4162100832827
3464,50,1,0,0,4,2324.5468858816166
3465,50,0,0,0,4,2325.4168858816165
3466,50,0,0,0,4,2326.4068858816167
3467,50,0,0,0,4,2327.3968858816165
3468,50,0,0,1,4,2328.296885881616
3469,50,0,0,1,4,2329.516885881616
3470,50,0,0,1,4,2330.416885881616
3471,51,1,0,0,5,2285.653809687859
3472,51,0,0,0,5,2286.9522632866524
3473,51,0,0,0,5,2287.757165247436
3474,51,1,1,0,6,2288.602804598357
3475,52,1,0,0,6,2245.8037122022347
3476,52,0,0,0,6,2246.661404509927
3477,52,0,0,0,6,2247.672942971465
3478,51,0,1,0,6,2293.3622542639064
3479,51,1,1,0,6,2293.894907940759
3480,52,1,0,0,6,2250.9171212495903
3481,52,0,0,0,6,2252.159428941898
3482,52,0,0,0,6,2253.709428941898
3483,52,0,0,0,6,2255.1825058649747
3484,53,1,0,0,7,2213.284722735447
3485,53,0,0,0,7,2214.5705717920505
3486,53,0,0,0,7,2215.6300057543144
3487,53,0,0,0,7,2216.9913265090313
3488,53,0,0,0,7,2218.126232169409
3489,53,0,0,0,7,2219.3366095278993
3490,53,0,0,0,7,2220.697930282616
3491,52,0,1,0,7,2264.408670174348
3492,52,0,0,0,6,2265.5740547897326
3493,52,0,0,0,6,2266.354824020502
3494,52,1,1,1,6,2267.323719406101
3495,52,0,0,0,6,2268.9506424830247
3496,52,0,0,0,6,2270.192950175332
3497,52,0,0,0,6,2271.43525786764
3498,52,0,0,0,6,2272.75448863687
3499,52,0,0,0,6,2273.7660270984084
3500,52,0,0,0,6,2275.0852578676395
3501,52,0,0,0,6,2275.9429501753316
3502,51,0,1,0,6,2322.3075476152258
3503,51,0,0,0,5,2323.034018203461
3504,50,0,1,0,5,2371.0372507054694
3505,50,0,0,0,4,2372.107250705469
3506,50,0,0,0,4,2373.337250705469
3507,49,0,1,1,4,2422.777161781788
3508,50,1,0,0,4,2375.3615599104014
3509,50,0,0,0,4,2376.7515599104013
3510,50,0,0,0,4,2377.5015599104013
3511,51,1,0,0,5,2331.8936861866678
3512,52,1,0,0,6,2287.723615298463
3513,52,0,0,0,6,2289.2736152984626
3514,51,0,1,1,6,2335.4986455111775
3515,51,0,0,0,5,2337.0878611974517
3516,51,0,0,0,5,2338.36335139353
3517,51,0,0,0,5,2340.0309984523533
3518,51,0,0,0,5,2341.5417827660785
3519,51,0,0,0,5,2342.817272962157
3520,51,0,0,0,5,2343.622174922941
3521,51,0,0,0,5,2344.583939628824
3522,51,0,0,1,5,2345.457469040588
3523,51,0,0,0,5,2346.2623710013727
3524,50,0,1,0,5,2394.4939492716358
3525,50,0,0,1,4,2395.473949271636
3526,51,1,0,0,5,2349.5136757565056
3527,51,0,0,1,4,2350.7793620310154
3528,50,0,1,0,4,2399.1766998502258
3529,50,0,0,0,3,2399.9266998502253
3530,50,0,0,0,3,2400.6766998502253
3531,51,1,0,0,4,2354.692842990417
3532,50,0,1,0,4,2403.487819320528
3533,50,0,0,0,4,2404.717819320528
3534,50,0,0,0,4,2405.787819320528
3535,50,0,0,0,4,2407.337819320528
3536,50,0,0,0,4,2408.0878193205276
3537,50,0,0,1,3,2409.227819320528
3538,50,0,0,2,3,2410.6778193205278
3539,50,1,1,0,5,2411.0738440868167
3540,50,0,0,0,4,2412.1438440868164
3541,50,0,0,0,3,2413.7738440868166
3542,50,0,0,0,3,2415.0038440868166
3543,50,0,0,0,3,2415.9138440868164
3544,50,0,0,0,4,2416.903844086816
3545,50,0,0,0,4,2418.333844086816
3546,50,0,0,0,3,2419.323844086816
3547,50,0,0,0,4,2420.233844086816
3548,51,1,0,0,5,2374.023376555702
3549,51,0,0,0,4,2375.534160869427
3550,51,0,0,0,4,2376.574356947858
3551,51,0,0,1,4,2377.68318047727
3552,51,0,0,0,5,2378.723376555701
3553,51,0,0,1,4,2380.0674942027604
3554,52,1,0,0,6,2335.6633116219377
3555,52,0,0,0,6,2337.2902346988603
3556,52,0,0,1,5,2338.138311621937
3557,52,0,0,0,6,2339.0729270065526
3558,52,0,0,0,5,2340.4690808527066
3559,51,0,1,0,6,2387.553340203306
3560,51,0,0,0,4,2388.9856931444824
3561,51,0,0,0,5,2390.2611833405604
3562,50,0,1,0,5,2438.969713757762
3563,50,0,0,0,3,2440.0797137577615
3564,50,0,0,0,3,2441.713032513941
3565,50,0,0,0,3,2443.143032513941
3566,50,0,0,0,4,2444.453032513941
3567,50,0,0,0,4,2445.8430325139407
3568,50,0,0,0,4,2447.1530325139406
3569,50,0,0,1,3,2448.1330325139406
3570,50,0,0,0,3,2449.2337833067545
3571,51,1,0,0,4,2402.2193953987785
3572,51,0,0,0,4,2403.416454222308
3573,51,0,0,0,5,2405.0841012811316
3574,51,0,0,1,6,2405.8007679477982
3575,51,0,0,0,5,2407.154689516425
3576,51,0,0,0,5,2408.1948855948567
3577,51,1,1,0,7,2409.1194527625034
3578,51,0,0,0,5,2410.5518057036797
3579,51,0,0,0,6,2411.9841586448565
3580,52,1,0,1,7,2366.7258094401473
3581,51,0,1,1,5,2413.9999195567016
3582,51,0,0,0,4,2415.589135242976
3583,51,0,0,0,4,2416.315605831211
3584,50,0,1,1,4,2466.0158565360994
3585,50,0,0,0,3,2466.7658565360994
3586,50,0,0,0,3,2468.1558565360992
3587,50,0,0,0,3,2469.345856536099
3588,50,0,0,0,3,2470.575856536099
3589,50,0,0,0,3,2472.0458565360987
3590,50,0,0,0,3,2473.1158565360984
3591,50,0,0,0,3,2474.6160479776754
3592,50,0,0,0,3,2476.0060479776753
3593,51,1,0,0,4,2428.1529882134073
3594,51,0,0,0,4,2429.1147529192895
3595,51,0,0,0,4,2429.9196548800737
3596,51,0,0,1,4,2431.2637725271325
3597,51,0,0,0,4,2431.990243115368
3598,50,0,1,0,4,2482.1343321302743
3599,50,0,0,1,4,2483.5943321302743
3600,50,0,0,0,4,2484.824332130274
3601,49,0,1,1,4,2536.7015986117444
3602,49,0,0,0,3,2537.6393537137856
3603,49,0,0,0,3,2539.230170040316
3604,49,0,0,0,3,2540.004659836234
3605,49,0,0,0,3,2541.024047591336
3606,49,1,1,0,4,2541.8407683865203
3607,49,0,0,0,3,2543.105054100806
3608,49,0,0,0,3,2544.4509724681525
3609,49,0,0,0,3,2545.470360223255
3610,49,0,0,1,3,2546.973455569757
3611,50,1,0,0,4,2496.5129864583614
3612,50,0,0,0,4,2497.9029864583613
3613,50,0,0,0,4,2499.6129864583613
3614,50,0,0,0,4,2500.6829864583615
3615,50,0,0,1,4,2502.142986458361
3616,50,0,0,0,4,2503.772986458361
3617,50,0,0,1,5,2505.2329864583608
3618,50,0,0,1,5,2506.0529864583605
3619,50,0,0,1,5,2507.3529864583606
3620,50,0,0,0,5,2508.1029864583606
3621,50,0,0,0,5,2509.4129864583606
3622,50,0,0,0,5,2510.7229864583605
3623,50,0,0,0,5,2512.2729864583603
3624,50,0,0,0,5,2513.74298645836
3625,51,1,0,0,7,2465.2284180964316
3626,51,0,0,0,7,2466.111751429765
3627,51,0,0,0,7,2467.387241625843
3628,50,0,1,0,7,2517.9577444301203
3629,50,0,0,0,5,2519.1877444301203
3630,50,0,0,0,5,2520.57774443012
3631,50,1,1,0,6,2521.4495633589213
3632,51,1,0,1,5,2473.2446699597267
3633,52,1,0,0,6,2426.8178493835776
3634,52,0,0,0,6,2427.906310922039
3635,52,0,0,0,6,2428.956310922039
3636,51,0,1,0,6,2478.0095180847425
3637,51,0,0,0,5,2479.1281455357225
3638,51,0,0,0,5,2480.6389298494482
3639,50,0,1,0,5,2531.794766957437
3640,52,2,0,0,6,2435.1391989975355
3641,53,1,0,0,8,2390.0724216579592
3642,52,0,1,0,8,2437.0392415101273
3643,52,0,0,0,7,2438.512318433204
3644,53,1,0,0,8,2394.136614311823
3645,53,0,0,0,7,2395.196048274087
3646,53,0,0,0,7,2395.802652047672
3647,54,1,0,0,9,2352.8090844171593
3648,54,0,0,1,8,2354.2757510838255
3649,54,0,0,0,9,2355.233158491233
3650,53,0,1,0,9,2400.724719070773
3651,53,0,0,0,8,2402.08603982549
3652,53,0,0,0,7,2403.2964171839803
3653,53,0,0,0,8,2404.3711311136276
3654,53,0,0,0,8,2405.5060367740048
3655,53,0,0,0,7,2406.8673575287216
3656,52,0,1,0,8,2454.2374504454338
3657,52,0,0,1,7,2456.0086042915873
3658,51,0,1,1,6,2506.1305483774513
3659,51,0,0,0,5,2507.8766268088234
3660,51,0,0,0,4,2508.995254259804
3661,51,0,0,1,4,2510.4178032794116
3662,51,0,0,0,5,2511.2227052401954
3663,51,0,0,0,5,2512.890352299019
3664,50,0,1,0,5,2564.6109117302803
3665,50,0,0,0,3,2565.60091173028
3666,50,0,0,0,3,2566.7509117302798
3667,50,0,0,0,3,2568.26091173028
3668,50,0,0,0,3,2569.73091173028
3669,50,0,0,1,3,2571.0309117302795
3670,50,0,0,0,3,2572.1809117302796
3671,50,0,0,0,3,2573.3309117302797
3672,50,0,0,0,3,2574.383255844333
3673,50,0,0,0,3,2575.7732558443327
3674,50,0,0,0,3,2577.1632558443325
3675,50,0,0,0,3,2578.0732558443324
3676,50,0,0,0,3,2579.8632558443323
3677,50,0,0,0,3,2580.9332558443325
3678,50,0,0,0,3,2582.243255844332
3679,50,0,0,0,3,2583.393255844332
3680,51,1,0,0,4,2533.826721416012
3681,52,1,0,0,5,2486.0810152349345
3682,52,0,0,0,5,2487.169476773396
3683,52,0,0,0,5,2488.2579383118577
3684,52,0,0,0,5,2489.577169081088
3685,51,0,1,0,5,2539.8194220788173
3686,51,0,0,1,4,2540.536088745484
3687,51,0,0,0,4,2541.105696588621
3688,51,0,0,0,4,2542.4596181572483
3689,51,0,0,0,4,2543.7351083533267
3690,51,0,0,0,4,2545.010598549405
3691,51,0,0,0,4,2546.1292260003856
3692,51,0,0,0,4,2547.2478534513657
3693,51,0,0,0,4,2548.209618157248
3694,51,0,0,0,4,2549.563539725875
3695,52,2,1,1,5,2500.930191154237
3696,52,0,0,0,4,2502.1724988465444
3697,52,0,0,0,4,2503.4532680773136
3698,52,0,0,0,4,2505.003268077314
3699,52,0,0,1,4,2506.235960385006
3700,53,1,0,0,6,2459.795495557351
3701,53,0,0,1,6,2461.7511559347095
3702,53,0,0,0,6,2462.9615332932
3703,53,0,0,0,6,2464.3228540479167
3704,54,1,0,0,7,2419.393727121104
3705,54,0,0,0,7,2420.2029863803627
3706,54,0,0,0,7,2421.086319713696
3707,54,0,0,0,6,2422.043727121103
3708,55,1,0,0,8,2378.6192957189014
3709,54,0,1,0,7,2423.397336886071
3710,54,0,0,1,6,2424.5677072564413
3711,54,0,0,0,7,2425.747336886071
3712,55,1,0,0,8,2382.473748942688
3713,55,0,0,0,8,2383.987385306324
3714,54,0,1,0,8,2429.309214447672
3715,54,0,0,0,6,2430.0443996328568
3716,54,0,0,1,6,2430.992547781005
3717,54,0,0,0,6,2432.3203255587828
3718,54,0,0,0,6,2433.611066299523
3719,54,0,0,0,6,2434.642547781005
3720,54,0,0,0,6,2435.822177410634
3721,55,1,0,0,7,2392.729046912259
3722,54,0,1,0,7,2438.212733423483
3723,54,0,0,0,6,2439.466437127186
3724,54,0,0,0,6,2440.7942149049636
3725,54,0,0,0,6,2442.196066756816
3726,54,0,0,0,6,2443.5979186086674
3727,54,0,0,0,6,2445.37014083089
3728,54,0,0,0,6,2446.549770460519
3729,55,1,0,0,7,2403.043410997601
3730,55,0,0,1,7,2404.2570473612363
3731,54,0,1,0,7,2450.4014046168504
3732,54,0,0,0,6,2451.8032564687023
3733,54,0,0,0,6,2452.9828860983316
3734,54,0,0,1,6,2454.5977009131466
3735,54,0,0,0,6,2455.9995527649985
3736,54,0,0,0,6,2457.03103424648
3737,55,1,0,0,7,2413.625015441998
3738,55,0,0,0,7,2414.5568336238166
3739,55,0,0,0,7,2415.7068336238162
3740,55,0,0,0,7,2417.29319726018
3741,53,0,2,0,7,2509.7109555216934
3742,53,0,0,0,5,2510.845861182071
3743,52,0,1,1,5,2560.5103027373184
3744,52,0,0,0,4,2561.6756873527024
3745,52,0,0,0,4,2562.9179950450102
3746,52,0,0,0,4,2563.621841198856
3747,52,0,0,1,4,2564.546841198856
3748,52,0,0,0,4,2565.635302737318
3749,52,0,0,0,4,2567.7237642757786
3750,52,0,0,0,4,2568.6583796603945
3751,52,0,0,0,4,2570.2853027373176
3752,51,0,1,0,4,2621.7930160210876
3753,50,0,1,1,2,2675.3635377786914
3754,50,0,0,0,1,2676.950784595793
3755,49,0,1,0,1,2733.1845196116874
3756,49,0,0,0,1,2734.530437979034
3757,49,0,0,0,1,2735.386560428014
3758,49,0,0,0,1,2736.569213489238
3759,49,0,0,0,1,2737.3437032851566
3760,49,0,0,0,1,2738.4447236933197
3761,49,0,0,0,1,2739.5457441014823
3762,49,0,0,0,1,2740.5651318565847
3763,49,0,0,0,1,2742.155948183115
3764,49,0,0,0,1,2743.6651318565846
3765,49,0,0,0,1,2744.858861565641
3766,50,1,0,0,2,2691.0006843343285
3767,50,0,0,0,2,2692.1506843343286
3768,51,1,0,0,3,2640.686945425812
3769,51,0,0,0,3,2642.0408669944395
3770,53,2,0,0,5,2542.8138531455925
3771,53,0,0,0,5,2544.326117296536
3772,53,0,0,0,5,2545.3100795606865
3773,53,0,0,0,5,2546.4449852210637
3774,53,0,0,0,5,2548.4855512587997
3775,53,0,0,0,5,2549.318570126724
3776,53,0,0,0,5,2550.2270606927614
3777,53,0,0,0,5,2551.060079560686
3778,53,0,0,1,5,2552.223287107856
3779,53,0,0,0,5,2553.3959286172894
3780,54,1,0,0,7,2507.039522531784
3781,54,0,0,1,8,2508.1358188280806
3782,54,0,0,0,7,2509.759892902154
3783,54,0,0,0,8,2511.013596605858
3784,54,0,0,0,8,2511.600633642895
3785,54,0,0,0,8,2512.409892902154
3786,54,0,0,0,7,2513.3673003095614
3787,55,1,0,0,9,2468.2824403039326
3788,55,0,0,0,9,2468.923349394842
3789,55,0,0,0,9,2469.9278948493875
3790,55,0,0,0,9,2470.8597130312055
3791,55,0,0,0,8,2472.082440303933
3792,55,0,0,0,8,2473.450622122114
3793,55,0,0,0,9,2474.600622122114
3794,55,0,0,0,9,2475.677894849387
3795,55,0,0,0,9,2476.609713031205
3796,54,0,1,0,9,2523.499151900431
3797,54,0,0,0,7,2524.30841115969
3798,53,0,1,1,6,2572.983264479103
3799,53,0,0,0,5,2574.306849384763
3800,53,0,0,0,5,2575.479490894197
3801,53,0,0,0,5,2576.9162833470273
3802,53,0,0,0,5,2578.1266607055177
3803,53,0,0,0,5,2579.7143965545743
3804,53,0,0,0,5,2581.019929309049
3805,53,0,0,1,5,2581.8435142147096
3806,53,0,0,0,5,2583.657665158106
3807,54,1,0,0,6,2537.037152840363
3808,54,0,0,0,6,2538.1427083959184
3809,54,0,0,0,6,2539.211226914437
3810,55,1,0,0,8,2493.5177483032553
3811,54,0,1,0,8,2540.865766148936
3812,54,0,0,0,6,2541.6009513341214
3813,54,0,0,0,6,2542.928729111899
3814,53,0,1,1,6,2592.0260931617286
3815,53,0,0,0,5,2593.8467352835437
3816,53,0,0,0,5,2595.4344711326
3817,51,0,2,1,4,2698.0763009505076
3818,51,0,0,0,3,2698.8812029112914
3819,51,0,0,0,3,2699.9213989897225
3820,51,0,0,0,3,2701.2753205583504
3821,51,0,0,0,3,2702.6292421269777
3822,51,0,0,0,3,2703.59100683286
3823,52,1,0,0,4,2652.96521823992
3824,52,0,0,1,4,2654.1979105476125
3825,52,0,0,0,4,2655.5940643937665
3826,52,0,0,1,4,2656.9806028553044
3827,52,0,0,0,4,2658.6075259322274
3828,52,0,0,0,4,2660.0036797783814
3829,52,0,0,0,4,2661.78444900915
3830,53,1,0,0,5,2612.214931103317
3831,52,0,1,0,5,2663.380804745423
3832,52,0,0,0,4,2664.7769585915767
3833,51,0,1,0,4,2718.374386271704
3834,51,0,0,0,3,2720.042033330528
3835,51,0,0,0,3,2721.239092154057
3836,51,0,0,0,3,2722.671445095233
3837,51,0,0,0,3,2724.10379803641
3838,52,1,0,0,4,2672.69891730494
3839,52,0,0,0,4,2673.710455766479
3840,52,0,0,0,4,2675.4143019203248
3841,52,0,0,0,4,2676.271994228017
3842,51,0,1,0,4,2730.176021837522
3843,51,0,0,0,3,2731.4515120336005
3844,51,0,0,0,3,2732.7270022296784
3845,51,0,0,0,3,2734.002492425757
3846,51,0,0,0,3,2735.4348453669336
3847,51,0,0,0,3,2736.6319041904626
3848,51,0,0,0,3,2738.299551249286
3849,51,0,0,0,3,2740.0456296806583
3850,51,0,0,0,3,2741.7917081120313
3851,51,0,0,0,3,2743.6162179159523
3852,51,0,0,0,3,2744.813276739482
3853,51,0,0,0,3,2745.931904190462
3854,51,0,0,0,3,2747.2858257590897
3855,51,0,0,0,3,2748.718178700266
3856,51,0,0,0,3,2750.385825759089
3857,51,0,0,0,3,2751.6613159551675
3858,51,0,0,0,3,2753.093668896344
3859,51,0,0,0,3,2754.0554336022265
3860,51,0,0,0,3,2755.4877865434028
3861,51,0,0,0,3,2756.3711198767355
3862,51,0,0,0,3,2758.195629680657
3863,51,0,0,0,3,2759.549551249285
3864,51,0,0,0,3,2760.432884582618
3865,51,0,0,0,3,2761.473080661049
3866,51,0,0,0,3,2762.4348453669313
3867,51,0,0,0,3,2763.71033556301
3868,51,0,0,0,3,2764.907394386539
3869,51,0,0,0,3,2766.9671983081075
3870,51,0,0,0,3,2768.0858257590876
3871,51,0,0,0,3,2769.5181787002643
3872,51,0,0,1,3,2770.5485708571273
3873,51,0,0,0,3,2772.2162179159504
3874,51,0,0,0,3,2773.4917081120284
3875,51,0,0,0,3,2775.0809237983035
3876,51,0,0,0,3,2776.434845366931
3877,51,0,0,0,3,2777.63190419046
3878,51,0,0,0,3,2778.75053164144
3879,50,0,1,0,3,2835.2308276344493
3880,50,0,0,0,2,2836.540827634449
3881,50,0,0,0,2,2837.6108276344494
3882,50,0,0,0,2,2839.080827634449
3883,50,0,0,0,2,2840.870827634449
3884,50,0,0,0,2,2842.260827634449
3885,51,1,0,0,3,2787.775321210244
3886,51,0,0,0,3,2788.8939486612244
3887,51,0,0,0,3,2790.091007484754
3888,51,0,0,0,3,2791.680223171028
3889,52,1,0,0,4,2739.1296419562004
3890,52,0,0,1,4,2739.9007958023544
3891,52,0,0,0,4,2741.1431034946622
3892,52,0,0,0,4,2742.385411186969
3893,52,0,0,0,4,2743.4738727254307
3894,53,1,0,0,5,2692.513988334385
3895,53,0,0,0,5,2693.2715355041964
3896,52,0,1,0,5,2746.3004942592543
3897,52,0,0,0,4,2747.0812634900235
3898,52,0,0,0,4,2748.015878874639
3899,53,1,0,0,5,2697.196711348702
3900,53,0,0,0,5,2698.784447197759
3901,53,0,0,0,5,2699.9948245562496
3902,53,0,0,0,5,2701.507088707193
3903,53,0,0,0,5,2702.86840946191
3904,53,0,0,0,5,2703.7769000279472
3905,53,0,0,0,5,2704.760862292098
3906,53,0,0,0,5,2706.0467113487016
3907,53,0,0,0,5,2707.106145310966
3908,53,0,0,0,5,2708.3919943675696
3909,54,1,0,1,6,2658.8597352126144
3910,54,0,0,0,6,2660.1134389163176
3911,54,0,0,0,6,2661.2930685459473
3912,53,0,1,0,6,2712.711892514858
3913,54,1,0,0,6,2663.2570426534717
3914,54,0,0,0,6,2664.658894505323
3915,54,0,0,0,6,2665.764450060879
3916,55,1,0,1,6,2617.972369150681
3917,55,0,0,0,6,2618.9769146052263
3918,55,0,0,0,6,2619.6905509688627
3919,53,0,2,1,6,2719.737571527744
3920,54,1,0,0,5,2670.6711350179708
3921,54,0,0,0,5,2671.7766905735266
3922,55,1,0,0,7,2624.3934780176437
3923,55,0,0,0,7,2625.688932563098
3924,54,0,1,0,7,2675.1878435653334
3925,53,0,1,0,5,2727.1305597030364
3926,55,2,0,0,6,2629.383084804744
3927,55,0,0,0,6,2630.6058120774715
3928,54,0,1,0,6,2680.6402263324303
3929,55,1,0,0,6,2632.9504040354773
3930,55,0,0,0,6,2634.245858580932
3931,56,1,0,0,7,2588.4423611062716
3932,56,0,0,0,7,2589.4923611062723
3933,55,0,1,0,7,2637.8646068778976
3934,55,0,0,0,6,2639.2327886960793
3935,55,0,0,0,6,2640.600970514261
3936,55,0,0,1,6,2642.4651661756857
3937,56,1,0,1,7,2596.148823922548
3938,57,1,0,0,8,2552.019897187065
3939,57,0,0,0,8,2553.1839322747837
3940,57,0,0,0,8,2554.4181428010997
3941,57,0,0,1,7,2555.082177888819
3942,60,3,0,0,10,2427.933902327711
3943,60,0,0,0,10,2429.483902327711
3944,60,0,0,0,10,2430.9672356610445
3945,60,0,0,0,10,2432.183902327711
3946,60,0,0,0,11,2433.333902327711
3947,60,0,0,0,10,2434.150568994378
3948,60,0,0,0,10,2435.4339023277107
3949,60,0,0,1,10,2436.6422356610437
3950,60,0,0,0,11,2438.192235661044
3951,60,0,0,0,11,2439.1422356610437
3952,61,1,0,0,11,2400.5169531092233
3953,62,1,0,1,13,2362.7997441881066
3954,62,1,1,1,14,2363.731815841673
3955,62,0,0,0,12,2365.023751325544
3956,62,0,0,0,13,2366.18665455135
3957,62,0,0,0,13,2367.3818158416725
3958,61,0,1,0,13,2407.3759280932445
3959,61,0,0,0,11,2408.434124814556
3960,60,0,1,0,11,2449.4557361136167
3961,61,1,0,0,11,2410.071215849459
3962,60,0,1,0,11,2451.917342933848
3963,60,0,0,0,10,2453.367342933848
3964,60,0,0,0,10,2454.117342933848
3965,60,0,0,0,10,2455.067342933848
3966,60,0,0,0,10,2456.1506762671806
3967,59,0,1,0,10,2499.0883184029785
3968,59,0,0,0,9,2499.994250606368
3969,59,0,0,0,9,2501.612047216538
3970,59,0,0,0,9,2502.5179794199275
3971,59,0,0,0,9,2503.491708233487
3972,58,0,1,0,9,2547.857033392101
3973,58,0,0,0,8,2548.7945617868554
3974,58,0,0,0,8,2549.861803166166
3975,58,0,0,1,7,2550.929104398499
3976,58,0,0,0,7,2552.2722078467746
3977,57,0,1,0,7,2598.2805375114463
3978,58,1,0,0,7,2554.5231144509044
3979,58,0,0,0,7,2555.521390312973
3980,58,0,0,0,7,2556.5886316922833
3981,60,2,0,0,11,2472.2006773025405
3982,59,0,1,0,10,2515.412320256284
3983,58,0,1,1,7,2560.0407392942525
3984,58,0,0,0,7,2561.0390151563215
3985,58,0,0,0,7,2562.7959117080454
3986,58,0,0,1,6,2563.9924634321833
3987,58,0,0,0,7,2565.197635845976
3988,58,0,0,0,6,2566.4028082597692
3989,58,0,0,0,7,2567.952808259769
3990,59,1,0,0,10,2525.240048797739
3991,59,0,0,0,10,2526.552760662146
3992,59,0,0,0,10,2527.7298793062137
3993,59,1,1,0,11,2528.8060977535843
3994,59,0,0,0,8,2529.9154197874823
3995,59,0,0,0,8,2531.0925384315497
3996,60,1,0,0,9,2490.2318294576908
3997,60,0,0,0,8,2491.6484961243573
3998,60,0,0,0,9,2492.9984961243576
3999,61,1,0,0,9,2452.769012581335
4000,61,0,0,0,10,2454.1550781551055
4001,62,1,0,0,11,2416.0969317332488
4002,62,0,0,0,10,2417.195318830023
4003,62,0,0,0,10,2418.164673668732
4004,62,0,0,1,10,2419.6420930235713
4005,62,0,0,0,10,2420.9985446364744
4006,62,0,0,0,10,2422.0969317332483
4007,63,1,0,0,12,2385.2715836104985
4008,63,0,0,1,12,2386.4009486898635
4009,65,2,0,0,14,2314.5063041147905
4010,65,0,0,0,14,2315.2870733455597
4011,64,0,1,0,14,2352.568906341504
4012,64,0,0,0,13,2354.118906341504
4013,65,1,0,1,14,2318.8355385516343
4014,65,0,0,1,13,2319.9163077824037
4015,65,0,0,1,12,2321.243230859327
4016,65,0,0,0,12,2322.67015393625
4017,65,0,0,0,12,2324.0047693208653
4018,65,0,0,0,13,2325.462461628558
4019,65,0,0,0,13,2326.8278462439416
4020,65,0,0,0,13,2328.408615474711
4021,64,0,1,2,11,2366.0693402053234
4022,64,0,0,0,11,2367.119340205323
4023,64,0,0,1,11,2368.9740277053234
4024,64,0,0,0,12,2370.211527705323
4025,64,0,0,0,13,2371.5115277053233
4026,64,0,0,0,12,2372.749027705323
4027,63,0,1,0,13,2411.6704051738498
4028,62,0,1,1,11,2451.523426654198
4029,62,0,0,0,8,2452.9443943961332
4030,62,0,0,0,8,2454.171813750972
4031,62,0,0,0,8,2455.2702008477463
4032,61,0,1,0,8,2496.837437600219
4033,61,0,0,0,7,2497.8956343215305
4034,63,2,0,0,10,2419.399741168466
4035,62,1,2,1,11,2459.5388287065875
4036,62,0,0,0,8,2460.7662480614263
4037,62,0,0,0,8,2462.187215803362
4038,62,0,0,0,8,2463.866248061426
4039,62,0,0,0,8,2465.158183545297
4040,61,0,1,0,8,2506.8854148419414
4041,61,0,0,0,7,2508.0091853337444
4042,61,0,0,0,7,2509.2641033665313
4043,60,0,1,0,7,2552.0971784084077
4044,60,0,0,0,6,2553.0471784084075
4045,60,0,0,0,6,2553.9971784084073
4046,60,0,0,0,6,2555.4138450750743
4047,60,0,0,1,6,2556.2888450750743
4048,60,0,0,0,6,2557.5721784084076
4049,60,0,0,0,6,2558.855511741741
4050,60,1,1,0,7,2559.9419788109176
4051,61,1,0,0,8,2519.139651289427
4052,61,0,0,0,8,2520.1978480107387
4053,61,0,0,0,8,2521.2560447320498
4054,61,0,0,0,8,2522.8388316172955
4055,61,0,0,0,7,2524.093749650083
4056,61,0,0,1,8,2525.2093234205745
4057,61,0,0,0,8,2526.3330939123775
4058,61,0,0,1,8,2527.514241453361
4059,61,0,0,0,7,2528.5724381746727
4060,62,1,0,0,9,2488.7978827202423
4061,60,0,2,0,9,2573.100390795079
4062,59,0,1,0,7,2617.6134462587206
4063,59,0,0,0,5,2619.129547953636
4064,59,0,0,0,5,2620.984632699399
4065,58,0,1,1,5,2667.6392957064845
4066,58,0,0,0,4,2668.8444681202773
4067,59,1,0,1,5,2625.091172050442
4068,59,0,0,1,4,2626.259816118238
4069,60,1,0,0,6,2583.6796525162677
4070,60,1,1,0,7,2584.4006958193436
4071,59,0,1,1,6,2629.976588582523
4072,59,0,0,0,4,2631.2893004469297
4073,59,0,0,0,4,2632.398622480828
4074,59,0,0,0,4,2633.575741124896
4075,59,0,0,0,4,2634.413876718116
4076,60,1,0,0,5,2591.8978121061473
4077,61,1,0,0,6,2550.243749612604
4078,62,1,0,0,7,2510.3132052640135
4079,62,0,0,0,7,2511.7986891349815
4080,62,0,0,1,7,2513.534173005949
4081,62,0,0,0,7,2514.9551407478843
4082,64,2,0,0,9,2437.051855099513
4083,64,0,0,0,9,2438.164355099513
4084,64,0,0,0,9,2439.401855099513
4085,64,0,0,0,9,2440.4518550995126
4086,64,0,0,0,9,2441.314355099513
4087,64,0,0,2,8,2442.8174800995125
4088,64,0,0,0,8,2444.2424800995127
4089,64,0,0,0,8,2445.7924800995124
4090,64,0,0,0,8,2446.7799800995126
4091,64,0,0,0,8,2447.9549800995123
4092,65,1,0,0,9,2411.358749636443
4093,65,0,0,0,9,2412.754903482597
4094,65,0,0,0,9,2414.1510573287505
4095,65,0,0,0,9,2415.424134251827
4096,63,0,2,0,9,2493.6777916833657
4097,64,1,0,1,8,2455.7007949383133
4098,64,0,0,0,8,2456.469544938313
4099,64,0,0,0,8,2457.832044938313
4100,64,0,0,0,8,2458.132044938313
4101,64,0,0,1,8,2459.424232438313
4102,64,0,0,0,8,2460.661732438313
4103,64,0,0,0,8,2462.211732438313
4104,64,0,0,0,8,2463.5117324383127
4105,64,0,0,0,8,2464.749232438313
4106,64,0,0,1,8,2466.1664199383126
4107,64,0,0,0,8,2467.216419938313
4108,63,0,1,0,8,2507.195223639592
4109,63,0,0,0,7,2507.9198268141954
4110,63,1,1,0,8,2508.9012096446177
4111,63,0,0,0,7,2510.3559715493793
4112,63,0,0,0,7,2511.4297810731887
4113,64,1,0,0,8,2473.2144719939206
4114,64,0,0,0,8,2474.902926875915
4115,64,0,0,0,8,2476.0779268759147
4116,64,0,0,0,8,2477.252926875915
4117,64,0,0,0,8,2478.6154268759146
4118,64,0,0,0,8,2479.540426875915
4119,62,0,2,1,8,2561.18781940439
4120,61,0,1,0,6,2604.359594432618
4121,61,0,0,0,5,2605.8112337768803
4122,61,0,0,0,5,2607.1317255801587
4123,61,0,0,0,5,2608.5177911539295
4124,61,0,0,0,5,2609.3136927932733
4125,61,0,0,0,5,2610.437463285077
4126,61,0,0,1,5,2612.143200989995
4127,61,0,0,0,5,2613.201397711306
4128,61,0,0,0,5,2614.6530370555683
4129,61,0,0,0,5,2615.6456600063875
4130,61,0,0,0,5,2616.6382829572076
4131,61,0,0,0,5,2617.7292665637647
4132,61,0,0,0,5,2619.0497583670435
4133,61,0,0,0,5,2619.845660006388
4134,61,0,0,0,5,2621.5595944326174
4135,61,0,0,0,5,2622.8800862358958
4136,61,0,0,0,5,2624.3317255801585
4137,61,0,0,0,5,2625.3243485309777
4138,61,0,0,0,5,2626.77598787524
4139,61,0,0,0,5,2627.637463285076
4140,61,0,0,0,5,2628.892381317863
4141,61,0,0,0,5,2630.016151809666
4142,61,0,0,1,5,2630.935004268683
4143,61,0,0,1,5,2631.8538567276987
4144,61,0,0,0,5,2633.0432009899937
4145,62,1,0,0,6,2591.6481493611227
4146,61,0,1,0,6,2635.449169661751
4147,61,0,0,0,5,2636.316918735777
4148,60,0,1,0,5,2681.9346274686854
4149,60,0,0,1,5,2683.0096274686857
4150,60,0,0,0,5,2684.4262941353522
4151,60,0,0,0,5,2686.242960802019
4152,60,0,0,0,5,2687.526294135352
4153,61,1,0,0,6,2644.5668466905104
4154,62,1,0,0,7,2602.7278652922764
4155,62,0,0,0,7,2604.213349163244
4156,62,0,0,0,7,2605.2472201309856
4157,62,0,0,0,7,2606.797220130986
4158,61,0,1,0,7,2650.717288381479
4159,61,0,0,1,6,2652.095157233938
4160,61,0,0,0,6,2653.8746654306597
4161,61,0,0,0,6,2655.326304774922
4162,60,0,1,0,6,2701.12645548407
4163,60,0,0,0,5,2702.2097888174035
4164,60,0,0,0,5,2703.8264554840703
4165,60,0,0,0,5,2705.5097888174037
4166,60,0,0,0,5,2706.8597888174036
4167,60,0,0,1,5,2708.1347888174037
4168,60,0,0,2,5,2709.3347888174035
4169,59,0,1,1,5,2756.149071075158
4170,59,0,0,0,4,2757.190596498887
4171,59,0,0,0,4,2758.4355117531245
4172,58,0,1,0,4,2807.4696955706854
4173,58,0,0,0,3,2808.5369369499963
4174,59,1,0,0,4,2761.8820736118605
4175,59,0,0,1,3,2762.8473278491483
4176,59,0,0,0,3,2764.1600397135553
4177,59,0,0,1,3,2765.7354634423687
4178,59,0,0,0,3,2766.776988866098
4179,59,0,0,0,3,2768.293090561013
4180,59,0,0,1,3,2769.3261414084704
4181,59,0,0,0,3,2770.367666832199
4182,59,0,0,0,3,2771.714277001691
4183,58,0,1,0,3,2820.5343841931513
4184,58,0,0,0,3,2822.0154186759096
4185,58,0,0,0,3,2823.0826600552205
4186,58,0,0,0,3,2824.2188669517723
4187,58,0,0,0,3,2825.454430122753
4188,58,1,1,0,4,2826.281586654376
4189,58,0,0,0,3,2827.486759068169
4190,59,1,0,0,4,2780.3751190839625
4191,59,0,0,0,4,2781.4166445076917
4192,59,0,0,0,4,2783.000542812776
4193,59,0,0,0,4,2784.313254677183
4194,59,0,0,0,4,2785.4903733212504
4195,58,0,1,0,4,2834.5071028503653
4196,58,0,0,0,3,2835.7812407814
4197,60,2,0,0,5,2742.286866088687
4198,60,0,0,0,5,2743.5035327553533
4199,60,0,0,1,5,2744.44519942202
4200,61,1,0,0,7,2700.3559338577243
4201,61,0,0,0,7,2701.873146972479
4202,60,0,1,0,7,2748.4471899055707
4203,59,0,1,0,5,2796.473463048885
4204,59,0,0,0,4,2797.6505816929525
4205,59,0,0,0,4,2798.89549694719
4206,59,0,0,0,4,2800.0048189810886
4207,59,0,0,0,4,2800.571768133631
4208,59,0,0,0,4,2801.477700337021
4209,59,0,0,0,4,2802.7904122014274
4210,59,0,0,1,4,2804.094649489563
4211,59,0,0,0,4,2805.1361749132916
4212,59,0,0,0,4,2806.5844799980373
4213,61,2,0,0,7,2715.4415462276097
4214,61,0,0,0,7,2716.4341691784293
4215,61,0,0,0,7,2717.754660981708
4216,62,1,0,0,8,2675.0900696755516
4217,62,0,0,0,8,2676.091682578777
4218,63,1,0,1,9,2634.3378463473678
4219,62,0,1,0,8,2678.0519247599855
4220,62,0,0,0,7,2679.3438602438564
4221,62,0,0,0,8,2680.3132150825663
4222,62,0,0,1,8,2681.209989276115
4223,63,1,0,0,9,2639.8272910336364
4224,63,1,1,0,10,2640.8709999353623
4225,62,0,1,1,8,2684.6787197840777
4226,62,0,0,1,7,2686.220655267948
4227,61,0,1,0,7,2731.5708083022046
4228,62,1,0,0,7,2688.8446662328142
4229,61,0,1,0,7,2734.3728539377485
4230,62,1,0,0,8,2691.2517331878967
4231,62,0,0,0,8,2692.8017331878964
4232,62,0,0,0,8,2693.964636413703
4233,63,1,0,0,9,2652.062023137295
4234,63,0,0,1,9,2653.000912026184
4235,64,1,0,0,10,2612.6360540257747
4236,66,2,0,0,12,2534.301628146206
4237,65,0,1,2,13,2574.297629605844
4238,66,1,0,0,12,2536.45599885424
4239,67,1,0,0,13,2500.214864542983
4240,67,0,0,0,13,2501.0782973788037
4241,67,0,0,0,13,2502.6581481250723
4242,67,0,0,0,13,2503.879789916117
4243,67,0,0,2,12,2505.205909319102
4244,67,0,0,0,12,2506.517103348953
4245,67,0,0,0,12,2507.768595886266
4246,66,0,1,1,11,2546.9427434036893
4247,66,0,0,0,11,2548.371531282477
4248,66,0,0,0,11,2549.6791070400527
4249,66,0,0,1,11,2551.1609252218705
4250,66,0,0,1,11,2552.254641995446
4251,66,0,0,0,11,2553.2591874499917
4252,67,1,0,0,13,2516.528453308947
4253,67,0,0,0,13,2517.391886144768
4254,68,1,0,0,14,2481.7221525249915
4255,68,0,0,0,14,2483.1545054661683
4256,67,0,1,0,14,2521.1959241383715
4257,67,0,0,0,13,2522.5966704070283
4258,67,0,0,0,13,2523.4601032428486
4259,67,0,0,0,13,2524.920551004043
4260,67,0,0,0,12,2526.2018942876252
4261,67,0,0,0,12,2527.542939063744
4262,66,0,1,0,13,2567.020903908057
4263,66,0,0,1,10,2568.7451463322996
4264,66,0,0,0,11,2570.052722089875
4265,67,1,0,0,12,2532.713129222862
4266,67,0,0,0,11,2534.2034277303246
4267,67,0,0,0,12,2535.6638754915184
4268,67,0,0,0,12,2536.8855172825633
4269,67,0,0,0,12,2538.2862635512197
4270,66,0,1,0,12,2578.1088755233873
4271,66,0,0,0,10,2579.658875523388
4272,66,0,0,0,10,2580.966451280963
4273,66,0,0,0,10,2582.455845220357
4274,66,0,0,1,10,2584.07955179728
4275,66,1,1,0,11,2584.8748907480986
4276,66,0,0,1,10,2586.0536786268863
4277,66,0,0,0,10,2587.7551937784015
4278,67,1,0,0,11,2550.6289968563356
4279,67,0,0,0,12,2552.2685490951417
4280,67,0,0,0,12,2553.430489393649
4281,67,0,0,0,12,2554.9506386473804
4282,66,0,1,0,12,2594.599983929477
4283,65,0,1,0,10,2635.7230581869057
4284,65,0,0,0,9,2637.3653658792136
4285,65,0,0,0,9,2638.761519725367
4286,65,0,0,0,9,2640.003827417675
4287,65,0,0,1,9,2641.26921203306
4288,65,1,1,1,9,2642.5685844378786
4289,64,0,1,0,9,2685.218672163263
4290,64,0,0,1,8,2686.4483596632626
4291,63,0,1,0,8,2730.541060251446
4292,63,0,0,0,7,2731.6783618387476
4293,63,0,0,0,6,2732.974393584779
4294,63,0,0,0,7,2734.3021713625576
4295,62,0,1,0,7,2779.498925266002
4296,62,0,0,1,6,2780.9118284918086
4297,61,0,1,1,6,2828.005230610487
4298,61,0,0,1,4,2829.710968315405
4299,61,0,0,0,4,2831.244715502977
4300,62,1,0,0,5,2786.652865252929
4301,62,0,0,0,5,2787.686736220671
4302,62,0,0,0,5,2788.785123317445
4303,62,0,0,0,5,2790.012542672284
4304,63,1,0,0,6,2746.521867391771
4305,61,0,2,0,6,2837.8809454791817
4306,63,2,0,0,6,2748.3696456227
4307,63,0,0,1,6,2749.2450424480967
4308,63,0,0,0,6,2750.541074194128
4309,63,0,0,0,6,2751.932344035398
4310,63,0,0,0,6,2753.0984325366185
4311,63,0,0,0,6,2754.1314272434897
4312,63,0,0,1,6,2755.5147605768234
4313,63,0,0,0,6,2756.906030418093
4314,63,0,0,0,6,2757.9798399419024
4315,63,0,0,0,6,2759.5615859736486
4316,63,0,0,0,6,2760.952855814918
4317,63,0,0,0,6,2762.1536494657116
4318,62,0,1,0,6,2807.6675949964037
4319,62,0,0,0,5,2809.1530788673717
4320,60,0,2,0,5,2903.8646868065316
4321,60,0,0,0,3,2905.148020139865
4322,60,0,0,1,3,2906.4563534731983
4323,59,0,1,0,3,2957.026744863873
4324,60,1,0,0,3,2908.7337991161417
4325,60,0,0,0,3,2909.5504657828083
4326,61,1,0,1,4,2863.119334759584
4327,61,0,0,0,4,2864.3086790218786
4328,61,0,0,0,4,2865.5635970546655
4329,61,0,0,0,4,2866.8840888579443
4330,61,0,0,1,4,2868.2619577104033
4331,61,0,0,0,4,2869.713597054665
4332,61,0,0,0,4,2871.2963839399117
4333,61,0,0,0,4,2872.6824495136816
4334,61,0,0,0,4,2874.134088857944
4335,61,0,0,0,4,2875.1922855792554
4336,61,0,0,0,4,2876.119334759583
4337,62,1,0,0,5,2830.674668069913
4338,61,0,1,0,5,2878.4599134817868
4339,61,0,0,0,4,2879.9115528260495
4340,61,0,0,0,4,2881.494339711295
4341,61,0,0,0,4,2882.9459790555575
4342,61,0,0,0,4,2884.4631921703117
4343,61,0,0,0,4,2885.6525364326067
4344,61,0,0,1,4,2886.7681102030983
4345,62,1,0,0,5,2841.022656812726
4346,63,1,0,2,6,2796.738170196651
4347,63,1,1,0,7,2797.621869046884
4348,63,0,0,0,6,2799.2036150786303
4349,63,0,0,0,6,2800.2774246024396
4350,63,0,0,1,5,2801.660757935773
4351,63,0,0,0,5,2803.1155198405345
4352,63,0,0,0,5,2804.252821427836
4353,63,0,0,0,5,2805.263138888153
4354,63,0,0,0,5,2806.3369484119635
4355,64,1,0,0,6,2763.5137148430263
4356,64,0,0,2,6,2764.235589843026
4357,64,0,0,0,6,2765.410589843026
4358,63,0,1,0,6,2810.2474151084493
4359,63,1,1,0,6,2811.1636704724183
4360,63,0,0,0,5,2812.523194281942
4361,64,1,0,0,6,2769.8533006212865
4362,64,0,0,0,6,2770.9658006212867
4363,63,0,1,0,6,2816.3345966802103
4364,64,1,0,0,6,2773.230149857082
4365,63,0,1,0,6,2818.604283103749
4366,63,0,0,0,5,2819.833052598519
4367,63,0,0,0,5,2821.0973383128044
4368,63,0,0,0,5,2822.425116090582
4369,63,1,1,0,6,2823.342303401291
4370,63,0,0,0,5,2824.7970653060524
4371,63,0,0,0,5,2825.6387378416825
4372,63,0,0,0,5,2826.96651561946
4373,63,0,0,0,5,2828.3577854607306
4374,63,0,0,0,5,2829.749055302
4375,62,0,1,0,5,2876.419758096999
4376,62,0,0,0,4,2877.905241967967
4377,62,0,0,0,4,2879.455241967967
4378,61,0,1,0,4,2928.173478239934
4379,61,0,0,0,3,2929.4939700432124
4380,60,0,1,0,3,2979.7307161260997
4381,60,0,0,0,2,2981.014049459433
4382,60,0,0,0,2,2982.097382792766
4383,60,0,0,0,2,2982.980716126099
4384,60,0,0,0,2,2984.4640494594328
4385,60,0,0,0,2,2985.347382792766
4386,60,0,0,0,2,2986.697382792766
4387,60,0,0,0,2,2987.7807161260994
4388,61,1,0,1,3,2939.628573238786
4389,61,0,0,0,3,2941.0146388125568
4390,61,0,0,0,3,2942.400704386327
4391,61,0,0,0,3,2943.1966060256714
4392,61,0,0,0,3,2944.582671599442
4393,61,0,0,0,3,2946.362179796163
4394,61,0,0,0,3,2947.4203765174743
4395,61,0,0,0,3,2948.806442091245
4396,60,0,1,0,3,2999.5646060349914
4397,60,0,0,0,2,3000.8479393683247
4398,59,0,1,0,2,3052.9512144856462
4399,59,0,0,0,1,3055.077485672087
4400,59,0,0,0,1,3056.119011095816
4401,60,1,0,1,2,3006.0995275775517
4402,60,0,0,0,2,3007.5828609108853
4403,60,0,0,1,2,3008.924527577552
4404,60,0,0,0,2,3010.2078609108853
4405,60,0,0,0,2,3011.4911942442186
4406,60,0,0,0,2,3012.507860910885
4407,60,0,0,0,2,3013.657860910885
4408,60,0,0,0,2,3015.274527577552
4409,60,0,0,1,2,3016.149527577552
4410,60,0,0,0,2,3017.299527577552
4411,60,0,0,0,2,3018.3161942442184
4412,60,1,1,1,4,3019.1606022360806
4413,60,0,0,1,3,3020.5022689027473
4414,60,0,0,0,3,3021.7856022360806
4415,60,0,0,1,3,3023.0606022360807
4416,60,0,0,0,3,3024.710602236081
4417,60,0,0,0,3,3025.7272689027473
4418,60,0,0,0,3,3027.143935569414
4419,60,0,0,0,3,3028.693935569414
4420,60,0,0,0,3,3029.643935569414
4421,60,0,0,0,3,3030.8606022360805
4422,62,2,0,0,5,2933.9457440994324
4423,62,0,0,1,5,2935.036066680078
4424,62,0,0,2,5,2936.118324744594
4425,62,0,0,0,5,2937.345744099433
4426,62,0,0,0,5,2938.7021957123357
4427,62,0,0,0,5,2939.9941311962066
4428,62,0,0,0,5,2941.4150989381424
4429,63,1,0,0,6,2895.838668796267
4430,63,0,0,1,5,2897.031525939124
4431,63,0,0,0,5,2898.316321988899
4432,63,0,0,0,5,2900.0885442111207
4433,63,0,0,1,5,2901.2179092904857
4434,63,0,0,1,5,2902.537750560327
4435,63,0,0,0,5,2903.548068020644
4436,63,0,0,0,5,2904.6218775444536
4437,63,0,0,0,5,2906.076639449216
4438,63,0,0,0,5,2907.3409251635017
4439,63,0,0,0,5,2908.8065575375003
4440,62,0,1,0,5,2957.0092574274945
4441,63,1,0,0,4,2911.3757771508676
4442,63,0,0,0,4,2913.021015246106
4443,64,1,0,1,5,2868.4605306328854
4444,64,0,0,1,5,2869.4402181328855
4445,64,0,0,0,5,2871.1152181328853
4446,64,0,0,0,5,2872.4777181328855
4447,64,0,0,0,5,2873.402718132885
4448,64,0,0,1,4,2874.3824056328854
4449,64,0,0,1,3,2875.518343132885
4450,64,0,0,1,3,2877.1230306328853
4451,64,0,0,0,3,2878.673030632885
4452,64,0,0,0,3,2880.160530632885
4453,64,0,0,0,3,2881.7730306328854
4454,64,0,0,0,3,2883.260530632885
4455,64,0,0,0,3,2884.5605306328853
4456,64,0,0,0,3,2885.610530632885
4457,64,1,1,0,5,2886.9753282347187
4458,64,0,0,0,3,2888.6503282347185
4459,64,0,0,0,3,2890.4815782347187
4460,65,1,0,0,4,2847.0772462618766
4461,65,0,0,0,4,2848.381092415723
4462,66,1,0,1,5,2806.0534427947528
4463,66,0,0,0,5,2807.421624612935
4464,65,0,1,0,5,2852.067835687109
4465,65,0,0,0,4,2853.6486049178784
4466,64,0,1,0,4,2899.406441331439
4467,65,1,0,0,4,2855.6801883878784
4468,66,1,0,0,5,2813.453973412304
4469,66,0,0,0,5,2814.3979128062433
4470,65,0,1,0,5,2858.6587202436076
4471,65,0,0,1,3,2860.1087202436074
4472,65,0,0,0,3,2861.5048740897614
4473,65,0,0,0,3,2862.5010279359153
4474,65,0,0,0,3,2863.835643320531
4475,65,0,0,0,3,2864.739489474377
4476,65,0,0,0,3,2865.90761106043
4477,65,0,0,0,3,2867.242226445045
4478,65,0,0,1,3,2868.50761106043
4479,65,0,0,0,3,2870.026841829661
4480,66,1,0,1,5,2827.7574957413326
4481,66,0,0,0,4,2828.943859377696
4482,66,0,0,0,4,2830.009010892848
4483,65,0,1,0,4,2875.429186586329
4484,66,1,0,1,5,2833.1385928501722
4485,65,0,1,0,6,2877.809703221658
4486,65,0,0,0,4,2879.205857067812
4487,65,0,0,0,5,2880.4173955293504
4488,65,0,0,0,5,2881.7520109139655
4489,65,0,0,0,5,2882.809703221658
4490,65,0,0,0,4,2884.205857067812
4491,65,0,0,0,5,2885.0481647601196
4492,65,0,0,0,5,2886.1981647601197
4493,65,0,0,0,5,2887.71739552935
4494,64,0,1,0,5,2934.1492225811226
4495,63,0,1,0,3,2982.045360663836
4496,63,0,0,0,1,2983.4366305051058
4497,64,1,0,1,2,2937.494651903464
4498,65,1,0,1,3,2893.4208880280257
4499,65,0,0,0,3,2894.201657258795
4500,65,0,0,0,3,2895.105503412641
4501,65,0,0,0,3,2896.6247341818716
4502,65,0,0,1,3,2897.705503412641
4503,65,0,0,0,3,2898.9170418741796
4504,65,0,0,0,3,2900.2516572587947
4505,65,0,0,1,3,2901.3939649511026
4506,65,0,0,0,3,2902.5866775638515
4507,65,0,0,0,3,2904.044369871543
4508,65,0,0,0,3,2905.932831410005
4509,64,0,1,0,3,2952.695149949186
4510,64,0,0,1,2,2954.1428517553154
4511,64,0,0,0,2,2955.1928517553156
4512,64,0,0,0,2,2956.4303517553153
4513,65,1,0,0,3,2912.50373095908
4514,65,0,0,0,3,2913.284500189849
4515,65,0,0,0,3,2914.6191155744646
4516,65,0,0,0,3,2915.707577112926
4517,66,1,0,0,4,2872.6324623081846
4518,66,0,0,0,4,2873.9400380657603
4519,66,0,0,0,4,2875.368825944548
4520,66,1,1,0,5,2876.2251600059085
4521,66,0,0,0,4,2877.472129702878
4522,66,0,0,0,4,2878.961523642272
4523,67,1,0,0,5,2837.130754632686
4524,67,0,0,2,5,2838.516575528208
4525,67,0,0,0,5,2839.9173217968646
4526,67,0,0,0,5,2841.1688143341785
4527,67,0,0,0,5,2842.808366572984
4528,66,0,1,0,5,2887.4869547760086
4529,66,0,0,1,4,2888.1202881093413
4530,65,0,1,0,4,2934.0059788200233
4531,65,0,0,0,3,2935.4021326661773
4532,65,0,0,0,3,2936.675209589254
4533,65,0,0,0,3,2937.9175172815612
4534,66,1,0,0,4,2894.445282171235
4535,67,1,0,0,5,2852.323710795545
4536,68,1,0,0,6,2811.1402738720813
4537,69,1,0,0,7,2771.6078061348044
4538,70,1,0,0,8,2733.3698374757355
4539,70,0,0,1,8,2734.398408904307
4540,70,0,0,0,8,2735.8341231900213
4541,70,0,0,0,8,2737.2126946185926
4542,70,0,0,0,8,2738.70555176145
4543,70,0,0,0,8,2739.5523037949
4544,70,0,0,0,8,2741.2737323663287
4545,72,2,0,0,10,2666.0230731339307
4546,72,0,0,0,10,2667.0730731339304
4547,71,0,1,1,10,2705.808138226738
4548,71,0,0,0,9,2706.9356030154704
4549,71,0,0,0,9,2708.5137720295547
4550,71,0,0,0,9,2710.1482790718082
4551,71,0,0,1,8,2711.7194058323716
4552,71,0,0,0,8,2712.846870621104
4553,71,0,0,0,8,2714.1433494943435
4554,71,0,0,0,8,2715.383490339414
4555,71,0,0,0,8,2716.764476254907
4556,71,0,0,0,8,2718.2299692126535
4557,70,0,1,1,7,2758.1132827968713
4558,70,0,0,0,6,2759.091854225443
4559,70,0,0,0,6,2760.3561399397286
4560,70,0,0,0,6,2761.4489970825857
4561,69,0,1,0,6,2802.7568286226483
4562,69,0,0,0,5,2803.872046013953
4563,69,0,0,0,5,2805.0452344197497
4564,68,0,1,0,5,2847.6654055295608
4565,68,0,0,1,4,2848.8551114119136
4566,68,0,0,0,4,2850.052170235443
4567,68,0,0,1,4,2851.1242290589726
4568,70,2,0,0,6,2770.4835368001445
4569,70,0,0,0,6,2772.176393943002
4570,70,0,0,0,6,2773.4406796572875
4571,70,0,0,1,6,2775.269251085859
4572,70,0,0,0,6,2776.3049653715734
4573,70,0,0,0,6,2778.083536800145
4574,70,0,0,0,6,2779.6335368001446
4575,70,0,0,0,6,2780.954965371573
4576,70,0,0,0,6,2782.562108228716
4577,70,0,0,0,6,2783.8835368001446
4578,70,0,0,0,6,2785.204965371573
4579,69,0,1,0,6,2826.9699571296483
4580,69,0,0,0,5,2828.433000607909
4581,69,0,0,0,5,2829.6641600281987
4582,70,1,0,0,6,2790.1968148849387
4583,70,0,0,0,6,2791.1753863135104
4584,69,0,1,0,6,2832.73764083113
4585,69,0,0,0,5,2833.96880025142
4586,69,0,0,0,5,2835.431843729681
4587,69,0,0,0,5,2836.836916193449
4588,70,1,0,0,6,2797.2099602478283
4589,70,0,0,0,6,2798.874245962114
4590,70,0,0,0,6,2800.424245962114
4591,71,1,0,0,7,2761.6929185541967
4592,71,0,0,0,7,2763.102073483774
4593,71,0,0,1,7,2764.166157990817
4594,70,0,1,0,7,2805.026561522875
4595,70,0,0,0,6,2806.3479900943034
4596,69,0,1,0,6,2848.3068356994913
4597,69,0,0,0,5,2849.3640820763026
4598,69,0,0,1,5,2850.8778501922448
4599,68,0,1,0,5,2894.1144807327705
4600,68,0,0,0,4,2895.3703630857117
4601,68,0,0,0,4,2896.685068968065
4602,68,0,0,0,4,2897.8821277915945
4603,68,0,0,0,4,2898.9027160268884
4604,68,0,0,0,4,2899.9821277915944
4605,68,0,0,0,4,2901.358165692675
4606,69,1,0,0,5,2860.4022502478533
4607,69,0,0,0,5,2861.227612566694
4608,69,0,0,0,5,2862.7486270594477
4609,69,0,0,0,5,2864.002574069856
4610,69,0,0,0,5,2865.3496755191313
4611,69,0,0,1,5,2866.747501606088
4612,69,0,0,1,6,2867.8554726205803
4613,69,0,0,1,6,2869.021414649566
4614,68,0,1,0,6,2913.1116470833526
4615,68,0,0,0,5,2914.367529436294
4616,68,0,0,0,5,2916.0351764951174
4617,69,1,0,0,6,2874.5766956763478
4618,69,0,0,0,6,2875.807855096637
4619,70,1,0,0,7,2835.7384571666853
4620,70,0,0,0,7,2836.8884571666854
4621,70,0,0,0,7,2838.1527428809713
4622,70,1,1,0,8,2838.9890665510197
4623,70,0,0,0,7,2840.53906655102
4624,70,0,0,0,7,2841.8604951224484
4625,70,0,0,1,7,2843.631923693877
4626,70,0,0,0,7,2844.6104951224484
4627,70,0,0,0,7,2845.474780836734
4628,70,0,0,0,7,2846.874516603285
4629,70,0,0,0,7,2848.3102308889993
4630,70,0,0,0,7,2849.4030880318564
4631,69,0,1,0,7,2891.521620808924
4632,69,1,1,0,7,2892.5508432809816
4633,69,0,0,0,7,2893.7240316867787
4634,70,1,0,0,7,2853.8558312341106
4635,70,0,0,0,7,2855.234402662682
4636,70,0,0,0,8,2855.984402662682
4637,71,1,0,0,9,2817.033918118137
4638,70,0,1,0,9,2858.3083669583743
4639,70,0,0,0,7,2859.344081244089
4640,70,0,0,0,7,2860.8940812440887
4641,70,0,0,0,7,2861.8726526726605
4642,70,0,0,0,7,2863.194081244089
4643,70,0,0,1,7,2864.9083669583747
4644,70,0,0,0,7,2866.5726526726603
4645,71,1,0,1,8,2827.5786716491016
4646,71,0,0,0,8,2829.1568406631864
4647,71,0,0,0,8,2830.5659955927636
4648,72,1,0,0,9,2792.41994009842
4649,72,0,0,1,9,2793.6852178761974
4650,72,0,0,0,9,2795.290773431753
4651,72,0,0,0,9,2796.4518845428643
4652,71,0,1,0,9,2837.3548354615664
4653,71,0,0,0,8,2838.4934737871836
4654,71,0,0,0,8,2840.3533329421134
4655,71,0,0,1,7,2841.6427695618318
4656,70,0,1,0,7,2883.8388988185748
4657,70,0,0,0,6,2885.1603273900037
4658,70,0,0,0,6,2886.6531845328605
4659,70,0,0,0,6,2887.7460416757176
4660,70,0,0,0,6,2889.4103273900037
4661,70,0,0,0,6,2890.788898818575
4662,70,0,0,0,6,2891.9960416757176
4663,71,1,0,0,7,2852.482012919722
4664,73,2,0,0,9,2774.9352454424693
4665,73,0,0,0,9,2776.3482591410993
4666,73,0,0,0,9,2777.8708618808255
4667,73,0,0,0,9,2779.1742865383594
4668,73,0,0,0,9,2780.8064783191817
4669,75,2,0,0,11,2707.173638897337
4670,75,0,0,0,11,2708.2169722306703
4671,74,0,1,0,11,2746.0349602909873
4672,74,0,0,0,10,2747.4768521828796
4673,74,0,0,0,10,2748.648473804501
4674,74,0,0,0,10,2749.8200954261224
4675,74,0,0,0,10,2751.2079332639605
4676,74,0,0,0,10,2752.703879209906
4677,74,0,0,0,10,2754.091717047744
4678,74,0,0,0,10,2755.425500831528
4679,74,0,0,0,10,2756.5971224531495
4680,74,0,0,0,10,2757.8768521828797
4681,74,0,0,1,10,2759.0417170477444
4682,74,0,0,0,10,2760.26739272342
4683,74,0,0,1,10,2761.5944197504473
4684,74,0,0,0,10,2762.7660413720687
4685,74,0,0,0,10,2763.9917170477443
4686,74,1,1,0,11,2764.7604437966756
4687,74,1,1,0,11,2766.0678182488377
4688,74,0,0,0,10,2767.509710140729
4689,73,0,1,0,10,2806.665356044622
4690,73,0,0,0,9,2807.8043971405123
4691,73,0,0,0,9,2808.888643715855
4692,72,0,1,0,9,2848.9452416304675
4693,72,0,0,0,8,2849.550797186023
4694,70,0,2,0,8,2932.3357142153664
4695,70,0,0,0,6,2933.485714215366
4696,70,0,0,1,6,2934.5714285010804
4697,70,0,0,0,6,2936.0071427867947
4698,72,2,0,0,8,2855.4583332649395
4699,73,1,0,0,9,2817.241095822954
4700,73,0,0,0,9,2818.3253423982965
4701,74,1,0,0,10,2781.066216149671
4702,74,0,0,0,10,2782.5081080415625
4703,74,0,0,0,10,2783.5445945280494
4704,73,0,1,0,10,2822.8652275159207
4705,73,0,0,0,9,2824.141254913181
4706,74,1,0,0,10,2787.1819136305703
4707,73,0,1,0,10,2826.4954550906396
4708,73,0,0,1,9,2828.330705322563
4709,73,0,0,1,9,2829.1889245006455
4710,73,0,0,0,9,2830.656732719823
4711,73,0,0,0,9,2831.960157377358
4712,73,0,0,0,9,2833.1539929937962
4713,73,0,0,0,9,2834.676595733522
4714,74,1,0,0,11,2797.35866876415
4715,74,0,0,0,11,2798.0978579533394
4716,73,0,1,0,11,2837.6728013800926
4717,72,0,1,0,9,2878.408187495001
4718,72,0,0,0,8,2880.0692986061126
4719,72,0,0,0,8,2881.7581874950015
4720,72,0,0,0,8,2883.1415208283347
4721,74,2,0,0,10,2806.3485067518936
4722,74,0,0,0,10,2807.736344589731
4723,74,0,0,0,10,2809.016074319461
4724,74,0,0,1,9,2810.1268851302716
4725,75,1,0,0,10,2773.894526661868
4726,75,0,0,0,10,2775.0978599952014
4727,75,0,0,0,10,2776.4878599952012
4728,75,0,0,0,10,2778.1178599952013
4729,74,0,1,1,10,2817.2006218372917
4730,74,0,0,0,9,2818.5344056210756
4731,74,0,0,0,9,2819.8681894048595
4732,74,0,0,0,9,2821.3738447527535
4733,75,1,0,0,10,2785.098193489384
4734,75,0,0,1,11,2786.2948601560506
4735,75,0,0,0,11,2787.231526822717
4736,75,0,0,0,11,2788.5948601560503
4737,75,0,0,0,11,2789.9048601560503
4738,75,0,0,0,11,2790.8948601560505
4739,76,1,0,0,12,2755.9653225224183
4740,75,1,2,0,13,2794.0966820631393
4741,76,1,0,0,12,2758.303634361709
4742,76,0,0,0,12,2759.4852133090776
4743,76,1,1,0,14,2760.379694653137
4744,76,0,0,0,13,2761.6665367584
4745,76,0,0,0,14,2763.3744314952423
4746,77,1,0,0,16,2728.8345038134858
4747,76,0,1,0,16,2765.8639391508873
4748,76,0,0,0,13,2767.466570729835
4749,76,0,0,1,12,2768.799465466677
4750,75,0,1,0,12,2806.8096107363026
4751,75,0,0,0,11,2808.012944069636
4752,75,0,0,0,11,2809.322944069636
4753,75,0,0,0,11,2810.4996107363027
4754,74,0,1,0,11,2849.8614352603754
4755,72,0,2,0,10,2930.342531457672
4756,72,0,0,0,7,2931.6703092354496
4757,72,0,0,0,7,2933.22030923545
4758,73,1,0,0,8,2894.157017328115
4759,73,0,0,0,8,2895.3508529445535
4760,73,0,0,1,7,2897.1405789719506
4761,73,0,0,0,7,2898.389209108937
4762,75,2,0,0,10,2821.9408301993653
4763,76,1,0,0,11,2786.023845591479
4764,76,0,0,0,11,2786.9422666441105
4765,76,0,0,0,11,2788.2291087493736
4766,76,0,0,0,11,2789.831740328321
4767,77,1,0,0,12,2754.63652292146
4768,77,0,0,0,11,2755.9008086357453
4769,77,0,0,0,12,2757.087172272109
4770,77,0,0,0,12,2758.507302142239
4771,77,0,0,0,11,2759.5118475967847
4772,77,0,0,1,12,2760.873535908473
4773,77,0,0,1,12,2762.4949644799017
4774,76,0,1,1,12,2799.7513267025056
4775,76,0,0,0,11,2800.9855372288216
4776,76,0,0,1,11,2802.528958281453
4777,76,0,0,0,11,2804.1315898604007
4778,77,1,0,0,12,2768.906504277798
4779,77,0,0,0,12,2770.2227380440318
4780,77,0,0,0,12,2771.5909198622135
4781,77,0,0,0,12,2772.9591016803956
4782,77,1,1,0,13,2773.824425020209
4783,77,0,0,0,12,2774.9328665786506
4784,77,0,0,0,12,2776.612736708521
4785,77,0,0,0,11,2778.058840604625
4786,77,0,0,0,11,2779.3231263189105
4787,77,0,0,0,12,2780.587412033196
4788,76,0,1,0,12,2818.458870802588
4789,76,0,0,1,10,2819.844397118378
4790,76,0,0,0,11,2821.1838708025884
4791,77,1,0,0,12,2785.633430922035
4792,77,0,0,0,12,2787.157456896061
4793,75,0,2,0,12,2862.464718703081
4794,75,0,0,1,10,2864.1413853697477
4795,75,0,0,0,10,2864.9713853697476
4796,75,0,0,0,10,2866.3880520364146
4797,75,0,0,0,10,2867.804718703081
4798,75,0,0,0,10,2869.0613853697478
4799,76,1,0,0,11,2832.6296566148826
4800,76,0,0,0,11,2833.975396984189
4801,77,1,0,0,13,2798.57052169868
4802,77,0,0,0,13,2799.808833386992
4803,77,0,0,0,13,2800.7094827376413
4804,76,0,1,1,13,2839.04674506585
4805,76,0,0,0,12,2840.544113486902
4806,76,0,0,1,12,2842.1401661184814
4807,77,1,0,0,13,2806.6812029221373
4808,77,0,0,0,13,2808.2571769481115
4809,77,0,0,0,13,2809.365618506553
4810,76,0,1,0,13,2847.7442093092195
4811,76,0,0,0,11,2849.1889461513247
4812,74,0,2,0,11,2927.573396851891
4813,74,0,0,1,9,2928.954477932972
4814,74,0,0,0,9,2930.1260995545936
4815,73,0,1,0,9,2971.536826908594
4816,73,0,0,0,8,2973.114224168868
4817,73,0,0,0,8,2974.3080597853063
4818,73,0,0,1,8,2976.097785812704
4819,74,1,0,0,9,2937.463356274694
4820,75,1,0,0,10,2899.1065115243646
4821,76,1,0,0,11,2862.4373468990443
4822,76,0,0,1,11,2863.6649784779916
4823,76,0,0,1,10,2864.47155742536
4824,76,0,0,0,10,2865.916294267465
4825,76,0,0,0,10,2867.045241635886
4826,76,0,0,0,10,2868.489978477992
4827,77,1,0,0,11,2832.351147588667
4828,77,0,0,0,11,2833.8751735626934
4829,77,0,0,0,11,2834.8797190172386
4830,77,0,0,0,11,2836.403744991265
4831,77,0,0,0,11,2837.823874861395
4832,77,0,0,0,11,2839.0362125237325
4833,77,0,0,1,10,2840.397900835421
4834,76,0,1,0,10,2879.0035226984146
4835,76,0,0,1,9,2880.283785856309
4836,75,0,1,0,9,2919.9682695869487
4837,74,0,1,0,8,2960.59294502287
4838,74,0,0,0,7,2961.844324873593
4839,74,0,0,0,7,2963.367297846566
4840,75,1,0,2,7,2924.4384005419447
4841,74,1,2,0,8,2964.9114591454904
4842,74,0,0,0,6,2966.1371348211665
4843,73,0,1,0,6,3008.2470740232075
4844,74,1,0,0,6,2968.7667797008694
4845,74,0,0,0,6,2970.100563484653
4846,73,0,1,1,6,3012.0235181935745
4847,72,0,1,1,5,3055.2293153868736
4848,73,1,0,0,5,3014.768639833629
4849,74,1,0,0,7,2974.908928484526
4850,74,0,0,0,7,2976.3237933493906
4851,74,0,0,0,7,2977.5494690250666
4852,74,0,0,0,6,2979.531901457499
4853,74,0,0,0,6,2981.027847403445
4854,74,0,0,0,6,2982.4156852412825
4855,74,0,0,0,6,2983.4251447007423
4856,74,0,0,0,6,2984.1643338899316
4857,74,0,0,0,7,2985.552171727769
4858,74,0,0,0,7,2986.994063619661
4859,74,0,0,0,7,2988.111631187229
4860,73,0,1,0,7,3030.2899189954164
4861,74,1,0,0,6,2990.679920090073
4862,75,1,0,0,7,2952.093521155539
4863,75,0,0,0,7,2952.976854488872
4864,75,0,0,0,7,2954.046854488872
4865,76,1,0,0,8,2916.602159035071
4866,76,0,0,0,8,2918.099527456124
4867,77,1,0,0,9,2881.654079047603
4868,77,1,1,0,10,2882.8924468107384
4869,76,0,1,0,9,2922.4227109883136
4870,77,1,0,0,9,2885.921117339115
4871,77,0,0,0,9,2887.341247209245
4872,77,0,0,0,9,2889.4107277287258
4873,77,0,0,0,9,2890.726961494959
4874,77,0,0,0,9,2891.7315069495044
4875,77,0,0,0,9,2893.0996887676865
4876,77,0,0,0,9,2894.5913464170453
4877,77,0,0,1,8,2896.1608269365256
4878,77,0,0,0,8,2897.840697066396
4879,77,0,0,1,8,2898.942645118344
4880,77,0,0,0,8,2900.6225152482143
4881,76,0,1,0,8,2940.0204754566466
4882,76,0,0,0,7,2941.5704754566464
4883,76,0,0,0,7,2942.8310017724357
4884,75,0,1,0,7,2983.0548949864024
4885,76,1,0,0,7,2944.860093736581
4886,77,1,0,0,9,2907.5995730387035
4887,77,0,0,1,9,2908.8353922648703
4888,77,0,0,1,9,2910.093184472663
4889,77,0,0,0,9,2910.993833823312
4890,78,1,0,1,10,2874.633015440962
4891,78,0,0,0,10,2875.87532313327
4892,78,0,0,0,10,2877.3227590307056
4893,78,0,0,0,10,2879.026605184552
4894,78,0,0,0,9,2880.3458359537826
4895,78,1,1,0,11,2881.1015694126904
4896,78,0,0,0,9,2882.6772104383313
4897,77,0,1,0,9,2921.0648747805176
4898,78,1,0,2,8,2884.7736584371773
4899,78,0,0,0,8,2885.913402026921
4900,79,1,0,0,10,2850.640152512495
4901,79,0,0,0,9,2852.1142031454065
4902,79,0,0,0,9,2853.7654689681913
4903,79,0,0,0,10,2854.885089221356
4904,79,0,0,0,10,2856.0553423859133
4905,79,0,0,0,10,2856.871165170723
4906,80,2,1,0,12,2822.1678885899455
4907,81,1,0,0,11,2788.9312479900696
4908,80,0,1,0,11,2825.287948532542
4909,80,0,0,1,10,2826.581698532542
4910,80,0,0,0,10,2827.881698532542
4911,80,0,0,0,10,2829.081698532542
4912,80,0,0,0,10,2830.2816985325417
4913,80,0,0,0,10,2832.1816985325418
4914,80,0,0,0,10,2833.4816985325424
4915,79,0,1,0,10,2870.413025641
4916,78,0,1,0,9,2908.94014526619
4917,78,0,0,3,7,2910.111940137985
4918,78,0,0,0,7,2911.610658086703
4919,78,0,0,0,7,2912.7504016764465
4920,78,0,0,0,7,2913.9927093687543
4921,78,0,0,0,7,2915.2862991123443
4922,78,0,0,0,7,2916.2721965482415
4923,78,0,0,0,7,2917.0529657790107
4924,77,0,1,0,7,2955.93916661238
4925,76,0,1,0,6,2996.012644971993
4926,76,1,1,0,6,2997.3267012545343
4927,77,1,0,0,7,2959.5406401992805
4928,78,1,0,0,7,2922.7558628405877
4929,78,0,0,0,7,2924.2032987380235
4930,78,0,0,0,8,2925.5225295072546
4931,78,0,0,0,8,2927.0212474559726
4932,79,1,0,1,10,2891.165282298302
4933,78,0,1,0,10,2929.343334696369
4934,78,0,0,0,9,2930.1241039271376
4935,78,0,0,0,9,2931.674103927138
4936,78,0,0,0,9,2933.1215398245736
4937,77,0,1,1,8,2972.4686755417742
4938,76,0,1,0,6,3012.82483826406
4939,77,1,0,0,7,2974.8894507541368
4940,78,1,0,0,8,2937.9722783085713
4941,78,0,0,0,8,2939.317150103443
4942,78,0,0,0,7,2940.764586000879
4943,78,0,0,1,5,2941.7440731803663
4944,78,0,0,0,5,2943.242791129084
4945,78,0,0,0,6,2944.613303949597
4946,78,0,0,1,5,2945.9774065136994
4947,78,0,0,1,5,2947.3927911290843
4948,78,0,0,0,5,2948.4812526675455
4949,78,0,0,0,5,2949.7748424111355
4950,78,0,0,0,5,2951.2735603598535
4951,79,1,0,0,6,2915.015667190741
4952,80,1,0,0,7,2879.3085963508574
4953,81,1,0,0,8,2844.724539605785
4954,81,0,0,0,8,2846.1510828156615
4955,81,0,0,0,8,2847.8739223218345
4956,81,0,0,0,8,2849.053551951464
4957,81,0,0,0,8,2850.4800951613406
4958,81,0,0,0,8,2851.6597247909704
4959,81,0,0,0,8,2853.481329729242
4960,80,0,1,0,8,2890.1471451736775
4961,80,0,0,0,7,2891.1628742680246
4962,79,0,1,0,7,2928.926066031152
4963,79,0,0,0,6,2930.045686284316
4964,79,0,0,0,6,2931.266572360266
4965,80,1,0,0,7,2896.1563652057625
4966,80,0,0,0,7,2897.5563652057626
4967,81,1,0,0,8,2863.0433236600124
4968,82,1,0,0,9,2829.1714538592805
4969,82,0,0,0,9,2830.6238928836706
4970,82,0,0,0,9,2831.9787709324514
4971,82,0,0,0,9,2832.992185566598
4972,82,0,0,0,9,2834.395844103183
4973,82,0,0,0,9,2835.1165758105003
4974,81,0,1,0,9,2871.146529016036
4975,81,0,0,0,8,2872.5730722259123
4976,80,0,1,0,8,2910.250264751236
4977,80,0,0,0,7,2911.600264751236
4978,80,0,0,0,7,2912.8502647512364
4979,80,0,0,0,7,2913.971859724453
4980,80,0,0,0,7,2915.2718597244534
4981,79,0,1,0,7,2953.490964858221
4982,79,0,0,1,6,2954.958686377209
4983,79,0,0,0,6,2956.2302053645503
4984,79,0,0,0,6,2957.5270408075885
4985,80,1,0,0,7,2921.638577797494
4986,80,0,0,0,7,2922.7909406918775
4987,79,0,1,0,7,2960.6511529472787
4988,79,0,0,0,6,2961.7951686479105
4989,79,0,0,1,6,2963.1616243441135
4990,79,0,0,0,6,2964.0280800403157
4991,79,0,0,0,6,2965.603396496012
4992,77,0,2,0,6,3043.7821144120503
4993,77,0,0,0,4,3044.7866598665955
4994,77,0,0,0,4,3045.973023502959
4995,78,1,0,0,5,3007.8111898683055
4996,78,0,0,0,5,3009.1047796118955
4997,78,0,0,0,5,3009.988112945229
4998,78,0,0,1,5,3011.6342667913827
4999,79,1,0,0,6,2974.7135798699733
5000,79,0,0,0,6,2976.1876305028845
5001,80,1,0,0,7,2939.8159101215983
5002,80,0,0,0,7,2941.0159101215986
5003,79,0,1,0,7,2979.106646158558
5004,80,1,0,0,7,2942.9484380815757
5005,79,0,1,0,7,2981.619898709722
5006,79,0,0,0,6,2982.891417697064
5007,79,0,0,0,6,2984.314835418583
5008,79,1,1,0,7,2985.0322971671017
5009,79,0,0,1,6,2986.4493857746966
5010,78,0,1,0,6,3026.077495118419
5011,77,0,1,1,6,3066.4231282867163
5012,78,1,0,0,6,3028.6914215138095
5013,78,0,0,0,6,3030.1388574112457
5014,78,0,0,0,6,3031.0349970352186
5015,78,0,0,0,6,3032.7132021634243
5016,78,0,0,0,6,3034.263202163424
5017,78,0,0,0,6,3035.4798688300907
5018,78,0,0,0,6,3036.9273047275265
5019,79,1,0,0,7,2999.4839211233807
5020,79,0,0,0,7,3000.8567059335073
5021,80,1,0,0,8,2964.2766221093384
5022,80,0,0,0,8,2965.1766221093385
5023,80,0,0,0,8,2966.1266221093383
5024,79,0,1,0,8,3004.789332188448
5025,79,0,0,0,7,3006.314015732752
5026,80,1,0,0,8,2970.0157155360926
5027,82,2,0,2,12,2898.9610550128964
5028,82,0,0,0,13,2900.1695915982623
5029,82,0,0,0,12,2901.2317867202137
5030,82,0,0,0,13,2902.3427623299694
5031,82,0,0,0,13,2903.8195915982624
5032,83,1,0,0,14,2870.0518856753915
5033,82,0,1,0,14,2906.5986727988475
5034,81,0,1,2,11,2943.6462686921823
5035,81,0,0,2,10,2944.961700790948
5036,80,0,1,0,10,2983.32000524496
5037,80,0,0,0,8,2984.44500524496
5038,79,0,1,0,8,3023.517294609595
5039,79,0,0,0,8,3024.7381806855446
5040,79,0,0,1,8,3026.256535115924
5041,78,0,1,0,8,3066.4990869863095
5042,78,0,0,0,7,3067.895240832463
5043,78,0,0,0,7,3068.7785741657963
5044,78,0,0,0,7,3069.66190749913
5045,77,0,1,0,7,3110.735557663341
5046,77,0,0,0,6,3112.207635585419
5047,77,0,0,0,6,3113.627765455549
5048,77,0,0,1,5,3114.989453767237
5049,77,0,0,0,5,3115.942051169835
5050,77,0,0,0,5,3117.4660771438607
5051,77,0,0,0,5,3118.6264667542505
5052,77,0,0,0,5,3120.0985446763284
5053,76,0,1,0,5,3162.908947705351
5054,75,0,1,0,5,3206.228372448943
5055,75,0,0,0,4,3207.4374381788666
5056,74,0,1,0,4,3252.219165817577
5057,74,0,0,1,3,3253.4380847364964
5058,74,0,0,1,3,3254.440787439199
5059,74,0,0,0,3,3255.7745712229826
5060,74,0,0,0,3,3257.216463114875
5061,74,0,0,0,3,3258.766463114875
5062,74,0,0,2,3,3260.086733385145
5063,74,0,0,0,3,3261.474571222983
5064,74,0,0,0,3,3262.5921387905505
5065,74,0,0,0,3,3264.196192844605
5066,74,0,0,0,3,3265.2056523040646
5067,75,1,0,0,4,3222.9589102733435
5068,74,0,1,1,4,3267.779574419355
5069,74,0,0,0,3,3268.951196040977
5070,74,0,0,0,3,3270.4471419869224
5071,74,0,0,1,5,3271.5579527977334
5072,74,0,0,0,5,3272.783628473409
5073,74,0,0,1,5,3274.3268717166525
5074,74,0,0,0,5,3275.498493338274
5075,74,0,0,1,5,3276.933628473409
5076,74,0,0,0,5,3278.321466311247
5077,74,0,0,0,5,3279.547141986923
5078,75,1,0,1,6,3237.1558467604304
5079,74,0,1,0,6,3282.2855843154002
5080,73,0,1,0,5,3328.32837812197
5081,73,0,0,0,3,3329.7413918206003
5082,73,0,0,0,3,3330.825638395943
5083,73,0,0,1,3,3332.2865973000526
5084,73,0,0,0,3,3333.6996109986826
5085,73,0,0,0,3,3335.5235836014226
5086,73,0,0,0,3,3336.553035656217
5087,73,0,0,0,3,3338.185227437039
5088,73,0,0,0,3,3339.5982411356695
5089,73,0,0,0,3,3341.340021957587
5090,73,0,0,1,4,3342.3359585819057
5091,73,0,0,0,4,3343.529794198344
5092,74,1,0,0,5,3300.0381753578263
5093,74,0,0,0,5,3301.696283465934
5094,74,0,0,0,5,3302.92195914161
5095,74,0,0,0,5,3304.417905087556
5096,74,0,0,0,5,3305.8868240064753
5097,75,1,0,0,6,3263.2576663530554
5098,75,0,0,0,6,3264.3009996863884
5099,75,0,0,0,6,3265.744333019722
5100,75,0,0,0,6,3266.931280421629
5101,75,0,0,0,6,3268.1879470882955
5102,75,0,0,0,6,3269.444613754962
5103,75,0,0,0,6,3270.9679470882957
5104,76,1,0,0,7,3229.0374477845025
5105,76,0,0,0,7,3230.514075699704
5106,76,0,0,0,7,3231.6430230681253
5107,76,0,0,0,7,3232.719338857599
5108,76,0,0,0,7,3233.953549383915
5109,76,0,0,0,7,3235.135128331283
5110,76,0,0,0,7,3236.843023068125
5111,76,0,0,0,7,3238.0772335944407
5112,76,0,0,0,7,3239.3640756997042
5113,76,0,0,0,7,3240.8614441207574
5114,76,0,0,0,7,3241.6746020154937
5115,76,0,0,1,7,3242.639075699705
5116,76,0,0,0,7,3244.0311809628624
5117,75,1,2,0,8,3288.2998344408734
5118,75,0,0,0,6,3290.0898344408733
5119,75,0,0,0,6,3291.6131677742064
5120,75,0,0,0,6,3293.13650110754
5121,75,0,0,0,6,3294.6065011075398
5122,75,0,0,0,6,3296.0231677742067
5123,75,0,0,0,6,3297.4398344408737
5124,76,1,0,0,7,3255.0557576719148
5125,76,0,0,1,7,3256.0728629350724
5126,76,0,0,0,7,3257.4649681982305
5127,76,1,1,0,8,3258.6730814692987
5128,77,1,0,0,9,3217.3370674242424
5129,77,0,0,0,9,3218.28966482684
5130,77,0,0,0,9,3219.657846645022
5131,77,0,0,0,9,3221.285768722944
5132,77,0,0,0,9,3222.80979469697
5133,77,0,0,1,9,3223.755898593074
5134,78,1,0,0,11,3183.6616330385004
5135,77,0,1,1,11,3226.574043847009
5136,77,0,0,1,9,3228.1175503405157
5137,77,0,0,1,10,3229.5831347561
5138,77,0,0,1,9,3231.204563327529
5139,77,0,0,1,10,3232.3584594314248
5140,77,0,0,0,10,3234.038329561295
5141,77,1,1,0,11,3234.8638527406383
5142,77,0,0,0,9,3236.180086506872
5143,77,0,0,0,9,3237.6521644289505
5144,77,0,0,0,9,3238.81255403934
5145,77,0,0,0,9,3240.388528065314
5146,77,0,0,0,9,3241.3411254679118
5147,77,0,0,0,9,3242.8651514419375
5148,77,0,0,0,9,3243.661904688691
5149,76,0,1,0,9,3287.576450421713
5150,76,0,0,0,8,3288.758029369081
5151,76,0,0,0,8,3290.0975030532923
5152,76,0,0,0,8,3291.331713579608
5153,76,0,0,0,8,3292.7764504217134
5154,76,0,0,0,8,3294.326450421713
5155,76,0,0,0,8,3295.560660948029
5156,76,0,0,0,8,3296.8475030532923
5157,76,0,0,0,8,3298.2396083164504
5158,75,0,1,0,8,3343.843899019888
5159,75,0,0,0,7,3345.4205656865547
5160,76,2,1,0,9,3302.3279029235696
5161,76,0,0,0,8,3303.5621134498856
5162,76,0,0,0,8,3305.112113449886
5163,76,0,0,0,8,3306.451587134096
5164,76,0,0,0,8,3307.843692397254
5165,76,0,0,0,8,3309.1831660814646
5166,76,0,0,0,8,3310.1015871340965
5167,78,2,0,0,11,3226.1733413101456
5168,77,0,1,0,11,3269.590210022288
5169,77,0,0,0,10,3270.6467035287815
5170,77,0,0,0,10,3272.2226775547556
5171,78,1,0,0,11,3231.3396945091818
5172,78,0,0,0,11,3233.043540663028
5173,78,0,0,0,11,3234.1832842527715
5174,78,0,0,0,11,3235.1178996373874
5175,78,0,0,0,11,3236.616617586105
5176,78,1,1,0,11,3237.476117847676
5177,78,0,0,0,10,3238.87227169383
5178,78,0,0,1,10,3240.2620152835734
5179,78,0,0,0,9,3241.504322975881
5180,78,0,0,0,10,3243.4132973348555
5181,78,0,0,0,9,3244.501758873317
5182,78,0,0,0,10,3245.590220411779
5183,78,0,0,0,10,3247.0889383604967
5184,78,0,0,1,9,3248.119707591266
5185,79,1,0,0,11,3208.003002431883
5186,79,0,0,0,11,3208.9200910394784
5187,77,0,2,0,11,3293.31572369152
5188,75,0,2,0,9,3382.4951252300357
5189,75,0,0,0,6,3383.805125230036
5190,75,0,0,0,6,3384.7951252300363
5191,75,0,0,0,6,3386.1051252300363
5192,74,0,1,0,6,3432.867459769429
5193,74,0,0,0,5,3434.4174597694287
5194,74,0,0,0,5,3435.5350273369963
5195,74,0,0,0,5,3436.59854085051
5196,74,0,0,0,5,3437.7161084180775
5197,74,0,0,0,5,3439.049892201861
5198,73,0,1,0,5,3487.1865120946018
5199,74,1,0,0,5,3441.375207877107
5200,75,1,0,0,6,3396.8862051054125
5201,75,0,0,0,6,3397.822871772079
5202,75,0,0,0,6,3399.7728717720797
5203,75,0,0,0,6,3401.4028717720794
5204,75,0,0,0,6,3403.0328717720795
5205,75,0,0,1,6,3403.909538438746
5206,75,0,0,0,6,3405.006205105413
5207,75,0,0,0,6,3406.3162051054132
5208,75,0,0,0,6,3407.9995384387466
5209,76,1,0,0,7,3364.1080971435
5210,76,0,0,1,7,3365.5462550382367
5211,76,0,0,0,7,3367.1488866171844
5212,76,0,0,0,7,3368.2252024066584
5213,75,0,1,0,7,3414.5485954842898
5214,75,0,0,0,6,3416.391928817623
5215,76,1,0,1,7,3372.8571665963386
5216,76,0,0,0,7,3374.1966402805497
5217,76,0,0,0,7,3375.588745543708
5218,76,0,0,0,7,3376.770324491076
5219,76,0,0,0,7,3378.004535017392
5220,76,0,0,0,7,3379.133482385813
5221,76,0,0,0,7,3380.4203244910764
5222,77,1,0,0,9,3337.9187618353476
5223,78,1,0,0,11,3296.090957196433
5224,78,0,0,0,11,3297.538393093869
5225,79,1,0,0,12,3257.327780523061
5226,79,0,0,0,11,3259.004362801542
5227,80,1,0,0,13,3219.6974332665227
5228,77,0,3,0,13,3346.4941270914137
5229,76,0,1,0,9,3391.9141494661276
5230,76,0,0,0,7,3393.1483599924436
5231,76,0,0,0,7,3394.5930968345488
5232,77,1,0,1,7,3351.329550122412
5233,78,1,0,0,8,3309.32981230033
5234,78,0,0,0,8,3310.5721199926375
5235,78,0,0,0,8,3311.968273838792
5236,78,0,0,0,8,3313.2105815310993
5237,78,0,0,0,8,3313.991350761869
5238,79,1,0,0,9,3273.3446248028577
5239,78,0,1,0,9,3316.958243398718
5240,78,0,0,0,8,3317.9583889785267
5241,76,0,2,0,8,3406.764998093684
5242,76,0,0,0,6,3408.0518401989475
5243,77,1,0,0,7,3364.983634482078
5244,77,0,0,0,7,3366.2998682483117
5245,77,0,0,1,7,3367.66155656
5246,77,0,0,0,7,3368.5622059106495
5247,77,0,0,0,7,3369.800517598961
5248,78,1,0,1,7,3327.7626904502567
5249,78,0,0,0,7,3328.8767930143595
5250,77,0,1,0,7,3373.524141421684
5251,78,1,0,0,7,3331.1372934547394
5252,78,0,0,0,7,3332.8411396085858
5253,78,0,0,0,7,3334.032165249611
5254,78,1,1,0,9,3335.045023269483
5255,78,0,0,0,7,3336.6463053207654
5256,78,0,0,0,8,3338.2475873720473
5257,77,0,1,1,9,3382.7001907500958
5258,78,1,0,0,9,3340.1957011250947
5259,78,0,0,0,9,3341.13031650971
5260,79,1,0,0,9,3299.734996047562
5261,79,0,0,0,9,3300.7027175665494
5262,79,0,0,0,9,3302.227401110853
5263,79,0,0,0,10,3303.347021364018
5264,79,0,0,1,10,3304.510945414651
5265,79,0,0,0,10,3305.529299845031
5266,78,0,1,0,10,3349.4029501200216
5267,79,1,0,0,9,3308.6624064476164
5268,79,0,0,0,9,3310.161773536224
5269,80,1,0,0,10,3269.7653763670214
5270,82,2,0,0,12,3191.0881720653865
5271,82,0,0,1,13,3192.851586699533
5272,83,1,0,0,14,3155.3606037272493
5273,81,0,2,0,14,3234.243057938136
5274,81,0,0,1,11,3235.6307646808104
5275,81,0,0,0,11,3236.8103943104397
5276,80,0,1,0,11,3278.5661858086955
5277,80,0,0,0,10,3280.0661858086955
5278,80,0,0,0,10,3281.5661858086955
5279,80,0,0,0,10,3283.4661858086956
5280,80,0,0,1,10,3284.7599358086964
5281,80,0,0,0,10,3286.059935808696
5282,79,0,1,0,10,3329.0758923657363
5283,79,0,0,0,9,3330.7018417328254
5284,79,0,0,2,8,3331.707537935357
5285,78,0,1,0,8,3375.661497744754
5286,78,0,0,0,7,3377.10893364219
5287,78,0,0,0,7,3378.3512413344974
5288,78,0,0,1,6,3379.7922669755235
5289,78,0,0,0,6,3380.8294464627033
5290,78,0,0,0,6,3382.2768823601386
5291,78,0,0,0,6,3383.724318257575
5292,78,0,0,0,6,3384.915343898601
5293,78,0,0,0,6,3386.20893364219
5294,79,1,0,0,7,3344.546795241656
5295,79,0,0,0,7,3345.919580051783
5296,79,0,0,1,7,3347.1341370138084
5297,79,0,0,0,7,3348.4562889125427
5298,78,0,1,1,7,3392.6701596888747
5299,77,0,1,1,6,3438.088804090455
5300,78,1,0,1,6,3395.021639935449
5301,78,0,0,0,6,3396.3665117303212
5302,78,0,0,0,6,3397.249845063654
5303,78,0,0,1,6,3398.429387851452
5304,76,0,2,1,6,3489.5010566002647
5305,76,0,0,0,4,3491.0510566002645
5306,76,0,0,1,4,3492.3839513371067
5307,76,0,0,0,4,3493.618161863423
5308,76,0,0,0,4,3494.5892144950017
5309,76,0,0,1,4,3495.6063197581593
5310,75,0,1,0,4,3543.7324572465272
5311,75,0,0,1,4,3545.249123913194
5312,75,0,0,1,4,3546.445790579861
5313,75,0,0,0,4,3547.2757905798608
5314,76,1,0,0,5,3501.814924914336
5315,75,0,1,0,5,3550.0248483358037
5316,76,1,0,1,4,3504.415968752438
5317,77,1,0,0,5,3460.070306820588
5318,78,1,0,1,6,3416.6700464767346
5319,78,0,0,0,6,3417.6815849382733
5320,77,0,1,0,6,3463.2248210749185
5321,77,0,0,0,5,3464.3852106853087
5322,77,0,0,0,5,3465.3378080879056
5323,77,0,0,0,5,3466.8618340619323
5324,77,0,0,0,5,3467.7105353606335
5325,77,0,0,0,5,3469.338457438556
5326,77,0,0,0,5,3470.9144314645296
5327,77,0,0,0,5,3472.438457438556
5328,77,0,0,1,5,3473.6443015943996
5329,77,0,0,1,7,3474.8501457502443
5330,77,0,0,0,7,3475.9585873086858
5331,77,0,0,0,7,3477.378717178816
5332,78,1,0,0,8,3433.891169522677
5333,78,0,0,0,8,3435.6520786162396
5334,78,0,0,0,8,3436.9456683598296
5335,79,1,0,0,9,3394.6412928109708
5336,79,0,0,0,9,3396.0647105324897
5337,78,0,1,0,9,3440.8429023231356
5338,78,0,0,0,8,3442.187774118007
5339,79,1,0,0,9,3399.715776977273
5340,79,0,0,0,9,3401.1898276101847
5341,79,0,0,0,9,3402.3094478633493
5342,79,0,0,0,9,3403.4797010279062
5343,79,0,0,0,9,3405.0550174836026
5344,80,1,0,0,11,3363.8724547650577
5345,80,0,0,0,11,3365.1224547650577
5346,80,0,0,0,12,3366.922454765058
5347,80,0,0,0,12,3368.4724547650576
5348,81,1,0,0,14,3328.3925479161067
5349,81,1,1,1,15,3329.5416951783814
5350,81,0,0,1,12,3330.5670038203566
5351,80,0,1,1,12,3373.2393301556854
5352,79,0,1,0,10,3417.257190520571
5353,78,0,1,1,9,3462.1974467623013
5354,78,0,0,0,7,3463.7474467623015
5355,78,0,0,0,7,3465.297446762302
5356,78,0,0,0,7,3467.0012929161476
5357,77,0,1,0,7,3513.4960047594377
5358,77,0,0,0,6,3514.5524982659317
5359,77,0,0,0,6,3515.5050956685286
5360,77,0,0,0,6,3516.5096411230747
5361,79,2,0,0,8,3428.766991980718
5362,78,0,1,0,8,3474.2730739407566
5363,79,1,0,1,8,3431.667085663026
5364,79,0,0,0,8,3432.8373388275827
5365,79,0,0,0,8,3434.412655283279
5366,79,0,0,0,8,3435.6335413592287
5367,78,0,1,0,8,3481.097470422167
5368,78,0,0,1,7,3482.589778114475
5369,78,0,0,0,7,3484.037214011911
5370,78,0,0,0,7,3485.4846499093474
5371,78,0,0,0,7,3486.880803755501
5372,77,0,1,0,7,3534.026763442986
5373,77,0,0,0,6,3535.3170231832455
5374,77,0,0,0,6,3536.581308897532
5375,77,0,0,0,6,3538.261179027402
5376,77,0,0,0,6,3539.5774127936356
5377,77,0,0,0,6,3541.2053348715576
5378,77,0,0,0,6,3542.365724481948
5379,77,0,0,0,6,3543.9416985079215
5380,77,0,0,0,6,3545.3098803261037
5381,77,0,0,0,6,3546.418321884545
5382,77,0,0,0,6,3547.682607598831
5383,77,0,0,0,6,3549.190427876737
5384,77,0,0,0,6,3550.714453850763
5385,77,0,0,0,6,3551.6151032014122
5386,77,0,0,1,6,3552.7689993053086
5387,77,0,0,0,6,3554.0852330715425
5388,77,0,0,1,6,3555.8105577468673
5389,78,1,0,0,7,3511.1892685449843
5390,78,0,0,1,6,3512.553371109087
5391,78,0,0,1,7,3514.071319827036
5392,78,0,0,0,7,3515.4161916219073
5393,78,0,0,0,7,3516.7610634167795
5394,78,0,0,1,8,3518.1064852928193
5395,78,0,0,0,8,3519.092382728717
5396,78,0,0,0,8,3520.23212631846
5397,78,0,0,0,8,3521.642348464703
5398,79,1,0,0,9,3478.265863041099
5399,79,0,0,0,9,3479.3854832942634
5400,79,0,0,0,9,3480.808901015783
5401,80,1,0,0,10,3438.1794147530854
5402,80,0,0,0,10,3439.6294147530853
5403,80,0,0,0,10,3441.0294147530853
5404,80,0,0,0,10,3442.6294147530853
5405,81,1,0,1,10,3400.7389281511955
5406,80,0,1,0,10,3444.395378612716
5407,80,0,0,0,9,3446.045378612716
5408,80,0,0,0,9,3447.295378612716
5409,80,0,0,0,9,3448.445378612717
5410,80,0,0,0,9,3449.8453786127166
5411,80,0,0,0,9,3450.945378612717
5412,80,0,0,0,9,3452.0953786127166
5413,81,1,0,0,10,3410.637410975523
5414,82,1,0,0,11,3370.087564500211
5415,82,0,0,0,11,3371.3936620611876
5416,81,0,1,0,11,3414.1900968839295
5417,81,1,1,0,11,3415.098520226411
5418,81,0,0,0,10,3416.673211584436
5419,82,1,0,0,11,3376.1473187602355
5420,82,0,0,0,11,3377.160733394382
5421,82,0,0,0,11,3378.5643919309673
5422,82,0,0,1,11,3379.864391930968
5423,82,0,0,0,11,3380.926587052919
5424,83,1,0,0,13,3341.1696402209564
5425,83,0,0,0,13,3342.2136161245703
5426,82,0,1,0,13,3384.5186712229615
5427,82,0,0,0,11,3385.7759882961327
5428,82,0,0,0,11,3386.9357443936938
5429,82,0,0,0,11,3387.705256588816
5430,82,0,0,0,11,3389.2064761010106
5431,82,0,0,0,11,3390.2198907351576
5432,82,0,0,0,11,3391.5259882961327
5433,82,0,0,0,11,3392.880866344914
5434,82,0,0,0,11,3394.235744393695
5435,81,0,1,0,11,3437.216494733624
5436,81,0,0,0,10,3438.4455070793033
5437,80,0,1,0,10,3482.5730265269704
5438,80,0,0,0,9,3483.9730265269704
5439,80,0,0,0,9,3485.3230265269704
5440,80,0,0,0,9,3486.52302652697
5441,80,0,0,0,9,3487.9730265269704
5442,80,0,0,0,9,3489.1230265269705
5443,80,0,0,0,9,3490.3230265269713
5444,80,0,0,0,9,3491.623026526971
5445,79,0,1,0,9,3537.2920411669706
5446,80,1,0,0,9,3494.156515652384
5447,80,0,0,0,9,3495.5565156523835
5448,80,0,0,0,9,3496.906515652384
5449,80,0,0,0,9,3498.156515652384
5450,80,0,0,0,9,3499.0565156523835
5451,80,0,0,0,9,3500.2065156523836
5452,80,0,0,0,9,3501.5065156523838
5453,79,0,1,0,9,3546.8927397067337
5454,79,0,0,0,8,3548.316157428253
5455,79,1,1,0,9,3549.51355957596
5456,79,0,0,0,8,3550.987610208871
5457,79,0,0,0,8,3552.0565975506433
5458,80,1,0,0,9,3508.8865150812608
5459,80,0,0,0,9,3510.3865150812608
5460,80,0,0,0,9,3511.7365150812607
5461,80,0,0,0,9,3512.8865150812608
5462,80,0,0,0,9,3514.0365150812604
5463,80,0,0,0,9,3515.7865150812604
5464,80,0,0,0,9,3517.2365150812607
5465,81,1,0,0,11,3475.1224840308755
5466,82,1,0,0,12,3434.17647812806
5467,82,0,0,0,11,3435.1411122744007
5468,82,0,0,0,11,3436.105746420743
5469,82,1,1,0,13,3437.3898201194
5470,82,0,0,0,12,3438.891039631595
5471,81,0,1,0,12,3482.670375754784
5472,81,0,0,0,10,3483.6524745202155
5473,81,0,0,0,10,3485.079017730092
5474,80,0,1,0,10,3529.8372617477703
5475,80,0,0,0,10,3531.3872617477705
5476,80,0,0,0,10,3532.5372617477706
5477,79,0,1,0,10,3578.570437961334
5478,79,0,0,0,8,3579.9432227714606
5479,79,0,0,0,8,3581.4679063157646
5480,79,1,1,1,10,3582.1015582426253
5481,79,0,0,0,9,3583.3730772299664
5482,79,0,0,0,8,3584.847127862878
5483,79,0,0,0,9,3585.865482293258
5484,79,0,0,1,8,3587.282570900853
5485,79,0,0,0,8,3588.807254445157
5486,78,0,1,0,7,3635.8513187873027
5487,78,0,0,1,7,3637.0872162232004
5488,78,0,0,1,7,3638.5795239155077
5489,78,0,0,0,7,3639.92439571038
5490,79,1,0,0,8,3595.0253527267046
5491,80,1,0,1,10,3551.2119108176207
5492,80,0,0,0,11,3552.4619108176207
5493,80,0,0,0,11,3553.761910817621
5494,80,0,0,0,11,3555.011910817621
5495,80,0,0,0,11,3556.011910817621
5496,80,0,0,0,10,3557.111910817621
5497,79,0,1,0,11,3603.5067622318556
5498,79,0,0,0,10,3604.575749573628
5499,78,0,1,0,10,3651.82230860183
5500,78,0,0,0,8,3653.1671803967015
5501,77,0,1,0,8,3701.768243456926
5502,76,0,1,0,7,3752.5991579987863
5503,76,0,0,0,5,3753.7281053672073
5504,76,0,0,0,5,3755.0675790514183
5505,76,0,0,1,6,3756.2425790514185
5506,77,1,0,0,7,3708.600467635166
5507,77,0,0,0,7,3709.760857245556
5508,77,0,0,1,6,3710.914753349452
5509,77,0,0,1,6,3711.5751429598417
5510,77,0,0,0,6,3712.891376726075
5511,77,0,0,0,6,3714.0517663364653
5512,76,0,1,0,6,3764.3093736355313
5513,76,0,0,0,5,3765.6751631092156
5514,77,1,0,0,6,3717.962498653252
5515,77,0,0,0,6,3719.330680471434
5516,77,0,0,0,6,3720.698862289616
5517,77,0,0,0,6,3722.2748363155897
5518,77,0,0,0,6,3723.643018133772
5519,78,1,0,0,7,3677.1264409782107
5520,78,0,0,0,7,3678.573876875647
5521,78,0,0,0,7,3679.5084922602623
5522,78,0,0,1,7,3680.693107644878
5523,78,0,0,0,7,3681.9866973884673
5524,78,0,0,0,7,3683.5366973884675
5525,78,0,0,0,7,3684.5738768756473
5526,77,0,1,0,7,3733.5807795712403
5527,77,0,0,0,6,3734.8970133374737
5528,77,1,1,0,7,3735.9807963418416
5529,77,0,0,0,6,3737.71261452366
5530,77,0,0,0,6,3738.8730041340496
5531,77,0,0,0,6,3740.033393744439
5532,77,0,0,0,6,3741.5574197184656
5533,77,0,0,0,6,3742.925601536647
5534,77,0,0,2,6,3744.021056082102
5535,77,0,0,0,6,3745.233393744439
5536,77,0,0,0,6,3746.731445692492
5537,77,0,0,0,6,3748.5152119262575
5538,77,0,0,0,6,3749.831445692492
5539,77,0,0,0,6,3751.0957314067773
5540,77,0,0,1,6,3752.301575562622
5541,77,0,0,0,6,3753.565861276908
5542,77,0,0,0,6,3754.466510627557
5543,78,1,0,0,7,3707.5472643859825
5544,78,0,0,0,7,3708.5331618218797
5545,78,0,0,0,7,3709.6729054116236
5546,78,0,0,2,7,3710.851110539829
5547,78,0,0,0,7,3712.144700283419
5548,78,0,0,0,7,3713.23316182188
5549,78,0,0,0,7,3714.52675156547
5550,77,0,1,0,7,3763.9775801374103
5551,76,0,1,0,6,3815.0483888552285
5552,76,0,0,0,5,3816.1773362236504
5553,76,0,0,0,5,3817.2010204341764
5554,76,0,0,0,5,3818.435230960492
5555,76,0,0,0,5,3819.932599381545
5556,76,0,0,0,5,3821.7983888552294
5557,76,0,0,0,5,3823.0852309604925
5558,77,1,0,0,6,3774.8347734155514
5559,77,0,0,0,6,3776.047111077889
5560,78,1,0,1,7,3728.647148115352
5561,78,0,0,1,7,3729.934327602532
5562,78,0,0,0,7,3731.3817634999673
5563,79,1,0,0,8,3685.4009816835123
5564,79,0,0,0,8,3686.773766493639
5565,79,0,0,1,8,3688.292120924019
5566,79,0,0,1,8,3689.8611082657912
5567,79,0,0,0,8,3691.2592095316145
5568,79,0,0,0,8,3692.581361430349
5569,80,1,0,0,9,3647.5047194124695
5570,80,0,0,1,9,3648.7984694124693
5571,80,0,0,2,8,3650.2859694124695
5572,80,0,0,0,8,3651.4359694124696
5573,80,0,0,1,8,3652.42971941247
5574,80,0,0,0,8,3653.87971941247
5575,81,1,0,0,9,3609.979969790094
5576,81,0,0,0,9,3611.060833987625
5577,80,0,1,0,9,3657.9939320447947
5578,80,0,0,0,8,3658.9939320447957
5579,80,0,0,1,8,3660.3376820447957
5580,81,1,0,1,9,3616.4507970812797
5581,81,0,0,0,10,3617.729192143008
5582,79,0,2,0,10,3710.784377781336
5583,79,0,0,0,8,3712.055896768678
5584,78,0,1,0,8,3761.0384577333953
5585,79,1,0,0,7,3714.4797430785425
5586,78,0,1,1,7,3763.5548188925045
5587,78,0,0,0,6,3764.797126584812
5588,78,0,0,0,6,3765.9112291489146
5589,78,0,0,0,6,3767.4612291489148
5590,77,0,1,0,6,3817.6748791129157
5591,78,1,0,1,6,3769.9976370730074
5592,78,0,0,0,6,3771.5476370730066
5593,78,0,0,0,6,3773.2002011755712
5594,78,0,0,0,6,3774.8014832268536
5595,78,0,0,0,6,3775.9412268165975
5596,78,0,0,0,6,3777.414303739674
5597,78,0,0,0,6,3778.6566114319817
5598,77,0,1,0,6,3829.1221400161544
5599,77,0,0,0,5,3830.3881041157842
5600,77,0,0,0,5,3831.3407015183816
5601,77,0,0,0,5,3832.5010911287713
5602,77,0,0,0,5,3833.5575846352654
5603,77,0,0,0,5,3835.237454765135
5604,77,0,0,1,5,3836.824890572805
5605,77,0,0,0,5,3837.881384079299
5606,77,0,0,0,5,3838.9573256785447
5607,77,0,0,0,5,3840.169663340883
5608,77,0,0,0,5,3841.7456373668574
5609,78,1,0,0,6,3793.7662061185642
5610,78,0,0,0,6,3794.5469753493335
5611,78,0,0,1,6,3795.526462528821
5612,78,0,0,0,6,3796.922616374975
5613,79,1,0,0,7,3750.3147351550383
5614,79,0,0,0,7,3751.5862541423803
5615,79,0,0,0,7,3752.452709838583
5616,79,0,0,1,7,3753.717899712001
5617,79,0,0,0,7,3755.191950344912
5618,78,0,1,0,7,3805.036145904665
5619,78,0,0,0,6,3806.6887100072295
5620,78,0,0,0,6,3808.1874279559474
5621,78,0,0,0,6,3809.5322997508197
5622,78,0,0,0,6,3810.620761289281
5623,78,0,0,0,6,3812.119479237999
5624,78,0,0,1,5,3813.2528125713325
5625,78,0,0,0,5,3814.8284535969738
5626,78,0,0,0,5,3816.019479237999
5627,78,0,0,0,5,3817.159222827743
5628,77,0,1,0,5,3867.991961087195
5629,77,0,0,0,4,3869.7237792690125
5630,77,0,0,0,4,3870.7802727755065
5631,77,0,0,0,4,3871.888714333948
5632,77,0,0,0,4,3872.8932597884937
5633,77,0,0,0,4,3874.1055974508313
5634,76,0,1,0,4,3926.6283740424897
5635,76,0,0,0,3,3927.8625845688052
5636,76,0,0,0,3,3928.886268779332
5637,75,0,1,0,3,3982.7629203415563
5638,75,0,0,0,2,3983.8062536748894
5639,75,0,0,0,2,3985.077799727577
5640,76,1,0,0,3,3934.1195392048453
5641,76,0,0,0,3,3935.511644468004
5642,76,0,0,0,3,3937.0090128890565
5643,76,0,0,0,3,3938.6116444680038
5644,76,0,0,0,3,3940.266907625899
5645,76,0,0,0,3,3941.4484865732675
5646,76,0,0,1,3,3942.9919076258993
5647,77,1,0,0,4,3892.664739994394
5648,77,0,0,0,4,3894.0848698645245
5649,77,0,0,0,4,3895.556947786602
5650,77,0,0,0,4,3896.8212335008884
5651,77,0,0,0,4,3898.44915557881
5652,77,0,0,0,4,3899.9212335008883
5653,77,0,0,0,4,3901.28941531907
5654,78,1,0,0,5,3852.5978843534413
5655,78,0,0,1,5,3854.0389099944673
5656,78,0,0,0,5,3855.3837817893395
5657,78,0,0,1,6,3857.081217686775
5658,78,0,0,0,6,3858.477371532929
5659,78,0,0,0,6,3859.9760894816473
5660,79,1,0,1,7,3812.1586706274493
5661,79,0,0,0,7,3813.7086706274495
5662,79,0,0,0,7,3815.081455437576
5663,79,0,0,0,7,3816.302341513526
5664,79,0,0,0,7,3817.7763921464375
5665,79,1,1,0,8,3818.922597276591
5666,78,0,1,0,7,3869.0691622592185
5667,78,0,0,1,6,3870.689675079732
5668,78,0,0,0,6,3871.983264823322
5669,78,0,0,1,6,3873.526854566912
5670,78,0,0,0,6,3875.2307007207573
5671,78,0,0,0,6,3876.4217263617834
5672,79,1,0,0,7,3828.3518310913814
5673,79,0,0,0,7,3829.572717167331
5674,79,0,0,0,7,3830.8948690660654
5675,78,0,1,0,7,3881.067344159698
5676,79,1,0,0,7,3833.1918081576764
5677,79,0,0,0,7,3834.8937068918535
5678,79,0,0,1,7,3835.9057322083095
5679,79,0,0,0,7,3837.481048664006
5680,79,0,0,0,7,3838.625985372867
5681,80,1,0,0,8,3791.8237855557063
5682,80,0,0,1,8,3792.967535555706
5683,80,0,0,0,8,3794.217535555707
5684,80,1,1,1,9,3795.5385408539164
5685,80,0,0,0,8,3796.6385408539163
5686,79,0,1,2,8,3845.8752039405936
5687,77,0,2,0,7,3947.025741213223
5688,77,0,0,0,5,3948.3939230314045
5689,77,0,0,0,5,3949.7101567976383
5690,77,0,0,0,5,3951.234182771665
5691,77,0,0,0,5,3952.3426243301064
5692,77,0,0,0,5,3953.9185983560806
5693,77,0,0,0,5,3955.182884070366
5694,77,0,0,0,5,3956.6030139404966
5695,77,0,0,0,5,3958.4387282262105
5696,78,1,0,0,6,3909.578616325875
5697,78,0,0,0,6,3910.974770172029
5698,78,0,0,0,6,3912.5760522233104
5699,77,0,1,0,6,3964.546923511147
5700,78,1,0,1,6,3915.2943988507477
5701,78,0,0,0,6,3916.7418347481835
5702,78,0,0,0,6,3917.573886030235
5703,78,0,0,0,6,3919.0726039789533
5704,77,0,1,0,6,3971.3334863360765
5705,77,0,0,0,5,3972.805564258154
5706,77,0,0,0,5,3974.017901920492
5707,77,0,0,0,5,3975.3860837386737
5708,77,0,0,0,5,3976.7023175049076
5709,77,0,0,0,5,3978.018551271142
5710,77,0,0,0,5,3979.7243954269857
5711,77,0,0,0,5,3981.04062919322
5712,76,0,1,0,5,4034.706969078147
5713,76,0,0,1,4,4035.9872322360416
5714,76,0,0,0,4,4037.415701152036
5715,76,0,0,0,4,4039.070964309931
5716,76,0,0,0,4,4040.0946485204568
5717,76,0,0,0,4,4041.4867537836153
5718,77,1,0,0,5,3990.5038089292825
5719,77,0,0,0,5,3991.5603024357765
5720,77,0,0,0,5,3992.8859425565242
5721,77,0,0,0,5,3994.4099685305505
5722,77,0,0,0,5,3995.8820464526284
5723,77,0,0,1,5,3996.8281503487324
5724,76,0,1,0,5,4051.016980411452
5725,76,0,0,0,4,4052.3038225167147
5726,76,0,0,0,4,4053.643296200926
5727,76,0,0,0,4,4054.877506727242
5728,76,0,0,1,4,4056.3682962009257
5729,76,0,0,0,4,4058.2415434159957
5730,76,0,0,0,4,4059.5810171002063
5731,76,0,0,0,4,4060.9204907844173
5732,76,0,0,0,4,4062.0494381528383
5733,76,0,0,0,4,4063.073122363365
5734,75,0,1,0,4,4118.552780453779
5735,75,0,0,0,3,4119.489447120445
5736,77,2,0,0,5,4013.6098510913434
5737,77,0,0,0,5,4014.926084857577
5738,77,0,0,0,5,4015.955234610873
5739,77,0,0,0,5,4017.167572273211
5740,77,0,0,0,5,4018.2760138316526
5741,77,0,0,0,5,4019.851987857627
5742,77,0,0,0,5,4021.739650195289
5743,77,0,0,1,5,4023.5688709745104
5744,78,1,0,0,6,3973.0019623722733
5745,78,0,0,0,6,3974.551962372273
5746,78,0,0,0,6,3976.2558085261194
5747,78,0,0,1,6,3977.645552115863
5748,77,0,1,0,6,4030.613844305786
5749,78,1,0,0,6,3979.905333481353
5750,78,0,0,0,6,3980.8912309172506
5751,80,2,0,0,8,3882.4802001443195
5752,80,0,0,0,8,3883.8802001443196
5753,80,0,0,0,8,3884.9302001443198
5754,81,1,0,0,9,3838.1285927351305
5755,82,1,0,1,10,3792.31056111641
5756,82,0,0,0,10,3794.055683067629
5757,82,0,0,0,10,3795.41056111641
5758,82,0,0,0,10,3796.8142196529952
5759,82,0,0,0,10,3798.0227562383616
5760,82,0,0,0,10,3799.9142196529956
5761,82,0,0,0,10,3801.2203172139716
5762,82,0,0,0,10,3802.770317213972
5763,82,0,0,0,10,3804.2715367261667
5764,82,0,0,0,10,3805.6751952627524
5765,81,1,2,1,11,3853.806264282452
5766,82,1,0,0,10,3808.0470415473
5767,83,1,0,2,10,3763.3247880346826
5768,83,0,0,1,9,3764.3627398419108
5769,83,0,0,0,9,3765.7922579142005
5770,83,0,0,1,9,3767.263944661189
5771,84,1,0,0,10,3723.947111986651
5772,84,0,0,0,10,3725.3066357961748
5773,84,0,0,0,10,3726.5709215104607
5774,84,0,0,0,10,3727.5971119866513
5775,84,0,0,1,10,3729.141159605699
5776,84,0,0,1,10,3730.399492939033
5777,84,0,0,0,10,3731.9494929390326
5778,83,0,1,0,10,3778.7255161486787
5779,83,0,0,0,9,3779.962263136631
5780,83,0,0,0,9,3780.9098534980767
5781,82,0,1,1,9,3828.4597782409146
5782,82,0,0,0,8,3829.912217265305
5783,82,0,0,0,8,3831.3646562896956
5784,82,0,0,0,8,3833.0609977531103
5785,82,0,0,0,8,3834.074412387257
5786,82,0,0,0,8,3835.3805099482324
5787,83,1,0,0,9,3790.2927929609045
5788,83,0,0,0,9,3791.577732719941
5789,83,0,0,0,9,3793.1518291054826
5790,82,0,1,0,9,3840.46730428822
5791,81,0,1,0,8,3889.54838899094
5792,81,0,0,0,7,3890.9749322008165
5793,81,0,0,0,7,3892.500240842792
5794,81,0,0,0,7,3893.6304877563725
5795,81,0,0,0,7,3894.8101173860027
5796,81,0,0,0,7,3896.088512447731
5797,81,0,0,0,7,3897.3175247934096
5798,81,0,0,1,7,3898.8366605958795
5799,81,0,0,0,7,3900.2138210897065
5800,82,1,0,0,8,3853.9862135154417
5801,82,0,0,0,8,3854.9508476617834
5802,82,0,0,0,8,3856.3545061983696
5803,82,0,0,1,8,3857.605725710564
5804,81,1,2,1,10,3906.2295896827536
5805,81,0,0,0,8,3907.557367460531
5806,81,0,0,0,8,3908.4407007938644
5807,82,1,0,0,9,3861.9664239549156
5808,83,1,0,0,11,3816.606587521723
5809,82,0,1,0,11,3864.0633286378425
5810,82,0,0,0,10,3865.4669871744272
5811,82,0,0,0,10,3866.821865223208
5812,82,0,0,0,10,3868.1279627841836
5813,82,0,0,0,10,3869.5316213207693
5814,83,1,0,0,11,3824.177023473532
5815,83,0,0,1,10,3825.2631680518443
5816,83,0,0,0,10,3826.6444933530497
5817,83,0,0,0,10,3827.5438909434115
5818,83,0,0,0,10,3828.973409015701
5819,83,1,1,0,11,3830.1895347525715
5820,83,0,0,0,11,3831.4744745116077
5821,83,0,0,0,11,3832.566643186307
5822,83,0,0,0,11,3833.6588118610052
5823,83,0,0,0,10,3835.1365227043793
5824,83,0,0,0,10,3836.614233547753
5825,83,0,0,0,10,3838.284715475464
5826,82,0,1,0,10,3886.5416476533337
5827,81,0,1,0,10,3935.6020455339753
5828,81,0,0,0,9,3937.152045533976
5829,81,0,0,0,9,3938.1341442994076
5830,81,0,0,1,9,3939.6532801018766
5831,81,0,0,0,9,3940.7341442994084
5832,81,0,0,1,9,3941.660687509285
5833,80,0,1,0,9,3992.477929992162
5834,80,0,0,1,7,3993.9716799921616
5835,80,0,0,0,7,3995.2216799921616
5836,81,1,0,0,8,3947.0584493749748
5837,81,1,1,0,9,3948.3634757870473
5838,81,1,1,0,9,3949.421297823895
5839,83,2,0,0,10,3855.5503026956085
5840,83,0,0,0,10,3856.521989442597
5841,83,0,0,0,10,3857.951507514886
5842,83,0,0,0,10,3859.1882545028384
5843,83,0,0,0,10,3860.810543659464
5844,82,0,1,0,10,3908.7737838986723
5845,81,0,1,0,9,3958.3038013626688
5846,81,0,0,0,8,3959.2365174120514
5847,81,0,0,0,8,3960.6136779058784
5848,80,0,1,0,8,4011.4679991853177
5849,80,0,0,0,7,4012.367999185318
5850,80,0,0,0,7,4013.367999185318
5851,79,0,1,0,7,4065.690355735792
5852,80,1,0,0,7,4015.899851289095
5853,80,0,0,1,7,4017.1936012890947
5854,79,0,1,0,7,4069.110388150952
5855,79,0,0,0,6,4070.7869704294335
5856,79,0,0,0,6,4071.906590682598
5857,79,0,0,0,6,4073.38064131551
5858,78,0,1,0,6,4126.84210648091
5859,78,0,0,0,5,4128.084414173218
5860,78,0,0,0,5,4128.967747506551
5861,78,0,0,0,5,4130.261337250141
5862,78,0,0,1,5,4131.702362891167
5863,78,0,0,0,5,4133.149798788602
5864,78,0,0,0,5,4134.597234686039
5865,78,0,0,0,5,4136.095952634757
5866,77,0,1,1,5,4191.063545570746
5867,77,0,0,0,4,4192.120039077239
5868,77,0,0,0,4,4193.488220895421
5869,77,0,0,1,5,4194.746013103214
5870,77,0,0,0,5,4196.062246869447
5871,77,0,0,0,5,4197.586272843474
5872,77,0,0,0,5,4199.577831285032
5873,77,0,0,0,5,4200.738220895422
5874,77,0,0,0,5,4202.054454661657
5875,77,0,0,0,5,4203.682376739578
5876,77,0,0,0,5,4205.102506609708
5877,77,0,0,0,5,4206.21094816815
5878,77,0,0,0,5,4207.683026090228
5879,77,0,0,0,5,4208.79146764867
5880,77,0,0,0,5,4210.367441674644
5881,77,0,0,0,5,4211.683675440878
5882,77,0,0,0,5,4213.103805311009
5883,76,0,1,1,5,4269.603974944436
5884,76,0,0,0,4,4271.048711786541
5885,76,0,0,0,4,4273.125027576016
5886,76,0,0,0,4,4274.411869681278
5887,76,0,0,1,4,4275.797395997069
5888,76,0,0,0,4,4277.242132839174
5889,76,0,0,0,4,4278.686869681279
5890,77,1,0,0,5,4224.415611633471
5891,77,0,0,0,5,4225.679897347756
5892,77,0,0,0,5,4227.255871373731
5893,77,0,0,1,5,4228.8253518932115
5894,77,0,0,0,5,4230.635092152952
5895,77,0,0,0,5,4231.951325919186
5896,77,0,0,0,5,4233.7870402049
5897,77,0,0,1,5,4235.252624620484
5898,77,0,0,0,5,4236.568858386719
5899,76,0,1,0,5,4293.59480949577
5900,76,0,0,0,4,4294.618493706297
5901,76,0,0,0,4,4296.063230548402
5902,76,0,0,0,4,4297.560598969456
5903,75,0,1,0,4,4356.432731602402
5904,75,0,0,0,3,4357.716064935736
5905,75,0,0,0,3,4359.026064935736
5906,76,1,0,0,4,4302.936906186581
5907,76,0,0,0,4,4304.171116712898
5908,76,0,0,0,4,4305.694800923424
5909,76,0,0,0,4,4306.876379870792
5910,76,0,0,0,4,4308.356063602255
5911,76,0,0,0,4,4309.695537286466
5912,76,0,0,0,4,4310.9823793917285
5913,76,0,0,0,4,4312.216589918045
5914,76,0,0,0,4,4313.661326760151
5915,76,0,0,0,4,4315.106063602256
5916,76,0,0,0,4,4316.445537286467
5917,75,0,1,0,4,4375.039574304921
5918,75,0,0,0,3,4376.349574304921
5919,75,0,0,0,3,4377.5529076382545
5920,75,0,0,1,2,4379.042907638255
5921,75,0,0,0,2,4380.299574304921
5922,75,0,0,0,2,4381.9295743049215
5923,76,1,0,0,3,4325.854843064068
5924,76,0,0,0,3,4327.036422011436
5925,77,1,0,0,4,4272.215169777522
5926,77,0,0,1,4,4273.369065881418
5927,77,0,0,0,4,4274.945039907392
5928,77,0,0,0,4,4276.209325621678
5929,77,0,0,0,4,4277.525559387912
5930,78,1,0,1,6,4223.901513754733
5931,78,0,0,0,6,4224.989975293195
5932,78,0,0,0,6,4226.437411190632
5933,79,1,0,0,7,4173.936937631257
5934,79,0,0,0,7,4175.107190795814
5935,80,1,0,0,8,4123.798975910866
5936,80,0,0,0,9,4125.048975910866
5937,79,0,1,0,8,4178.684528605014
5938,79,0,0,0,8,4180.361110883495
5939,79,0,0,0,8,4181.68326278223
5940,79,0,0,0,8,4183.005414680964
5941,79,0,0,1,9,4184.422503288559
5942,79,0,0,0,9,4185.795288098686
5943,79,0,0,0,9,4187.016174174635
5944,79,0,0,0,9,4188.490224807547
5945,78,0,1,0,9,4243.22259248024
5946,79,1,0,0,9,4190.459015360236
5947,79,0,0,0,8,4191.9330659931475
5948,79,0,0,0,9,4193.255217891882
5949,79,0,0,0,9,4194.628002702008
5950,78,0,1,0,9,4249.590783391142
5951,78,0,0,0,7,4251.038219288579
5952,78,0,0,0,7,4252.280526980886
5953,77,0,1,0,7,4308.299150891443
5954,77,0,0,0,6,4310.004995047288
5955,77,0,0,0,6,4311.477072969366
5956,78,1,0,0,7,4257.219033572323
5957,78,0,0,0,7,4258.666469469759
5958,78,0,0,0,7,4259.908777162067
5959,78,0,0,1,7,4261.170315623605
5960,78,0,0,0,7,4262.617751521041
5961,78,0,0,0,7,4263.706213059503
5962,78,1,1,1,9,4265.123302493162
5963,78,0,0,0,8,4266.211764031624
5964,79,1,0,0,10,4213.663513854009
5965,79,0,0,1,8,4215.134076737047
5966,79,0,0,0,9,4216.835975471224
5967,79,0,0,0,8,4218.056861547173
5968,79,0,0,0,9,4219.328380534515
5969,79,0,0,0,9,4220.599899521857
5970,79,0,0,0,9,4221.820785597807
5971,77,0,2,0,8,4332.63103194556
5972,77,0,0,0,6,4334.258954023482
5973,78,1,0,0,7,4279.554993074463
5974,78,0,0,0,7,4280.797300766771
5975,78,0,0,0,8,4282.193454612925
5976,78,0,0,0,8,4283.589608459079
5977,78,0,0,0,8,4284.883198202669
5978,78,0,0,0,7,4286.484480253951
5979,78,0,0,0,7,4288.085762305233
5980,77,0,1,1,7,4345.030969275031
5981,78,1,0,0,8,4290.5478799253515
5982,78,0,0,0,8,4291.944033771506
5983,78,0,0,0,8,4293.391469668941
5984,78,0,0,0,8,4295.556854284326
5985,78,0,0,0,8,4297.106854284326
5986,78,0,0,0,8,4298.785059412532
5987,78,0,0,0,8,4300.28377736125
5988,78,0,0,0,8,4301.577367104839
5989,78,0,0,0,8,4302.973520950994
5990,78,0,0,0,8,4304.164546592019
5991,78,0,0,0,7,4305.406854284327
5992,78,0,0,0,7,4306.982495309969
5993,78,0,0,0,8,4308.276085053559
5994,78,0,0,0,8,4309.87736710484
5995,78,0,0,1,8,4311.113264540738
5996,78,0,0,0,8,4312.355572233046
5997,78,0,0,0,8,4313.905572233046
5998,77,0,1,0,8,4371.032950985089
5999,77,0,0,0,6,4372.660873063011
6000,76,0,1,0,6,4431.10928167287
6001,76,0,0,0,5,4432.65928167287
6002,76,0,0,0,5,4434.1566500939225
6003,76,0,0,0,5,4435.443492199186
6004,76,0,0,0,5,4436.940860620239
6005,76,0,0,0,5,4438.6487553570805
6006,76,0,0,0,5,4439.935597462344
6007,76,1,1,0,6,4440.989610209451
6008,76,0,0,0,5,4442.592241788398
6009,75,0,1,0,5,4503.452336672315
6010,75,0,0,0,4,4504.869003338982
6011,74,0,1,0,4,4567.291905063114
6012,75,1,0,0,4,4508.125438650261
6013,75,0,0,0,4,4509.3287719835935
6014,75,0,0,0,4,4510.212105316928
6015,75,0,0,0,4,4511.362105316928
6016,74,0,1,0,4,4573.278250752037
6017,74,0,0,1,3,4574.659331833118
6018,74,0,0,0,3,4575.83095345474
6019,74,0,0,1,3,4577.212034535821
6020,74,0,0,0,3,4578.599872373658
6021,74,0,0,0,3,4580.366088589875
6022,74,0,0,1,3,4581.585007508795
6023,74,0,0,0,3,4582.756629130416
6024,75,1,0,0,4,4522.995874075344
6025,75,0,0,0,4,4524.233296750804
6026,75,0,0,0,4,4525.489963417472
6027,75,0,0,0,4,4527.013296750805
6028,74,0,1,0,4,4589.679349250234
6029,74,0,0,0,3,4591.067187088072
6030,74,0,0,0,3,4591.860430331316
6031,74,0,0,0,3,4593.248268169154
6032,75,1,0,0,4,4533.240957926898
6033,75,0,0,0,4,4534.257624593565
6034,76,1,0,0,5,4475.441734796281
6035,76,0,0,0,5,4476.62331374365
6036,76,0,0,0,5,4478.594366375229
6037,76,0,0,0,5,4479.72331374365
6038,76,0,0,0,5,4481.115419006808
6039,76,0,0,0,5,4482.10230703998
6040,76,0,0,0,5,4483.441780724192
6041,75,0,1,0,5,4544.715130522719
6042,75,0,0,0,4,4546.131797189386
6043,75,0,0,0,4,4547.175130522719
6044,75,0,0,0,4,4548.591797189386
6045,75,0,0,0,4,4550.1151305227195
6046,75,0,0,0,4,4550.998463856054
6047,75,0,0,0,4,4552.543700906757
6048,75,0,0,0,4,4554.387034240091
6049,75,0,0,0,4,4555.910367573425
6050,76,1,0,0,5,4496.862204842196
6051,76,0,0,0,5,4498.412204842196
6052,76,0,0,0,5,4499.962204842196
6053,76,0,0,0,5,4501.091152210617
6054,76,0,0,0,5,4502.746415368511
6055,76,0,0,0,5,4503.927994315881
6056,77,1,0,0,6,4446.419838545545
6057,77,0,0,0,6,4447.112695688402
6058,77,0,0,0,6,4448.532825558532
6059,77,0,0,0,6,4450.00490348061
6060,77,0,0,0,6,4451.009448935156
6061,77,0,0,0,6,4452.325682701389
6062,77,0,0,0,6,4453.48607231178
6063,78,1,0,0,7,4397.9458662565
6064,78,1,1,0,8,4399.524868993943
6065,78,0,0,0,7,4401.126151045225
6066,78,0,0,0,7,4402.112048481123
6067,78,0,0,0,7,4403.713330532405
6068,78,1,1,0,8,4404.36766026292
6069,78,1,1,0,8,4405.635688240444
6070,78,0,0,0,7,4406.877995932752
6071,78,0,0,0,7,4408.100453894149
6072,79,1,0,0,8,4353.452346882831
6073,78,0,1,0,8,4411.018640926382
6074,78,0,0,0,7,4411.953256310998
6075,78,0,0,0,7,4413.092999900742
6076,78,0,0,0,7,4414.284025541767
6077,78,0,0,0,7,4415.577615285357
6078,79,1,0,0,8,4360.885493572885
6079,79,0,0,0,8,4362.106379648834
6080,79,0,0,0,8,4363.681696104531
6081,78,0,1,1,8,4420.908478604508
6082,78,0,0,0,7,4422.048222194252
6083,79,1,0,0,8,4367.324826976604
6084,79,0,0,0,8,4368.748244698122
6085,78,0,1,1,8,4426.092267136291
6086,78,0,0,0,7,4428.001241495266
6087,78,0,0,0,7,4429.243549187574
6088,77,0,1,0,7,4488.494014091517
6089,77,0,0,1,6,4489.751806299309
6090,78,1,0,1,6,4433.253065192907
6091,78,0,0,0,6,4434.726142115985
6092,77,0,1,0,6,4494.099119845227
6093,78,1,0,0,6,4437.91002856516
6094,78,0,0,0,6,4439.20361830875
6095,78,0,0,0,6,4440.49720805234
6096,78,0,0,0,6,4441.995926001058
6097,78,0,0,0,6,4443.392079847212
6098,78,0,0,0,6,4445.095926001059
6099,78,0,0,1,6,4446.562592667725
6100,78,0,0,0,6,4447.599772154905
6101,78,0,0,0,6,4448.919002924136
6102,78,0,0,0,6,4449.956182411315
6103,78,0,0,0,6,4451.147208052341
6104,77,0,1,1,6,4510.209091609613
6105,77,0,0,0,5,4511.369481220003
6106,77,0,0,0,5,4512.841559142082
6107,77,0,0,0,5,4514.209740960263
6108,77,0,0,0,5,4515.525974726497
6109,76,0,1,0,5,4576.22441579403
6110,77,1,0,0,5,4517.907215588913
6111,77,0,0,0,5,4519.119553251251
6112,76,0,1,0,5,4580.233871499847
6113,76,0,0,0,4,4581.7312399208995
6114,76,0,0,0,4,4582.754924131426
6115,77,1,0,0,5,4524.74252251933
6116,77,0,0,0,5,4525.747067973875
6117,77,0,0,0,5,4527.219145895954
6118,77,0,0,0,5,4528.535379662188
6119,77,0,0,0,5,4529.799665376474
6120,76,0,1,2,4,4590.565938808945
6121,76,0,0,0,3,4592.3264651247355
6122,76,0,0,1,3,4593.60672828263
6123,76,0,0,0,3,4594.946201966841
6124,76,0,0,0,3,4595.864623019473
6125,76,0,0,0,3,4597.414623019472
6126,76,0,0,0,3,4598.9119914405255
6127,76,0,0,0,3,4600.304096703683
6128,76,0,0,0,3,4601.7751493352625
6129,76,0,0,0,3,4602.956728282631
6130,76,0,0,0,3,4604.351635685333
6131,77,1,0,0,4,4545.799017040069
6132,77,0,0,0,4,4547.167198858251
6133,77,0,0,0,4,4548.275640416692
6134,77,0,0,1,4,4549.741224832277
6135,77,0,0,1,4,4550.843172884225
6136,77,0,0,1,4,4551.997068988121
6137,77,0,0,0,4,4553.521094962148
6138,77,0,0,0,4,4555.045120936174
6139,77,0,0,0,4,4556.387328728382
6140,77,0,0,0,4,4557.443822234875
6141,77,0,0,0,4,4558.915900156953
6142,77,0,0,0,4,4560.232133923188
6143,78,1,0,1,4,4502.624670667762
6144,78,0,0,0,4,4503.815696308788
6145,78,0,0,0,4,4505.570824513917
6146,78,0,0,0,4,4507.274670667763
6147,78,0,0,0,4,4508.824670667763
6148,78,0,0,0,4,4509.6054398985325
6149,79,1,0,0,5,4453.874991292221
6150,79,0,0,0,5,4455.045244456779
6151,79,0,0,0,5,4456.620560912475
6152,79,1,1,0,6,4457.61568932037
6153,79,0,0,0,5,4458.785942484927
6154,80,1,0,0,6,4404.081743203866
6155,80,0,0,0,6,4405.581743203866
6156,80,0,0,0,6,4406.881743203866
6157,80,0,0,1,6,4408.475493203866
6158,80,0,0,0,6,4409.975493203866
6159,80,0,0,0,6,4411.375493203866
6160,80,0,0,0,6,4412.925493203867
6161,80,0,0,0,6,4413.775493203867
6162,80,0,0,0,6,4415.075493203867
6163,80,0,0,0,6,4416.753965657435
6164,79,0,1,0,6,4473.7769895884
6165,80,1,0,0,6,4418.835402218546
6166,80,0,0,0,6,4420.185402218545
6167,80,0,0,0,6,4421.585402218547
6168,80,0,0,0,6,4422.785402218547
6169,80,0,0,0,6,4423.935402218546
6170,80,0,0,0,6,4425.085402218547
6171,80,0,0,0,6,4426.335402218547
6172,80,0,0,0,6,4427.685402218547
6173,78,0,2,1,6,4542.649029895146
6174,78,0,0,0,4,4543.993901690018
6175,78,0,0,0,4,4545.390055536172
6176,77,0,1,1,3,4605.522135173591
6177,77,0,0,0,3,4606.786420887876
6178,77,0,0,0,3,4608.258498809954
6179,77,0,0,1,3,4609.464342965799
6180,77,0,0,0,3,4611.144213095669
6181,77,0,0,0,3,4612.486420887877
6182,77,0,0,0,3,4613.7507066021635
6183,77,0,0,0,3,4615.014992316449
6184,77,0,0,0,3,4616.487070238527
6185,77,0,0,0,3,4617.647459848917
6186,77,0,0,0,3,4618.548109199566
6187,77,0,0,0,3,4619.708498809956
6188,77,0,0,0,3,4620.868888420346
6189,77,0,0,0,3,4621.92538192684
6190,77,0,0,0,3,4623.085771537229
6191,77,0,0,0,3,4624.680782962494
6192,78,1,0,0,4,4566.407311386052
6193,78,0,0,0,4,4568.008593437335
6194,78,0,0,0,4,4569.558593437335
6195,78,0,0,1,4,4570.332952411693
6196,78,0,0,1,4,4571.8765421552835
6197,78,0,0,0,4,4573.118849847591
6198,78,0,0,0,4,4574.0021831809245
6199,78,0,0,0,4,4575.244490873233
6200,78,0,0,0,4,4576.640644719387
6201,79,1,0,0,5,4519.707218836863
6202,79,0,0,0,5,4521.029370735598
6203,78,0,1,0,5,4580.4332916684625
6204,79,1,0,0,5,4523.65438924228
6205,79,0,0,0,5,4524.925908229622
6206,80,1,0,0,7,4469.394959376752
6207,80,0,0,0,7,4471.144959376752
6208,80,0,0,0,7,4472.294959376752
6209,79,0,1,0,7,4530.173704997509
6210,79,0,0,0,5,4531.343958162066
6211,79,0,0,0,5,4532.716742972193
6212,79,0,0,2,5,4533.722439174725
6213,79,0,0,1,5,4535.190160693712
6214,79,0,0,0,5,4536.714844238016
6215,78,0,1,0,5,4596.012268781645
6216,79,1,0,0,5,4539.137429936307
6217,79,0,0,0,5,4540.712746392004
6218,78,0,1,0,5,4600.218482949053
6219,78,0,0,0,4,4601.358226538797
6220,78,0,0,0,4,4602.651816282387
6221,78,0,0,0,4,4603.996688077259
6222,78,0,0,0,4,4605.290277820848
6223,78,0,0,0,4,4606.63514961572
6224,78,0,0,0,4,4607.877457308028
6225,78,0,0,0,4,4609.273611154183
6226,78,0,0,0,4,4610.413354743927
6227,78,0,0,1,5,4611.597970128542
6228,78,0,0,0,5,4613.301816282388
6229,78,0,0,0,5,4614.441559872132
6230,78,1,1,0,6,4615.65964177643
6231,78,0,0,0,5,4617.414769981558
6232,78,0,0,0,5,4618.50323152002
6233,78,0,0,0,5,4619.7455392123275
6234,78,0,0,0,5,4621.551949468739
6235,78,0,0,0,5,4622.948103314892
6236,78,0,0,0,5,4624.1904110072
6237,78,0,0,0,5,4625.1250263918155
6238,79,1,0,1,6,4567.824709602046
6239,79,0,0,0,6,4569.450658969135
6240,79,0,0,0,6,4570.924709602046
6241,79,0,0,0,6,4572.550658969135
6242,79,0,0,0,6,4573.923443779262
6243,80,1,0,0,7,4517.630025732021
6244,79,0,1,0,7,4576.106988839635
6245,79,0,0,0,6,4577.732938206724
6246,79,0,0,0,6,4579.004457194065
6247,80,1,0,0,7,4523.29752647914
6248,80,0,0,0,7,4524.89752647914
6249,80,0,0,0,7,4526.54752647914
6250,80,0,0,0,7,4528.197526479141
6251,80,0,0,0,7,4529.5975264791405
6252,80,0,0,0,7,4530.647526479141
6253,80,0,0,0,7,4532.0975264791405
6254,80,0,0,0,7,4533.197526479142
6255,80,0,0,0,7,4534.797526479141
6256,80,0,0,0,7,4535.797526479141
6257,80,0,0,1,6,4537.191276479141
6258,80,0,0,0,6,4538.391276479141
6259,81,1,0,0,7,4483.867927386807
6260,80,0,1,0,7,4541.311608251297
6261,80,0,0,0,6,4542.911608251297
6262,80,0,0,1,5,4544.605358251298
6263,80,0,0,0,5,4545.880358251297
6264,80,0,0,0,5,4547.430358251298
6265,80,0,0,0,5,4548.830358251298
6266,81,1,0,0,6,4494.2768970383195
6267,81,0,0,0,6,4495.35776123585
6268,81,0,0,0,6,4496.833687161777
6269,81,0,0,0,6,4497.9639340753565
6270,81,0,0,0,6,4499.49714393552
6271,81,0,0,0,6,4500.429859984903
6272,81,0,0,0,6,4501.560106898483
6273,81,0,0,0,6,4502.887884676261
6274,81,0,0,0,6,4504.660106898483
6275,81,0,0,0,6,4505.444674799718
6276,81,0,0,0,6,4506.476156281199
6277,80,0,1,1,6,4564.34726576093
6278,80,0,0,0,5,4565.89726576093
6279,80,0,0,0,5,4567.09726576093
6280,80,0,0,0,5,4568.197265760931
6281,80,0,0,0,5,4569.597265760931
6282,80,0,0,0,5,4570.9972657609305
6283,80,0,0,0,5,4572.347265760931
6284,81,1,0,0,7,4517.355324208327
6285,81,0,0,0,7,4518.510262479932
6286,81,0,0,0,7,4519.986188405859
6287,81,0,0,0,7,4521.313966183637
6288,81,1,1,0,8,4522.174150793581
6289,81,1,1,0,7,4523.480197802549
6290,81,0,0,0,6,4525.153654592672
6291,81,0,0,0,6,4526.48143237045
6292,81,0,0,0,6,4527.710444716129
6293,81,0,0,0,6,4528.988839777858
6294,81,0,0,1,5,4530.3104447161295
6295,81,0,0,0,5,4531.736987926006
6296,81,0,0,0,5,4533.114148419834
6297,81,0,0,0,5,4534.441926197612
6298,82,1,0,0,6,4480.382268561056
6299,82,0,0,0,6,4481.688366122031
6300,80,0,2,0,6,4594.871167974483
6301,80,0,0,0,4,4596.221167974483
6302,80,0,0,0,4,4597.321167974484
6303,80,0,0,0,4,4598.521167974483
6304,80,0,0,0,4,4600.121167974483
6305,80,1,1,0,5,4600.996888358046
6306,80,0,0,0,4,4602.346888358046
6307,80,0,0,0,4,4603.446888358047
6308,80,0,0,0,4,4604.546888358047
6309,80,0,0,0,4,4605.696888358047
6310,81,1,0,0,5,4550.095692205478
6311,81,0,0,0,5,4551.769148995602
6312,81,0,0,0,5,4552.948778625232
6313,81,0,0,0,5,4554.177790970912
6314,81,0,0,0,5,4555.629025538813
6315,80,0,1,0,5,4613.46973344426
6316,79,0,1,0,4,4673.135740329829
6317,79,0,0,0,3,4674.305993494386
6318,79,0,0,0,3,4675.628145393121
6319,78,0,1,1,4,4737.059828578105
6320,79,1,0,1,4,4678.190716823951
6321,79,0,0,1,5,4679.202742140408
6322,79,0,0,1,5,4680.467932013826
6323,79,0,0,0,5,4681.74437972629
6324,79,0,0,0,5,4683.269063270594
6325,79,0,0,0,5,4684.895012637683
6326,79,0,0,0,5,4686.419696181987
6327,80,1,0,0,6,4628.920074979712
6328,79,0,1,0,6,4688.781529881642
6329,79,0,0,0,5,4690.534061527212
6330,79,0,0,0,5,4692.0334286158195
6331,79,0,0,0,5,4693.811276717086
6332,79,0,0,1,5,4695.380264058858
6333,79,0,0,0,5,4696.6011501348075
6334,79,0,0,0,5,4697.822036210757
6335,79,0,0,0,5,4698.739124818352
6336,80,1,0,1,5,4641.229260758123
6337,81,1,0,0,6,4585.288158773455
6338,81,0,0,0,6,4586.665319267282
6339,81,0,0,0,6,4587.894331612962
6340,81,0,0,0,6,4589.469022970987
6341,81,0,0,0,6,4590.994331612962
6342,81,0,0,0,6,4592.223343958642
6343,81,0,0,0,6,4593.649887168518
6344,81,0,0,1,6,4594.724578526543
6345,81,0,0,0,6,4596.249887168518
6346,81,0,0,0,6,4597.380134082099
6347,81,0,0,0,6,4599.053590872222
6348,82,1,0,0,7,4543.913303178659
6349,82,0,0,0,7,4545.292571471342
6350,82,0,0,0,7,4546.988912934757
6351,83,1,0,0,8,4493.423986272893
6352,83,0,0,0,8,4494.805311574097
6353,82,0,1,0,8,4550.776536763317
6354,82,0,0,0,7,4551.74117090966
6355,81,0,1,0,7,4609.356855874047
6356,81,0,0,0,6,4610.684633651826
6357,82,1,0,0,7,4555.890308851193
6358,82,0,0,1,7,4557.287869826803
6359,82,0,0,0,7,4558.350064948755
6360,81,0,1,0,7,4615.950505204343
6361,81,0,0,0,6,4617.673344710517
6362,80,0,1,0,6,4677.088978709658
6363,79,0,1,1,5,4737.15098280182
6364,79,0,0,0,4,4738.726299257516
6365,80,1,0,0,5,4680.797845516797
6366,80,0,0,1,5,4681.891595516798
6367,80,0,0,0,6,4683.0915955167975
6368,79,0,1,1,6,4743.481270710195
6369,80,1,0,1,6,4685.462129826317
6370,79,0,1,0,6,4745.7869736572475
6371,79,0,0,0,4,4747.362290112944
6372,79,0,0,0,4,4748.557859733198
6373,79,0,0,0,4,4749.880011631932
6374,79,0,0,0,4,4751.050264796489
6375,79,0,0,0,4,4752.574948340793
6376,78,0,1,0,4,4814.537121699456
6377,78,0,0,0,3,4815.984557596893
6378,78,0,0,0,3,4817.585839648175
6379,78,0,0,0,3,4819.392249904585
6380,78,0,0,0,3,4820.942249904585
6381,78,0,0,0,3,4822.569172981509
6382,79,1,0,0,4,4762.446778386806
6383,80,1,0,0,5,4704.096818656972
6384,80,0,0,0,5,4705.199181827437
6385,80,0,0,0,5,4706.424181827438
6386,80,0,0,0,5,4707.774181827438
6387,80,0,0,0,5,4709.174181827438
6388,80,0,0,0,5,4710.024181827438
6389,80,0,0,0,5,4711.060099917925
6390,79,0,1,0,5,4772.365488914723
6391,80,1,0,0,5,4713.441545303289
6392,80,0,0,1,5,4714.835295303289
6393,80,0,0,0,5,4716.135295303289
6394,80,0,0,0,5,4717.460295303289
6395,81,1,0,1,7,4660.67066202794
6396,81,0,0,0,7,4661.998439805718
6397,81,0,0,0,7,4663.276834867447
6398,81,0,0,0,7,4664.703378077324
6399,81,0,0,0,7,4666.574365731645
6400,82,1,0,0,7,4610.464312491015
6401,82,0,0,0,7,4611.819190539796
6402,82,0,0,0,7,4613.320410051991
6403,82,0,0,0,7,4614.480166149552
6404,82,0,0,1,9,4615.633824686138
6405,82,0,0,0,8,4616.988702734918
6406,82,0,0,0,8,4618.148458832479
6407,82,0,0,0,8,4619.747239320285
6408,84,3,1,0,14,4510.625552340078
6409,84,0,0,1,11,4511.883885673412
6410,84,0,0,0,11,4513.671980911507
6411,85,1,0,0,13,4461.842898783137
6412,85,0,0,0,12,4462.757604665489
6413,85,0,0,0,13,4463.90760466549
6414,85,0,0,0,13,4465.387016430196
6415,84,0,1,0,13,4519.854420833002
6416,85,1,0,0,12,4467.340839411438
6417,85,0,0,0,11,4468.584957058496
6418,85,0,0,1,10,4469.870251176143
6419,85,0,0,0,11,4470.973192352614
6420,85,0,0,0,10,4471.982015882027
6421,85,0,0,1,9,4473.408486470262
6422,85,0,0,0,9,4474.746721764379
6423,85,0,0,0,10,4476.367309999674
6424,84,0,1,0,10,4531.298581190135
6425,84,0,0,1,7,4532.5569145234695
6426,85,1,0,0,8,4480.599774352605
6427,85,0,0,0,8,4482.267421411429
6428,85,0,0,0,8,4483.3233037643695
6429,85,0,0,0,8,4484.755656705546
6430,86,1,0,0,9,4433.534660697343
6431,86,0,0,0,9,4434.945125813621
6432,86,0,0,0,9,4436.313811026298
6433,86,0,0,0,9,4437.53822963095
6434,86,0,0,0,9,4438.762648235601
6435,85,0,1,0,9,4492.176694207543
6436,85,0,0,0,8,4493.51492950166
6437,85,0,0,0,8,4494.994341266366
6438,86,1,0,0,9,4443.979872181873
6439,87,1,0,0,10,4394.178954110818
6440,87,0,0,0,10,4395.614011582082
6441,87,0,0,0,10,4396.911138018864
6442,86,0,1,0,10,4449.306165255929
6443,86,0,0,0,8,4450.670118744301
6444,86,0,0,0,8,4451.7084908373245
6445,86,0,0,0,8,4453.305002465232
6446,86,0,0,0,8,4454.436397814069
6447,86,0,0,1,7,4455.84104897686
6448,86,0,0,0,7,4457.111979209418
6449,86,0,0,0,7,4458.33639781407
6450,86,0,0,1,7,4459.508490837326
6451,86,0,0,0,7,4461.291048976861
6452,87,1,0,0,8,4411.521036919656
6453,87,0,0,0,8,4412.979082896667
6454,86,0,1,0,8,4465.605514937189
6455,86,0,0,0,7,4466.690398658119
6456,86,0,0,1,8,4467.839235867422
6457,86,0,0,0,8,4469.621794006956
6458,86,0,0,1,8,4470.933421913934
6459,86,0,0,0,8,4472.157840518585
6460,86,0,0,1,7,4473.562491681376
6461,86,0,0,0,7,4474.600863774399
6462,85,0,1,0,7,4528.341717756028
6463,85,0,0,0,6,4529.679953050145
6464,85,0,0,0,6,4531.065247167792
6465,85,0,0,0,6,4532.591717756028
6466,85,0,0,1,6,4534.159364814852
6467,85,0,0,0,6,4535.6858354030865
6468,85,0,0,0,6,4537.212305991322
6469,85,0,0,0,6,4538.6446589325
6470,85,0,0,0,6,4539.841717756029
6471,85,0,0,0,6,4541.179953050147
6472,85,0,0,0,6,4542.471129520735
6473,84,0,1,0,6,4597.809138413264
6474,84,0,0,0,5,4599.192471746598
6475,84,0,0,0,5,4600.837709841836
6476,85,1,0,1,6,4548.024325020167
6477,85,0,0,0,6,4549.315501490756
6478,86,1,0,0,8,4497.5298561245845
6479,86,0,0,0,8,4499.172879380399
6480,86,0,0,0,8,4500.733768673934
6481,86,0,0,0,8,4501.958187278585
6482,86,0,0,0,8,4503.601210534399
6483,86,0,0,0,8,4504.5930709995155
6484,86,0,0,0,8,4506.143070999516
6485,86,0,0,0,8,4507.879117511144
6486,86,0,0,0,8,4509.3826058832365
6487,84,0,2,0,8,4618.339133761657
6488,84,0,0,0,5,4619.841514714038
6489,84,0,0,0,5,4621.058181380705
6490,84,0,0,0,5,4622.179609952133
6491,84,0,0,0,5,4623.634371856895
6492,84,0,0,0,5,4624.851038523562
6493,85,1,0,0,6,4571.57279101152
6494,85,0,0,0,6,4572.911026305639
6495,85,0,0,0,6,4574.343379246815
6496,85,0,0,0,6,4575.728673364462
6497,86,1,0,0,7,4523.68240972069
6498,86,0,0,0,7,4524.813805069527
6499,86,0,0,1,7,4526.49752599976
6500,86,0,0,0,7,4527.954502743946
6501,86,0,0,0,7,4529.318456232319
6502,86,0,0,0,7,4531.101014371854
6503,86,0,0,0,7,4532.3719446044115
6504,87,1,0,1,7,4481.5492785744755
6505,87,0,0,0,7,4482.938359034247
6506,87,0,0,0,7,4484.235485471028
6507,87,0,0,0,7,4485.394680873327
6508,87,0,0,0,7,4486.92169236758
6509,87,0,0,0,7,4488.126864781374
6510,87,1,1,0,8,4489.494426295585
6511,88,1,0,0,8,4439.964375996772
6512,88,0,0,0,8,4441.423466905862
6513,88,0,0,0,8,4443.155285087681
6514,88,0,0,0,8,4444.841648724045
6515,88,0,0,0,8,4446.073466905863
6516,87,0,1,0,8,4498.470896704206
6517,87,0,0,0,7,4499.768023140988
6518,87,0,0,0,7,4501.249057623747
6519,86,0,1,0,7,4555.136820437486
6520,86,0,0,0,6,4556.407750670043
6521,86,0,0,0,6,4557.86472741423
6522,87,1,0,0,7,4506.662833995675
6523,87,0,0,0,7,4508.4197305474
6524,87,0,0,0,7,4509.854788018665
6525,87,0,0,0,7,4511.243868478435
6526,86,0,1,1,7,4564.96250689972
6527,86,0,0,0,6,4566.372972015999
6528,86,0,0,0,6,4567.59739062065
6529,86,0,0,0,6,4568.728785969488
6530,85,0,1,1,6,4623.994135501829
6531,85,0,0,0,5,4625.402959031241
6532,85,0,0,0,5,4626.976488443006
6533,84,0,1,0,5,4683.510127147643
6534,84,0,0,0,4,4684.917270004787
6535,84,0,0,0,4,4686.062508100025
6536,84,0,0,0,4,4687.37441286193
6537,84,0,0,0,4,4688.7815557190725
6538,84,0,0,0,4,4690.045841433359
6539,84,0,0,0,4,4691.738698576216
6540,84,0,0,0,4,4693.09822238574
6541,85,1,0,0,5,4638.615087450608
6542,85,0,0,0,5,4639.765087450609
6543,84,0,1,0,5,4696.404282988662
6544,85,1,0,0,5,4642.143056129971
6545,86,1,0,0,6,4588.998950826135
6546,86,0,0,0,6,4590.362904314507
6547,86,0,0,0,6,4591.540811291252
6548,86,0,0,0,6,4593.044299663345
6549,86,0,0,0,6,4594.315229895903
6550,86,0,0,0,6,4595.725695012183
6551,86,0,0,0,6,4596.810578733112
6552,87,1,0,1,6,4544.787468632732
6553,88,1,0,0,7,4494.265451943724
6554,88,0,0,0,7,4495.406361034634
6555,88,0,0,0,7,4496.774542852815
6556,89,1,0,0,8,4447.48943562975
6557,89,0,0,0,8,4448.612469337616
6558,89,0,0,1,7,4449.774828888178
6559,89,0,0,0,7,4451.167525517391
6560,90,1,0,0,8,4403.109553011643
6561,90,0,0,0,8,4404.081775233865
6562,90,0,0,1,8,4405.403997456087
6563,90,0,0,1,7,4406.903997456087
6564,90,0,0,0,7,4408.498441900533
6565,91,1,0,1,8,4361.251206275252
6566,90,0,1,0,8,4411.078437545922
6567,90,0,0,0,7,4412.583993101477
6568,89,0,1,0,7,4463.416661165642
6569,89,0,0,0,6,4464.809357794855
6570,89,0,0,0,6,4465.977335322945
6571,89,0,0,0,6,4467.3250881319345
6572,89,0,0,0,6,4468.35823419935
6573,89,0,0,0,6,4469.391380266767
6574,89,0,0,1,6,4470.598683637553
6575,89,0,0,0,6,4472.081267907216
6576,89,0,0,0,6,4473.676211727441
6577,89,0,0,0,6,4474.889133075756
6578,89,0,0,0,6,4476.461604985869
6579,89,0,0,0,6,4478.03407689598
6580,89,0,0,0,6,4479.539133075757
6581,88,0,1,0,6,4531.943959047709
6582,88,0,0,0,5,4533.221231774981
6583,88,0,0,0,5,4534.816686320435
6584,88,0,0,0,5,4536.321231774981
6585,88,0,0,0,5,4537.871231774981
6586,88,0,0,0,5,4539.557595411346
6587,90,2,0,0,7,4439.882982179983
6588,90,0,0,0,7,4441.032982179982
6589,90,0,0,0,7,4442.227426624427
6590,91,1,0,0,8,4394.30734501317
6591,91,0,0,0,8,4395.7474549032795
6592,91,0,0,0,8,4397.275476881302
6593,91,0,0,0,8,4398.6276746835
6594,90,0,1,0,8,4449.048171520894
6595,91,1,0,1,8,4401.531158647039
6596,91,0,0,0,8,4402.927312493192
6597,91,0,0,0,8,4404.103686119567
6598,91,0,0,0,8,4405.28005974594
6599,90,0,1,0,8,4455.506948693858
6600,91,1,0,0,8,4407.57280640052
6601,91,0,0,0,8,4409.320608598322
6602,91,0,0,0,8,4410.628850356564
6603,91,0,0,0,8,4411.67335585107
6604,91,0,0,0,8,4413.179399807113
6605,91,0,0,0,8,4414.179949257664
6606,91,0,0,0,8,4415.312366840081
6607,91,0,0,0,8,4416.884344862059
6608,91,0,0,0,8,4418.280498708214
6609,91,0,0,0,8,4419.954141006396
6610,91,1,1,0,9,4421.33134807843
6611,91,0,0,0,8,4422.727501924584
6612,91,0,0,0,8,4424.299479946562
6613,91,0,0,0,8,4425.65167774876
6614,91,0,0,1,8,4427.350029397112
6615,91,0,0,0,8,4428.614315111398
6616,91,0,0,0,8,4429.878600825684
6617,91,0,0,0,8,4431.274754671838
6618,91,0,0,0,8,4432.80277664986
6619,91,0,0,0,8,4434.418710715794
6620,90,0,1,1,8,4484.608481182253
6621,90,0,0,0,7,4486.114036737808
6622,90,0,0,1,7,4487.302925626698
6623,91,1,0,0,9,4439.32706930113
6624,89,0,2,0,9,4540.3373433970155
6625,89,0,0,0,7,4541.864871486904
6626,88,0,1,0,7,4594.659625222721
6627,88,0,0,0,5,4596.118716131812
6628,89,1,0,0,6,4546.2791799955
6629,89,0,0,0,6,4547.492101343815
6630,90,1,0,0,8,4498.58607799555
6631,90,0,0,0,8,4499.669603172782
6632,89,0,1,0,8,4551.4814229322865
6633,89,0,0,0,6,4553.053894842398
6634,89,0,0,0,6,4554.356703831163
6635,90,1,0,0,8,4505.018851566372
6636,90,0,0,0,8,4506.213296010817
6637,91,1,0,0,9,4457.853809241467
6638,91,0,0,0,9,4459.0741389117975
6639,91,0,0,0,9,4460.909853197512
6640,91,0,0,0,9,4462.393919131578
6641,92,1,0,0,10,4415.248876532322
6642,92,0,0,0,10,4416.777137401888
6643,91,0,1,0,10,4466.617577654106
6644,90,0,1,0,9,4517.659858655556
6645,90,0,0,0,7,4519.2543031000005
6646,92,2,0,0,9,4421.91725303261
6647,92,0,0,0,9,4423.38029651087
6648,93,1,0,0,11,4377.113841709678
6649,94,1,0,0,13,4331.656779563831
6650,94,0,0,0,12,4333.29188594681
6651,93,0,1,0,12,4381.325772171966
6652,93,0,0,0,11,4382.983299053687
6653,93,0,0,1,12,4384.334374322504
6654,93,0,0,0,12,4385.561793677342
6655,92,0,1,0,12,4434.647903508514
6656,92,0,0,0,10,4435.937033943297
6657,91,0,1,0,10,4486.032216263358
6658,91,0,0,0,8,4487.296501977644
6659,91,0,0,0,8,4488.428919560062
6660,91,0,0,1,7,4489.863534944678
6661,92,1,0,0,8,4442.332953043106
6662,92,0,0,0,8,4443.709039999627
6663,93,1,0,0,10,4397.223996558771
6664,93,0,0,0,10,4398.150340644793
6665,93,0,0,0,10,4399.377759999632
6666,92,0,1,0,9,4448.744844084748
6667,93,2,1,0,11,4402.358543657642
6668,93,0,0,0,11,4403.9300490339865
6669,92,0,1,0,11,4453.388379756628
6670,93,1,0,0,10,4407.186354167847
6671,93,0,0,0,10,4408.696604283618
6672,93,0,0,1,10,4409.918647294371
6673,93,0,0,0,10,4411.189077401898
6674,93,0,0,0,10,4412.889615036307
6675,93,0,0,0,9,4414.117034391146
6676,93,0,0,0,10,4415.774561272867
6677,93,0,0,0,10,4417.088002133082
6678,93,0,0,0,10,4418.57348600405
6679,93,0,0,0,10,4419.908432240609
6680,93,0,0,0,10,4421.355611401912
6681,93,0,0,0,10,4422.712063014816
6682,93,0,0,1,10,4423.805073767504
6683,92,0,1,0,10,4473.001676565171
6684,92,0,0,0,8,4474.290806999954
6685,90,0,2,0,8,4574.951947952104
6686,91,1,0,0,7,4525.661267205378
6687,91,0,0,0,7,4527.101377095487
6688,90,0,1,0,7,4578.816106268852
6689,90,0,0,0,6,4580.232772935518
6690,90,0,0,0,6,4581.627217379964
6691,90,0,0,0,6,4582.954995157742
6692,91,1,0,0,7,4534.235709496667
6693,91,0,0,0,7,4535.368127079086
6694,89,0,2,0,7,4638.3154350948225
6695,89,0,0,1,5,4639.747457566733
6696,89,0,0,2,6,4640.994086780216
6697,90,1,0,0,7,4591.27137470488
6698,91,1,0,0,8,4542.1530079498825
6699,91,0,0,0,8,4543.373337620212
6700,91,0,0,0,8,4544.8134475103225
6701,92,1,0,0,9,4496.729062211297
6702,92,0,0,0,9,4497.931236124341
6703,92,0,0,0,9,4499.307323080863
6704,92,0,0,0,9,4500.509496993906
6705,92,0,0,0,9,4501.668192646081
6706,92,0,0,0,9,4503.30514916782
6707,92,0,0,0,9,4504.681236124341
6708,92,0,0,2,8,4506.133410037385
6709,91,0,1,0,8,4556.8673720242705
6710,91,0,0,1,7,4557.81847092537
6711,92,1,0,0,8,4509.592726676181
6712,92,0,0,0,8,4511.186204937051
6713,92,0,0,1,8,4512.556857110964
6714,92,0,0,0,8,4514.2807701544425
6715,92,0,0,0,8,4515.526422328357
6716,93,1,0,0,9,4468.269148969986
6717,93,0,0,0,9,4469.668611335578
6718,92,0,1,0,9,4519.7980802147695
6719,92,0,0,0,9,4521.217645432161
6720,92,0,0,0,9,4522.550254127814
6721,92,0,0,0,9,4523.882862823465
6722,92,0,0,0,9,4524.976341084335
6723,93,1,0,0,11,4477.715745604632
6724,94,1,0,0,12,4431.48632277905
6725,94,0,0,0,12,4432.951216396072
6726,94,0,0,0,11,4434.160790864157
6727,94,0,0,0,12,4435.753344055646
6728,94,0,0,0,12,4436.920365332243
6729,93,0,1,0,12,4486.111317734301
6730,93,0,0,0,10,4487.381747841828
6731,93,0,0,0,10,4488.824220960108
6732,93,0,0,0,10,4490.223683325699
6733,93,0,0,0,10,4491.580134938603
6734,93,0,0,1,10,4493.060242465485
6735,93,0,0,0,10,4494.287661820324
6736,93,0,0,0,10,4495.558091927851
6737,93,0,0,1,10,4496.586586551507
6738,94,1,0,0,12,4450.071303715853
6739,94,0,0,0,11,4451.365984566917
6740,94,0,0,0,11,4452.830878183939
6741,94,0,0,0,12,4454.508537758406
6742,94,0,0,0,12,4456.015984566918
6743,96,2,0,0,13,4364.28335988844
6744,97,1,0,0,15,4320.433015972065
6745,97,0,0,0,14,4321.67373762155
6746,98,1,0,1,16,4278.818393360105
6747,98,1,1,0,17,4279.820435725378
6748,98,0,0,0,16,4281.247986745787
6749,97,0,1,0,16,4326.787191011946
6750,97,0,0,0,14,4328.770180702668
6751,97,0,0,0,15,4330.093376578957
6752,97,0,0,0,14,4331.2516240016375
6753,97,0,0,1,15,4332.652139465555
6754,97,0,0,0,14,4333.68667554803
6755,97,0,0,0,15,4335.298531218133
6756,97,0,0,0,15,4336.704201321226
6757,97,0,0,0,15,4338.079289229309
6758,97,0,0,0,15,4339.856093353021
6759,97,0,0,0,15,4341.529804693228
6760,95,0,2,0,15,4434.494746796601
6761,96,1,0,1,13,4389.70573901747
6762,95,0,1,1,12,4437.307209055664
6763,94,0,1,0,11,4485.93039433823
6764,93,0,1,0,10,4535.390400049966
6765,93,0,0,0,9,4536.832873168246
6766,93,0,0,0,9,4538.275346286526
6767,93,0,0,0,9,4539.803840910182
6768,93,0,0,0,9,4540.988249512333
6769,93,0,0,0,9,4542.129647361795
6770,92,0,1,0,9,4592.915388251665
6771,92,0,0,1,8,4594.416475208187
6772,92,0,0,0,8,4595.802456771721
6773,92,0,0,0,8,4597.004630684764
6774,92,0,0,0,8,4598.424195902156
6775,92,0,0,0,8,4599.756804597809
6776,92,0,0,1,8,4601.3013698152
6777,92,0,0,0,8,4602.590500249982
6778,91,0,1,0,8,4654.782063822989
6779,91,0,0,0,7,4656.31008580101
6780,92,1,0,0,8,4606.752910955348
6781,91,0,1,1,8,4658.9387561394815
6782,91,0,0,1,7,4659.977767128493
6783,91,0,0,0,7,4661.286008886735
6784,91,1,1,0,8,4662.311712765709
6785,91,0,0,0,7,4663.619954523951
6786,91,0,0,0,7,4665.389734743731
6787,91,0,0,0,7,4666.873800677798
6788,91,0,0,0,7,4668.182042436039
6789,90,0,1,0,7,4721.597112866435
6790,89,0,1,0,6,4776.038598558354
6791,90,1,0,0,6,4724.593169685485
6792,91,1,0,1,7,4673.652585403227
6793,91,0,0,0,7,4674.9168711175125
6794,90,0,1,0,7,4728.18403198434
6795,90,0,0,0,6,4729.289587539896
6796,90,0,0,0,6,4730.750698651007
6797,91,1,0,0,7,4679.879811852645
6798,91,0,0,0,7,4681.275965698799
6799,91,0,0,0,7,4682.584207457041
6800,91,0,0,0,7,4684.156185479019
6801,93,2,0,0,10,4584.121106221406
6802,93,0,0,0,10,4585.348525576245
6803,93,0,0,0,10,4586.920030952589
6804,92,0,1,0,10,4638.389604781089
6805,92,0,0,0,8,4639.983083041958
6806,92,0,0,0,8,4641.40264825935
6807,91,0,1,0,8,4693.755977662469
6808,91,0,0,0,7,4695.5037798602725
6809,92,1,0,0,8,4645.65102138353
6810,92,0,0,1,8,4647.412977905269
6811,92,0,0,0,8,4649.049934427009
6812,92,0,0,0,8,4650.2521083400525
6813,92,0,0,0,8,4651.802108340053
6814,93,1,0,0,9,4602.9934835191925
6815,93,0,0,0,9,4604.242408250375
6816,94,1,0,0,10,4555.900999651967
6817,94,0,0,0,10,4557.493552843457
6818,94,0,0,0,10,4558.915893268989
6819,94,0,0,0,10,4560.4233400775
6820,94,0,0,0,10,4561.718020928564
6821,94,0,0,0,10,4563.395680503032
6822,93,0,1,0,10,4614.127490395065
6823,93,0,0,0,9,4615.311898997215
6824,93,0,0,0,9,4616.625339857431
6825,93,0,0,0,9,4618.196845233775
6826,92,0,1,0,9,4670.006258109926
6827,92,0,0,0,8,4671.164953762101
6828,92,0,0,0,8,4672.149736370797
6829,92,0,0,0,8,4673.743214631667
6830,92,0,0,0,8,4674.98886680558
6831,92,0,0,0,8,4676.582345066449
6832,92,0,0,0,8,4677.349736370798
6833,93,1,0,1,9,4628.519094044231
6834,94,1,0,2,9,4580.632188788441
6835,93,0,1,0,9,4631.541660149542
6836,92,0,1,0,8,4683.258318324911
6837,92,0,0,0,7,4684.373535716215
6838,92,0,0,0,7,4685.575709629258
6839,92,0,0,0,7,4687.082725187971
6840,92,0,0,0,7,4688.594223883399
6841,92,0,0,0,7,4690.10074562253
6842,92,0,0,0,7,4691.520310839921
6843,92,0,0,1,7,4692.695310839921
6844,93,1,0,0,8,4643.834070938417
6845,93,1,1,1,8,4645.339330379247
6846,93,0,0,0,8,4646.9108357555915
6847,93,0,0,0,8,4648.3963196265595
6848,93,0,0,0,8,4649.795781992151
6849,93,0,0,0,8,4651.539330379248
6850,93,0,0,0,8,4652.766749734087
6851,93,0,0,0,8,4654.080190594303
6852,93,0,0,0,8,4655.114061562044
6853,92,0,1,1,8,4707.211691436368
6854,91,0,1,0,7,4760.551393361565
6855,91,0,0,0,6,4762.431063691236
6856,90,0,1,0,6,4816.67039833284
6857,91,1,0,0,6,4765.4707236258855
6858,91,0,0,1,6,4766.8613829665455
6859,91,0,0,0,6,4768.037756592919
6860,91,0,0,0,6,4769.477866483029
6861,91,0,0,0,6,4770.522371977535
6862,91,0,0,0,6,4771.522921428084
6863,90,0,1,0,6,4826.285986394509
6864,89,0,1,0,5,4881.7231152699605
6865,88,0,1,0,4,4938.356116748444
6866,88,0,0,0,3,4939.587934930262
6867,87,0,1,0,3,4997.797252939384
6868,87,0,0,0,2,4999.094379376166
6869,87,0,0,0,2,5000.391505812948
6870,87,0,0,0,2,5001.550701215247
6871,88,1,0,0,3,4945.838193246892
6872,88,0,0,0,3,4947.024556883255
6873,88,0,0,0,3,4948.574556883256
6874,88,0,0,0,3,4949.715465974165
6875,87,0,1,0,3,5008.225191484118
6876,87,0,0,1,2,5009.378639759981
6877,89,2,0,2,6,4897.750468079982
6878,89,0,0,0,6,4899.367883810319
6879,89,0,0,0,6,4900.625748978859
6880,89,0,0,0,6,4902.040917518184
6881,88,0,1,0,6,4959.110416051409
6882,88,0,0,0,4,4960.751325142318
6883,88,0,0,0,4,4962.574052415045
6884,88,0,0,0,4,4964.033143324136
6885,89,1,0,0,5,4909.363108005888
6886,89,0,0,0,5,4911.160299017124
6887,89,0,0,0,5,4912.37322036544
6888,89,0,0,1,5,4913.7153551969
6889,89,0,0,0,5,4915.242883286788
6890,89,0,0,0,5,4916.635579916002
6891,89,0,0,0,5,4918.137607286971
6892,89,0,0,0,5,4919.260640994836
6893,89,1,1,0,6,4920.318260373177
6894,89,0,0,0,5,4921.688485092278
6895,90,1,0,0,6,4868.2247241468085
6896,89,0,1,0,6,4924.49287874361
6897,89,0,0,0,5,4926.020406833498
6898,89,0,0,0,5,4927.278272002038
6899,89,0,0,0,5,4928.530257079248
6900,89,0,0,0,5,4929.698234607338
6901,89,0,0,0,5,4930.910727522596
6902,89,0,0,0,5,4932.438255612484
6903,89,0,0,0,5,4933.56128932035
6904,89,0,0,0,5,4935.088817410237
6905,89,0,0,0,5,4936.211851118103
6906,88,0,1,0,5,4993.489565677978
6907,89,1,0,0,6,4938.62339078272
6908,90,1,0,0,7,4884.79368644069
6909,90,0,0,0,7,4885.9881308851345
6910,90,0,0,1,8,4887.13257532958
6911,90,0,0,0,8,4888.549241996246
6912,89,0,1,0,8,4944.866297940801
6913,89,0,0,0,6,4946.348882210464
6914,89,0,0,0,6,4948.101129401475
6915,91,2,0,0,8,4840.406049634411
6916,91,0,0,0,8,4841.8022034805645
6917,91,0,0,0,8,4843.286269414631
6918,91,0,0,0,8,4844.8582474366085
6919,91,0,0,1,8,4846.424730953093
6920,91,0,0,0,8,4847.469236447599
6921,92,1,0,0,9,4796.008157790559
6922,92,0,0,1,9,4797.5092447470815
6923,92,0,0,0,9,4798.972288225343
6924,92,0,0,0,9,4800.565766486213
6925,91,0,1,0,9,4854.491593534027
6926,91,0,0,0,8,4855.903363981651
6927,91,0,0,0,8,4857.211605739893
6928,91,0,0,0,8,4858.519847498134
6929,92,1,0,0,9,4807.199523068807
6930,92,0,0,1,9,4808.874523068808
6931,92,0,0,1,9,4810.419088286199
6932,92,0,0,1,9,4811.463653503591
6933,93,1,0,0,10,4761.1610222162935
6934,93,0,0,1,10,4762.619624366832
6935,93,1,1,1,11,4763.69223646952
6936,93,0,0,0,10,4765.3067525985525
6937,93,0,0,0,10,4766.448150448015
6938,93,0,0,1,9,4767.713204211456
6939,92,0,1,0,9,4820.865225973887
6940,92,0,0,0,8,4822.480443365191
6941,92,0,0,0,8,4823.769573799974
6942,92,0,0,0,8,4825.450008582583
6943,92,0,0,0,8,4826.869573799975
6944,93,1,0,0,9,4776.264524619331
6945,93,0,0,0,9,4777.70699773761
6946,93,0,0,0,9,4779.020438597826
6947,93,0,0,0,9,4780.462911716106
6948,93,0,0,0,9,4781.5393736561655
6949,91,0,2,0,9,4887.930136344557
6950,93,2,0,0,10,4783.534326960803
6951,93,0,0,0,10,4784.933789326395
6952,93,0,0,0,10,4786.763359218868
6953,92,0,1,0,10,4840.252383029095
6954,91,0,1,0,9,4894.528371833641
6955,91,0,0,0,8,4895.96848172375
6956,91,0,0,0,8,4897.188811394081
6957,89,0,2,0,8,5008.667592930491
6958,89,0,0,0,6,5010.01534573948
6959,89,0,0,0,6,5011.363098548469
6960,89,0,0,0,6,5012.531076076559
6961,88,0,1,0,6,5070.902011916637
6962,88,0,0,0,4,5072.133830098455
6963,88,0,0,0,4,5073.1383755530005
6964,88,0,0,0,4,5074.642921007547
6965,88,0,0,0,4,5075.829284643911
6966,88,0,0,0,4,5077.242921007547
6967,88,0,0,0,4,5078.792921007547
6968,88,0,0,0,4,5080.297466462093
6969,88,0,0,0,4,5081.7111028257295
6970,88,0,0,0,4,5082.988375553003
6971,89,1,0,0,6,5027.161539872632
6972,89,0,0,0,6,5028.509292681621
6973,89,0,0,0,6,5029.946933131059
6974,90,1,0,0,7,4975.391411651825
6975,89,0,1,0,7,5032.730771486745
6976,89,0,0,0,6,5034.033580475509
6977,89,0,0,0,6,5035.246501823824
6978,90,1,0,0,7,4980.8765406924485
6979,90,0,0,1,7,4981.976540692449
6980,90,0,0,1,8,4983.032096248005
6981,90,0,0,0,7,4984.359874025783
6982,90,0,0,0,7,4985.8654295813385
6983,89,0,1,0,8,5042.782021877145
6984,89,0,0,0,5,5043.99494322546
6985,89,0,0,0,5,5045.612358955797
6986,89,0,0,0,6,5046.735392663662
6987,89,0,0,0,6,5048.442696034449
6988,89,0,0,0,6,5049.700561202989
6989,88,0,1,1,6,5108.5344199485735
6990,88,0,0,0,4,5109.857147221301
6991,88,0,0,0,4,5110.952601766756
6992,88,0,0,0,5,5112.502601766756
6993,88,0,0,0,5,5113.734419948574
6994,88,0,0,0,5,5114.966238130392
6995,88,0,0,0,5,5116.243510857666
6996,88,0,0,0,5,5117.92987449403
6997,87,0,1,0,5,5178.003147812415
6998,87,0,0,0,3,5179.484182295173
6999,87,0,0,0,3,5181.011193789426
7000,87,0,0,0,3,5182.063659546335
7001,88,1,0,0,4,5124.299867960582
7002,90,2,0,0,6,5011.0976486725685
7003,90,0,0,0,6,5012.203204228124
7004,90,0,0,0,6,5013.530982005903
7005,90,0,0,0,6,5015.214315339236
7006,90,0,0,0,6,5016.453204228125
7007,90,0,0,0,6,5018.04764867257
7008,90,0,0,0,6,5019.642093117015
7009,90,0,0,0,6,5021.280982005904
7010,89,0,1,0,6,5078.952969716976
7011,89,0,0,0,5,5080.435553986639
7012,88,0,1,0,5,5139.212777999186
7013,88,0,0,0,4,5140.39914163555
7014,87,0,1,0,4,5201.099424271311
7015,87,0,0,0,3,5202.3505736966
7016,87,0,0,0,3,5203.831608179358
7017,87,0,0,0,3,5205.128734616141
7018,88,1,0,0,4,5147.375567177321
7019,89,1,0,0,5,5090.825279905665
7020,89,0,0,0,5,5092.083145074205
7021,90,1,0,0,6,5036.592776795604
7022,90,0,0,0,6,5038.40944346227
7023,91,1,0,0,7,4984.72911990774
7024,92,1,0,1,8,4931.770651213091
7025,93,1,0,0,9,4879.60752593123
7026,93,0,0,0,9,4880.705913028004
7027,93,0,0,0,9,4882.148386146284
7028,93,0,0,0,9,4884.020966791446
7029,93,0,0,0,9,4885.6784936731665
7030,92,0,1,0,9,4940.199266659785
7031,92,0,0,0,8,4941.7492666597855
7032,92,0,0,1,8,4943.07644057283
7033,92,0,0,0,8,4944.322092746743
7034,92,0,0,1,8,4945.866657964134
7035,92,0,0,1,7,4947.498179703265
7036,92,0,0,0,7,4948.482962311961
7037,92,0,0,0,7,4949.859049268483
7038,92,0,0,0,7,4951.082962311962
7039,92,0,0,0,7,4952.263397094571
7040,92,0,0,0,7,4953.422092746745
7041,92,0,0,1,7,4954.836223181527
7042,92,0,0,0,7,4955.994918833702
7043,92,0,0,1,6,4957.4090492684845
7044,92,0,0,0,6,4958.7603790207495
7045,92,0,0,0,6,4959.875596412055
7046,92,0,0,0,6,4961.382118151185
7047,92,0,0,0,6,4962.888639890315
7048,92,0,0,0,6,4964.090813803359
7049,91,0,1,0,6,5019.7277394845805
7050,91,0,0,0,5,5021.035981242822
7051,91,0,0,0,5,5022.344223001064
7052,91,0,0,0,5,5023.476640583483
7053,89,0,2,0,5,5137.8621661290435
7054,90,1,0,0,4,5082.2186976164985
7055,90,0,0,1,4,5083.140919838722
7056,90,0,0,0,4,5084.690919838721
7057,90,0,0,0,4,5086.240919838722
7058,90,0,0,0,4,5087.702030949833
7059,90,0,0,2,4,5089.107586505389
7060,90,0,0,0,4,5090.479808727612
7061,90,0,0,0,4,5092.163142060945
7062,90,0,0,0,4,5093.535364283168
7063,90,0,0,0,4,5094.70758650539
7064,90,0,0,0,4,5096.124253172057
7065,90,0,0,0,4,5097.852030949835
7066,90,0,0,0,4,5099.466717485633
7067,90,0,0,1,4,5100.611161930077
7068,90,0,0,0,4,5101.938939707856
7069,90,0,0,1,4,5103.527828596744
7070,90,0,0,0,4,5104.855606374523
7071,90,0,0,0,4,5106.405606374523
7072,89,0,1,0,4,5165.1719152573605
7073,89,0,0,0,3,5166.789330987698
7074,90,1,0,0,4,5110.646671754502
7075,90,0,0,0,4,5111.841116198946
7076,90,0,0,0,4,5113.035560643391
7077,90,0,0,0,4,5114.496671754503
7078,90,0,0,1,4,5115.77444953228
7079,90,0,0,0,4,5117.265093438813
7080,90,0,0,0,4,5118.437315661035
7081,89,0,1,0,4,5177.066472361553
7082,89,0,0,0,3,5178.459168990767
7083,89,0,0,0,3,5179.806921799755
7084,89,0,0,0,3,5181.604112810992
7085,89,0,0,0,3,5183.0866970806555
7086,89,0,0,0,3,5184.614225170543
7087,90,1,0,0,4,5128.317956001982
7088,90,0,0,0,4,5129.823511557538
7089,90,0,0,0,4,5131.684622668648
7090,90,0,0,0,4,5133.436117703889
7091,90,0,0,1,3,5134.669451037223
7092,90,0,0,0,3,5135.419451037223
7093,90,0,0,0,3,5136.791673259446
7094,89,0,1,0,3,5196.031553079047
7095,89,0,0,0,2,5197.693912629608
7096,89,0,0,0,2,5199.35627218017
7097,89,0,0,0,2,5200.973687910508
7098,89,0,0,0,2,5202.860766562194
7099,89,0,0,1,2,5204.652339595902
7100,89,0,0,0,2,5205.820317123992
7101,90,1,0,0,3,5149.243980267059
7102,90,0,0,0,3,5150.416202489281
7103,92,2,0,0,5,5039.445198087341
7104,93,1,0,0,6,4986.597400258444
7105,93,0,0,0,6,4987.824819613284
7106,93,0,0,0,6,4989.224281978875
7107,94,1,0,0,7,4937.085193872717
7108,94,0,0,0,7,4938.167108766334
7109,94,0,0,0,7,4939.632002383357
7110,94,0,0,0,7,4941.0117896174
7111,93,0,1,0,7,4995.7947248149685
7112,93,0,0,0,6,4997.151176427872
7113,93,0,0,0,6,4998.937735567657
7114,92,0,1,1,6,5054.379233147429
7115,91,0,1,0,5,5111.140341130412
7116,91,0,0,0,4,5112.404626844698
7117,90,0,1,1,4,5170.284818233912
7118,90,1,1,0,4,5171.37050319959
7119,90,0,0,1,3,5172.603836532923
7120,90,0,0,0,3,5173.531614310701
7121,90,0,0,0,3,5175.037169866257
7122,90,0,0,0,3,5176.764947644036
7123,90,0,0,0,3,5177.445797414983
7124,90,0,0,0,3,5178.77357519276
7125,90,0,0,0,3,5180.234686303872
7126,91,1,0,0,4,5124.885953487346
7127,91,0,0,0,4,5126.413975465369
7128,91,0,0,0,4,5127.678261179654
7129,91,0,0,0,4,5129.206283157677
7130,91,0,0,0,4,5130.514524915919
7131,91,0,0,0,4,5131.9454176604095
7132,90,0,1,0,4,5190.602065918303
7133,89,0,1,0,3,5250.357461276595
7134,89,0,0,0,2,5251.287345097845
7135,88,0,1,0,2,5312.847307202168
7136,89,1,0,0,2,5254.123180154954
7137,89,0,0,0,2,5255.7855397055155
7138,89,0,0,1,2,5257.262505997651
7139,89,0,0,0,2,5258.969809368437
7140,89,0,0,0,2,5260.362505997651
7141,89,0,0,0,2,5261.620371166191
7142,89,1,1,0,3,5262.452878279826
7143,89,0,0,0,2,5263.980406369714
7144,89,0,0,0,2,5265.170855807917
7145,89,0,0,0,2,5266.833215358479
7146,89,0,0,0,2,5268.540518729265
7147,89,0,0,0,2,5269.798383897805
7148,90,1,0,1,3,5212.505624076719
7149,90,0,0,0,3,5213.922290743386
7150,91,1,0,0,4,5157.7857820538975
7151,91,0,0,1,4,5158.912705130821
7152,92,1,0,0,5,5104.196806162008
7153,92,0,0,0,5,5105.442458335922
7154,92,0,0,0,5,5106.9489800750525
7155,92,0,0,1,5,5108.319632248966
7156,92,0,0,0,5,5109.52180616201
7157,92,0,0,0,5,5110.767458335923
7158,92,0,0,0,5,5112.317458335923
7159,92,0,0,0,5,5113.650067031575
7160,92,0,0,0,5,5115.0696322489675
7161,92,0,0,0,5,5116.619632248968
7162,91,0,1,0,5,5174.633036136024
7163,91,0,0,0,4,5176.073146026135
7164,91,0,0,0,4,5177.4692998722885
7165,91,0,0,0,4,5179.305014158003
7166,91,0,0,0,4,5180.613255916246
7167,91,0,0,0,4,5181.965453718443
7168,91,0,0,0,4,5183.273695476686
7169,91,0,0,0,4,5184.66984932284
7170,91,0,0,0,4,5185.89017899317
7171,91,0,0,0,4,5187.4621570151485
7172,91,0,0,1,3,5189.1605086635
7173,91,0,0,0,3,5190.556662509654
7174,91,0,0,0,3,5191.7769921799845
7175,91,0,0,0,3,5193.085233938226
7176,91,0,0,1,3,5194.475893278885
7177,91,0,0,0,3,5195.784135037128
7178,91,0,0,0,3,5197.31215701515
7179,91,0,0,1,3,5198.41468387646
7180,92,1,0,0,4,5142.79115470389
7181,92,0,0,0,4,5144.123763399542
7182,93,1,0,0,5,5090.267461890997
7183,93,0,0,1,5,5091.747569417879
7184,93,0,0,0,5,5093.061010278094
7185,94,1,0,0,7,5040.218205549123
7186,94,0,0,1,7,5041.677780017209
7187,94,0,0,0,7,5043.249630652155
7188,94,0,0,0,6,5044.714524269177
7189,94,0,0,0,6,5046.392183843645
7190,94,0,0,0,6,5047.559205120241
7191,95,1,0,0,8,4995.30805559266
7192,95,0,0,0,8,4996.331739803186
7193,95,0,0,0,8,4997.523845066345
7194,95,0,0,0,8,4998.547529276871
7195,95,0,0,0,8,4999.992266118977
7196,94,0,1,0,8,5054.6028276802635
7197,94,1,1,0,7,5055.622483785696
7198,93,0,1,0,6,5111.423050944391
7199,91,0,2,0,5,5225.327692866402
7200,91,0,0,0,3,5226.7018686905785
7201,91,0,0,0,3,5228.01011044882
7202,91,1,1,0,4,5229.167143464173
7203,91,0,0,1,3,5230.491868738899
7204,92,1,0,0,4,5175.019674513476
7205,92,0,0,0,4,5176.22184842652
7206,92,0,0,1,5,5177.418587556955
7207,92,0,0,0,5,5178.620761469999
7208,92,0,0,0,5,5180.08380494826
7209,92,0,0,1,4,5181.063152774347
7210,92,0,0,0,4,5182.3555434642485
7211,92,0,0,1,4,5183.639239116422
7212,92,0,0,0,4,5185.232717377292
7213,93,1,0,1,5,5130.768924717321
7214,93,0,0,0,5,5132.082365577537
7215,94,1,0,0,6,5078.508617007563
7216,95,1,0,0,8,5026.142210512748
7217,95,0,0,0,8,5027.376421039063
7218,95,0,0,0,8,5028.905368407484
7219,95,0,0,1,8,5030.386947354853
7220,95,0,0,0,8,5031.663263144327
7221,96,1,0,0,9,4980.638124986574
7222,96,0,0,0,9,4982.188124986575
7223,96,0,0,0,9,4983.363124986575
7224,96,0,0,0,9,4984.788124986575
7225,95,0,1,0,9,5038.531210441637
7226,95,0,0,0,8,5040.060157810059
7227,94,0,1,0,8,5094.840526969363
7228,94,0,0,0,6,5096.220314203406
7229,94,0,0,0,6,5097.648516922141
7230,94,0,0,0,6,5098.900644581716
7231,94,0,0,0,6,5100.280431815759
7232,95,1,0,0,7,5047.811164112435
7233,95,0,0,0,7,5049.340111480857
7234,95,0,0,0,7,5050.995374638752
7235,95,0,0,0,7,5052.692743059804
7236,95,0,0,0,7,5053.884848322962
7237,95,0,0,1,7,5055.282216744015
7238,95,1,1,0,9,5056.622781390855
7239,95,0,0,0,8,5058.109623496119
7240,95,0,0,0,8,5059.806991917172
7241,95,0,0,1,8,5061.372781390856
7242,94,0,1,0,8,5116.465359387804
7243,94,0,0,0,6,5117.547274281421
7244,94,0,0,0,6,5118.82067853674
7245,94,0,0,0,6,5120.025663404222
7246,94,1,1,0,7,5121.512760256883
7247,94,0,0,0,6,5122.807441107947
7248,94,0,0,1,6,5124.224462384543
7249,94,0,0,0,6,5125.561696427096
7250,94,0,0,0,6,5126.869390766581
7251,94,0,0,0,6,5128.802369489986
7252,94,0,0,1,6,5129.793858851688
7253,94,0,0,0,6,5131.131092894241
7254,94,0,0,0,6,5132.595986511263
7255,94,0,0,0,6,5134.145986511263
7256,94,0,0,0,6,5135.738539702753
7257,94,0,0,0,6,5136.735348213391
7258,94,0,0,0,6,5138.157688638924
7259,94,0,0,0,6,5139.494922681478
7260,94,0,0,0,6,5140.619390766584
7261,94,0,0,0,6,5141.78641204318
7262,95,1,0,0,7,5089.006555074305
7263,95,0,0,0,7,5090.324976126936
7264,93,0,2,0,7,5200.798631701132
7265,93,0,0,0,5,5202.069061808658
7266,93,0,0,0,5,5203.57605105597
7267,93,0,0,0,5,5204.781965034466
7268,93,0,0,0,5,5206.310459658122
7269,93,0,0,0,5,5207.752932776402
7270,93,0,0,0,5,5208.965128931488
7271,93,0,0,0,5,5209.934483770198
7272,93,0,0,0,5,5211.118892372349
7273,93,0,0,0,5,5212.77641925407
7274,93,0,0,0,5,5213.788784845468
7275,93,0,0,0,5,5215.145236458371
7276,93,0,0,0,5,5216.845774092781
7277,92,0,1,0,5,5274.967883083172
7278,92,0,0,0,4,5276.73527438752
7279,92,0,0,0,4,5277.980926561433
7280,91,0,1,1,4,5337.27898626414
7281,91,0,0,0,3,5338.719096154249
7282,91,0,0,0,3,5340.027337912492
7283,91,0,0,0,3,5341.423491758646
7284,91,0,0,0,3,5342.863601648756
7285,91,0,0,0,3,5344.303711538866
7286,91,0,0,0,3,5345.875689560845
7287,91,0,0,0,3,5347.403711538867
7288,91,0,0,0,3,5348.4921730773285
7289,91,0,0,0,3,5349.866348901505
7290,91,0,0,0,3,5351.306458791615
7291,91,0,0,0,3,5352.768546703704
7292,91,0,0,0,3,5354.208656593813
7293,91,0,0,0,3,5355.385030220188
7294,92,1,0,0,4,5298.707475543882
7295,92,0,0,0,4,5299.692258152578
7296,92,0,0,0,4,5301.459649456926
7297,92,0,0,0,4,5302.661823369969
7298,92,0,0,0,4,5303.863997283013
7299,92,0,0,0,4,5305.2400842395355
7300,92,0,0,0,4,5306.833562500406
7301,92,0,0,0,4,5308.427040761276
7302,92,0,0,0,4,5309.846605978667
7303,92,0,0,0,4,5311.483562500406
7304,92,0,0,0,4,5312.72921467432
7305,92,0,0,0,4,5313.7139972830155
7306,93,1,0,0,5,5257.938577957392
7307,94,1,0,0,6,5203.3450824472075
7308,95,1,0,0,8,5149.664607895132
7309,95,0,0,0,8,5151.193555263553
7310,95,0,0,0,8,5152.680397368817
7311,95,0,0,0,8,5153.830397368817
7312,95,0,0,0,8,5155.233028947765
7313,94,0,1,0,8,5211.281333837475
7314,94,0,0,0,7,5212.746227454497
7315,94,0,0,0,7,5214.08346149705
7316,94,0,0,0,6,5215.548355114072
7317,94,0,0,0,6,5216.757929582158
7318,94,0,0,0,7,5218.038728615491
7319,94,0,0,0,7,5219.120643509109
7320,93,0,1,0,7,5276.377904800751
7321,92,0,1,0,5,5335.014201830962
7322,92,0,0,0,4,5336.607680091832
7323,92,0,0,0,4,5337.722897483137
7324,92,0,0,0,4,5338.92507139618
7325,92,0,0,0,4,5340.170723570094
7326,93,1,0,0,5,5284.04630718762
7327,93,0,0,0,5,5285.3167372951475
7328,93,0,0,0,5,5286.845231918804
7329,93,0,0,0,5,5287.513511488696
7330,93,0,0,0,5,5288.998995359664
7331,93,0,0,0,5,5290.570500736008
7332,94,1,0,0,6,5235.438367749456
7333,95,1,0,0,7,5181.3990165099885
7334,95,0,0,0,7,5182.4227007205145
7335,97,2,0,0,9,5076.859861530402
7336,97,0,0,0,9,5078.141820293288
7337,96,0,1,0,9,5132.626697707068
7338,97,1,0,0,9,5080.6078657719445
7339,97,0,0,0,9,5082.137247215243
7340,97,0,0,1,9,5083.661474019367
7341,97,0,0,0,9,5084.984669895656
7342,98,1,0,1,11,5034.29962224366
7343,98,0,0,1,11,5035.599622243661
7344,99,2,1,0,13,4985.625961807842
7345,99,0,0,0,12,4987.35777998966
7346,99,0,0,0,12,4988.968386050267
7347,99,0,0,0,12,4990.174951706833
7348,99,0,0,1,12,4991.416870898753
7349,99,0,0,0,12,4992.7042446361265
7350,100,1,0,0,13,4943.831702189766
7351,99,0,1,0,13,4995.0118972562195
7352,99,0,0,0,12,4996.420483114805
7353,100,1,0,0,13,4947.5907782836575
7354,98,0,2,0,13,5050.269247554298
7355,98,0,0,0,11,5051.655982248176
7356,98,0,0,0,11,5053.0019006155235
7357,98,0,0,0,11,5054.4702679624625
7358,98,0,0,0,11,5056.061084288994
7359,98,0,0,0,11,5057.4478189828715
7360,98,0,0,0,11,5058.834553676749
7361,98,0,0,0,11,5060.507002656342
7362,98,0,0,0,11,5061.648839391036
7363,98,0,0,0,11,5063.280472044097
7364,98,0,0,0,11,5064.748839391036
7365,97,0,1,1,11,5118.320028042116
7366,97,0,0,0,10,5119.560749691602
7367,97,0,0,0,10,5120.883945567891
7368,97,0,0,0,10,5122.495801237994
7369,97,0,0,0,10,5123.818997114282
7370,97,0,0,0,10,5125.100955877169
7371,97,0,0,0,10,5126.547863093664
7372,97,0,0,0,10,5128.324667217376
7373,97,0,0,0,10,5129.647863093665
7374,97,0,0,0,10,5131.09477031016
7375,96,0,1,0,10,5185.923567213194
7376,96,0,0,0,9,5187.244400546527
7377,97,1,0,0,10,5135.033633530584
7378,97,0,0,0,10,5136.439303633677
7379,97,0,0,0,10,5137.597551056358
7380,97,0,0,1,10,5138.9155922934715
7381,97,0,0,0,10,5140.362499509966
7382,97,0,0,0,10,5141.850643839864
7383,97,0,0,0,10,5142.935169447999
7384,97,0,0,0,10,5144.134653984082
7385,97,0,0,0,10,5145.2516642933615
7386,97,0,0,0,10,5146.739808623258
7387,95,0,2,0,10,5256.276621567148
7388,95,0,0,0,8,5257.847674198728
7389,95,0,0,0,8,5259.460832093465
7390,95,0,0,0,8,5260.821358409255
7391,96,1,0,0,9,5206.888323425826
7392,96,0,0,0,9,5208.104990092493
7393,96,0,0,0,9,5209.44665675916
7394,96,0,0,0,9,5210.704990092493
7395,96,0,0,1,9,5211.99978175916
7396,96,0,0,0,9,5213.591448425827
7397,96,0,0,0,9,5214.891448425828
7398,97,1,0,0,10,5162.230711844118
7399,96,0,1,0,10,5217.593855256496
7400,97,1,0,0,10,5164.946495923956
7401,97,0,0,0,10,5166.352166027049
7402,98,1,0,0,11,5115.046021475752
7403,98,0,0,1,11,5116.590919434936
7404,98,0,0,0,11,5117.569490863508
7405,97,0,1,0,11,5171.895887660554
7406,97,0,0,0,10,5173.3427948770495
7407,97,0,0,0,10,5174.748464980143
7408,97,0,0,0,10,5175.947949516225
7409,97,0,0,0,10,5177.271145392514
7410,96,0,1,0,10,5232.581763058535
7411,97,1,0,0,10,5179.944837666179
7412,97,0,0,0,10,5181.10308508886
7413,97,0,0,0,10,5182.591229418757
7414,97,0,0,0,10,5183.955662408449
7415,98,1,0,0,11,5132.5923393226485
7416,97,1,2,1,12,5186.636150007793
7417,97,0,0,0,9,5187.933517705309
7418,96,0,1,0,9,5243.31268333241
7419,96,0,0,0,8,5244.737683332411
7420,96,0,0,0,8,5246.037683332411
7421,96,0,0,0,8,5247.754349999078
7422,96,0,0,0,8,5249.221016665745
7423,96,0,0,0,8,5250.437683332412
7424,95,0,1,0,8,5307.316868468736
7425,95,0,0,1,7,5309.09318425821
7426,96,1,0,0,8,5255.198984422188
7427,96,0,0,0,8,5256.207317755521
7428,96,0,0,0,8,5257.590651088855
7429,96,0,0,0,8,5259.0156510888555
7430,96,0,0,0,8,5260.190651088856
7431,96,0,0,0,8,5261.073984422189
7432,96,0,0,1,8,5262.618776088856
7433,96,0,0,0,8,5264.418776088857
7434,96,0,0,0,8,5265.55210942219
7435,96,0,0,0,8,5267.0187760888575
7436,96,0,0,0,8,5268.443776088858
7437,96,0,0,0,8,5270.202109422192
7438,96,0,0,0,8,5271.877109422191
7439,96,0,0,0,8,5273.385442755525
7440,97,1,0,0,9,5219.915489737427
7441,97,0,0,0,9,5221.403634067325
7442,97,0,0,0,9,5222.603118603408
7443,97,1,1,0,10,5223.865151220492
7444,98,1,0,0,10,5171.686425187631
7445,98,0,0,0,10,5173.1956088611005
7446,98,0,0,0,10,5174.459894575387
7447,97,0,1,1,11,5229.407276260027
7448,97,0,0,0,10,5230.977894816729
7449,98,1,0,0,11,5178.9714877267625
7450,99,1,0,0,12,5127.970765628513
7451,99,0,0,0,12,5129.460159567908
7452,99,0,0,0,12,5130.707129264877
7453,99,0,0,0,12,5132.358139365887
7454,99,0,0,0,12,5133.766725224474
7455,99,0,0,0,12,5135.2965232042725
7456,99,1,1,1,13,5136.599308963266
7457,99,0,0,0,12,5138.007894821852
7458,99,0,0,0,12,5139.497288761246
7459,98,0,1,0,12,5193.364924875503
7460,98,0,0,0,11,5194.588394263258
7461,98,0,0,0,11,5195.934312630606
7462,98,0,0,0,11,5197.484312630607
7463,98,0,0,0,11,5198.911863651015
7464,98,0,0,1,11,5200.211863651015
7465,98,0,0,0,11,5201.843496304076
7466,98,1,1,0,12,5203.130616965997
7467,98,0,0,1,11,5204.5734741088545
7468,98,0,0,0,11,5205.878576149671
7469,99,1,0,1,13,5154.439398612806
7470,97,0,2,0,13,5261.9096479091595
7471,96,0,1,0,11,5318.266882675011
7472,96,0,0,0,10,5319.691882675012
7473,96,0,0,1,10,5321.278341008346
7474,96,0,0,0,10,5322.703341008345
7475,96,0,0,0,10,5324.461674341679
7476,96,0,0,0,10,5325.761674341679
7477,96,0,0,1,10,5327.223132675013
7478,97,1,0,0,11,5273.486811719601
7479,97,0,0,0,11,5274.7687704824875
7480,97,0,0,0,11,5275.803306564962
7481,97,0,0,0,11,5277.29145089486
7482,97,0,0,0,11,5278.325986977334
7483,97,0,0,1,11,5279.8502137814585
7484,97,0,0,0,11,5281.338358111356
7485,97,0,0,0,11,5282.7852653278505
7486,97,0,0,0,11,5284.355883884552
7487,97,0,0,0,11,5285.472894193831
7488,97,0,0,0,11,5286.713615843316
7489,98,1,0,0,13,5234.260925885731
7490,98,0,0,0,13,5235.72929323267
7491,98,0,0,0,13,5236.911946293895
7492,98,0,0,0,12,5238.135415681651
7493,98,0,0,0,13,5239.5629667020585
7494,98,0,0,0,12,5241.0721503755285
7495,98,0,0,0,12,5242.5405177224675
7496,98,0,0,0,12,5244.212966702059
7497,98,0,0,0,12,5245.477252416345
7498,98,0,0,0,12,5246.904803436754
7499,98,0,0,0,12,5248.352762620428
7500,98,0,0,0,13,5249.535415681653
7501,98,0,0,0,12,5250.922150375531
7502,99,1,0,0,13,5199.033037745475
7503,99,0,0,0,14,5200.522431684869
7504,99,0,0,0,13,5202.17344178588
7505,99,0,0,0,14,5203.380007442445
7506,100,2,0,1,18,5152.875707368021
7507,100,0,0,0,18,5154.465707368022
7508,99,0,1,0,19,5207.854435871309
7509,99,0,0,0,15,5209.343829810703
7510,97,0,2,0,16,5318.03162223702
7511,97,1,1,0,14,5319.293209509429
7512,96,0,1,0,13,5376.040393953926
7513,96,0,0,0,13,5377.340393953927
7514,96,0,0,0,13,5378.640393953927
7515,95,0,1,1,13,5436.525565556492
7516,95,0,0,1,11,5437.754512924914
7517,95,0,0,0,11,5439.241355030177
7518,95,0,0,0,11,5440.3492497670195
7519,94,0,1,0,11,5500.004687130332
7520,94,0,0,0,9,5501.299367981396
7521,95,1,0,0,10,5444.945690423698
7522,95,0,0,0,10,5446.222006213172
7523,95,0,0,0,10,5447.793058844752
7524,94,0,1,0,10,5507.3817525179165
7525,94,0,0,0,9,5508.71898656047
7526,94,0,0,0,9,5510.141326986002
7527,93,0,1,0,9,5570.914921099293
7528,93,0,0,0,8,5572.6584694863905
7529,93,0,0,0,8,5574.315996368111
7530,94,1,0,0,10,5515.867421938663
7531,93,0,1,0,10,5576.616483258994
7532,93,0,0,0,9,5578.101967129962
7533,93,1,1,1,10,5579.347657779525
7534,92,0,1,0,9,5641.66950189321
7535,92,0,0,0,7,5643.045588849732
7536,92,1,1,1,8,5644.614560045804
7537,92,0,0,0,7,5645.903690480586
7538,92,0,0,0,7,5647.627603524065
7539,92,0,0,0,7,5648.7862991762395
7540,92,0,0,0,7,5650.292820915371
7541,92,0,0,0,7,5651.842820915371
7542,92,0,0,0,7,5652.871081784936
7543,91,0,1,0,7,5716.603647660902
7544,92,1,0,0,7,5655.565021055892
7545,92,0,0,0,7,5657.028064534154
7546,92,0,0,0,7,5657.96936888198
7547,92,0,0,0,7,5659.51936888198
7548,93,1,0,0,8,5599.875074592927
7549,93,0,0,0,8,5601.382063840239
7550,94,1,0,0,9,5542.900871671727
7551,95,1,0,0,10,5485.688230917288
7552,95,0,0,0,10,5486.901388812024
7553,95,0,0,0,10,5488.177704601499
7554,94,0,1,0,10,5547.769445788931
7555,93,0,1,0,9,5608.646145407435
7556,93,0,0,0,8,5610.174640031091
7557,93,0,0,0,8,5611.273027127866
7558,93,0,0,0,8,5612.672489493458
7559,93,0,0,0,8,5613.921414224641
7560,93,0,0,0,8,5615.363887342921
7561,93,0,0,0,8,5616.634317450448
7562,93,0,0,0,8,5618.334855084857
7563,91,0,2,0,8,5743.070737311042
7564,92,1,0,0,7,5681.570511905487
7565,92,0,0,0,7,5682.8596423402705
7566,92,0,0,0,7,5684.148772775053
7567,92,0,0,0,7,5685.611816253315
7568,91,0,1,0,7,5749.4849567071815
7569,90,0,1,0,6,5815.002819158504
7570,91,1,0,0,6,5752.217073893026
7571,91,0,0,0,6,5753.679161805115
7572,91,0,0,1,6,5755.465425541379
7573,92,1,0,0,7,5694.569605698538
7574,92,0,0,0,7,5695.815257872452
7575,92,0,0,1,6,5697.142431785495
7576,92,0,0,0,6,5698.779388307235
7577,91,0,1,0,6,5762.751771080711
7578,91,0,0,0,5,5763.985804640078
7579,91,0,0,0,5,5765.07426617854
7580,91,0,0,1,5,5766.377013431287
7581,91,0,0,0,5,5767.90503540931
7582,91,0,0,0,5,5769.389101343377
7583,92,1,0,0,6,5708.015850241819
7584,92,0,0,0,6,5709.652806763557
7585,92,1,1,0,7,5711.574965640253
7586,92,0,0,0,6,5712.994530857645
7587,92,0,0,0,6,5714.4140960750365
7588,92,0,0,1,6,5715.87170477069
7589,92,0,0,0,6,5717.508661292429
7590,92,1,1,0,7,5719.081026843353
7591,93,1,0,0,7,5658.667252361167
7592,93,0,0,0,7,5660.109725479447
7593,93,0,0,0,7,5661.616714726759
7594,93,0,0,0,7,5663.059187845039
7595,92,0,1,0,7,5726.117081364189
7596,91,0,1,1,6,5790.51659580542
7597,91,0,0,0,5,5792.220441959266
7598,91,0,0,0,5,5793.484727673553
7599,92,1,0,0,6,5731.980002372753
7600,93,1,0,0,7,5671.771615250466
7601,93,0,0,0,7,5673.085056110682
7602,94,1,0,0,8,5613.928526184717
7603,93,0,1,0,8,5676.033540352271
7604,93,0,0,0,7,5677.648056481304
7605,93,0,0,0,7,5679.305583363024
7606,93,0,0,1,7,5680.785690889907
7607,93,0,0,0,7,5682.486228524315
7608,93,0,0,0,7,5684.272787664101
7609,94,1,0,1,8,5625.202332476185
7610,95,1,0,0,10,5567.2075710817
7611,95,0,0,0,10,5568.315465818541
7612,95,0,0,0,10,5569.507571081699
7613,95,0,0,0,10,5570.741781608017
7614,95,0,0,0,10,5572.01809739749
7615,94,0,1,0,10,5632.500036810842
7616,95,1,0,0,9,5574.4705627391495
7617,95,0,0,0,9,5576.02056273915
7618,95,0,0,0,9,5577.514774749285
7619,95,0,0,1,9,5579.0384589598125
7620,95,0,0,0,9,5580.23056422297
7621,94,0,1,0,9,5640.929730533171
7622,94,0,0,0,8,5642.352070958703
7623,94,0,0,0,8,5643.902070958704
7624,95,1,0,0,9,5585.752575474929
7625,95,0,0,0,9,5587.07099652756
7626,95,0,0,0,9,5588.7683649486125
7627,95,0,0,0,9,5590.086786001246
7628,95,0,0,0,9,5591.447312317035
7629,95,0,0,0,9,5592.807838632824
7630,95,0,0,0,9,5594.378891264405
7631,95,0,0,1,9,5595.692049159142
7632,95,0,0,0,9,5597.136786001247
7633,96,1,0,0,10,5540.408798647067
7634,96,0,0,0,10,5541.958798647068
7635,96,0,0,0,10,5542.925465313735
7636,98,2,0,0,13,5431.037190511414
7637,98,0,0,0,13,5432.249734684236
7638,98,0,0,0,13,5433.269122439338
7639,98,0,0,0,13,5434.982387745461
7640,98,0,0,0,13,5436.042591827095
7641,98,0,0,0,13,5437.021163255667
7642,97,0,1,0,13,5494.557181321435
7643,96,0,1,1,11,5553.291189779836
7644,95,0,1,0,10,5613.0625534822475
7645,95,0,0,0,9,5614.844132429616
7646,95,0,0,0,9,5616.457290324354
7647,96,1,0,0,10,5559.611381050142
7648,96,0,0,0,10,5561.078047716809
7649,96,0,0,0,10,5562.461381050143
7650,96,0,0,0,10,5563.80304771681
7651,96,0,0,0,10,5564.97804771681
7652,95,0,1,0,10,5624.786287663768
7653,95,0,0,1,9,5625.931024505874
7654,95,0,0,0,9,5627.544182400611
7655,95,0,0,0,9,5628.778392926927
7656,95,0,0,0,9,5630.223129769033
7657,95,0,0,0,9,5631.541550821665
7658,95,1,1,0,11,5633.0093151162155
7659,96,1,0,0,10,5575.824322250422
7660,96,0,0,0,10,5577.311822250423
7661,96,0,0,0,10,5578.77848891709
7662,96,0,0,0,10,5580.245155583757
7663,96,0,0,0,11,5581.774322250422
7664,97,1,0,1,13,5525.491081814852
7665,97,0,0,0,12,5526.814277691141
7666,97,0,0,0,13,5528.384896247842
7667,97,0,0,0,13,5530.26479315506
7668,97,0,0,0,13,5531.62922614475
7669,99,2,0,0,14,5421.296817535766
7670,98,0,1,0,14,5477.674530732868
7671,98,0,0,0,12,5479.142898079807
7672,98,0,0,0,12,5480.366367467563
7673,98,0,0,0,14,5482.079632773685
7674,98,0,0,1,14,5483.563306243074
7675,98,0,0,0,13,5485.194938896136
7676,98,0,0,0,14,5486.459224610422
7677,98,0,0,0,14,5487.948000120627
7678,98,0,0,0,14,5489.74289807981
7679,96,0,2,0,13,5605.406063186779
7680,96,0,0,0,10,5607.055431720201
7681,96,0,0,0,10,5608.6887650535355
7682,95,0,1,1,11,5669.1641046530885
7683,95,0,0,0,10,5670.650946758352
7684,96,1,0,0,11,5612.657186896286
7685,95,0,1,1,11,5672.963799620142
7686,95,0,0,0,9,5673.903273304352
7687,96,1,0,1,11,5616.037093374099
7688,96,1,1,0,12,5617.566773739814
7689,95,0,1,0,11,5678.054976443431
7690,95,0,0,0,10,5679.24708170659
7691,95,0,0,0,10,5680.439186969747
7692,95,0,0,1,10,5682.089186969747
7693,95,0,0,0,10,5683.576029075012
7694,95,0,0,0,10,5685.315502759222
7695,95,0,0,0,10,5686.654976443433
7696,95,0,0,0,10,5687.804976443433
7697,94,0,1,0,10,5749.901409326805
7698,94,0,0,0,9,5751.447959798822
7699,93,0,1,1,8,5814.597638935031
7700,93,0,0,0,7,5815.9971013006225
7701,93,0,0,0,7,5817.095488397398
7702,94,1,0,0,8,5756.53223852083
7703,95,1,0,0,9,5697.112951799558
7704,95,0,0,0,9,5698.473478115348
7705,95,0,0,1,11,5699.786636010085
7706,95,0,0,0,10,5700.810320220612
7707,95,0,0,0,10,5701.918214957455
7708,95,0,0,0,10,5703.343812828535
7709,95,0,0,0,11,5704.746444407484
7710,94,0,1,1,11,5767.105272705475
7711,93,0,1,0,10,5830.686343614519
7712,93,0,0,0,9,5832.34387049624
7713,93,0,0,0,9,5834.145477672528
7714,92,0,1,0,9,5899.063637104905
7715,93,1,0,0,8,5837.187684017756
7716,93,0,0,0,8,5837.855963587648
7717,93,0,0,0,8,5839.083382942487
7718,93,0,0,1,8,5840.692522727435
7719,93,0,0,1,8,5841.8715549855
7720,93,0,0,0,8,5843.271017351091
7721,93,0,0,0,8,5844.584458211307
7722,93,0,0,0,8,5845.9839205768985
7723,92,0,1,0,8,5911.072733675918
7724,92,0,0,0,7,5912.8401249802655
7725,92,0,0,0,7,5914.346646719397
7726,92,0,0,0,7,5915.63577715418
7727,92,0,0,0,7,5916.924907588963
7728,92,0,0,0,7,5918.257516284615
7729,92,0,0,0,7,5919.850994545485
7730,92,0,0,0,7,5921.227081502007
7731,91,0,1,1,8,5987.829764770646
7732,91,0,0,0,7,5989.138006528888
7733,92,1,0,0,8,5925.267484718792
7734,92,0,0,0,8,5926.600093414444
7735,92,0,0,0,8,5927.932702110097
7736,91,1,2,0,9,5994.623816809539
7737,91,0,0,0,7,5996.15183878756
7738,91,0,0,1,7,5997.38944809971
7739,91,0,0,0,7,5998.785601945862
7740,91,0,0,0,7,6000.137799748061
7741,91,0,0,0,7,6001.402085462347
7742,91,0,0,0,7,6002.402634912897
7743,91,0,0,0,7,6004.150437110699
7744,91,0,0,0,7,6005.810327220591
7745,92,1,0,0,8,5941.867280185585
7746,92,0,0,0,8,5943.417280185584
7747,92,0,0,0,8,5944.706410620368
7748,93,1,0,0,9,5882.167632011547
7749,93,0,0,0,9,5883.825158893267
7750,93,0,0,0,9,5885.353653516923
7751,93,0,0,0,9,5886.581072871763
7752,93,0,0,0,9,5888.1310728717635
7753,93,0,0,0,9,5889.444513731979
7754,92,0,1,0,9,5954.65861633287
7755,92,0,0,0,8,5956.121659811132
7756,92,0,0,0,8,5957.7151380720015
7757,92,0,0,0,8,5959.004268506785
7758,92,0,0,0,8,5960.684703289393
7759,92,0,0,0,8,5962.408616332873
7760,92,0,0,0,8,5964.219485898089
7761,92,0,0,0,8,5965.334703289395
7762,91,0,1,0,8,6032.588082548927
7763,91,0,0,0,7,6033.764456175301
7764,91,0,0,1,6,6035.1551155159605
7765,91,0,0,0,6,6036.771049581896
7766,91,0,0,0,6,6037.903467164313
7767,91,0,0,0,6,6039.076600787533
7768,90,0,1,0,6,6107.6789608600475
7769,90,0,0,0,5,6109.2734053044915
7770,90,0,0,1,5,6110.195627526715
7771,90,0,0,0,5,6111.612294193382
7772,90,0,0,0,5,6113.2511830822705
7773,90,0,0,0,5,6114.934516415604
7774,89,0,1,1,5,6184.935619110044
7775,91,2,0,0,6,6050.452968140593
7776,91,0,0,0,6,6051.673297810923
7777,91,0,0,0,6,6053.223297810924
7778,91,0,0,0,6,6054.3557153933425
7779,92,1,0,0,7,5989.819783704284
7780,92,0,0,0,7,5991.826305443415
7781,92,0,0,0,7,5993.506740226023
7782,92,0,0,0,7,5994.969783704285
7783,92,0,0,0,7,5996.606740226024
7784,92,0,0,0,7,5997.765435878199
7785,93,1,0,0,8,5934.441076352627
7786,93,0,0,0,8,5936.227635492413
7787,93,0,0,0,8,5937.455054847252
7788,93,0,0,0,8,5938.94053871822
7789,93,0,0,0,8,5940.426022589188
7790,93,0,0,1,9,5941.605054847253
7791,93,0,0,0,9,5942.617420438651
7792,93,0,0,0,9,5943.7158075354255
7793,92,0,1,0,9,6009.4318596232815
7794,92,0,0,0,8,6010.807946579803
7795,92,0,0,0,8,6012.410024637275
7796,92,0,0,0,8,6013.655676811189
7797,92,0,0,0,8,6015.510024637275
7798,92,0,0,0,8,6017.277415941624
7799,90,0,2,0,8,6152.758115314329
7800,89,0,1,0,6,6223.191422074459
7801,89,0,0,0,5,6224.674006344123
7802,89,0,0,0,5,6226.021759153111
7803,89,0,0,0,5,6227.5492872429995
7804,89,0,0,0,5,6228.807152411539
7805,90,1,0,1,6,6160.9476284958555
7806,91,1,0,0,7,6094.272379831067
7807,91,0,0,0,7,6095.756445765133
7808,90,0,1,0,7,6165.185941684408
7809,90,0,0,0,6,6166.735941684407
7810,90,0,0,0,6,6168.152608351075
7811,90,0,0,0,6,6169.658163906632
7812,90,0,0,0,6,6170.9414972399645
7813,90,0,0,0,6,6172.358163906632
7814,90,0,0,0,6,6173.730386128855
7815,90,0,0,0,6,6174.969275017744
7816,90,0,0,1,6,6176.069275017745
7817,92,2,0,0,8,6042.7579864304025
7818,93,1,0,0,10,5979.250911307495
7819,93,0,0,0,10,5980.779405931151
7820,93,0,0,0,10,5981.920803780615
7821,93,0,0,0,10,5983.191233888142
7822,93,0,0,0,10,5984.332631737605
7823,93,0,0,0,10,5985.861126361261
7824,92,0,1,0,10,6052.342124611552
7825,92,0,0,0,9,6053.718211568074
7826,90,0,2,0,9,6189.433856577171
7827,90,0,0,0,6,6190.539412132727
7828,89,0,1,0,6,6261.574150946878
7829,89,0,0,0,5,6263.056735216542
7830,89,0,0,0,5,6264.449431845756
7831,89,0,0,0,5,6265.729768924409
7832,90,1,0,0,6,6197.465549269692
7833,90,0,0,0,6,6198.971104825249
7834,90,0,0,0,6,6200.276660380805
7835,90,0,0,0,6,6201.648882603027
7836,90,0,0,0,6,6202.887771491916
7837,90,0,0,0,6,6203.904438158584
7838,90,0,0,0,6,6205.454438158584
7839,90,0,0,0,6,6206.648882603028
7840,91,1,0,0,7,6139.735158618381
7841,91,0,0,0,7,6141.482960816183
7842,91,0,0,0,7,6143.1868069700295
7843,91,0,0,0,7,6144.629812713747
7844,91,0,0,0,7,6145.718274252209
7845,91,0,0,0,7,6146.938603922539
7846,91,0,0,0,7,6148.334757768693
7847,91,0,0,0,7,6149.730911614846
7848,91,0,0,1,7,6151.253439087374
7849,91,0,0,0,7,6152.869373153309
7850,91,0,0,0,7,6154.397395131332
7851,91,0,0,0,7,6155.881461065398
7852,91,0,0,0,7,6157.629263263201
7853,92,1,0,1,9,6091.9653582277315
7854,92,0,0,0,9,6093.341445184254
7855,92,0,0,0,9,6095.152314749472
7856,92,0,0,0,9,6096.658836488602
7857,92,0,0,0,9,6097.947966923385
7858,91,0,1,0,9,6166.394702219923
7859,91,0,0,1,8,6167.58755936278
7860,91,0,0,0,8,6168.983713208934
7861,90,0,1,0,8,6238.806916618358
7862,90,0,0,0,7,6240.26802772947
7863,90,0,0,0,7,6241.595805507248
7864,90,0,0,0,7,6242.879138840581
7865,90,0,0,0,7,6243.9846943961375
7866,90,0,0,0,7,6245.134694396138
7867,90,0,0,0,7,6246.6402499516935
7868,90,0,0,0,7,6248.101361062804
7869,90,0,0,0,7,6249.518027729472
7870,90,0,0,0,7,6251.2013610628055
7871,90,0,0,0,7,6252.6180277294725
7872,91,1,0,0,8,6185.462884567612
7873,91,0,0,0,8,6187.078818633546
7874,91,0,0,0,8,6188.650796655524
7875,91,1,1,0,9,6189.806609060782
7876,91,0,0,0,8,6191.422543126716
7877,90,0,1,0,8,6261.584541304842
7878,90,0,0,0,7,6263.001207971508
7879,90,0,0,0,7,6264.417874638175
7880,90,0,0,0,7,6265.745652415954
7881,89,0,1,0,7,6337.671963116141
7882,89,0,0,0,6,6339.244435026254
7883,89,0,0,0,6,6340.727019295917
7884,89,0,0,0,6,6341.580390082434
7885,89,0,0,0,6,6343.1528619925475
7886,89,0,0,0,6,6344.410727161087
7887,89,0,0,0,6,6345.578704689176
7888,90,1,0,0,7,6276.382830192631
7889,90,0,0,1,7,6277.57171908152
7890,90,0,0,0,7,6278.943941303743
7891,90,0,0,0,7,6280.471719081522
7892,90,0,0,0,7,6281.977274637077
7893,89,0,1,0,7,6354.26533255529
7894,89,0,0,0,6,6355.52319772383
7895,89,0,0,0,6,6356.870950532818
7896,89,0,0,0,6,6358.3984786227065
7897,89,0,0,0,6,6359.611399971022
7898,90,1,0,0,7,6289.992939971345
7899,90,0,0,0,7,6291.0984955269005
7900,89,0,1,0,7,6363.465521219494
7901,89,0,0,0,6,6364.453723466684
7902,89,0,0,0,6,6365.441925713876
7903,89,0,0,0,6,6366.834622343091
7904,89,0,0,0,6,6368.25281861403
7905,89,0,0,0,6,6369.735402883693
7906,89,0,0,0,6,6371.262930973581
7907,90,1,0,0,7,6301.692787296097
7908,87,0,3,0,7,6520.512803253694
7909,87,0,0,0,4,6522.361653828408
7910,88,1,0,1,4,6449.3160668530845
7911,88,0,0,0,4,6450.456975943994
7912,88,0,0,0,4,6451.552430489449
7913,88,0,0,0,4,6452.875157762177
7914,89,1,0,0,5,6381.611391944625
7915,89,0,0,0,6,6382.779369472714
7916,89,0,0,0,6,6383.857459360355
7917,89,0,0,0,6,6384.980493068221
7918,89,0,0,0,6,6386.373189697434
7919,89,0,0,0,6,6387.631054865975
7920,88,0,1,1,6,6461.394180988747
7921,88,0,0,1,3,6462.8021355342025
7922,88,0,0,0,3,6464.306680988748
7923,89,1,0,0,5,6392.779639629324
7924,90,1,0,0,6,6323.05931030011
7925,90,0,0,0,6,6324.431532522332
7926,90,0,0,0,6,6325.848199188999
7927,90,0,0,0,6,6327.0870880778875
7928,90,0,0,0,6,6328.592643633445
7929,90,0,0,0,6,6329.964865855667
7930,89,0,1,0,6,6402.207904749025
7931,89,0,0,0,4,6403.420826097341
7932,90,1,0,0,5,6333.404483585147
7933,91,1,0,0,6,6265.317621128169
7934,91,0,0,0,6,6266.713774974323
7935,91,0,0,0,6,6268.109928820478
7936,91,0,0,0,6,6269.374214534763
7937,92,1,0,0,7,6202.414168724603
7938,91,0,1,0,7,6272.008862068281
7939,91,0,0,0,6,6273.448971958391
7940,92,1,0,0,7,6206.314200524061
7941,92,0,0,2,7,6208.157678784931
7942,93,1,0,0,8,6142.442004819502
7943,93,0,0,0,8,6143.755445679717
7944,94,1,0,0,9,6079.589430300146
7945,94,0,0,0,9,6081.011770725679
7946,94,0,0,1,9,6082.471345193763
7947,94,0,0,0,9,6084.404323917169
7948,94,0,0,0,9,6085.720281363978
7949,94,0,0,0,9,6086.887302640573
7950,94,0,0,0,9,6088.437302640574
7951,94,0,0,0,9,6089.96602604483
7952,96,2,0,0,11,5964.079141297904
7953,97,1,0,0,12,5903.529871799988
7954,97,0,0,0,12,5905.100490356689
7955,97,0,0,0,12,5906.423686232978
7956,97,0,0,0,12,5907.870593449473
7957,97,0,0,0,12,5909.193789325763
7958,96,0,1,0,12,5972.169275939053
7959,94,0,2,0,11,6100.822181565756
7960,94,0,0,0,9,6102.287075182779
7961,95,1,0,0,10,6039.312474391381
7962,94,0,1,0,10,6105.06359102346
7963,95,1,0,0,10,6042.186079539003
7964,95,0,0,0,10,6043.546605854793
7965,95,0,0,0,10,6045.243974275845
7966,95,0,0,0,10,6046.436079539003
7967,94,0,1,0,10,6112.263622146334
7968,94,0,0,0,9,6113.728515763356
7969,94,0,0,0,9,6114.810430656972
7970,93,0,1,1,9,6181.951876471163
7971,93,0,0,0,8,6183.3083280840665
7972,93,0,0,0,8,6184.750801202346
7973,93,0,0,0,8,6186.193274320626
7974,93,0,0,0,8,6187.205639912025
7975,94,1,0,0,9,6122.917813955514
7976,94,0,0,0,9,6124.510367147004
7977,94,0,0,0,9,6125.975260764025
7978,94,0,0,0,9,6127.525260764026
7979,94,0,0,0,9,6128.564622466154
7980,94,0,0,1,9,6129.683771402324
7981,95,1,0,0,10,6066.126047492826
7982,95,0,0,0,10,6067.528679071774
7983,95,0,0,0,10,6068.762889598091
7984,94,0,1,0,10,6134.614424885987
7985,94,0,0,0,9,6135.653786588115
7986,94,0,0,0,9,6137.033573822158
7987,94,0,0,1,10,6138.450595098754
7988,93,0,1,0,10,6205.506267487553
7989,93,0,0,0,9,6207.034762111209
7990,94,1,0,0,10,6142.195562514281
7991,94,0,0,0,10,6143.596626344069
7992,94,0,0,0,10,6145.146626344068
7993,93,0,1,0,10,6212.405730791872
7994,93,0,0,0,9,6213.977236168217
7995,93,0,0,1,10,6215.070246920905
7996,94,1,0,0,11,6150.188116634514
7997,95,1,0,1,12,6086.710622477078
7998,95,0,0,0,12,6087.902727740237
7999,95,0,0,0,12,6089.3895698455
8000,95,0,0,0,12,6091.044833003395
8001,95,0,0,0,12,6092.7422014244485
8002,94,1,2,0,13,6159.04415813803
8003,94,0,0,0,11,6160.5090517550525
8004,94,0,0,0,11,6161.8462857976065
8005,94,0,0,0,11,6163.09841345718
8006,94,0,0,0,11,6164.478200691224
8007,94,0,0,0,11,6165.943094308245
8008,96,2,0,0,14,6038.211988176823
8009,96,0,0,0,14,6039.386988176823
8010,96,0,0,0,14,6040.520321510157
8011,96,0,0,0,14,6041.945321510158
8012,95,0,1,0,14,6106.8176238923725
8013,96,1,0,0,15,6044.488794476827
8014,96,0,0,0,15,6045.872127810161
8015,95,0,1,0,15,6110.743826374039
8016,95,0,0,0,14,6112.356984268776
8017,94,0,1,0,14,6178.459194709321
8018,94,0,0,0,12,6179.668769177408
8019,94,0,0,0,12,6180.537918113579
8020,94,0,0,0,12,6181.875152156131
8021,94,0,0,0,12,6183.212386198685
8022,94,0,0,0,12,6184.634726624217
8023,93,0,1,0,12,6252.444893956354
8024,94,1,0,1,11,6187.244948275967
8025,94,0,0,0,11,6188.752395084477
8026,94,0,0,0,11,6190.047075935541
8027,95,1,0,0,12,6126.4855277678
8028,95,0,0,0,12,6127.972369873063
8029,95,0,0,0,12,6129.417106715168
8030,95,0,0,0,12,6130.861843557274
8031,95,0,0,0,12,6132.432896188854
8032,95,0,0,0,12,6133.877633030959
8033,95,0,0,0,12,6135.490790925697
8034,95,0,0,0,12,6137.272369873065
8035,95,0,0,1,11,6138.5013172414865
8036,95,1,1,1,12,6139.880388926717
8037,94,0,1,0,11,6206.7013567815
8038,94,0,0,0,10,6208.2088035900115
8039,94,0,0,1,10,6209.45561210065
8040,93,0,1,0,10,6277.57759999424
8041,93,0,0,0,9,6279.149105370584
8042,94,1,0,1,10,6213.367199994302
8043,94,0,0,0,10,6214.704434036856
8044,94,0,0,0,10,6215.956561696429
8045,95,1,0,0,11,6151.5749136785735
8046,94,0,1,0,11,6218.4348625754965
8047,94,0,0,0,10,6220.027415766986
8048,94,0,0,0,10,6221.364649809539
8049,94,0,0,0,10,6222.55294768188
8050,94,0,0,0,10,6224.273160447839
8051,93,0,1,0,10,6292.381369568235
8052,93,0,0,0,9,6293.737821181138
8053,93,0,0,0,9,6295.2878211811385
8054,94,1,0,0,10,6229.637418828148
8055,94,0,0,0,10,6230.932099679212
8056,94,0,0,0,10,6232.056567764318
8057,94,0,0,0,10,6233.181035849426
8058,94,0,0,0,10,6234.816142232405
8059,94,0,0,1,10,6236.382099679213
8060,95,1,0,0,11,6171.911761787854
8061,94,0,1,0,11,6238.94810433013
8062,94,1,1,0,11,6240.563654053853
8063,94,0,0,0,10,6242.028547670874
8064,94,0,0,1,10,6243.5306753304485
8065,94,0,0,0,10,6245.165781713427
8066,93,0,1,0,10,6313.628437068329
8067,93,0,0,0,9,6315.02789943392
8068,93,0,0,0,9,6316.212308036071
8069,93,0,0,0,9,6317.611770401662
8070,91,0,2,0,9,6457.7790364339435
8071,91,0,0,0,6,6459.04332214823
8072,91,0,0,0,6,6460.527388082297
8073,89,0,2,0,6,6607.093926747366
8074,89,0,0,0,4,6608.351791915907
8075,90,1,0,0,5,6536.413994227953
8076,90,0,0,0,5,6537.8306608946195
8077,90,0,0,0,5,6539.158438672397
8078,90,0,0,1,5,6540.613994227954
8079,90,0,0,0,5,6542.075105339065
8080,90,0,0,0,5,6543.269549783509
8081,90,0,0,0,5,6545.041772005733
8082,90,0,0,0,5,6546.5473275612885
8083,90,0,0,0,5,6547.563994227955
8084,90,0,0,0,5,6549.113994227955
8085,90,0,0,0,5,6550.263994227957
8086,90,0,0,0,5,6551.725105339067
8087,90,0,0,0,5,6553.408438672401
8088,91,1,0,0,6,6482.991862423255
8089,91,0,0,0,6,6484.475928357321
8090,91,0,0,0,6,6485.740214071608
8091,91,0,0,0,6,6487.092411873805
8092,91,0,0,0,6,6488.092961324354
8093,91,0,0,0,6,6489.730873412267
8094,91,0,0,0,6,6491.390763522158
8095,91,0,0,0,6,6493.094609676004
8096,91,0,0,0,6,6494.666587697983
8097,91,0,0,0,6,6495.930873412269
8098,91,0,0,0,6,6497.678675610072
8099,91,0,0,1,6,6498.673730555128
8100,91,0,0,0,6,6499.806148137545
8101,90,0,1,0,6,6573.349227679421
8102,90,0,0,0,5,6574.765894346088
8103,90,0,0,0,5,6576.271449901645
8104,89,0,1,0,5,6651.641508154272
8105,89,0,0,0,4,6653.303867704834
8106,89,0,0,0,4,6654.966227255397
8107,89,0,0,0,4,6656.044317143037
8108,89,0,0,0,4,6657.347126131802
8109,89,0,0,0,4,6659.009485682364
8110,90,1,0,1,5,6586.192158063672
8111,90,0,0,0,5,6588.142158063672
8112,90,0,0,0,5,6589.781046952561
8113,90,0,0,0,5,6591.286602508117
8114,90,0,0,0,5,6592.925491397006
8115,90,0,0,0,5,6594.20882473034
8116,90,0,0,0,5,6595.847713619229
8117,90,0,0,0,5,6597.131046952563
8118,90,0,0,0,5,6598.458824730341
8119,90,0,0,0,5,6599.653269174785
8120,90,0,0,0,5,6601.114380285898
8121,90,0,0,0,5,6602.48660250812
8122,90,0,0,0,5,6603.858824730342
8123,90,0,0,0,5,6605.542158063677
8124,90,0,0,0,5,6606.514380285899
8125,90,0,0,1,6,6607.703269174788
8126,90,0,0,0,6,6609.0310469525675
8127,90,0,0,1,7,6610.63577662144
8128,91,1,0,0,8,6539.414504350874
8129,91,0,0,0,8,6540.502965889336
8130,91,0,0,0,8,6541.767251603623
8131,92,1,0,0,9,6471.585542347062
8132,92,0,0,0,9,6473.39641191228
8133,91,0,1,0,9,6546.321307471563
8134,91,0,0,0,8,6547.497681097937
8135,91,0,0,0,8,6548.366362416619
8136,91,0,0,0,8,6549.762516262774
8137,90,0,1,0,8,6624.285483748622
8138,90,0,0,0,7,6625.657705970844
8139,89,0,1,0,7,6701.267190726259
8140,89,0,0,1,6,6703.0587637599665
8141,88,0,1,0,6,6780.686364783701
8142,89,1,0,0,6,6705.874158437817
8143,89,0,0,0,6,6706.997192145683
8144,89,0,0,0,6,6708.614607876018
8145,89,0,0,0,6,6710.097192145683
8146,89,0,0,0,6,6711.579776415347
8147,89,0,0,0,6,6713.1073045052335
8148,89,0,0,0,6,6714.589888774897
8149,89,0,0,0,6,6716.027529224336
8150,89,0,0,0,6,6717.198704694918
8151,89,0,0,1,6,6719.03522154885
8152,89,0,0,0,6,6720.38297435784
8153,89,0,0,0,6,6721.775670987055
8154,89,0,0,0,6,6722.966120425257
8155,90,1,0,1,7,6649.571496864976
8156,89,0,1,0,7,6725.539522265849
8157,89,0,0,0,6,6726.662555973715
8158,89,0,0,0,6,6728.235027883827
8159,89,0,0,0,6,6729.672668333266
8160,89,0,0,1,7,6731.374353726525
8161,89,0,0,0,7,6732.901881816414
8162,89,0,0,0,7,6734.564241366975
8163,89,0,0,0,7,6735.9119941759645
8164,89,0,0,0,7,6736.900196423157
8165,89,0,0,0,7,6738.607499793942
8166,89,0,0,0,7,6740.269859344505
8167,89,0,0,1,8,6741.342331254618
8168,89,0,0,0,8,6742.600196423158
8169,88,0,1,0,8,6820.449363842363
8170,88,0,0,0,7,6821.863000206
8171,88,0,0,0,7,6823.458454751454
8172,88,0,0,0,7,6824.781182024182
8173,87,0,1,0,7,6904.888049526767
8174,87,0,0,0,6,6906.369084009526
8175,87,0,0,1,6,6907.66046331987
8176,87,0,0,0,6,6909.049543779642
8177,87,0,0,0,6,6910.622532285389
8178,87,0,0,2,5,6912.092072515275
8179,87,0,0,0,5,6913.579249150355
8180,87,0,0,0,5,6915.244191679092
8181,88,1,0,1,6,6837.91584859183
8182,88,0,0,0,6,6839.374939500921
8183,88,0,0,0,6,6840.697666773648
8184,87,0,1,0,6,6920.781213721599
8185,87,0,0,0,5,6922.722018319301
8186,87,0,0,0,5,6923.743282687117
8187,87,0,0,0,5,6924.948455100911
8188,87,0,0,1,5,6926.331788434244
8189,89,2,0,0,7,6771.637253862689
8190,89,0,0,0,7,6773.074894312127
8191,88,0,1,0,7,6851.407964904134
8192,88,0,0,0,6,6852.82160126777
8193,88,0,0,0,6,6854.2352376314075
8194,89,1,0,0,7,6778.6415832759985
8195,89,0,0,0,7,6780.39383046701
8196,89,0,0,0,7,6781.786527096225
8197,89,0,0,1,7,6783.443268669258
8198,88,0,1,0,7,6862.21137403067
8199,88,0,0,0,6,6863.670464939762
8200,88,0,0,0,6,6864.99319221249
8201,88,0,0,0,6,6866.634101303399
8202,88,0,0,0,6,6868.002283121581
8203,88,0,0,0,6,6869.620464939763
8204,88,0,0,0,6,6870.761374030673
8205,87,0,1,0,6,6951.029199618698
8206,87,0,0,0,5,6952.418280078469
8207,89,2,0,0,7,6797.227419851986
8208,89,0,0,0,7,6798.6201164812
8209,88,0,1,0,7,6877.4222231693475
8210,88,0,0,0,6,6878.835859532984
8211,88,0,0,0,6,6880.294950442075
8212,88,0,0,0,6,6881.935859532984
8213,88,0,0,1,5,6883.525632260259
8214,88,0,0,0,5,6885.257450442077
8215,88,0,0,1,6,6886.619950442077
8216,88,0,0,0,6,6887.851768623896
8217,88,0,0,0,6,6889.310859532987
8218,88,0,0,0,6,6890.58813226026
8219,88,0,0,0,6,6892.229041351169
8220,89,1,0,1,7,6815.68601841464
8221,88,0,1,0,7,6894.507103544031
8222,88,0,0,0,6,6895.829830816759
8223,88,0,0,1,6,6897.465058089487
8224,88,0,0,0,6,6898.560512634941
8225,88,0,0,0,6,6899.746876271307
8226,87,0,1,0,6,6980.0735313058185
8227,87,0,0,0,5,6981.600542800073
8228,87,0,0,1,5,6983.213761190877
8229,87,0,0,0,5,6984.464910616166
8230,88,1,0,0,6,6905.992013904618
8231,88,0,0,0,6,6907.405650268254
8232,88,0,0,0,6,6908.546559359165
8233,88,0,0,0,6,6910.096559359165
8234,88,0,0,0,6,6911.055650268257
8235,88,0,0,0,6,6912.423832086439
8236,88,0,0,0,6,6913.88292299553
8237,87,0,1,0,6,6994.737626415141
8238,87,0,0,0,5,6996.218660897899
8239,87,0,0,0,5,6997.92958043813
8240,87,0,0,0,5,6999.088775840429
8241,87,0,0,0,5,7000.247971242728
8242,87,0,0,0,5,7001.315212622038
8243,87,0,0,0,5,7002.70429308181
8244,87,0,0,0,5,7004.323258599051
8245,87,0,0,0,5,7005.620385035833
8246,87,0,0,0,5,7006.963488484109
8247,87,0,0,0,5,7008.306591932386
8248,87,0,0,0,5,7009.925557449627
8249,87,0,0,0,5,7011.176706874916
8250,87,1,1,0,6,7012.313750870006
8251,87,0,0,0,5,7014.0706474217295
8252,87,0,0,0,5,7015.183865812535
8253,87,0,0,0,5,7016.618923283799
8254,87,0,0,0,5,7017.778118686098
8255,87,0,0,0,5,7018.937314088397
8256,87,0,0,0,5,7020.418348571157
8257,86,0,1,0,5,7103.363791686607
8258,86,0,0,0,4,7104.9137916866075
8259,87,1,0,0,5,7024.6653572994055
8260,87,0,0,0,5,7026.192368793659
8261,87,0,0,0,5,7027.857311322396
8262,87,0,0,1,4,7029.102713621245
8263,87,0,0,0,4,7030.4458170695225
8264,86,0,1,1,4,7113.456109490859
8265,86,0,0,0,3,7114.494481583883
8266,85,0,1,0,3,7199.247069172697
8267,85,0,0,0,2,7200.8205985844625
8268,85,0,0,0,2,7201.923539760934
8269,85,0,0,0,2,7203.120598584463
8270,85,0,0,0,2,7204.55295152564
8271,85,0,0,0,2,7205.844127996229
8272,85,0,0,0,2,7207.041186819758
8273,85,0,0,1,3,7208.373539760934
8274,85,0,0,0,3,7209.570598584465
8275,85,0,0,0,3,7210.626480937407
8276,85,0,0,0,3,7211.964716231524
8277,84,0,1,1,3,7299.077811454846
8278,84,0,0,0,2,7300.723049550083
8279,84,0,0,0,2,7302.034954311988
8280,84,0,0,0,2,7303.299240026276
8281,84,0,0,0,2,7304.849240026276
8282,84,0,0,0,2,7306.304001931037
8283,84,0,0,0,2,7307.615906692943
8284,84,0,0,0,2,7308.737335264373
8285,84,0,0,0,2,7310.7159066929435
8286,84,0,0,0,2,7312.551620978658
8287,84,0,0,0,2,7313.863525740564
8288,85,1,0,0,3,7229.138072496557
8289,85,0,0,0,3,7230.4763077906755
8290,85,0,0,0,3,7231.673366614205
8291,86,1,0,0,4,7148.557978630319
8292,86,0,0,1,4,7150.195187932645
8293,86,0,0,0,4,7151.6521646768315
8294,86,0,0,0,4,7153.202164676833
8295,86,0,0,0,4,7154.891699560554
8296,88,2,0,0,6,6993.340751843269
8297,88,0,0,0,6,6994.663479115997
8298,88,0,0,0,6,6996.077115479633
8299,88,0,0,0,6,6997.763479115997
8300,88,0,0,0,6,6999.404388206906
8301,88,0,0,2,6,7000.4884791159975
8302,88,0,0,0,6,7001.8112063887265
8303,88,0,0,1,6,7003.491888206909
8304,88,0,0,0,6,7004.950979116
8305,89,1,0,0,7,6927.663889463011
8306,89,0,0,0,7,6928.921754631551
8307,90,1,0,1,8,6853.016512913422
8308,89,0,1,0,8,6931.743592963396
8309,89,0,0,0,7,6933.1812334128335
8310,89,0,0,0,7,6934.965670556624
8311,89,0,0,0,7,6936.223535725163
8312,88,0,1,0,7,7016.363502643107
8313,88,0,0,0,6,7018.277139006744
8314,89,1,0,0,7,6940.525710478578
8315,89,0,0,0,7,6942.0082947482415
8316,89,0,0,1,7,6943.12571047858
8317,90,1,0,0,8,6867.312647028817
8318,90,0,0,1,8,6868.945980362152
8319,90,0,0,1,8,6870.357091473263
8320,90,0,0,0,8,6871.68486925104
8321,90,0,0,0,8,6872.790424806598
8322,90,0,0,1,8,6874.290424806598
8323,90,0,0,0,8,6875.662647028819
8324,90,0,0,0,8,6877.3459803621545
8325,90,0,0,0,8,6878.407091473266
8326,90,1,1,0,9,6879.625366573967
8327,90,0,0,1,8,6881.080922129522
8328,91,1,0,0,9,6806.623988919308
8329,91,0,0,0,9,6807.93223067755
8330,91,0,0,0,9,6809.460252655573
8331,91,0,0,0,9,6810.680582325903
8332,92,1,0,0,10,6737.967206431057
8333,92,0,0,1,10,6739.38133686584
8334,92,0,0,0,10,6740.496554257144
8335,92,0,0,0,10,6741.829162952798
8336,91,0,1,0,10,6817.353181406339
8337,91,0,0,0,9,6818.793291296449
8338,91,0,0,1,10,6820.381752834911
8339,91,0,0,0,10,6821.711972615131
8340,91,0,0,0,10,6822.800434153593
8341,91,0,0,0,10,6824.548236351397
8342,91,0,0,1,10,6825.8949396481
8343,91,0,0,0,10,6826.89548909865
8344,91,0,0,0,10,6828.247686900849
8345,90,0,1,0,10,6905.419682040554
8346,90,0,0,0,9,6906.791904262778
8347,89,0,1,0,9,6985.921623409383
8348,89,0,0,0,8,6987.62892678017
8349,89,0,0,0,8,6988.662072847586
8350,89,0,0,0,8,6989.96488183635
8351,89,0,0,0,8,6991.402522285789
8352,89,0,0,1,8,6993.194095319498
8353,89,0,0,0,8,6994.721623409385
8354,87,0,2,0,8,7157.315662370217
8355,88,1,0,0,7,7077.287643479646
8356,88,0,0,0,7,7078.655825297828
8357,88,0,0,0,7,7079.978552570557
8358,88,0,0,0,7,7081.255825297831
8359,88,0,0,0,7,7082.942188934194
8360,88,0,0,0,7,7084.5877416152625
8361,88,0,0,1,7,7086.177514342536
8362,88,0,0,0,7,7087.500241615263
8363,88,0,0,0,7,7088.868423433445
8364,89,1,0,0,8,7010.458665866778
8365,89,0,0,0,8,7011.671587215093
8366,90,1,0,0,9,6934.674680690481
8367,90,0,0,0,9,6936.358014023815
8368,90,0,0,0,9,6937.463569579371
8369,90,0,0,0,9,6938.658014023817
8370,89,0,1,0,9,7018.113071793842
8371,88,0,1,1,8,7099.360180106493
8372,88,0,0,0,7,7100.546543742857
8373,88,0,0,1,7,7102.409043742857
8374,88,0,0,0,7,7103.868134651948
8375,89,1,0,0,8,7025.020178082826
8376,89,0,0,1,7,7026.272425273837
8377,89,0,0,0,7,7027.844897183951
8378,88,0,1,0,7,7108.888696826591
8379,87,0,1,2,6,7192.066075761672
8380,87,0,0,0,5,7193.593087255927
8381,87,0,0,0,5,7194.706305646731
8382,87,0,0,0,5,7196.371248175467
8383,87,0,0,0,5,7197.714351623743
8384,87,0,0,0,5,7198.643661968572
8385,87,0,0,0,5,7200.354581508802
8386,86,0,1,0,5,7285.438612073365
8387,86,0,0,0,4,7287.081635329179
8388,86,0,0,0,4,7288.306053933831
8389,86,0,0,0,4,7289.716519050109
8390,86,0,0,0,4,7291.080472538481
8391,86,0,0,0,4,7292.537449282669
8392,87,1,0,0,5,7210.270352164477
8393,87,0,0,0,5,7212.165179750686
8394,87,0,0,0,5,7213.370352164478
8395,87,0,0,0,5,7214.9433406702265
8396,87,0,0,0,5,7216.332421129996
8397,87,0,0,0,5,7217.5835705552845
8398,86,0,1,0,5,7302.8685099972345
8399,86,0,0,0,4,7304.418509997236
8400,86,0,0,1,4,7305.451068136771
8401,86,0,0,0,4,7306.396416973979
8402,87,1,0,0,5,7224.153929422555
8403,87,0,0,0,5,7225.726917928303
8404,88,1,0,0,6,7144.785134770026
8405,89,1,0,0,7,7065.52238044677
8406,89,0,0,0,7,7067.27462763778
8407,89,0,0,0,7,7068.262829884971
8408,89,0,0,0,7,7069.835301795085
8409,89,0,0,0,7,7070.688672581603
8410,88,0,1,0,7,7152.356331787297
8411,88,0,0,0,6,7153.360877241843
8412,88,0,0,0,6,7154.819968150934
8413,87,0,1,0,6,7238.584600950183
8414,87,0,0,1,7,7240.059888306505
8415,87,0,0,0,7,7241.219083708805
8416,87,0,0,0,7,7242.700118191563
8417,86,0,1,0,7,7328.417636869494
8418,86,0,0,1,5,7329.961822916006
8419,86,0,0,0,5,7331.558334543914
8420,86,0,0,0,5,7333.015311288101
8421,86,0,0,0,5,7334.472288032287
8422,86,0,0,0,5,7336.022288032287
8423,86,0,0,0,5,7337.2932182648465
8424,86,0,0,0,5,7338.3315903578705
8425,86,0,0,0,5,7339.602520590429
8426,86,0,0,0,5,7341.012985706709
8427,85,0,1,0,5,7428.476797835243
8428,85,0,0,0,4,7429.81503312936
8429,85,0,0,0,4,7431.341503717597
8430,85,0,0,0,4,7432.726797835244
8431,86,1,0,0,5,7347.64567227902
8432,86,0,0,0,5,7349.195672279021
8433,86,0,0,0,5,7350.838695534835
8434,87,1,0,0,6,7267.625607080412
8435,87,0,0,0,6,7268.8767565057005
8436,87,0,0,0,6,7270.403767999954
8437,87,0,0,0,6,7271.884802482713
8438,87,0,0,0,6,7273.503767999954
8439,87,0,0,0,6,7274.8468714482315
8440,86,0,1,0,6,7360.706802332425
8441,86,0,0,0,5,7361.698662797541
8442,86,0,0,0,5,7362.8765697742865
8443,86,0,0,0,5,7364.0079651231235
8444,86,0,0,0,5,7365.092848844055
8445,86,0,0,0,5,7366.689360471963
8446,86,0,0,0,5,7368.425406983591
8447,86,0,0,0,5,7369.742848844055
8448,86,0,0,0,5,7370.9207558208
8449,86,0,0,1,5,7372.418430239405
8450,86,0,0,0,5,7373.921918611499
8451,86,0,0,0,5,7375.239360471964
8452,87,1,0,1,7,7291.602126443551
8453,87,0,0,0,7,7293.359022995276
8454,87,0,0,0,7,7294.426264374587
8455,87,0,0,0,7,7295.884310351599
8456,87,0,0,0,7,7297.3653448343575
8457,87,0,0,0,7,7298.938333340106
8458,87,0,0,0,7,7300.235459776887
8459,87,0,0,0,7,7301.716494259646
8460,86,0,1,0,7,7387.980236489637
8461,86,0,0,0,6,7389.34418997801
8462,86,0,0,0,6,7390.429073698941
8463,86,1,1,0,7,7391.771129683384
8464,86,0,0,0,6,7393.135083171757
8465,86,0,0,1,7,7394.028106427571
8466,86,0,0,0,7,7395.578106427572
8467,86,0,0,1,7,7397.168804101992
8468,86,0,0,0,7,7398.811827357806
8469,86,0,0,0,7,7400.547873869434
8470,87,1,0,0,8,7316.763415549096
8471,87,0,0,0,8,7318.106518997373
8472,87,0,0,0,8,7319.311691411166
8473,87,0,0,0,8,7320.470886813466
8474,87,0,0,1,8,7322.084105204271
8475,87,0,0,0,8,7323.841001755995
8476,87,0,0,0,8,7324.770312100823
8477,87,0,0,0,8,7326.527208652548
8478,87,0,0,0,8,7327.686404054846
8479,87,0,0,0,8,7329.37433508933
8480,87,0,0,0,8,7330.717438537606
8481,86,0,1,0,8,7417.271454937861
8482,85,0,1,0,7,7505.963509503889
8483,85,0,0,1,6,7507.719391856832
8484,85,0,0,0,6,7509.151744798008
8485,85,0,0,0,6,7510.537038915655
8486,85,0,0,0,6,7512.15762715095
8487,84,0,1,0,6,7602.612175779594
8488,84,0,0,0,5,7603.733604351022
8489,84,0,0,0,5,7605.093128160547
8490,83,0,1,0,5,7698.144861111599
8491,83,0,0,0,4,7699.622571954974
8492,83,0,0,0,4,7700.955704485095
8493,83,0,0,0,4,7702.192451473048
8494,83,0,0,1,4,7703.278596051361
8495,83,0,0,1,4,7704.653897256181
8496,83,0,0,1,4,7706.077391232085
8497,84,1,0,0,5,7615.869922288846
8498,84,0,0,0,5,7617.22944609837
8499,84,0,0,1,5,7618.773493717419
8500,84,0,0,0,5,7619.942541336466
8501,84,0,0,0,5,7621.111588955515
8502,84,0,0,0,5,7622.423493717421
8503,84,0,0,0,5,7623.544922288849
8504,83,0,1,0,5,7716.867844613836
8505,83,0,0,0,4,7717.91182051745
8506,83,0,0,0,4,7719.34133858974
8507,83,0,0,1,4,7720.7648325656455
8508,83,0,0,0,4,7721.905194011429
8509,83,0,0,0,4,7723.672061481308
8510,82,0,1,1,4,7819.401830023745
8511,82,0,0,0,3,7821.293293438381
8512,82,0,0,0,3,7823.087195877404
8513,82,0,0,0,3,7824.393293438381
8514,82,0,0,0,3,7825.748171487162
8515,82,0,0,0,3,7827.054269048138
8516,82,0,0,0,3,7828.653049535943
8517,82,0,0,0,3,7829.910366609115
8518,82,0,0,0,3,7831.4115861213095
8519,83,1,0,0,4,7738.419880264428
8520,83,0,0,0,4,7739.584338095753
8521,83,0,0,0,4,7741.013856168042
8522,83,0,0,0,4,7742.371085083705
8523,83,0,0,0,4,7743.51144652949
8524,83,0,0,0,4,7745.181928457201
8525,81,0,2,0,4,7938.137113593065
8526,82,1,0,0,3,7842.422636598028
8527,82,0,0,0,3,7843.533612207783
8528,82,0,0,0,3,7844.790929280955
8529,82,0,0,0,3,7845.999465866321
8530,82,0,0,0,3,7847.403124402907
8531,82,0,0,0,3,7849.17263659803
8532,82,0,0,0,3,7850.4299536712015
8533,82,0,0,0,3,7851.833612207787
8534,82,0,0,0,3,7853.725075622421
8535,82,0,0,0,3,7855.177514646813
8536,82,0,0,0,3,7856.629953671203
8537,82,0,0,0,3,7857.692148793155
8538,82,0,0,0,3,7858.99824635413
8539,82,0,0,0,3,7860.401904890717
8540,82,0,0,0,3,7861.854343915107
8541,82,0,0,0,3,7863.306782939499
8542,82,0,0,0,3,7864.466539037059
8543,82,0,0,0,3,7865.821417085841
8544,82,0,0,0,3,7867.165139319801
8545,84,2,0,0,5,7681.269540764569
8546,84,0,0,0,5,7682.725374876411
8547,84,0,0,0,5,7683.79918440022
8548,85,1,0,0,6,7594.5803704661
8549,85,0,0,0,6,7596.059782230806
8550,85,0,0,1,7,7597.250958701396
8551,86,1,0,0,8,7510.489319646728
8552,85,0,1,0,8,7600.559014228974
8553,84,0,1,0,7,7692.398585751259
8554,84,0,0,0,6,7693.615252417927
8555,86,2,0,0,9,7515.882339570999
8556,86,0,0,0,9,7517.525362826814
8557,85,0,1,1,9,7607.389418039739
8558,85,0,0,0,7,7608.657065098563
8559,86,1,0,0,8,7521.1116341090465
8560,87,1,0,0,9,7436.125293487104
8561,87,0,0,0,8,7437.744259004345
8562,87,0,0,0,9,7439.271270498599
8563,86,0,1,0,9,7526.854377414624
8564,86,0,0,1,9,7528.445075089042
8565,86,0,0,0,9,7530.134609972763
8566,86,0,0,0,9,7531.405540205322
8567,86,0,0,1,10,7532.484609972764
8568,86,1,1,0,12,7533.779908479175
8569,86,0,0,0,11,7534.8647922001055
8570,86,0,0,0,11,7536.414792200107
8571,86,0,0,0,11,7537.871768944292
8572,86,0,0,0,10,7539.235722432664
8573,86,0,0,0,10,7540.55316429313
8574,86,0,0,0,11,7541.638048014061
8575,86,0,0,0,10,7542.7694433628985
8576,86,0,0,0,10,7544.040373595457
8577,86,0,0,0,10,7545.915954990806
8578,87,1,0,1,11,7460.362898036889
8579,88,1,0,1,14,7376.52184237738
8580,88,0,0,0,14,7377.8445696501085
8581,88,0,0,0,13,7379.3036605592
8582,88,0,0,0,14,7380.671842377382
8583,88,0,0,0,14,7382.040024195564
8584,88,1,1,0,15,7383.386177276497
8585,87,0,1,0,13,7469.546412407461
8586,85,0,2,0,11,7646.724206102375
8587,85,0,0,0,8,7647.9683237494355
8588,85,0,0,0,8,7649.5418531612
8589,85,0,0,0,8,7651.068323749435
8590,84,0,1,0,8,7743.479879586428
8591,84,0,0,0,7,7744.98226053881
8592,84,0,0,0,7,7746.532260538811
8593,84,0,0,0,7,7747.987022443572
8594,83,0,1,0,7,7842.570468754037
8595,83,0,0,0,6,7843.759022970906
8596,83,0,0,0,6,7845.188541043195
8597,82,0,1,0,6,7942.359259082916
8598,82,0,0,0,5,7943.616576156086
8599,82,0,0,0,5,7945.215356643892
8600,82,0,0,0,5,7946.0824298146235
8601,82,0,0,0,5,7947.3885273756005
8602,82,0,0,0,5,7948.84096639999
8603,82,0,0,0,5,7949.951942009748
8604,82,0,0,0,5,7951.306820058528
8605,81,0,1,0,5,8051.238560109709
8606,81,0,0,0,4,8053.010782331932
8607,81,0,0,0,4,8054.486708257859
8608,81,0,0,0,4,8056.1107823319335
8609,81,0,0,0,4,8057.438560109712
8610,81,0,0,0,4,8058.76633788749
8611,81,0,0,1,4,8060.186708257861
8612,81,0,0,0,4,8061.366337887492
8613,82,1,0,0,5,7964.6368703522785
8614,82,0,0,0,5,7966.186870352279
8615,82,0,0,0,5,7968.029553279109
8616,82,0,0,0,5,7969.628333766915
8617,82,0,0,0,5,7970.93443132789
8618,82,0,0,0,5,7972.142967913257
8619,82,0,0,0,5,7973.205163035208
8620,82,0,0,0,5,7974.511260596185
8621,82,1,1,0,6,7975.844662381328
8622,82,0,0,0,5,7977.053198966694
8623,82,0,0,0,5,7978.651979454499
8624,82,0,0,0,5,7980.2019794545
8625,82,0,0,0,5,7981.5080770154755
8626,82,0,0,0,5,7982.960516039867
8627,82,0,0,0,5,7984.3641745764535
8628,82,0,0,0,5,7986.011735552063
8629,82,0,0,0,5,7987.464174576455
8630,82,0,0,0,5,7989.1605160398685
8631,82,0,0,0,5,7990.417833113041
8632,82,0,0,0,5,7991.821491649625
8633,81,0,1,0,5,8091.858854302215
8634,81,0,0,0,4,8093.334780228141
8635,81,0,0,0,4,8094.909471586167
8636,81,0,0,0,4,8096.138483931846
8637,81,0,0,0,4,8097.416878993576
8638,81,0,0,0,4,8098.892804919501
8639,81,0,0,0,4,8100.566261709625
8640,81,0,0,0,4,8102.0915703516
8641,82,1,0,0,5,8004.377648761947
8642,82,0,0,0,5,8005.8300877863385
8643,82,0,0,0,5,8006.79472193268
8644,82,0,0,0,5,8007.808136566828
8645,82,0,0,0,5,8008.967892664388
8646,82,0,0,0,5,8010.32277071317
8647,82,0,0,0,5,8011.702039005854
8648,82,0,0,0,5,8013.154478030244
8649,82,0,0,0,5,8014.363014615611
8650,82,0,0,0,5,8015.717892664391
8651,82,0,0,0,5,8016.828868274149
8652,82,0,0,0,5,8018.086185347319
8653,80,0,2,0,5,8219.48055504995
8654,80,0,0,0,3,8220.88055504995
8655,80,0,0,0,3,8222.28055504995
8656,80,0,0,0,3,8223.880555049951
8657,80,0,0,0,3,8225.28055504995
8658,80,0,0,0,3,8226.655555049952
8659,80,0,0,0,3,8228.405555049952
8660,80,0,0,0,3,8229.655555049952
8661,79,0,1,1,4,8335.03827614935
8662,80,1,0,0,4,8232.130922697483
8663,80,0,0,0,4,8233.530922697482
8664,80,0,0,0,4,8234.680922697484
8665,80,0,0,0,4,8236.230922697485
8666,80,0,0,0,4,8237.580922697485
8667,80,0,0,0,4,8238.931528535939
8668,80,0,0,0,4,8240.131528535941
8669,80,0,0,0,4,8241.781528535941
8670,80,0,0,0,4,8243.131528535941
8671,80,0,0,0,4,8244.481528535942
8672,80,0,0,0,4,8245.831528535942
8673,80,0,0,0,4,8247.231528535942
8674,80,0,0,0,4,8248.581528535944
8675,80,0,0,0,4,8250.181528535944
8676,80,0,0,0,4,8251.681528535944
8677,80,0,0,0,4,8252.981528535945
8678,79,0,1,0,4,8358.819888415765
8679,79,0,0,2,3,8359.623052972727
8680,78,0,1,2,3,8467.920347699888
8681,78,0,0,0,2,8469.419065648608
8682,79,1,0,0,3,8363.564393931538
8683,79,0,0,0,3,8364.937178741664
8684,79,0,0,0,3,8366.18338127331
8685,79,0,0,0,3,8367.20173570369
8686,79,0,0,0,3,8368.726419247994
8687,79,0,0,0,3,8370.099204058122
8688,79,0,0,1,3,8371.870723045464
8689,80,1,0,0,4,8268.502964007395
8690,80,0,0,0,4,8269.952964007396
8691,81,1,0,0,5,8169.212803957924
8692,82,1,0,0,6,8070.63155025112
8693,82,0,0,0,6,8072.27911122673
8694,82,0,0,0,6,8073.804720982828
8695,82,0,0,0,6,8075.403501470633
8696,82,0,0,0,6,8076.9047209828295
8697,82,0,0,0,6,8078.184116957173
8698,82,0,0,0,6,8079.5389950059525
8699,82,0,0,1,7,8080.790214518149
8700,82,0,0,1,7,8081.9438730547345
8701,82,0,0,0,7,8083.591434030345
8702,82,0,0,0,7,8084.99786960898
8703,82,0,0,0,7,8086.450308633372
8704,82,0,0,0,7,8087.853967169957
8705,82,0,0,0,7,8089.062503755324
8706,82,0,0,0,7,8090.07591838947
8707,82,0,0,0,7,8091.57692792629
8708,82,0,0,0,7,8092.834244999461
8709,81,0,1,0,7,8194.216547243328
8710,81,0,0,0,6,8195.890004033452
8711,81,0,0,0,6,8197.365929959378
8712,81,0,0,1,6,8198.835683045798
8713,81,0,0,0,6,8200.212843539626
8714,81,0,0,0,6,8201.441855885305
8715,81,0,0,0,6,8203.312843539625
8716,81,0,0,0,6,8204.8381521816
8717,81,0,0,0,6,8206.16592995938
8718,81,0,0,0,6,8207.592473169258
8719,81,0,0,0,6,8209.31531267543
8720,81,0,0,0,6,8210.939386749506
8721,81,0,0,0,6,8212.365929959382
8722,81,0,0,0,6,8213.594942305062
8723,82,1,0,0,7,8114.765125935488
8724,82,0,0,1,7,8115.918784472074
8725,81,0,1,0,7,8217.537773194155
8726,81,0,0,0,6,8219.11246455218
8727,81,0,0,0,6,8220.785921342305
8728,81,0,0,1,6,8222.403822576873
8729,81,0,0,0,6,8223.484686774404
8730,80,0,1,0,6,8327.573340742647
8731,81,1,0,0,6,8226.121818017431
8732,82,2,1,0,8,8127.11820376572
8733,83,1,0,0,10,8030.130032636013
8734,83,0,0,0,10,8031.704129021556
8735,83,0,0,0,9,8033.4709964914355
8736,83,0,0,0,9,8034.9969001058935
8737,82,0,1,0,9,8134.434198059251
8738,82,0,0,0,8,8135.8378565958365
8739,82,0,0,0,8,8137.241515132422
8740,81,1,2,0,9,8238.852893175974
8741,81,0,0,0,6,8239.933757373505
8742,81,0,0,0,6,8241.45906601548
8743,81,0,0,1,5,8243.027584534
8744,82,1,0,0,6,8143.741272527489
8745,82,0,0,1,7,8145.333955454318
8746,83,1,0,0,9,8048.367281292219
8747,83,0,0,0,9,8049.844992135592
8748,83,0,0,0,9,8051.274510207882
8749,83,0,0,0,9,8052.993184906677
8750,83,0,0,0,9,8054.085353581377
8751,83,0,0,1,9,8055.557040328366
8752,83,0,0,1,8,8056.643184906679
8753,82,0,1,0,8,8156.245773332554
8754,82,0,0,1,8,8157.692114795968
8755,81,0,1,0,8,8259.974689251992
8756,81,1,1,0,8,8261.27915616969
8757,81,0,0,0,6,8262.656316663519
8758,81,0,0,0,6,8264.280390737593
8759,81,0,0,0,6,8265.805699379569
8760,81,1,1,0,7,8267.06142457903
8761,81,0,0,1,6,8268.383029517303
8762,81,0,0,0,6,8269.562659146932
8763,81,0,0,0,6,8270.643523344464
8764,81,0,0,0,6,8271.971301122243
8765,81,0,0,0,6,8273.743523344465
8766,81,0,0,0,6,8274.972535690145
8767,80,0,1,0,6,8379.657805752568
8768,80,0,0,0,5,8381.35780575257
8769,80,0,0,0,5,8382.60780575257
8770,80,0,0,0,5,8383.75780575257
8771,80,0,0,0,5,8385.507805752572
8772,80,0,0,0,5,8387.05780575257
8773,81,1,0,0,6,8285.118820496366
8774,82,1,0,0,7,8185.319200734216
8775,82,0,0,0,7,8187.113103173241
8776,82,0,0,0,7,8188.3216397586075
8777,82,0,0,0,7,8190.066761709828
8778,82,0,0,0,7,8191.567981222022
8779,82,0,0,0,7,8192.58139585617
8780,82,0,0,0,7,8194.009444636658
8781,82,0,0,0,7,8195.120420246414
8782,82,0,0,0,7,8196.914322685441
8783,82,0,0,0,7,8198.269200734221
8784,83,1,0,0,8,8100.9539091591105
8785,83,0,0,0,8,8102.287041689231
8786,83,0,0,0,8,8103.571981448268
8787,82,0,1,0,8,8203.747121141852
8788,82,0,0,0,7,8204.662974800387
8789,82,0,0,0,7,8205.676389434535
8790,82,0,0,0,7,8206.98248699551
8791,82,0,0,0,7,8208.922730897952
8792,82,0,0,0,7,8210.228828458927
8793,82,0,0,0,7,8211.632486995513
8794,81,0,1,0,7,8314.333134617551
8795,81,0,0,0,6,8316.105356839775
8796,82,1,0,0,7,8216.02541346368
8797,82,0,0,0,7,8217.526632975874
8798,82,0,0,0,7,8219.02785248807
8799,82,0,0,0,7,8220.626632975876
8800,82,0,0,1,7,8222.268096390511
8801,81,0,1,0,7,8325.471325679906
8802,82,1,0,0,7,8225.277163171615
8803,83,1,0,0,8,8127.25093229003
8804,83,0,0,0,8,8128.535872049068
8805,83,0,0,0,8,8129.869004579188
8806,83,0,0,0,8,8131.587679277984
8807,84,1,0,0,9,8036.266992619912
8808,84,0,0,1,9,8037.367566082587
8809,84,0,0,0,9,8038.869947034968
8810,84,0,0,0,9,8040.277089892112
8811,84,0,0,0,9,8041.493756558778
8812,84,0,0,0,9,8043.043756558779
8813,82,0,2,0,9,8240.564453805457
8814,81,0,1,0,7,8343.870170894665
8815,81,0,0,0,6,8345.247331388491
8816,81,0,0,0,6,8346.426961018122
8817,81,0,0,0,6,8348.051035092196
8818,81,0,0,0,6,8349.77387459837
8819,82,1,0,0,7,8249.136998078879
8820,82,0,0,0,7,8250.29675417644
8821,82,0,0,0,7,8251.602851737416
8822,82,0,0,0,7,8253.055290761806
8823,82,0,0,0,7,8254.458949298392
8824,82,0,0,0,7,8255.813827347174
8825,82,0,0,0,7,8257.071144420344
8826,82,0,0,1,7,8258.371144420345
8827,82,0,0,0,7,8259.87236393254
8828,82,0,0,0,7,8261.471144420346
8829,82,0,0,0,7,8262.899193200834
8830,82,0,0,0,7,8264.40041271303
8831,83,1,0,0,8,8166.095588463475
8832,83,0,0,0,8,8167.717877620102
8833,83,0,0,0,8,8169.484745089983
8834,84,1,0,0,10,8073.617664791293
8835,84,0,0,0,10,8075.120045743674
8836,84,0,0,0,10,8076.336712410341
8837,84,0,0,0,9,8077.696236219866
8838,84,0,0,0,9,8079.150998124628
8839,84,0,0,0,9,8080.510521934153
8840,85,1,0,0,10,7986.483339323162
8841,86,1,0,0,12,7894.777137703127
8842,86,0,0,0,12,7896.094579563593
8843,85,0,1,0,12,7990.372155411058
8844,85,0,0,0,11,7992.086861293411
8845,85,0,0,0,11,7993.095684822824
8846,85,0,0,0,11,7994.669214234589
8847,85,0,0,0,10,7996.101567175765
8848,85,0,0,0,11,7997.439802469884
8849,83,0,2,0,10,8191.282801327407
8850,83,0,0,0,9,8192.51954831536
8851,83,0,0,0,8,8193.900873616565
8852,83,0,0,0,9,8195.089427833433
8853,83,0,0,0,9,8196.181596508131
8854,83,0,0,0,9,8197.61111458042
8855,82,0,1,0,9,8299.029807068997
8856,82,0,0,0,8,8300.238343654362
8857,79,0,3,0,8,8616.59548421618
8858,78,0,1,0,4,8728.508221293105
8859,78,0,0,0,3,8729.288990523875
8860,78,0,0,0,3,8730.326170011054
8861,79,1,0,0,4,8621.016977985599
8862,79,0,0,1,4,8622.45938304889
8863,79,0,0,0,4,8624.186598238764
8864,79,0,0,0,4,8625.559383048892
8865,79,0,0,0,4,8627.084066593196
8866,79,0,0,0,4,8628.34982372448
8867,79,0,0,0,4,8630.026406002962
8868,79,0,0,0,4,8631.297924990304
8869,79,0,0,0,4,8632.721342711822
8870,79,0,0,0,4,8633.891595876381
8871,79,0,0,0,4,8635.163114863723
8872,78,0,1,0,4,8747.415982286175
8873,78,0,0,0,3,8748.55572587592
8874,77,0,1,0,3,8863.486617033777
8875,77,0,0,0,2,8865.218435215595
8876,78,1,0,0,3,8752.886788610267
8877,78,0,0,0,3,8754.02653220001
8878,78,0,0,0,3,8755.26883989232
8879,78,0,0,0,3,8756.664993738474
8880,78,0,0,1,3,8758.003455276936
8881,78,0,0,0,3,8759.60473732822
8882,78,0,0,1,3,8761.045762969245
8883,79,1,0,0,4,8651.448981159509
8884,79,0,0,0,4,8652.619234324065
8885,79,0,0,0,4,8653.9413862228
8886,79,0,0,0,4,8655.719234324066
8887,79,0,0,0,4,8657.547715336725
8888,79,0,0,0,4,8659.07239888103
8889,78,0,1,0,4,8771.324005604505
8890,78,0,0,0,3,8772.822723553223
8891,78,0,0,0,3,8774.321441501941
8892,79,1,0,0,4,8664.404714394323
8893,79,1,1,0,5,8665.854610179278
8894,79,0,0,0,4,8667.632458280545
8895,79,0,0,0,4,8669.106508913457
8896,79,0,0,0,4,8670.985622837508
8897,79,0,0,0,4,8672.307774736242
8898,79,0,0,0,4,8673.427394989409
8899,79,0,0,0,4,8674.749546888143
8900,80,1,0,0,6,8567.395802552042
8901,80,0,0,1,6,8568.689552552041
8902,80,0,0,0,6,8569.539552552042
8903,80,0,0,0,6,8571.239552552044
8904,81,1,0,0,7,8466.681039557574
8905,81,0,0,0,7,8468.1569654835
8906,81,0,0,0,7,8469.682274125476
8907,80,0,1,0,7,8576.600468471946
8908,79,0,1,0,6,8686.534970604773
8909,79,0,0,0,5,8687.958388326293
8910,79,0,0,0,5,8689.58433769338
8911,79,0,0,0,5,8690.75459085794
8912,80,1,0,0,6,8583.300783472216
8913,80,0,0,1,6,8584.794533472215
8914,80,0,0,0,6,8586.194533472217
8915,80,0,0,0,6,8587.394533472218
8916,80,0,0,1,4,8588.888283472217
8917,80,0,0,0,4,8590.288283472219
8918,80,0,0,0,4,8591.688283472218
8919,80,0,0,0,4,8592.888283472219
8920,81,1,0,0,5,8487.963736762686
8921,81,0,0,0,5,8489.192749108366
8922,81,0,0,0,5,8490.520526886145
8923,81,0,0,1,5,8491.842131824416
8924,81,0,0,0,5,8493.46620589849
8925,81,0,0,0,5,8494.398921947874
8926,81,0,0,0,5,8496.072378737997
8927,81,0,0,0,5,8497.696452812072
8928,81,0,0,1,5,8499.018057750343
8929,81,0,0,0,5,8500.098921947876
8930,81,0,0,0,5,8501.377317009605
8931,81,0,0,0,5,8502.952008367629
8932,82,1,0,0,6,8400.44710582656
8933,82,0,0,0,6,8402.045886314367
8934,82,0,0,0,6,8403.156861924122
8935,82,0,0,0,6,8404.219057046075
8936,82,0,0,0,6,8405.91539850949
8937,83,1,0,0,7,8305.85738165998
8938,82,0,1,0,7,8408.694092723515
8939,82,0,0,0,6,8410.170921991808
8940,82,1,1,0,7,8411.160512928338
8941,82,0,0,0,6,8412.466610489313
8942,83,1,0,0,7,8312.2814706039
8943,83,0,0,0,7,8313.373639278601
8944,83,0,0,0,7,8314.947735664144
8945,83,0,0,0,7,8316.473639278602
8946,84,1,0,0,8,8218.90431023957
8947,84,0,0,0,8,8220.406691191953
8948,84,0,0,0,8,8222.147167382429
8949,84,0,0,0,8,8223.506691191953
8950,86,2,0,0,10,8033.218163489815
8951,87,1,0,0,12,7942.00071333476
8952,87,0,0,0,12,7943.297839771542
8953,87,0,0,0,12,7944.617954714071
8954,86,0,1,0,12,8038.030418054753
8955,86,0,0,0,10,8039.394371543126
8956,86,0,0,0,10,8040.944371543126
8957,86,0,0,0,10,8042.401348287312
8958,86,0,0,0,10,8044.044371543127
8959,86,0,0,0,10,8045.175766891965
8960,87,1,0,0,11,7953.889838536886
8961,87,0,0,0,11,7955.324896008149
8962,87,0,0,0,11,7956.897884513898
8963,86,0,1,0,11,8050.826110659054
8964,86,0,0,0,10,8052.3761106590555
8965,86,0,0,0,10,8054.251692054405
8966,86,0,0,0,10,8055.615645542777
8967,86,0,0,0,10,8056.840064147429
8968,86,0,0,0,10,8058.483087403243
8969,86,0,0,0,10,8059.9400641474285
8970,86,0,0,0,10,8061.583087403244
8971,85,0,1,0,10,8157.9500043266125
8972,85,0,0,0,9,8159.570592561908
8973,85,0,0,0,9,8161.050004326614
8974,85,0,0,0,9,8162.52941609132
8975,85,0,0,0,9,8164.150004326615
8976,84,0,1,0,9,8262.984956036405
8977,84,0,0,0,8,8264.534956036407
8978,84,0,0,0,8,8265.656384607835
8979,84,0,0,0,8,8266.96828936974
8980,84,0,0,0,8,8268.494479845933
8981,84,0,0,0,8,8269.854003655457
8982,85,1,0,1,9,8173.9227800830395
8983,85,0,0,0,9,8175.213956553629
8984,85,1,1,0,10,8175.731559997173
8985,85,0,0,0,9,8177.11685411482
8986,85,1,1,0,10,8178.479320988678
8987,85,0,0,1,9,8180.046968047502
8988,85,0,0,0,9,8181.244026871031
8989,85,0,0,0,9,8183.194026871032
8990,84,0,1,0,9,8281.706393214125
8991,84,0,0,1,8,8283.41572484616
8992,84,0,0,0,8,8285.01334389378
8993,84,0,0,1,9,8286.176439131874
8994,84,0,0,0,9,8287.583581989016
8995,84,0,0,0,9,8289.093978210494
8996,84,0,0,0,9,8290.739216305732
8997,84,0,0,1,9,8291.80707344859
8998,84,0,0,1,8,8293.065406781923
8999,83,0,1,0,8,8394.310516901432
9000,83,0,0,0,7,8395.547263889386
9001,83,0,0,0,7,8396.735818106254
9002,83,0,0,0,7,8398.117143407459
9003,83,0,0,0,7,8399.45027593758
9004,83,0,0,0,7,8400.735215696615
9005,83,0,0,1,6,8401.676781961676
9006,83,0,0,1,6,8403.003890395412
9007,83,0,0,0,6,8404.722565094207
9008,85,2,0,0,9,8208.219092974345
9009,85,0,0,1,9,8209.174975327285
9010,85,0,0,0,9,8210.607328268463
9011,85,0,0,0,8,8212.03968120964
9012,85,0,0,0,8,8213.330857680228
9013,85,0,0,0,9,8214.998504739053
9014,85,0,0,0,8,8216.195563562584
9015,85,1,1,0,9,8217.416504282257
9016,85,0,0,0,9,8218.925000088355
9017,85,0,0,0,8,8220.35735302953
9018,86,1,0,0,9,8125.79215125012
9019,86,0,0,0,10,8127.621221017561
9020,86,0,0,0,10,8128.985174505933
9021,86,0,0,0,9,8130.302616366399
9022,86,0,0,0,9,8131.573546598957
9023,86,0,0,0,10,8132.890988459423
9024,88,2,0,0,12,7949.2946023580735
9025,88,0,0,0,11,7950.253693267165
9026,87,0,1,0,11,8043.342473962224
9027,87,0,0,1,11,8044.909715341534
9028,87,0,0,0,12,8046.2987958013055
9029,87,0,0,0,12,8047.779830284065
9030,87,0,0,0,12,8049.306841778317
9031,87,0,0,0,12,8050.833853272571
9032,86,0,1,0,11,8145.529760163344
9033,86,0,0,1,10,8146.794876442414
9034,86,0,0,0,10,8148.158829930787
9035,86,0,0,1,9,8149.470457837764
9036,86,0,0,0,9,8151.113481093577
9037,86,0,0,0,9,8152.640225279624
9038,86,0,0,0,8,8153.911155512183
9039,86,0,0,0,9,8155.50766714009
9040,86,0,0,0,9,8157.080922954045
9041,86,0,0,0,9,8158.351853186603
9042,85,0,1,0,8,8255.879025455888
9043,86,1,0,0,7,8161.040315857564
9044,86,0,0,0,8,8162.311246090122
9045,88,2,0,0,10,7978.06894504262
9046,88,0,0,0,10,7979.346217769893
9047,88,0,0,0,10,7980.532581406256
9048,88,0,0,0,10,7981.997672979269
9049,87,0,1,0,10,8075.404576913657
9050,87,0,0,0,8,8077.253427488371
9051,87,0,0,0,8,8078.550553925152
9052,87,0,0,0,8,8079.80170335044
9053,87,0,0,0,8,8081.558599902164
9054,88,1,0,0,9,7990.755093085096
9055,88,0,0,0,9,7992.168729448732
9056,88,0,0,0,9,7993.355093085096
9057,88,0,0,0,9,7994.768729448732
9058,89,1,0,0,10,7906.180316758299
9059,89,0,0,0,10,7907.2584066459385
9060,89,0,0,0,10,7908.651103275153
9061,89,0,0,0,11,7910.081543907052
9062,89,0,0,0,10,7911.519184356492
9063,89,0,0,1,11,7912.726487727278
9064,89,0,0,0,11,7914.209071996942
9065,88,0,1,0,11,8005.597904152566
9066,89,1,0,0,10,7916.842871521639
9067,89,0,0,1,10,7918.454669274449
9068,88,0,1,0,10,8009.848401066015
9069,88,0,0,0,9,8011.489310156924
9070,88,0,0,0,9,8012.902946520561
9071,88,0,0,0,9,8014.6347647023795
9072,89,1,0,0,10,7925.778194312466
9073,89,0,0,0,10,7927.395610042803
9074,88,0,1,0,10,8018.843069738341
9075,88,0,0,0,9,8020.370342465613
9076,88,0,0,0,9,8021.738524283795
9077,88,0,0,0,9,8023.197615192887
9078,88,1,1,0,10,8024.498780860473
9079,88,0,0,0,9,8025.957871769564
9080,88,0,0,0,9,8027.371508133201
9081,90,2,0,0,12,7849.878807952463
9082,90,1,1,1,13,7851.180108079703
9083,90,0,0,0,12,7852.663441413037
9084,90,0,0,0,12,7854.302330301927
9085,90,0,0,0,12,7855.58566363526
9086,89,0,1,0,12,7945.463873371729
9087,89,0,0,1,10,7947.1206149447635
9088,88,0,1,0,10,8038.779419480948
9089,88,0,0,0,8,8040.283964935493
9090,88,0,0,0,8,8041.152146753675
9091,88,0,0,0,8,8042.611237662766
9092,87,0,1,0,8,8136.350059128251
9093,87,1,1,0,8,8137.625959214902
9094,87,0,0,1,6,8139.147223582718
9095,87,0,0,0,6,8140.674235076971
9096,86,0,1,0,6,8236.69316086473
9097,86,0,0,0,5,8237.77804458566
9098,86,0,0,0,5,8239.374556213568
9099,85,0,1,0,5,8337.267766548484
9100,85,1,1,0,5,8338.30197184613
9101,85,0,0,0,4,8339.687265963776
9102,85,0,0,0,4,8341.119618904951
9103,84,0,1,0,4,8441.871044766254
9104,84,0,0,0,3,8443.278187623397
9105,84,0,0,0,3,8444.518663813875
9106,84,0,0,0,3,8445.925806671017
9107,84,0,0,0,3,8447.523425718637
9108,84,0,0,0,3,8449.311520956733
9109,84,0,0,0,3,8451.147235242448
9110,84,0,0,0,3,8452.506759051972
9111,84,0,0,0,3,8453.913901909116
9112,84,0,0,0,3,8455.463901909116
9113,83,0,1,0,3,8559.003323003726
9114,83,0,0,0,2,8559.950913365174
9115,83,0,0,0,2,8561.043082039872
9116,84,1,0,0,3,8460.133640587017
9117,84,0,0,0,3,8462.016118871657
9118,84,0,0,0,3,8463.661356966897
9119,84,0,0,0,3,8465.449452204994
9120,84,0,0,0,3,8466.808976014518
9121,84,0,0,0,3,8468.549452204994
9122,84,0,0,0,3,8470.099452204993
9123,84,0,0,2,3,8471.304214109758
9124,84,0,0,0,3,8472.806595062139
9125,84,0,0,0,3,8474.523261728804
9126,84,0,0,0,3,8475.549452204996
9127,84,0,0,0,3,8476.718499824045
9128,85,1,0,0,4,8378.453576296704
9129,85,0,0,0,4,8380.215341002586
9130,85,0,0,0,4,8381.93004688494
9131,85,0,0,0,4,8383.362399826117
9132,86,1,0,0,5,8286.94830215372
9133,86,0,0,0,5,8288.03318587465
9134,86,0,0,0,5,8289.350627735117
9135,86,0,0,0,5,8291.040162618838
9136,86,0,0,0,5,8292.404116107211
9137,87,1,0,0,6,8198.476141751818
9138,86,0,1,0,6,8295.492318735658
9139,85,0,1,0,5,8394.513910372434
9140,85,0,0,1,4,8396.363910372434
9141,85,0,0,0,4,8398.031557431259
9142,85,0,0,0,4,8399.416851548907
9143,85,0,0,0,4,8400.849204490083
9144,85,0,0,0,4,8402.140380960673
9145,85,0,0,1,4,8403.660969195967
9146,85,0,0,0,4,8404.999204490085
9147,85,0,0,0,4,8406.57273390185
9148,85,0,0,0,4,8408.099204490087
9149,85,0,0,0,4,8409.696263313617
9150,85,0,0,0,4,8410.705086843029
9151,85,0,0,0,4,8412.41979272538
9152,85,0,0,0,4,8413.475675078324
9153,85,0,0,0,4,8414.672733901853
9154,84,0,1,0,4,8515.87104377602
9155,83,0,1,0,3,8619.898429927587
9156,83,0,0,0,2,8621.520719084214
9157,83,0,0,2,3,8622.793610650479
9158,83,0,0,0,3,8624.030357638432
9159,83,0,0,0,3,8625.508068481806
9160,84,1,0,0,4,8523.926424809402
9161,84,0,0,0,4,8525.238329571308
9162,84,0,0,0,4,8526.931186714166
9163,84,0,0,0,4,8528.33832957131
9164,83,0,1,0,4,8632.36897277455
9165,83,0,0,0,3,8634.13584024443
9166,83,0,0,0,3,8635.276201690212
9167,83,0,0,0,3,8636.416563135997
9168,83,0,0,0,3,8637.797888437202
9169,83,0,0,0,3,8639.179213738407
9170,83,0,0,0,3,8640.512346268528
9171,83,0,0,0,3,8641.893671569733
9172,84,1,0,0,4,8540.545532622475
9173,84,0,0,0,4,8541.571723098667
9174,84,0,0,0,4,8543.312199289143
9175,85,1,0,0,5,8444.216761650448
9176,84,0,1,0,5,8546.430764673749
9177,84,0,0,0,4,8547.695050388036
9178,84,0,0,1,4,8549.477193245179
9179,84,0,0,0,4,8551.122431340418
9180,84,0,0,0,4,8552.243859911847
9181,83,0,1,0,4,8656.468064780951
9182,83,0,0,0,3,8658.090353937578
9183,83,0,0,0,3,8659.23071538336
9184,83,0,0,0,3,8660.804811768903
9185,83,0,0,0,3,8662.234329841192
9186,83,0,0,0,3,8663.230112973722
9187,83,0,0,0,3,8664.370474419507
9188,83,0,0,0,3,8666.056529709005
9189,83,0,0,0,3,8667.630626094548
9190,84,1,0,0,4,8565.928475783898
9191,84,0,0,0,4,8567.168951974376
9192,84,0,0,0,4,8568.671332926757
9193,84,0,0,0,4,8570.120312071023
9194,84,0,0,1,4,8571.521502547215
9195,84,0,0,1,4,8573.160788261503
9196,84,0,0,0,4,8574.567931118645
9197,84,0,0,0,4,8575.927454928169
9198,84,0,0,0,4,8577.763169213884
9199,84,0,0,0,4,8579.122693023408
9200,84,0,0,0,4,8580.339359690077
9201,84,0,0,0,4,8581.65126445198
9202,83,0,1,1,4,8686.704277261302
9203,83,0,0,0,3,8687.941024249254
9204,85,2,0,0,6,8484.491235443389
9205,85,0,0,0,6,8486.064764855155
9206,85,0,0,1,7,8487.632411913979
9207,86,1,0,0,8,8390.238430380097
9208,86,0,0,0,8,8391.788430380098
9209,86,0,0,0,8,8393.570988519634
9210,86,0,0,0,8,8394.981453635912
9211,86,0,0,0,8,8396.112848984749
9212,86,0,0,0,8,8398.081453635912
9213,86,0,0,0,8,8399.538430380098
9214,86,0,0,0,8,8400.902383868472
9215,85,0,1,0,8,8501.304795772183
9216,86,1,0,0,7,8403.565786519017
9217,86,0,0,0,7,8404.92974000739
9218,86,0,0,0,7,8406.386716751576
9219,86,0,0,0,7,8407.75067023995
9220,86,0,0,0,7,8409.114623728323
9221,86,0,0,0,7,8410.5250888446
9222,86,0,0,0,7,8411.93555396088
9223,86,0,0,0,7,8413.764623728324
9224,86,0,0,0,7,8415.035553960883
9225,86,0,0,0,7,8416.306484193441
9226,86,0,0,0,7,8417.996019077162
9227,85,0,1,1,7,8518.36007320041
9228,85,0,0,0,6,8519.368896729822
9229,85,0,0,0,6,8520.75419084747
9230,85,0,0,0,6,8521.85713202394
9231,85,0,0,0,6,8523.383602612177
9232,84,0,1,0,6,8626.638789255067
9233,84,0,0,0,5,8628.093551159829
9234,84,0,0,0,5,8629.64355115983
9235,84,0,0,0,5,8631.193551159831
9236,84,0,0,1,5,8632.547122588401
9237,84,0,0,0,5,8634.049503540784
9238,85,1,0,0,6,8533.93362702854
9239,85,0,0,0,6,8535.624803499128
9240,86,1,0,0,7,8437.486724388675
9241,87,1,0,0,8,8341.82940571754
9242,87,0,0,0,8,8343.402394223287
9243,87,0,0,0,8,8345.251244798
9244,87,0,0,0,8,8346.870210315243
9245,87,0,0,0,8,8348.397221809497
9246,87,0,0,0,8,8349.878256292255
9247,87,0,0,0,8,8351.175382729038
9248,87,0,0,0,8,8352.886302269268
9249,88,1,0,0,9,8259.272253379844
9250,88,0,0,0,9,8260.731344288935
9251,88,0,0,0,9,8262.054071561664
9252,88,0,0,0,9,8263.331344288936
9253,88,0,0,0,9,8264.472253379847
9254,88,0,0,0,9,8265.704071561666
9255,88,0,0,1,8,8266.793844288939
9256,89,1,0,0,9,8175.014138173333
9257,89,0,0,0,9,8176.676497723895
9258,89,0,0,0,9,8177.484924690189
9259,86,0,3,0,9,8464.47332085711
9260,86,0,0,0,6,8465.837274345484
9261,86,0,0,0,6,8467.29425108967
9262,86,0,0,0,6,8468.890762717578
9263,86,0,0,1,6,8470.667506903625
9264,86,0,0,1,6,8471.839599926881
9265,87,1,0,1,7,8375.597765444963
9266,87,0,0,0,7,8376.894891881746
9267,87,0,0,0,7,8378.375926364504
9268,88,1,0,0,8,8284.19949538309
9269,88,0,0,0,8,8285.749495383092
9270,88,0,0,0,8,8287.413131746727
9271,88,0,0,0,8,8288.917677201274
9272,89,1,0,0,9,8196.889388693395
9273,89,0,0,1,9,8198.27646734508
9274,89,0,0,0,9,8199.579276333845
9275,88,0,1,0,9,8293.985124363287
9276,88,0,0,0,8,8295.444215272379
9277,88,0,0,0,8,8296.721487999652
9278,88,0,0,0,8,8298.157851636015
9279,88,0,0,0,8,8299.071487999652
9280,88,0,0,0,8,8300.66694254511
9281,87,0,1,0,8,8397.139391362849
9282,87,1,1,0,8,8398.598691173342
9283,87,0,0,0,7,8400.263633702078
9284,88,1,0,0,8,8306.247569682737
9285,89,1,0,0,9,8214.24928238293
9286,89,0,0,0,9,8215.956585753718
9287,89,0,0,0,9,8217.304338562708
9288,89,0,0,0,9,8218.921754293044
9289,89,0,0,0,9,8220.089731821136
9290,89,0,0,0,9,8221.3925408099
9291,89,0,0,0,9,8222.672877888552
9292,89,0,0,0,9,8224.065574517765
9293,89,0,0,0,9,8225.143664405407
9294,89,0,0,0,9,8226.671192495294
9295,88,0,1,0,9,8321.610326435293
9296,88,0,0,0,8,8323.069417344384
9297,87,0,1,0,8,8420.397796190497
9298,86,0,1,0,7,8519.669495463955
9299,86,0,0,0,6,8521.17298383605
9300,86,0,0,0,6,8523.095076859307
9301,86,0,0,0,6,8524.412518719771
9302,86,0,0,0,6,8525.729960580238
9303,86,0,0,0,6,8527.372983836052
9304,86,0,0,0,6,8528.829960580239
9305,86,0,0,0,6,8530.37996058024
9306,86,0,0,0,6,8532.06949546396
9307,86,0,0,0,6,8533.47996058024
9308,86,0,0,0,6,8534.843914068613
9309,86,0,0,0,6,8536.393914068613
9310,86,0,0,0,6,8537.897402440707
9311,86,0,0,0,6,8539.261355929078
9312,86,1,1,0,7,8540.672750238473
9313,86,0,0,0,6,8542.129726982657
9314,86,0,0,0,6,8543.540192098937
9315,86,0,0,0,6,8544.997168843123
9316,86,0,0,1,5,8546.541354889636
9317,86,0,0,0,5,8548.277401401265
9318,85,0,1,0,5,8650.36721609914
9319,85,0,0,0,4,8651.987804334432
9320,86,1,0,0,5,8552.550654218978
9321,86,0,0,0,5,8553.961119335256
9322,86,0,0,0,5,8555.464607707348
9323,86,0,0,0,5,8556.689026312
9324,86,0,0,1,4,8557.861119335257
9325,86,0,0,0,4,8559.22507282363
9326,86,0,0,0,4,8560.449491428282
9327,86,0,0,0,4,8561.766933288747
9328,86,0,0,0,4,8563.13088677712
9329,86,0,0,0,4,8564.308793753864
9330,87,1,0,0,5,8467.239727158993
9331,87,0,0,0,5,8468.81271566474
9332,87,0,0,0,5,8470.155819113017
9333,87,0,0,0,5,8471.269037503822
9334,87,0,0,0,5,8472.658117963592
9335,87,0,0,1,5,8474.317313365893
9336,87,0,0,0,5,8475.614439802674
9337,87,0,0,0,5,8476.819612216468
9338,87,0,0,0,5,8478.484554745204
9339,87,0,0,0,5,8480.057543250952
9340,87,0,0,0,5,8481.699497273941
9341,87,0,0,0,5,8483.042600722216
9342,87,0,0,0,5,8484.385704170494
9343,86,0,1,0,5,8584.63510033989
9344,86,0,0,0,4,8585.859518944542
9345,86,0,0,0,4,8587.502542200356
9346,86,0,0,0,4,8588.913007316636
9347,87,1,0,0,5,8491.607110680812
9348,88,1,0,0,6,8396.18941624126
9349,88,0,0,0,6,8397.580325332168
9350,88,0,0,0,6,8398.993961695805
9351,88,0,0,0,6,8400.316688968533
9352,89,1,0,0,7,8307.036726171134
9353,89,0,0,0,7,8308.527195200664
9354,90,1,0,0,8,8217.298559698434
9355,89,0,1,0,8,8310.972910162682
9356,88,0,1,1,7,8407.185176372706
9357,89,1,0,0,7,8313.738151919082
9358,91,2,0,0,9,8132.116983745036
9359,91,0,0,0,9,8133.469181547234
9360,91,0,0,0,9,8134.909291437345
9361,91,1,1,0,10,8136.415998002007
9362,91,0,0,2,8,8137.581382617392
9363,91,0,0,0,8,8139.065448551458
9364,91,0,0,0,8,8140.241822177831
9365,93,2,0,0,10,7966.2909227761575
9366,93,0,0,0,10,7967.475331378309
9367,94,1,0,1,12,7883.732508704073
9368,94,0,0,0,12,7885.282508704073
9369,93,0,1,0,12,7971.7243694867775
9370,94,1,0,0,13,7888.45230172628
9371,94,0,0,0,12,7889.321450662451
9372,95,1,0,0,16,7807.662277497584
9373,95,0,0,0,16,7808.938593287057
9374,93,0,2,0,16,7978.394720980318
9375,92,0,1,0,12,8066.5322751117055
9376,91,0,1,0,10,8156.566986508844
9377,91,0,0,0,9,8158.324844656236
9378,91,0,0,0,9,8159.325394106786
9379,91,0,0,0,9,8160.50176773316
9380,92,1,0,1,10,8073.110987649105
9381,92,0,0,0,10,8074.704465909975
9382,92,0,0,0,10,8075.884900692583
9383,92,0,0,0,10,8077.304465909976
9384,92,0,0,0,10,8078.767509388236
9385,92,0,0,0,10,8079.882726779541
9386,92,0,0,0,10,8081.519683301281
9387,91,0,1,0,10,8171.543539617296
9388,92,1,0,0,9,8084.168609838848
9389,92,0,0,0,9,8085.63165331711
9390,92,0,0,0,9,8087.0946967953705
9391,92,0,0,0,9,8088.81860983885
9392,92,0,0,0,9,8090.151218534502
9393,92,0,0,0,9,8091.570783751894
9394,92,0,0,1,9,8092.767522882328
9395,91,0,1,0,9,8182.917522846129
9396,91,0,0,0,8,8184.0499404285465
9397,91,0,0,0,8,8185.621918450525
9398,91,0,0,0,8,8187.325764604372
9399,91,0,0,0,8,8188.4581821867905
9400,91,0,0,0,8,8189.45873163734
9401,90,0,1,0,8,8282.13273985837
9402,90,0,0,1,7,8283.543850969481
9403,89,0,1,0,7,8378.007258749856
9404,89,0,0,0,6,8379.040404817273
9405,89,0,0,0,6,8380.837595828509
9406,89,0,0,0,6,8382.320180098171
9407,89,0,0,0,6,8383.892652008284
9408,89,0,0,0,6,8385.375236277949
9409,89,0,0,0,6,8386.812876727388
9410,89,0,0,0,6,8388.025798075701
9411,88,0,1,0,6,8485.071946918773
9412,88,0,0,0,5,8486.803765100592
9413,88,0,0,0,5,8488.035583282412
9414,88,0,0,0,5,8489.221946918777
9415,88,0,0,0,5,8490.81740146423
9416,88,0,0,0,5,8492.185583282413
9417,88,0,0,0,5,8493.462856009686
9418,88,0,0,0,5,8495.103765100595
9419,88,0,0,0,5,8496.653765100597
9420,88,0,0,0,5,8497.976492373324
9421,89,1,0,0,6,8403.868891335422
9422,89,0,0,0,6,8405.126756503962
9423,89,0,0,0,6,8406.789116054524
9424,89,0,0,0,6,8408.046981223064
9425,89,0,0,0,6,8409.799228414076
9426,89,0,0,0,6,8411.551475605087
9427,89,0,0,0,6,8413.079003694975
9428,89,0,0,0,6,8414.516644144414
9429,89,0,0,0,6,8415.72956549273
9430,89,0,0,0,6,8417.212149762392
9431,90,1,0,0,7,8324.598125876144
9432,90,0,0,0,7,8326.148125876145
9433,90,0,0,1,8,8327.514792542812
9434,90,0,0,0,8,8329.02034809837
9435,90,0,0,0,8,8330.259236987256
9436,90,0,0,0,8,8331.631459209479
9437,90,0,0,1,7,8333.13145920948
9438,90,0,0,0,7,8334.414792542813
9439,90,0,0,0,7,8335.875903653925
9440,90,0,0,0,7,8337.425903653926
9441,90,0,0,0,7,8339.10923698726
9442,90,0,0,1,6,8340.387014765038
9443,90,0,0,0,6,8341.53701476504
9444,90,0,0,0,6,8343.131459209484
9445,91,1,0,0,7,8252.915728888502
9446,91,0,0,0,7,8254.223970646744
9447,91,0,0,0,7,8255.795948668721
9448,91,0,0,0,7,8257.455838778611
9449,91,0,0,0,7,8259.24759702037
9450,91,0,0,0,7,8260.687706910481
9451,91,0,0,0,7,8262.303640976415
9452,92,1,0,0,8,8173.768275313629
9453,91,0,1,1,8,8264.887895806894
9454,91,0,0,0,7,8266.152181521182
9455,90,0,1,0,7,8359.146496435185
9456,90,0,0,0,6,8360.674274212963
9457,90,0,0,0,6,8362.135385324074
9458,90,0,0,0,6,8363.285385324076
9459,90,0,0,0,6,8365.057607546298
9460,89,0,1,0,6,8460.660645633823
9461,89,0,0,0,5,8461.78367934169
9462,88,0,1,1,4,8559.435603351572
9463,88,0,0,0,3,8560.84923971521
9464,88,0,0,0,3,8562.762876078847
9465,88,0,0,0,3,8564.358330624302
9466,88,0,0,0,3,8565.59014880612
9467,88,0,0,0,3,8566.776512442484
9468,88,0,0,0,3,8568.37196698794
9469,88,0,0,0,3,8569.785603351576
9470,88,0,0,0,3,8571.290148806122
9471,88,0,0,0,3,8572.885603351579
9472,88,0,0,0,3,8574.435603351578
9473,88,0,0,0,3,8575.80378516976
9474,88,0,0,0,3,8577.535603351578
9475,88,0,0,0,3,8579.221966987943
9476,88,0,0,0,3,8580.317421533398
9477,88,0,0,0,3,8581.731057897035
9478,88,0,0,0,3,8583.190148806127
9479,88,0,0,0,3,8584.694694260672
9480,88,0,0,0,3,8585.995752587942
9481,88,0,0,0,3,8587.727570769759
9482,88,0,0,0,3,8589.050298042486
9483,88,0,0,0,3,8590.32757076976
9484,88,0,0,0,3,8591.832116224306
9485,88,0,0,0,3,8593.245752587944
9486,87,0,1,0,3,8693.22179872613
9487,87,0,0,0,2,8694.426971139923
9488,87,0,0,0,2,8695.724097576705
9489,87,0,0,0,2,8697.343063093947
9490,87,0,0,0,2,8698.54823550774
9491,87,0,0,0,2,8700.0292699905
9492,87,0,0,0,2,8701.832143553718
9493,88,1,0,0,3,8603.843710104245
9494,88,0,0,0,3,8605.257346467883
9495,87,0,1,0,3,8705.415486416017
9496,87,0,0,0,2,8706.758589864294
9497,87,0,0,0,2,8708.285601358546
9498,87,0,0,1,2,8709.485026645903
9499,87,0,0,1,2,8710.822382967743
9500,87,0,0,1,2,8712.113762278088
9501,87,0,0,0,2,8713.272957680387
9502,87,0,0,0,2,8714.891923197629
9503,87,0,0,0,2,8716.556865726367
9504,88,1,0,0,3,8618.310196797656
9505,88,0,0,0,3,8620.019287706747
9506,88,1,1,0,4,8621.320851236056
9507,88,0,0,0,3,8622.68903305424
9508,88,0,0,0,3,8624.329942145148
9509,88,0,0,0,3,8625.607214872422
9510,88,0,0,0,3,8627.020851236057
9511,88,0,0,0,3,8628.525396690604
9512,88,0,0,0,3,8629.984487599695
9513,88,0,0,1,3,8631.48335123606
9514,88,0,0,0,3,8632.987896690605
9515,88,0,0,0,3,8634.628805781515
9516,88,0,0,0,3,8636.178805781516
9517,89,1,0,0,5,8540.563313581722
9518,89,0,0,1,5,8541.95039223341
9519,90,1,0,1,5,8448.38927676415
9520,90,0,0,1,5,8449.88927676415
9521,90,0,0,0,6,8451.350387875262
9522,90,0,0,1,5,8452.539276764152
9523,90,0,0,0,6,8454.044832319707
9524,90,0,0,0,5,8455.461498986375
9525,90,0,0,0,5,8457.05594343082
9526,90,0,0,0,6,8458.250387875263
9527,90,0,0,0,6,8459.978165653043
9528,90,0,0,0,6,8461.261498986376
9529,89,0,1,0,6,8557.94573255299
9530,89,0,0,1,4,8559.28786738445
9531,89,0,0,0,4,8560.417935229487
9532,89,0,0,0,4,8562.08029478005
9533,89,0,0,0,4,8563.83254197106
9534,88,0,1,0,4,8662.55849172587
9535,88,0,0,0,3,8664.244855362234
9536,88,0,0,0,3,8665.522128089508
9537,88,0,0,1,3,8667.157355362235
9538,89,1,0,0,4,8570.9241266503
9539,90,1,0,1,5,8477.12996968752
9540,90,0,0,0,5,8478.324414131963
9541,90,0,0,0,5,8479.785525243076
9542,90,0,0,0,5,8481.157747465299
9543,90,0,0,0,5,8482.396636354188
9544,90,0,0,0,5,8483.813303020856
9545,91,1,0,0,6,8392.095574416231
9546,91,0,0,0,6,8393.667552438208
9547,91,0,0,0,6,8395.3274425481
9548,91,0,0,0,6,8396.76755243821
9549,91,0,0,0,6,8398.295574416232
9550,91,0,0,0,6,8399.999420570079
9551,91,0,0,0,6,8401.43953046019
9552,91,0,0,0,6,8403.09942057008
9553,91,0,0,0,6,8404.803266723928
9554,91,0,0,0,6,8406.243376614037
9555,91,0,0,0,6,8407.595574416235
9556,91,0,0,0,6,8409.035684306346
9557,91,0,0,0,6,8410.475794196454
9558,91,0,0,0,6,8412.267552438214
9559,90,0,1,0,6,8507.282695224603
9560,89,0,1,0,5,8604.078135256434
9561,89,0,0,0,4,8605.560719526098
9562,89,0,0,0,4,8606.773640874413
9563,89,0,0,0,4,8608.211281323853
9564,89,0,0,0,4,8609.603977953066
9565,89,0,0,0,4,8611.041618402505
9566,89,0,0,0,4,8612.703977953068
9567,89,0,0,1,3,8614.001168964303
9568,89,0,0,0,3,8615.259034132843
9569,89,0,0,0,3,8616.831506042956
9570,89,0,0,0,3,8618.314090312619
9571,89,0,0,0,3,8620.336000424979
9572,89,0,0,0,3,8621.953416155317
9573,89,0,0,1,3,8623.160719526104
9574,89,0,0,0,3,8624.778135256442
9575,89,0,0,0,3,8626.058472335095
9576,90,1,0,0,4,8531.479489309148
9577,90,0,0,1,4,8532.801711531372
9578,90,0,0,0,4,8534.307267086928
9579,89,0,1,0,4,8631.363615603377
9580,89,0,0,1,3,8632.795638075288
9581,89,0,0,0,3,8634.098447064052
9582,89,0,0,0,3,8635.401256052817
9583,88,0,1,0,3,8735.031517481735
9584,88,0,0,0,2,8736.490608390826
9585,87,0,1,0,2,8838.24831649353
9586,87,0,0,0,1,8839.6373969533
9587,86,0,1,0,1,8943.878040062058
9588,86,0,0,0,0,8945.241993550431
9589,86,0,0,0,0,8946.65245866671
9590,87,1,0,1,1,8844.76909707284
9591,87,0,0,0,1,8846.112200521116
9592,88,1,0,0,2,8746.620584606104
9593,88,0,0,0,2,8747.988766424287
9594,88,0,0,0,2,8749.311493697014
9595,88,0,0,0,2,8750.725130060651
9596,88,0,0,0,2,8752.36603915156
9597,88,0,0,0,2,8754.052402787924
9598,88,0,0,0,2,8755.55694824247
9599,88,0,0,0,2,8757.106948242472
9600,88,0,0,0,2,8758.475130060653
9601,89,1,0,0,3,8661.4405780375
9602,89,0,0,0,3,8662.968106127388
9603,89,0,0,0,3,8664.450690397052
9604,89,0,0,0,3,8666.157993767838
9605,89,0,0,1,3,8667.545072419525
9606,89,0,0,0,3,8668.84788140829
9607,89,0,0,0,3,8670.375409498178
9608,89,0,0,0,3,8671.58833084649
9609,89,0,0,0,3,8673.02597129593
9610,89,0,0,0,3,8674.193948824022
9611,89,0,0,0,3,8675.63158927346
9612,89,0,0,1,3,8677.468106127393
9613,89,0,0,0,3,8679.08552185773
9614,89,0,0,0,3,8680.702937588068
9615,89,0,0,0,3,8681.78102747571
9616,89,0,0,0,3,8683.083836464473
9617,89,0,0,0,3,8684.431589273463
9618,90,1,0,0,4,8589.204016059313
9619,90,0,0,0,4,8590.442904948202
9620,91,1,0,1,5,8497.064411487234
9621,91,1,1,0,6,8498.265254315813
9622,91,0,0,0,5,8499.749320249879
9623,91,0,0,0,5,8501.145474096034
9624,91,0,0,0,5,8502.673496074056
9625,91,0,0,0,5,8504.06964992021
9626,91,0,0,0,5,8505.817452118014
9627,90,0,1,0,5,8602.095258180421
9628,90,0,0,0,4,8603.600813735977
9629,90,0,0,0,4,8605.017480402645
9630,90,0,0,0,4,8606.700813735977
9631,90,0,0,0,4,8608.0730359582
9632,90,0,0,0,4,8609.578591513757
9633,90,0,0,0,4,8610.950813735979
9634,90,0,0,0,4,8612.545258180424
9635,89,0,1,0,4,8710.616664194658
9636,88,0,1,0,3,8810.694081014028
9637,88,0,0,0,2,8812.244081014027
9638,89,1,0,0,3,8714.335720553196
9639,89,0,0,0,3,8715.998080103758
9640,89,0,0,0,3,8717.300889092523
9641,89,0,0,0,3,8718.513810440838
9642,89,0,0,0,3,8719.816619429603
9643,89,0,0,1,3,8721.563248643086
9644,89,0,0,0,3,8723.585158755446
9645,89,0,0,0,3,8724.753136283536
9646,89,0,0,0,3,8726.325608193649
9647,89,0,0,0,3,8727.583473362189
9648,89,0,0,0,3,8728.886282350953
9649,89,0,0,0,3,8730.458754261066
9650,89,0,0,0,3,8731.806507070056
9651,89,0,0,0,3,8733.626169991405
9652,89,0,0,0,3,8734.659316058822
9653,89,0,0,0,3,8736.231787968933
9654,89,0,0,0,3,8737.759316058822
9655,89,0,0,0,3,8739.421675609385
9656,89,0,0,0,3,8740.949203699272
9657,89,0,0,0,3,8742.29695650826
9658,89,0,0,0,3,8743.240214935227
9659,89,0,0,0,3,8744.587967744217
9660,89,0,0,0,3,8745.800889092532
9661,89,0,0,0,3,8747.058754261072
9662,89,0,0,0,3,8748.721113811634
9663,89,0,0,0,3,8749.93403515995
9664,90,1,0,0,4,8653.791437028834
9665,90,0,0,0,4,8655.341437028836
9666,90,0,0,0,4,8656.580325917725
9667,90,0,0,0,4,8658.219214806613
9668,90,0,0,0,4,8659.413659251059
9669,90,0,0,0,4,8660.785881473283
9670,91,1,0,0,5,8566.376146512037
9671,91,0,0,0,5,8567.508564094454
9672,91,0,0,1,5,8568.415706951599
9673,91,0,0,0,5,8569.987684973577
9674,91,0,0,0,5,8571.120102555995
9675,92,1,0,0,6,8479.228036223865
9676,92,0,0,0,6,8480.2997753543
9677,91,0,1,0,6,8574.971068407982
9678,91,0,0,0,5,8576.411178298093
9679,91,0,0,0,5,8577.587551924467
9680,91,0,0,0,5,8578.98370577062
9681,91,0,0,0,5,8580.335903572819
9682,91,0,0,0,5,8581.688101375017
9683,91,0,0,0,5,8583.479859616777
9684,91,0,0,0,5,8584.744145331062
9685,91,0,0,1,5,8585.871068407987
9686,91,0,0,0,5,8587.399090386009
9687,90,0,1,0,5,8684.629313908526
9688,90,0,0,0,4,8686.134869464082
9689,90,0,0,0,4,8687.46264724186
9690,90,0,0,0,4,8689.012647241861
9691,90,0,0,0,4,8690.518202797417
9692,90,0,0,0,4,8692.068202797418
9693,90,0,0,0,4,8693.262647241861
9694,90,0,0,0,4,8694.857091686306
9695,90,0,0,0,4,8696.362647241864
9696,90,0,0,0,4,8697.912647241863
9697,90,0,0,0,4,8698.973758352975
9698,90,0,0,0,4,8700.434869464087
9699,90,0,0,1,4,8701.312647241864
9700,91,1,0,0,5,8606.985035733713
9701,91,0,0,0,5,8608.293277491955
9702,90,0,1,0,5,8705.398677071908
9703,90,0,0,1,4,8706.498677071908
9704,90,0,0,0,4,8708.004232627463
9705,90,0,0,0,4,8709.398677071908
9706,90,0,0,1,4,8710.832010405244
9707,90,0,0,0,4,8712.204232627466
9708,92,2,0,0,6,8523.846531918172
9709,92,0,0,0,6,8524.87479278774
9710,92,0,0,0,6,8526.598705831218
9711,92,0,0,0,6,8528.01827104861
9712,92,0,0,0,6,8529.307401483393
9713,92,0,0,0,6,8530.813923222522
9714,92,0,0,0,6,8532.363923222523
9715,93,1,0,0,7,8442.12990254271
9716,92,0,1,1,7,8535.302270619077
9717,92,0,0,0,6,8536.754248830359
9718,92,0,0,0,6,8538.086857526012
9719,92,0,0,0,6,8539.680335786881
9720,92,0,0,0,6,8541.230335786882
9721,92,0,0,0,6,8543.08468361297
9722,91,0,1,0,6,8638.359114165187
9723,91,0,0,0,5,8639.623399879474
9724,92,1,0,0,6,8546.812819446002
9725,92,0,0,0,6,8548.101949880785
9726,92,0,0,0,6,8548.912819446003
9727,92,0,0,0,6,8550.288906402526
9728,92,0,0,0,6,8551.491080315569
9729,91,0,1,0,6,8646.767944024017
9730,91,0,0,0,5,8648.164097870173
9731,91,0,0,0,5,8649.560251716326
9732,91,0,0,0,5,8650.868493474569
9733,91,0,0,0,5,8652.237377610594
9734,91,0,0,0,5,8653.457707280924
9735,91,0,0,0,5,8654.721992995212
9736,90,0,1,0,5,8752.432526873774
9737,90,0,0,0,4,8754.115860207106
9738,90,0,0,0,4,8755.488082429329
9739,90,0,0,0,4,8757.393637984886
9740,90,0,0,0,4,8758.454749095998
9741,90,0,0,0,4,8759.91586020711
9742,90,0,0,0,4,8761.421415762665
9743,90,0,0,0,4,8763.104749095999
9744,90,0,0,0,4,8764.743637984888
9745,90,0,0,0,4,8766.471415762666
9746,90,0,0,0,4,8767.710304651555
9747,90,0,0,1,4,8768.899193540447
9748,90,0,0,1,4,8770.488082429334
9749,90,0,0,0,4,8771.59363798489
9750,90,0,0,0,4,8773.054749096003
9751,90,0,0,0,4,8774.693637984892
9752,90,0,0,0,4,8776.33252687378
9753,90,0,0,0,4,8777.882526873782
9754,90,0,0,0,4,8779.299193540448
9755,89,0,1,0,4,8879.647409579016
9756,89,0,0,0,3,8880.995162388006
9757,89,0,0,0,3,8882.567634298119
9758,89,0,0,0,3,8884.050218567781
9759,89,0,0,0,3,8885.487859017221
9760,89,0,0,0,3,8886.745724185761
9761,89,0,0,0,3,8888.09347699475
9762,90,1,0,0,4,8790.602993917031
9763,90,0,0,0,4,8791.708549472587
9764,90,0,0,1,4,8793.075216139254
9765,90,1,1,1,6,8794.375539205328
9766,90,0,0,0,5,8795.881094760885
9767,90,0,0,0,5,8797.38665031644
9768,90,0,0,0,5,8798.62553920533
9769,90,0,0,0,5,8800.175539205331
9770,91,1,0,0,6,8704.761522290986
9771,91,0,0,0,6,8706.26756624703
9772,91,0,0,0,6,8707.70767613714
9773,90,0,1,0,6,8805.801160925992
9774,90,0,0,0,5,8806.862272037102
9775,90,0,0,0,5,8808.056716481547
9776,91,1,0,0,6,8712.468181135597
9777,92,1,0,0,7,8618.865809601515
9778,92,0,0,0,7,8620.285374818908
9779,92,0,0,0,7,8621.61798351456
9780,92,0,0,0,7,8622.994070471083
9781,93,1,0,0,8,8531.57047831548
9782,93,0,0,0,8,8532.668865412255
9783,92,0,1,0,8,8626.745979268659
9784,92,0,0,1,6,8627.681848833876
9785,92,0,0,0,6,8628.97097926866
9786,91,0,1,0,6,8725.232627626832
9787,89,0,2,0,5,8922.601936686146
9788,89,0,0,0,3,8923.99463331536
9789,89,0,0,1,3,8925.651374888394
9790,89,0,0,0,3,8927.358678259181
9791,89,0,0,1,2,8928.925532191766
9792,89,0,0,0,2,8930.31822882098
9793,89,0,0,0,2,8931.800813090644
9794,89,0,0,0,2,8933.058678259182
9795,88,0,1,0,2,9035.93463853905
9796,88,0,0,0,1,9037.439183993598
9797,88,0,0,0,1,9038.443729448143
9798,88,0,0,0,1,9039.902820357234
9799,88,0,0,0,1,9040.952820357234
9800,88,0,0,1,1,9042.36077490269
9801,88,0,0,1,1,9043.996002175418
9802,88,0,0,0,1,9045.455093084509
9803,88,0,0,0,1,9046.459638539054
9804,88,0,0,0,1,9048.191456720873
9805,89,1,0,0,2,8948.036496532999
9806,89,0,0,0,2,8949.519080802662
9807,89,0,0,0,2,8950.956721252101
9808,89,0,0,0,2,8952.214586420641
9809,89,0,0,0,2,8953.202788667833
9810,89,0,0,0,2,8954.910092038619
9811,89,0,0,0,2,8956.212901027384
9812,89,0,0,0,2,8957.2460470948
9813,89,0,0,0,2,8959.133125746486
9814,90,1,0,1,3,8861.025535460414
9815,90,0,0,0,3,8862.486646571526
9816,90,0,0,0,3,8864.303313238193
9817,90,0,0,0,3,8865.675535460417
9818,90,0,0,0,3,8867.003313238194
9819,90,0,0,0,3,8868.686646571528
9820,90,0,0,0,3,8870.325535460417
9821,90,0,0,0,3,8871.764424349307
9822,90,0,0,0,3,8873.358868793752
9823,90,0,0,0,3,8874.997757682642
9824,90,0,0,0,3,8876.369979904865
9825,90,0,0,0,3,8877.786646571532
9826,90,0,0,0,3,8879.381091015975
9827,90,0,0,0,3,8880.57553546042
9828,90,0,0,0,3,8881.725535460422
9829,90,0,0,0,3,8883.053313238199
9830,90,0,0,0,3,8884.69220212709
9831,90,0,0,1,3,8886.257998998342
9832,90,0,0,0,3,8888.030221220564
9833,90,0,0,0,3,8889.669110109455
9834,90,0,0,0,3,8891.041332331677
9835,91,1,0,0,4,8794.848570437924
9836,91,0,0,0,4,8796.244724284077
9837,92,1,0,0,5,8701.862172933164
9838,92,0,0,0,5,8703.281738150556
9839,92,0,0,1,5,8705.000216411425
9840,93,1,0,0,6,8612.909891503776
9841,93,0,0,0,6,8614.22333236399
9842,93,0,0,0,6,8615.751826987647
9843,93,0,0,1,6,8617.016880751089
9844,93,0,0,0,6,8618.717418385499
9845,93,0,0,0,6,8619.901826987649
9846,93,0,0,0,6,8621.430321611306
9847,93,0,0,1,6,8622.781396880124
9848,93,0,0,0,6,8624.395913009157
9849,93,0,0,0,6,8626.117956019909
9850,93,0,0,0,6,8627.04430010593
9851,93,0,0,0,6,8628.5297839769
9852,93,0,0,0,6,8629.929246342492
9853,93,0,0,0,6,8631.242687202706
9854,93,0,0,0,6,8632.513117310235
9855,92,0,1,0,6,8727.977767282302
9856,92,0,0,0,5,8729.78863684752
9857,92,0,0,0,5,8731.077767282302
9858,92,0,0,0,5,8732.540810760564
9859,92,0,0,0,5,8733.851680325783
9860,92,0,0,0,5,8735.662549891
9861,92,0,0,0,5,8736.995158586653
9862,92,0,0,0,5,8738.501680325784
9863,94,2,0,0,7,8553.795261595447
9864,94,0,0,0,7,8555.345261595448
9865,94,0,0,0,7,8556.469729680555
9866,94,0,0,0,7,8557.80696372311
9867,94,0,0,0,7,8559.31441053162
9868,94,0,0,0,7,8560.779304148642
9869,94,0,0,0,7,8562.329304148643
9870,94,0,0,0,7,8563.921857340132
9871,94,0,0,0,7,8565.5995169146
9872,94,0,0,0,7,8567.1495169146
9873,94,0,0,0,7,8568.571857340134
9874,95,1,0,0,8,8479.467943052343
9875,95,0,0,0,8,8480.702153578659
9876,95,0,0,0,8,8481.978469368134
9877,95,0,0,0,8,8483.128469368134
9878,95,0,0,0,8,8484.36267989445
9879,95,0,0,0,8,8485.765311473398
9880,95,0,0,0,8,8487.210048315505
9881,94,0,1,0,8,8578.619810858063
9882,94,0,0,1,7,8579.611300219765
9883,95,1,0,0,8,8490.4753917964
9884,96,1,0,0,9,8403.233460631855
9885,96,0,0,0,9,8404.783460631856
9886,96,0,0,0,9,8406.375127298523
9887,96,0,0,0,9,8408.133460631856
9888,96,0,0,0,9,8409.183460631857
9889,96,0,0,0,9,8410.275127298524
9890,96,0,0,0,9,8411.950127298524
9891,96,0,0,0,9,8413.083460631859
9892,96,0,0,0,9,8414.133460631858
9893,95,0,1,0,9,8504.567032625326
9894,95,0,0,0,8,8505.801243151642
9895,95,0,0,0,8,8507.161769467433
9896,95,0,0,0,8,8508.389717942273
9897,95,0,0,0,8,8509.960770573853
9898,95,0,0,0,8,8511.32129688964
9899,96,1,0,0,9,8424.07055421371
9900,97,1,0,0,10,8338.8409608713
9901,97,0,0,0,10,8340.659002108412
9902,98,1,0,0,11,8256.798706168533
9903,97,0,1,0,11,8343.363082893226
9904,97,0,0,0,10,8344.933701449929
9905,97,0,0,0,10,8346.834216913845
9906,97,0,0,0,10,8347.745041656115
9907,97,0,0,0,10,8349.274423099414
9908,97,0,0,0,10,8350.515144748899
9909,97,0,0,0,10,8351.838340625189
9910,98,1,0,0,11,8267.863969802482
9911,98,0,0,1,10,8269.286418782074
9912,98,0,0,0,10,8270.264990210646
9913,98,0,0,0,10,8271.447643271871
9914,98,0,0,0,10,8272.91601061881
9915,98,0,0,0,10,8274.506826945342
9916,98,0,0,0,10,8276.056826945342
9917,98,0,0,0,10,8277.484377965751
9918,98,0,0,0,10,8278.830296333099
9919,98,0,0,0,10,8280.706826945345
9920,98,0,0,0,10,8282.62417388412
9921,98,0,0,0,10,8284.051724904528
9922,98,0,0,0,10,8285.560908577998
9923,98,0,0,0,10,8286.988459598406
9924,98,0,0,0,10,8288.334377965755
9925,98,0,0,0,10,8290.006826945346
9926,98,0,0,1,9,8291.47009225147
9927,98,0,0,0,9,8292.775194292286
9928,98,0,0,0,9,8294.243561639225
9929,98,0,0,0,9,8295.303765720857
9930,98,0,0,0,9,8296.874173884124
9931,98,0,0,0,9,8298.17927592494
9932,98,0,0,0,9,8299.157847353512
9933,99,1,0,0,11,8216.518879198427
9934,98,0,1,0,11,8302.111811190218
9935,98,0,0,0,9,8303.498545884097
9936,98,0,0,0,9,8304.722015271851
9937,98,0,0,0,9,8305.904668333078
9938,97,0,1,0,9,8392.68810003455
9939,97,0,0,0,8,8394.382429931456
9940,98,1,0,0,9,8310.218833707668
9941,97,0,1,0,9,8397.58401520069
9942,96,0,1,0,8,8486.605338110081
9943,96,0,0,0,7,8488.072004776748
9944,95,0,1,0,7,8578.7347935965
9945,94,0,1,0,6,8671.58860299445
9946,94,0,0,0,5,8673.01094341998
9947,94,0,0,0,5,8674.603496611471
9948,94,0,0,0,5,8675.813071079558
9949,95,1,0,0,6,8585.685565068194
9950,96,1,0,0,7,8497.326861265401
9951,96,0,0,0,7,8498.793527932068
9952,96,0,0,0,7,8500.260194598735
9953,96,0,0,0,7,8501.810194598735
9954,95,0,1,0,7,8592.576514780714
9955,95,0,0,0,6,8593.894935833348
9956,95,0,0,0,6,8595.339672675453
9957,95,1,1,0,7,8596.638413254732
9958,94,0,1,0,6,8689.553791823593
9959,94,0,0,0,5,8690.6782599087
9960,94,0,0,0,5,8692.058047142742
9961,93,0,1,0,5,8786.830795819316
9962,93,0,0,0,4,8788.789397969855
9963,93,0,0,0,4,8790.661978615017
9964,93,0,0,0,4,8791.975419475231
9965,94,1,0,0,5,8699.509191608473
9966,95,1,0,1,6,8609.821726433649
9967,95,0,0,0,6,8610.97172643365
9968,95,0,0,0,6,8612.71120011786
9969,95,0,0,0,6,8614.198042223123
9970,95,0,0,0,6,8615.516463275757
9971,95,0,0,1,6,8617.208568538914
9972,95,0,0,0,6,8618.358568538913
9973,95,0,0,0,6,8619.803305381021
9974,94,0,1,0,6,8712.638839369785
9975,94,0,0,0,5,8714.295222348508
9976,94,0,0,1,5,8715.839903199574
9977,93,0,1,0,5,8811.127538859244
9978,93,0,0,0,4,8812.440979719458
9979,93,0,0,0,4,8813.840442085051
9980,93,0,0,0,4,8815.261409826986
9981,93,0,0,0,4,8816.918936708707
9982,94,1,0,0,5,8724.059692701168
9983,95,1,0,0,6,8633.698011725366
9984,95,0,0,0,6,8635.100643304315
9985,95,0,0,0,6,8636.358356185781
9986,95,0,0,0,6,8637.676777238414
9987,95,0,0,1,6,8639.20046144894
9988,95,0,0,0,6,8640.603093027888
9989,95,0,0,0,6,8642.300461448942
9990,95,0,0,1,6,8643.613619343678
9991,95,0,0,0,6,8644.847829869996
9992,94,0,1,0,6,8738.446092731132
9993,94,0,0,0,5,8739.953539539643
9994,94,0,0,0,5,8741.503539539643
9995,94,0,0,0,5,8742.67056081624
9996,93,0,1,0,5,8837.956228267809
9997,93,0,0,0,4,8839.3556906334
9998,93,0,0,0,4,8840.368056224797
9999,93,0,0,0,4,8841.55246482695
10000,93,0,0,0,4,8843.382034719423
