tick,population,births,deaths,moves,absorptions,mean_internal_energy
1,20,0,0,0,0,26.65
2,20,0,0,1,0,28.840107638330075
3,20,0,0,0,0,30.22061730226751
4,20,0,0,0,0,31.456744680584798
5,20,0,0,0,0,33.245878310765555
6,20,0,0,0,0,33.445718662262344
7,20,0,0,0,0,33.49571866226235
8,20,0,0,0,0,33.842575816642785
9,20,0,0,2,0,33.72873113593196
10,20,0,0,0,0,33.87873113593196
11,20,0,0,0,0,34.267439065977115
12,20,0,0,0,0,34.1712067331971
13,20,0,0,0,0,33.7212067331971
14,20,0,0,0,0,33.271206733197104
15,20,0,0,0,0,32.82120673319711
16,20,0,0,2,0,32.321206733197116
17,20,0,0,1,0,32.04620673319711
18,20,0,0,0,0,31.796206733197113
19,20,0,0,2,0,31.596206733197118
20,20,0,0,1,0,31.426332525332924
21,20,0,0,0,0,31.47633252533293
22,20,0,0,1,0,31.50133252533293
23,20,0,0,0,0,31.342019431378827
24,20,0,0,0,0,31.092019431378827
25,20,0,0,0,0,31.042019431378833
26,20,0,0,0,0,30.792019431378833
27,20,0,0,0,0,30.742019431378832
28,20,0,0,0,0,30.49201943137884
29,20,0,0,0,0,30.04201943137884
30,20,0,0,0,0,30.092019431378837
31,20,0,0,0,0,29.84696497220357
32,20,0,0,0,0,29.39696497220357
33,20,0,0,0,0,29.14696497220357
34,20,0,0,1,0,28.97196497220357
35,20,0,0,0,0,29.321964972203574
36,20,0,0,0,0,28.871964972203575
37,20,0,0,0,0,28.621964972203575
38,20,0,0,0,0,28.871964972203575
39,20,0,0,1,0,28.396964972203573
40,20,0,0,0,0,28.446964972203574
41,20,0,0,0,0,28.296964972203575
42,20,0,0,0,0,28.34696497220358
43,20,0,0,0,0,27.89696497220358
44,20,0,0,0,0,27.941201848899944
45,20,0,0,2,0,27.641201848899943
46,20,0,0,1,0,27.46620184889995
47,20,0,0,1,0,27.391201848899946
48,20,0,0,0,0,27.941201848899947
49,20,0,0,0,0,28.265223347020527
50,20,0,0,0,0,28.475159025120018
51,20,0,0,0,0,28.52515902512002
52,20,0,0,0,0,28.975159025120018
53,20,0,0,0,0,28.925159025120017
54,20,0,0,0,0,29.071726042239554
55,20,0,0,0,0,29.221726042239556
56,20,0,0,0,0,29.571726042239554
57,20,0,0,0,0,29.321726042239554
58,20,0,0,0,0,29.371726042239555
59,20,0,0,0,0,29.21264538203939
60,20,0,0,0,0,29.162645382039397
61,20,0,0,0,0,28.912645382039397
62,20,0,0,0,0,28.662645382039397
63,20,0,0,0,0,28.612645382039396
64,20,0,0,0,0,28.5626453820394
65,20,0,0,1,0,28.287645382039397
66,20,0,0,1,0,28.5126453820394
67,20,0,0,0,0,28.362645382039396
68,19,0,1,0,0,29.910002494339903
69,19,0,0,0,0,30.3021077574978
70,19,0,0,1,0,30.77316038907675
71,19,0,0,0,0,31.327578813229724
72,19,0,0,1,0,31.48625756534212
73,19,0,0,0,0,31.983625986394756
74,20,1,0,0,1,30.956944687075016
75,20,0,0,0,1,31.10694468707502
76,20,0,0,0,1,31.2047099412214
77,19,0,1,0,1,33.01628267297573
78,20,1,0,1,2,31.812968539326942
79,21,1,0,0,4,31.012350989835184
80,21,0,0,0,4,30.94330337078756
81,21,0,0,0,4,31.339053975884077
82,19,0,2,0,4,34.92805975800431
83,19,0,0,0,1,35.70639160010957
84,19,0,0,1,1,35.57774137509115
85,19,0,0,1,1,35.69584411231509
86,18,0,1,0,1,37.807015695923226
87,18,0,0,0,1,37.53885105612072
88,19,1,0,0,2,36.071602344666395
89,19,0,0,0,2,36.40595960134755
90,19,0,0,0,2,36.03480294976766
91,19,0,0,0,2,36.19171695290984
92,18,0,1,1,2,38.77292493260429
93,18,0,0,0,2,38.704528786451725
94,17,0,1,0,2,41.14548027575745
95,17,0,0,1,2,41.105112392871234
96,17,1,1,0,3,41.243933552468526
97,17,0,0,0,2,42.3998159054097
98,17,0,0,0,2,42.225615929553726
99,17,0,0,1,2,42.10412507146098
100,17,0,0,0,2,42.007022647266645
101,17,0,0,0,2,41.74169800915414
102,17,0,0,1,2,41.964500174240094
103,17,0,0,0,2,42.40228999482832
104,17,0,0,0,2,42.26119357422179
105,17,0,0,0,2,42.35667648155215
106,17,0,0,0,2,41.99942712827694
107,17,0,0,0,2,42.76696938115546
108,17,0,0,0,2,42.74219013464102
109,17,0,0,1,2,42.73100728636886
110,17,0,0,0,2,43.00807133792972
111,17,0,0,0,2,43.166957300315005
112,17,1,1,0,3,43.253745853528685
113,16,0,1,0,2,46.21754206192686
114,16,0,0,0,2,46.685906963819775
115,15,0,1,0,2,50.23007930979243
116,15,0,0,0,2,50.77867803184846
117,15,0,0,0,2,51.07903047062101
118,14,0,1,1,2,54.74111573564346
119,14,0,0,0,2,55.33062219457047
120,14,0,0,0,2,55.45205076599905
121,14,0,0,0,2,56.287765051713336
122,14,0,0,0,2,56.66551416753417
123,13,0,1,0,2,61.609510771238774
124,13,0,0,0,1,61.94797230970031
125,13,0,0,0,1,62.055213405326036
126,13,0,0,0,1,62.652185586296206
127,13,0,0,0,1,63.25622496178872
128,13,0,0,0,1,62.672140646484486
129,13,0,0,0,1,63.31786992045238
130,13,0,0,0,1,63.21439937518408
131,13,0,0,0,1,62.76389307041934
132,13,0,0,0,1,62.62158537811165
133,13,0,0,0,1,62.442444413903154
134,13,0,0,0,1,62.84027817694477
135,13,0,0,0,1,62.64445738240152
136,13,0,0,1,1,62.4135366723751
137,13,0,0,0,1,62.3058443646828
138,12,0,1,1,1,67.3128347805715
139,12,0,0,0,0,67.19616811390483
140,12,0,0,0,0,67.6003347805715
141,12,0,0,1,0,68.1128347805715
142,12,0,0,0,0,68.48366811390484
143,12,0,0,0,0,68.36700144723817
144,12,0,0,0,0,68.41700144723816
145,12,0,0,0,0,68.89616811390484
146,12,0,0,0,0,69.27950144723816
147,12,0,0,0,0,69.2378347805715
148,12,0,0,0,0,69.86099959575822
149,12,0,0,0,0,69.93183292909156
150,12,0,0,0,0,69.81516626242488
151,12,0,0,1,0,69.99016626242488
152,12,0,0,0,0,70.70683292909155
153,12,0,0,0,0,71.04716885991516
154,12,0,0,1,0,70.5555021932485
155,12,0,0,0,0,70.60550219324848
156,12,0,0,0,0,70.95281530637787
157,12,0,0,0,0,70.94824133053224
158,12,0,0,0,0,71.16490799719891
159,12,0,0,0,0,71.16074133053223
160,12,0,0,0,0,70.9399079971989
161,12,0,0,0,0,71.75657466386558
162,12,0,0,0,0,72.31074133053224
163,12,0,0,0,0,72.38157466386556
164,13,1,0,0,1,67.4033453024117
165,13,0,0,0,1,66.98796068702707
166,13,0,0,0,1,67.15334530241168
167,13,0,0,0,1,67.08026837933475
168,13,0,0,0,1,66.93796068702706
169,13,0,0,2,1,66.68796068702706
170,14,1,0,0,2,63.26024920938227
171,14,0,0,0,2,63.98841043158014
172,13,0,1,0,2,69.37200189600094
173,13,0,0,0,2,69.32734804984709
174,13,0,0,0,2,69.01259688125457
175,13,0,0,1,2,69.25014393300695
176,13,0,0,0,2,69.61036968585053
177,12,0,1,0,2,75.49363257951295
178,12,0,0,0,1,75.48919081826294
179,12,0,0,0,1,75.87691491872127
180,12,0,0,0,1,75.77623845570876
181,13,1,0,0,2,70.7337112123608
182,13,0,0,0,2,70.58117447370591
183,13,0,0,0,2,70.59155908909054
184,12,0,1,0,2,76.32531653360896
185,12,0,0,0,1,76.15668231514898
186,12,0,0,0,1,75.67835356514898
187,12,0,0,0,1,75.97418689848233
188,11,0,1,0,1,82.739246260593
189,10,0,1,0,0,90.81680256724533
190,10,0,0,0,0,90.50180256724533
191,10,0,0,0,0,90.67171899874533
192,10,0,0,0,0,90.44671899874534
193,10,0,0,0,0,90.72171899874535
194,11,1,0,0,1,82.97883545340486
195,11,0,0,0,1,82.65156272613213
196,11,0,0,0,1,82.52292636249577
197,11,0,0,0,1,82.49197181704122
198,11,0,0,0,1,82.05712181704122
199,11,0,0,0,1,82.46166727158668
200,11,0,0,0,1,82.34728668067758
201,11,0,0,0,1,82.72038767613213
202,11,0,0,0,1,82.20474019113213
203,11,0,0,0,1,81.82742331526849
204,11,0,0,0,1,81.48966513852758
205,11,0,0,1,1,81.28057422943667
206,10,0,1,1,1,89.38237061218354
207,10,0,0,0,0,89.91737061218353
208,11,1,0,0,1,82.08397328380322
209,11,0,0,1,1,81.94701727158667
210,12,1,0,0,2,75.82934916562111
211,12,0,0,0,2,75.67180749895445
212,12,0,0,0,2,75.07694499895446
213,12,0,0,0,2,74.85137458228779
214,12,0,0,0,2,74.77847529062112
215,12,0,0,1,2,74.52611320728778
216,12,0,0,0,2,74.26612641562112
217,12,0,0,0,2,75.05747900982945
218,12,0,0,0,2,75.95233172323361
219,12,0,0,0,2,76.21774733907621
220,12,0,0,0,2,76.07814183531092
221,12,0,0,0,2,76.22000131600855
222,12,0,0,0,2,75.58513628583022
223,12,0,0,0,2,75.74406409803872
224,12,0,0,0,2,75.24323023325134
225,12,0,0,0,2,75.6518453287269
226,12,0,0,0,2,75.4802907006548
227,12,0,0,0,2,75.18618525186562
228,12,0,0,0,2,75.23496106294708
229,12,1,1,0,3,75.66724172221886
230,11,0,1,0,2,82.42952365662903
231,11,0,0,0,1,82.44179638390175
232,11,0,0,0,1,81.88447820208357
233,11,0,0,0,1,82.04617365662902
234,11,0,0,0,1,81.45617865662902
235,11,0,0,0,1,81.54181852026538
236,11,0,0,0,1,81.2013118793563
237,11,0,0,0,1,81.45473266896123
238,11,0,0,0,1,80.99347532400668
239,11,0,0,0,1,81.20604972799305
240,11,0,0,0,1,81.01848817441987
241,11,0,0,1,1,80.88666999260168
242,9,0,2,0,1,98.73633621516761
243,9,0,0,0,0,98.39189177072318
244,9,0,0,0,0,98.84376393984489
245,9,0,0,0,0,98.5437639398449
246,9,0,0,0,0,99.24376393984488
247,9,0,0,0,0,99.55
248,9,0,0,0,0,99.25
249,9,0,0,0,0,99.05
250,10,1,0,0,1,89.60999999999999
251,10,0,0,0,1,89.38499999999999
252,10,0,0,0,1,89.74
253,10,0,0,0,1,89.64999999999999
254,10,0,0,0,1,90.092115
255,10,0,0,0,1,89.65048049999999
256,10,0,0,0,1,89.42233635
257,10,0,0,0,1,89.15913544499999
258,10,0,0,1,1,88.79439481149998
259,9,0,1,0,1,98.54885878934999
260,10,1,0,0,1,89.428972910415
261,10,0,0,0,1,89.603972910415
262,10,0,0,0,1,89.7435
263,10,0,0,0,1,90.11044999999999
264,11,1,0,0,2,82.60301363636363
265,11,0,0,0,2,83.386655
266,11,0,0,0,2,82.39929486363636
267,11,0,0,0,2,82.48132458636363
268,11,0,0,0,2,82.10601811954545
269,11,0,0,0,2,82.48360310061636
270,11,0,0,0,2,81.79715853406782
271,11,0,0,0,2,81.9702837011202
272,11,0,0,0,2,81.81783495442049
273,11,0,0,0,2,81.84566628627616
274,11,0,0,0,2,82.46560276402967
275,11,0,0,0,2,82.85955829845715
276,11,0,0,0,2,83.09350899073819
277,11,0,0,0,2,82.39181992988036
278,11,0,0,0,2,81.85154667818898
279,12,1,0,0,3,76.03057578517125
280,13,1,0,0,5,70.0951412765722
281,13,0,0,0,4,70.47467581667746
282,13,0,0,0,5,70.04573461013575
283,14,1,0,0,6,65.07651321087396
284,14,0,0,0,5,65.41998781904034
285,14,0,0,0,6,65.18756290189967
286,14,0,0,0,6,64.85214037010165
287,13,0,1,0,6,69.26139111110946
288,13,0,0,0,5,70.04675829161137
289,13,0,0,0,5,69.43464853804764
290,13,0,0,0,5,69.14249047278719
291,13,1,1,0,6,69.08759881488648
292,11,0,2,0,4,81.48742564419047
293,11,0,0,0,2,82.02367938730727
294,11,0,0,0,2,81.91907888570098
295,11,0,0,1,2,81.14517340180886
296,11,0,0,0,2,80.88434865399348
297,11,0,0,0,2,80.33404405779542
298,11,0,0,0,2,80.46019447682043
299,12,1,0,0,3,74.34770198387643
300,11,0,1,0,3,80.67159709365157
301,11,0,0,0,2,80.66114254819702
302,11,0,0,0,2,80.66060323538957
303,11,0,0,0,2,81.7574222647727
304,11,0,0,0,2,81.41292285806816
305,11,0,0,0,2,81.30495509155679
306,11,0,0,0,2,81.97574129136248
307,11,0,0,0,2,81.68392799486281
308,11,0,0,2,1,81.40284050549488
309,11,0,0,0,1,81.9964693469358
310,11,0,0,1,1,81.40564589958079
311,11,0,0,0,1,82.09070585006866
312,11,0,0,0,1,82.14479326995561
313,11,0,0,0,1,82.38947264569467
314,12,1,0,0,2,76.08151919131934
315,12,0,0,0,2,75.82735252465267
316,11,0,1,0,2,82.91982756916202
317,11,0,0,0,1,83.38432756916202
318,12,1,0,1,2,76.42535443839853
319,12,0,0,0,2,76.50315902173186
320,12,0,0,0,2,75.97345556339853
321,13,1,0,0,3,70.18853590467556
322,12,0,1,0,3,76.20301109002352
323,12,0,0,0,2,75.72468234002352
324,12,0,0,0,2,75.60801567335686
325,12,0,0,0,2,76.20321149162031
326,12,0,0,0,2,77.08481853291197
327,12,0,0,0,2,77.28932709170364
328,12,0,0,0,2,76.71913654119113
329,13,1,0,0,3,71.9238490669222
330,13,0,0,0,3,72.16702441792117
331,13,0,0,0,3,72.3860933174666
332,13,0,0,1,2,73.01209539330225
333,13,0,0,0,2,72.53859980428105
334,13,0,0,0,2,72.87851960421617
335,13,1,1,0,4,73.07465973666764
336,13,0,0,0,4,73.1043057501743
337,13,0,0,0,4,72.66124754539821
338,13,0,0,0,4,73.21371652013187
339,13,0,0,0,4,73.16352172552234
340,13,0,0,0,4,72.50300075391107
341,13,0,0,0,4,72.60532527598541
342,13,0,0,0,3,72.83233705682207
343,13,0,0,0,4,72.52111056596944
344,13,0,0,0,4,72.7625437114548
345,13,0,0,0,4,72.20846999021764
346,15,2,0,0,7,63.7695359339714
347,15,0,0,0,7,63.40107262701934
348,15,0,0,0,7,63.142148312152905
349,15,0,0,0,7,63.12323462507973
350,14,0,1,0,7,67.40430090368648
351,14,0,0,0,4,66.91357157511592
352,14,0,0,0,4,66.99778923926293
353,13,0,1,0,5,72.44843532533856
354,12,0,1,0,3,78.79650019743859
355,12,0,0,0,2,78.41945061232705
356,11,0,1,1,1,85.50564896606144
357,11,0,0,0,0,85.70852272306877
358,11,0,0,0,0,86.04943181397788
359,11,0,0,1,0,85.6357954503415
360,11,1,1,0,1,86.01847336320927
361,12,1,0,0,2,78.97526724960849
362,12,0,0,1,2,78.81693391627515
363,12,0,0,0,2,79.27355891627515
364,12,0,0,0,2,78.80157141627515
365,12,0,0,0,2,78.84909683294183
366,12,0,0,0,2,78.72444795794182
367,13,1,0,0,3,72.62740961117707
368,13,0,0,1,3,72.4803383546386
369,12,0,1,0,3,79.2414638746085
370,12,0,0,1,1,78.75767220794182
371,12,0,0,0,1,79.36600554127516
372,13,1,0,0,2,73.60555282121553
373,13,0,0,0,2,73.63398496666076
374,13,0,0,0,2,73.34065963809259
375,13,0,0,0,2,73.1018703696333
376,13,0,0,0,2,73.70279480478875
377,13,0,0,0,2,73.17061442017337
378,13,0,0,0,2,73.08154968940413
379,13,0,0,0,2,73.04547734849743
380,13,0,0,0,2,73.40191874398353
381,13,0,0,0,2,73.49125031056045
382,12,0,1,0,2,79.37153742585733
383,12,0,0,0,1,79.06941593244856
384,12,0,0,0,1,78.9527492657819
385,12,0,0,0,1,80.10355013222824
386,12,0,0,0,1,80.5312641266557
387,12,0,0,0,1,80.85108058942158
388,12,0,0,0,1,81.14691392275493
389,12,1,1,0,2,81.69690425401079
390,12,0,0,0,1,82.09037455809757
391,12,0,0,0,1,82.29745789143091
392,12,0,0,0,1,81.93158289143089
393,12,0,0,0,1,82.01630372476423
394,12,0,0,0,1,82.61213705809756
395,12,0,0,0,1,82.09478818309756
396,13,1,0,1,2,76.31088993439775
397,13,0,0,0,2,76.5993514728593
398,13,0,0,0,2,77.09819762670544
399,13,0,0,0,2,76.59047086411698
400,13,0,0,0,2,76.51181794404737
401,13,0,0,0,2,76.2002794825089
402,11,0,2,0,2,89.79044261283983
403,11,0,0,0,0,89.79077911337916
404,11,0,0,0,0,89.83040860883371
405,11,0,0,0,0,89.4213176997428
406,12,1,0,0,1,82.7987078914309
407,12,0,0,0,1,83.72370789143089
408,12,0,0,0,1,83.65704122476423
409,12,0,0,0,1,83.32324955809757
410,12,0,0,1,1,84.0704703914309
411,12,0,0,0,1,84.0889416414309
412,12,0,0,0,1,83.8956215164309
413,12,0,0,0,1,83.99613076226423
414,12,0,0,0,1,84.18363076226423
415,11,0,1,0,1,91.73710241916552
416,11,0,0,0,0,91.63949951792462
417,11,0,0,0,0,91.99859042701551
418,11,0,0,0,0,91.75313588156098
419,12,1,0,0,1,84.56537455809756
420,12,0,0,0,1,85.24037455809756
421,12,0,0,0,1,85.60579122476423
422,12,0,0,0,1,85.43241622476422
423,12,0,0,1,1,84.98480372476423
424,12,0,0,0,1,85.5481416414309
425,12,0,0,1,1,85.2481416414309
426,13,1,0,0,2,79.42136151516698
427,13,0,0,0,2,79.39052800093621
428,13,0,0,0,2,78.99147332443621
429,13,0,0,0,2,78.91839640135929
430,12,0,1,0,2,85.61488377876161
431,12,0,0,0,1,85.16845086209493
432,12,0,0,0,1,85.92578818309755
433,12,0,0,0,1,85.68266409559756
434,12,0,0,0,1,86.00664390101423
435,12,0,0,0,1,86.28259643147256
436,12,0,0,0,1,86.67159653612673
437,12,0,0,0,1,86.80722994271798
438,13,1,0,0,2,80.26815999446018
439,13,0,0,1,1,80.90927725836453
440,13,0,0,0,1,81.69773879682606
441,13,0,0,0,1,81.94731571990299
442,13,0,0,0,1,81.82244264297991
443,13,0,0,0,1,82.05580071990299
444,13,0,0,0,1,82.14876675836453
445,13,0,0,1,1,82.26845836990297
446,13,0,0,0,1,82.13185788259528
447,13,0,0,0,1,82.79892984917221
448,13,0,0,0,1,83.4143417642376
449,13,0,0,1,1,83.81782241247568
450,14,1,0,0,2,78.62595466151073
451,14,0,0,0,2,79.20003835645905
452,14,0,0,0,2,78.93582551435146
453,14,0,0,0,2,78.42301938201899
454,14,0,0,0,2,78.80619794652912
455,14,0,0,0,2,79.06370865597194
456,14,0,0,0,2,78.85516565291748
457,14,0,0,0,2,78.81420463261398
458,14,0,0,1,1,79.06063320404256
459,14,0,0,0,1,79.13516712225437
460,14,0,0,0,1,79.15286891548685
461,14,0,0,0,1,78.78369580396387
462,14,0,0,1,1,78.7246196826478
463,14,0,0,0,1,79.00676253979064
464,14,0,0,1,0,79.54247682550492
465,14,0,0,0,0,79.95676253979066
466,14,0,0,0,0,80.05676253979064
467,14,0,0,0,0,80.27461968264778
468,14,0,0,0,0,79.95319111121921
469,14,0,0,0,0,79.98176253979065
470,14,0,0,0,0,80.48885481256737
471,14,0,0,1,0,80.38528338399593
472,14,0,0,0,0,80.5067119554245
473,15,1,0,0,1,75.95293115839621
474,15,0,0,0,1,76.5829311583962
475,15,0,0,0,1,76.87626449172953
476,15,0,0,0,1,77.03256449172954
477,15,0,0,0,1,76.54767449172954
478,15,0,0,0,1,76.3939181583962
479,15,0,0,0,1,76.67195539172954
480,15,0,0,0,1,76.84158145506287
481,15,0,0,0,1,76.32398636606287
482,15,0,0,0,1,76.27933647042954
483,15,0,0,0,1,76.65532903002828
484,15,0,0,0,1,76.77831724783461
485,17,2,0,0,3,68.2718314708521
486,17,0,0,0,3,68.07638814149189
487,18,1,0,0,4,64.86210126588755
488,18,0,0,0,4,65.47973776957808
489,18,0,0,0,4,65.44074998882812
490,18,0,0,0,4,65.5961165978587
491,17,0,1,0,4,69.039479034426
492,17,0,0,0,3,68.94457806334655
493,17,0,0,0,3,69.24961797182627
494,17,0,0,0,3,69.1034400254091
495,17,0,0,0,3,69.05816550909356
496,17,0,0,0,3,69.04938419813769
497,16,0,1,0,3,74.03118522431652
498,16,0,0,0,2,73.6209119665499
499,16,0,0,0,2,73.93448985253842
500,15,0,1,0,2,79.34677401710374
501,14,0,1,0,1,85.37535806756674
502,15,1,0,0,1,80.02033419639562
503,15,0,0,1,1,80.04366752972895
504,16,1,0,0,3,75.81099008040924
505,16,0,0,1,3,75.92661508040925
506,16,0,0,0,3,76.21930185462965
507,16,0,0,0,2,76.00624904212965
508,16,0,0,0,3,76.00304957337964
509,16,0,0,0,3,75.74143494525465
510,16,0,0,0,3,75.69267970556714
511,15,0,1,0,3,80.62848377480313
512,15,0,0,0,1,80.29848377480313
513,15,1,1,0,3,80.87278942793606
514,15,0,0,0,1,81.22945609460272
515,15,0,0,0,1,81.55955361566508
516,15,0,0,0,1,81.48094112444704
517,15,0,0,0,1,82.22624571392775
518,15,0,0,0,1,82.46695892656425
519,16,1,0,0,2,77.33355453944668
520,16,0,0,0,2,77.15872592150157
521,16,0,0,0,2,77.09228338893999
522,16,0,0,0,2,77.25478338894
523,16,0,0,0,2,77.79818552519171
524,16,0,0,0,2,77.77709261152309
525,15,0,1,0,2,82.84576048895796
526,14,0,1,0,1,89.02043015789559
527,14,0,0,0,0,89.90971587218131
528,14,0,0,0,0,89.4597158721813
529,15,1,0,0,1,83.8077070149383
530,15,0,0,0,1,84.07104034827162
531,15,0,0,0,1,84.81437368160496
532,15,0,0,0,1,84.62067368160497
533,15,0,0,0,1,84.9891170149383
534,16,1,0,0,2,79.97002563900465
535,16,0,0,0,2,79.78368554525466
536,16,0,0,0,2,79.19074747962965
537,16,0,0,0,3,79.63287833369215
538,16,0,0,0,3,79.3908074315359
539,16,0,0,0,2,79.15354530002652
540,16,0,0,0,3,78.99871180796997
541,16,0,0,1,1,79.20407836353037
542,16,0,0,0,1,79.86970336353036
543,16,0,0,0,1,79.94782836353036
544,16,0,0,0,1,80.30720336353036
545,16,0,0,0,1,80.13845336353037
546,17,1,0,0,2,76.33030904802858
547,17,0,0,0,2,76.27442669508741
548,17,0,0,0,2,76.60972081273447
549,18,1,0,0,3,73.44806965647143
550,18,0,0,0,3,73.79251410091588
551,18,0,0,0,3,75.01656646421912
552,18,0,0,0,3,74.9247588808858
553,19,1,0,0,4,71.29349583189182
554,19,0,0,0,4,71.73936597215497
555,19,0,0,0,4,71.20568559665497
556,19,0,0,0,4,71.30153086275234
557,20,1,0,0,5,68.09925815231948
558,19,0,1,0,5,71.722083853874
559,19,0,0,0,4,71.3970963272954
560,19,0,0,0,4,71.09184132447984
561,18,0,1,0,4,75.54169061928724
562,18,0,0,0,3,75.01741705949763
563,18,0,0,0,3,75.28540884433937
564,18,0,0,0,3,75.05984813337581
565,18,0,0,0,3,75.31838255322675
566,17,1,2,1,5,79.77461684979028
567,17,0,0,0,2,79.41678000173648
568,16,0,1,0,2,84.88320100526623
569,16,0,0,1,1,84.63192478707113
570,16,0,0,0,1,84.2492920360803
571,16,0,0,0,1,84.4680420360803
572,16,0,0,0,1,84.24961531240125
573,16,0,0,0,1,84.3344879038114
574,16,0,0,0,1,84.89073790381138
575,16,1,1,0,2,85.43486010113665
576,16,0,0,0,1,85.66298510113666
577,16,0,0,0,1,85.74017260113665
578,16,0,0,0,1,86.48201635113665
579,16,0,0,0,1,86.46255697613665
580,16,0,0,0,1,86.32706041363664
581,16,0,0,0,1,86.32658781988665
582,17,1,0,0,2,81.79859217589967
583,17,0,0,0,2,81.4381977561938
584,17,0,0,0,2,81.88121578004674
585,17,0,0,1,2,82.40250486733203
586,17,0,0,0,2,82.4397601696082
587,17,0,0,0,2,82.14878005767211
588,17,0,0,0,2,82.14862339108156
589,17,0,0,0,2,81.86998431270347
590,16,0,1,1,1,86.75991851051623
591,16,0,0,0,1,86.71947704033563
592,16,0,0,0,1,86.60385204033562
593,15,0,1,0,1,92.89490885372561
594,15,0,0,0,0,93.70157552039228
595,17,2,0,1,2,83.06315487093437
596,17,0,0,1,2,83.16315487093436
597,17,0,0,0,2,83.22373437795851
598,17,0,0,0,2,83.33605790737026
599,17,0,0,0,2,83.52527261325262
600,17,0,0,0,2,83.50174320148791
601,16,0,1,0,2,88.86140999845591
602,16,0,0,0,1,88.9676599984559
603,16,0,0,0,1,89.49490527658091
604,17,1,0,0,2,84.42167555442909
605,17,0,0,0,2,84.3452049661938
606,18,1,0,2,2,79.80936024584969
607,19,1,0,1,4,75.905219016167
608,19,0,0,0,4,75.49664340568683
609,19,0,0,0,4,75.92035100466649
610,19,0,0,0,4,75.92909632395225
611,18,0,1,1,3,80.25257278392182
612,19,1,0,0,3,77.08094338508387
613,20,1,0,0,4,73.95079836757967
614,20,0,0,0,4,74.11134225082967
615,19,0,1,0,4,77.97135910473996
616,19,0,0,0,2,78.28374489715311
617,19,0,0,0,2,78.61437224597461
618,20,1,0,0,3,75.05152082064217
619,20,0,0,0,3,74.79112874564217
620,19,0,1,0,3,78.95585848159726
621,19,0,0,0,2,79.748524674492
622,19,0,0,0,2,79.73586528518088
623,19,0,0,0,2,80.12321119338351
624,20,1,0,0,4,76.2303856626691
625,20,0,0,0,4,76.08822018293742
626,19,0,1,1,4,80.49248246300026
627,19,0,0,0,3,80.51670840684919
628,20,1,0,0,6,76.74764506666625
629,20,0,0,0,5,77.16709671977793
630,20,0,0,0,5,77.73495867567135
631,20,0,0,0,5,77.5073487608903
632,20,0,0,0,6,77.6960338114294
633,19,0,1,0,6,81.89154061797248
634,19,0,0,0,3,81.99342267309542
635,18,0,1,0,3,86.71957863010786
636,18,0,0,0,1,86.87515488750977
637,18,0,0,0,1,86.96850271213555
638,18,0,0,1,1,86.89495730048469
639,18,0,0,0,1,86.83180884566244
640,18,0,0,0,1,87.61261894178782
641,18,0,0,0,1,87.39334286559158
642,18,0,0,0,1,87.0923496122542
643,18,0,0,1,1,87.58554322380694
644,18,0,0,0,1,88.02494541856052
645,19,1,0,0,2,83.37028869410443
646,19,0,0,0,2,83.57163223924795
647,19,0,0,0,2,83.9426848708269
648,19,0,0,0,2,83.86507316323187
649,19,0,0,0,2,83.6572792757127
650,19,0,0,0,2,83.81780559150218
651,18,0,1,0,2,88.30963737723025
652,18,0,0,0,1,87.89026803379187
653,18,0,0,0,1,88.43337616005167
654,18,0,0,0,1,88.82782060449613
655,18,0,0,0,1,89.27003594141195
656,18,0,0,0,1,89.08093172038573
657,18,0,0,0,1,88.83648727594128
658,18,0,0,0,1,88.8083560253923
659,19,1,0,0,3,84.48207667947871
660,19,0,0,0,3,84.8418837277484
661,19,0,0,0,3,84.91518016344389
662,19,0,0,0,3,85.28134614341182
663,19,0,0,0,3,85.21072254254727
664,19,0,0,0,3,85.11128283646832
665,18,0,1,0,3,90.21055510233106
666,18,0,0,0,2,90.10852050389087
667,18,0,0,1,2,89.88352050389088
668,17,0,1,0,2,95.37523776683837
669,17,0,0,0,0,95.67559155081953
670,17,0,0,0,0,95.67559155081953
671,17,0,0,0,0,95.357944491996
672,17,0,0,0,0,95.04029743317247
673,17,0,0,0,0,95.14323860964305
674,17,0,0,0,0,95.4844150802313
675,18,1,0,1,1,90.33250313132956
676,18,0,0,0,1,90.37972535355178
677,18,0,0,0,1,90.62416979799622
678,18,0,0,0,1,91.39083646466288
679,18,0,0,0,1,91.92835646629489
680,18,0,0,0,1,91.98011507740598
681,18,0,0,0,1,91.64856832740598
682,19,1,0,0,2,87.37982846543726
683,19,0,0,1,2,87.41613150043725
684,19,0,0,0,2,87.36521740288558
685,19,0,0,0,2,87.21567421735041
686,19,0,0,0,2,87.33417878993436
687,19,0,0,0,2,87.5706685696905
688,19,0,0,0,2,87.56578054709874
689,20,1,0,0,3,83.71573305972028
690,20,0,0,0,3,83.7465021377038
691,20,0,0,0,3,83.49754049229229
692,20,0,0,0,3,83.31226734050422
693,20,0,0,1,3,83.28884114245896
694,19,0,1,1,3,87.76471734502945
695,19,1,1,0,4,88.02541801051137
696,19,0,0,0,2,88.06758405163819
697,19,0,0,0,2,88.19359790950661
698,19,0,0,0,2,88.1225914807712
699,19,0,0,0,2,88.26424586634954
700,19,0,0,0,2,87.9561844090721
701,20,1,0,1,2,84.129514319529
702,20,0,0,0,2,84.31681171116634
703,20,0,0,0,2,84.58438513545241
704,22,2,0,0,5,77.31106275590986
705,22,0,0,0,5,77.49529166938582
706,22,1,1,0,7,77.58167235985819
707,22,0,0,0,5,77.92278056223319
708,22,0,0,0,4,77.55487549013498
709,22,0,0,1,3,77.57010335489352
710,22,0,0,0,4,77.54226735408812
711,22,0,0,0,3,77.50489307908812
712,21,0,1,1,3,81.10212325130304
713,21,0,0,0,3,81.22969969489829
714,21,0,0,0,2,81.27186034827209
715,21,0,0,0,2,81.6404425072797
716,21,0,0,0,2,81.11550598933763
717,22,1,0,0,4,77.37677540737917
718,22,0,0,0,3,77.19470282694172
719,22,0,0,0,3,77.45679747518096
720,23,1,0,0,5,74.62307834942894
721,23,0,0,0,5,74.35446444977758
722,23,0,0,0,5,74.93201493741294
723,22,0,1,0,5,78.65717418006487
724,23,1,0,0,5,75.10485871335119
725,23,0,0,0,5,75.36671070452317
726,23,0,0,0,5,76.09196362008268
727,23,0,0,0,5,75.76157544358303
728,23,0,0,0,5,75.67271676351153
729,22,0,1,0,5,79.4173246495165
730,22,0,0,0,3,79.2616229529526
731,23,1,0,0,4,76.06724130293277
732,23,1,1,0,5,76.47998333902231
733,23,0,0,0,4,76.99239699342333
734,23,0,0,0,4,76.52999959498229
735,24,1,0,0,5,73.56147469040384
736,24,0,0,0,5,73.63959057871924
737,24,0,0,0,5,73.64356176304001
738,23,0,1,0,5,76.56425556079017
739,22,0,1,0,4,80.03603457428089
740,23,1,0,1,4,76.66673458414279
741,23,0,0,0,4,76.7599783974254
742,23,0,0,0,4,77.17984318319995
743,22,0,1,1,4,80.59394567567625
744,23,1,0,0,4,77.32130200109229
745,23,0,0,0,4,77.53643139381715
746,22,0,1,1,3,81.31430910166073
747,22,0,0,0,3,81.34069921817446
748,22,0,0,0,3,81.37014119670059
749,22,0,0,1,3,81.12779603621433
750,22,0,0,0,3,80.94474533296487
751,22,0,0,0,3,81.25656479750842
752,22,0,0,0,3,81.10280135973436
753,22,0,0,0,3,81.58080804122424
754,22,0,0,0,3,81.7477543893088
755,23,1,0,0,4,78.42062794641306
756,24,1,0,0,5,75.5000472962248
757,24,0,0,0,5,75.67415915619675
758,24,0,0,0,5,75.64541245817709
759,24,0,0,0,5,76.08740360515849
760,24,0,0,1,4,76.32724555420039
761,24,0,0,1,4,76.70596231177964
762,24,0,0,0,4,76.70627237541846
763,24,0,0,0,4,76.83544775329896
764,24,0,0,0,4,76.9363209901638
765,24,0,0,0,4,77.00652224168515
766,23,0,1,1,4,80.19803215085318
767,23,0,0,0,3,80.12834904154325
768,23,0,0,0,3,80.50182279340224
769,22,0,1,0,3,84.01190454737659
770,22,0,0,0,2,84.47313893659212
771,22,0,0,0,2,84.33237393917747
772,22,0,0,0,2,84.44338389553266
773,22,0,0,0,2,84.3073098896201
774,22,1,1,0,3,84.51584236428064
775,22,0,0,0,2,84.69729380358591
776,22,0,0,0,2,84.5559548361699
777,22,0,0,1,2,84.14019937716051
778,22,0,0,0,2,84.2761713464404
779,23,1,0,1,3,80.9579951419919
780,22,0,1,0,3,84.64109596804919
781,22,0,0,0,2,84.57584126415921
782,22,0,0,0,2,84.9994928412017
783,22,0,0,0,2,85.03013985422236
784,22,0,0,0,2,85.12704730879135
785,22,0,0,0,2,85.17626758596836
786,22,0,0,0,2,85.36938860234353
787,22,0,0,0,2,85.59413097812434
788,23,1,0,0,4,82.2749633235113
789,23,0,0,0,4,82.44107101025797
790,23,0,0,0,4,82.59990884877797
791,23,0,0,0,4,82.3768726888248
792,23,0,0,0,3,82.54705172468367
793,23,0,0,0,4,82.56769878891531
794,23,0,0,0,4,82.33085910482396
795,21,0,2,0,4,90.14775489772524
796,21,0,0,0,1,90.2595318863105
797,21,0,0,0,1,90.04292717414344
798,21,0,0,0,1,90.01121756369304
799,21,0,0,1,1,90.28997321733011
800,21,0,0,0,1,90.26986407963798
801,21,0,0,0,1,90.32674006420588
802,21,0,0,0,1,90.4417913486415
803,21,0,0,0,1,90.47185105727024
804,21,0,0,0,1,90.60217856759607
805,21,0,0,0,1,90.62459830101463
806,21,0,0,1,1,90.49457782869334
807,21,0,0,0,1,90.4757063552113
808,21,0,0,0,1,91.17725822853578
809,21,0,0,0,1,91.14739215891052
810,22,1,0,1,2,87.08300927789226
811,22,0,0,0,2,86.78558555714481
812,22,0,0,0,2,86.86375258898524
813,22,0,0,0,2,86.81367405672808
814,23,1,0,0,4,83.07413564570683
815,24,1,0,0,5,80.20528228546905
816,23,0,1,1,4,83.86474682482105
817,23,0,0,0,2,83.72657989990414
818,23,0,0,1,2,83.29658107896094
819,23,0,0,0,2,83.83992973038767
820,22,0,1,0,2,87.81072615920912
821,23,1,0,0,2,84.44504241315656
822,23,0,0,0,2,84.90808589141743
823,23,0,0,1,2,84.61395545663483
824,23,0,0,1,2,84.59480328272178
825,23,0,0,0,2,85.1553294822674
826,24,1,0,0,3,82.19052408717293
827,24,0,0,0,3,82.63427408717293
828,24,0,0,0,3,82.72952093925626
829,24,0,0,0,3,82.73662000863125
830,25,1,0,0,4,79.81834578290601
831,25,0,0,0,4,80.44034578290601
832,25,0,0,1,4,80.7979625667038
833,25,0,0,1,4,80.67411093379846
834,25,0,0,1,4,80.50721479076473
835,24,0,1,0,4,84.30903742636534
836,24,0,0,0,3,84.34887845739644
837,23,0,1,0,3,88.01780932367441
838,23,0,0,0,2,88.04128986602544
839,23,0,0,0,2,87.8425088543668
840,23,0,0,1,2,88.1540143201188
841,23,0,0,0,2,88.45728553744956
842,23,0,0,0,2,88.67153191132022
843,23,0,0,0,2,88.95693915563837
844,23,0,0,0,2,89.18694161796542
845,23,0,0,0,2,89.18294334159437
846,24,1,0,0,4,85.374096858629
847,24,0,0,0,4,85.14701352529566
848,23,1,2,1,5,89.20305757318495
849,23,0,0,1,2,89.31752831628476
850,23,0,0,0,2,89.24587342842767
851,24,1,0,1,3,86.37358104830572
852,24,0,0,0,3,86.11350185721618
853,24,0,0,0,3,86.17399634958265
854,24,0,0,0,3,86.14947421261543
855,25,1,0,0,4,82.57263636806886
856,25,0,0,0,4,82.61883515483947
857,25,0,0,0,4,82.9691743055789
858,25,0,0,0,4,82.67221171109651
859,25,0,0,1,4,82.98873789495883
860,25,0,0,0,4,82.70210622366247
861,25,0,0,0,4,82.618864053755
862,24,0,1,1,4,85.98153558504116
863,24,0,0,1,2,86.02693598169395
864,23,0,1,0,2,89.83493158886617
865,24,1,0,1,3,86.19066610994876
866,24,0,0,1,3,86.11470554487171
867,24,0,0,0,4,86.17236648265111
868,23,0,1,1,3,89.78544884958298
869,23,0,0,0,3,89.97124186692295
870,23,0,0,1,3,90.33450784862615
871,23,0,0,0,2,90.27667048057779
872,23,0,0,0,2,90.0875127029167
873,24,1,0,0,4,86.34509799778088
874,24,0,0,0,4,86.28671015802085
875,24,0,0,1,2,86.73521367018884
876,24,0,0,0,2,86.94602617018883
877,24,0,0,0,2,86.8946365868555
878,24,0,0,0,2,86.91428887852219
879,23,0,1,1,2,90.77125238753766
880,23,0,0,0,1,90.87360503753766
881,23,0,0,0,1,90.99655624036374
882,23,0,0,0,1,90.95305686495071
883,23,0,0,0,1,90.674129041292
884,23,0,0,0,1,90.6132594760746
885,23,0,0,0,1,90.82159623548598
886,23,0,0,0,1,91.27210660066672
887,23,0,0,0,1,91.1134109484928
888,22,0,1,0,1,95.3412475657936
889,22,0,0,0,0,95.65588431885695
890,23,1,0,0,1,92.20780239195012
891,23,0,0,0,1,92.20562847890663
892,24,1,0,1,3,88.61310229228553
893,24,0,0,0,3,88.57016479228554
894,24,0,0,0,3,88.58137937561888
895,24,0,0,1,3,88.43622499919833
896,24,0,0,0,3,88.401126834615
897,23,0,1,0,3,92.19108349131565
898,23,0,0,0,2,92.13221481028977
899,24,1,0,0,3,88.32081210839597
900,23,0,1,0,3,92.27942642692183
901,23,0,0,0,1,92.23455320907165
902,23,0,0,1,1,92.04836304264174
903,23,0,0,0,1,91.97134782525043
904,23,0,0,0,1,92.07178499916347
905,23,0,0,0,1,92.08700239046782
906,23,0,0,0,1,92.25980523611999
907,23,0,0,0,1,92.34609649112
908,23,0,0,0,1,92.30696605633739
909,23,0,0,0,1,92.6458483019613
910,23,0,0,0,1,92.5139353328611
911,23,0,0,0,1,92.83594408057787
912,24,1,0,0,3,89.13483561214717
913,24,0,0,0,3,89.22698305326251
914,24,0,0,0,3,89.34109042870993
915,24,0,0,0,3,89.09802809152312
916,23,0,1,0,3,92.98119936249202
917,23,0,0,0,1,93.24583705854344
918,23,0,0,1,1,93.38566659290336
919,23,0,0,0,1,93.30246031043357
920,23,0,0,0,1,92.99660721705256
921,23,0,0,1,1,93.12946657342495
922,23,0,0,0,1,93.43659855766826
923,23,0,0,0,1,93.60289529446463
924,23,0,0,0,1,93.55712909717865
925,23,0,0,0,1,93.58031015038277
926,23,0,0,0,1,93.48044993110396
927,23,0,0,0,1,93.34750429934789
928,23,0,0,0,1,93.6200945310317
929,23,0,0,0,1,93.539659748423
930,23,0,0,0,1,93.5962812545615
931,24,1,0,0,2,89.78635346636118
932,24,0,0,1,2,89.8571867996945
933,23,0,1,0,2,93.92363104352104
934,23,0,0,0,1,94.16752234786887
935,23,0,0,0,1,94.02734782525043
936,23,0,0,0,1,93.69446326003303
937,23,0,0,0,1,94.28448754264173
938,23,0,0,0,1,94.1842436709026
939,23,0,0,0,1,94.50320339546782
940,23,0,0,0,1,94.5888665070113
941,23,0,0,0,1,94.30665677204824
942,23,0,0,0,1,94.12650126192194
943,24,1,0,0,2,90.6014177212988
944,24,0,0,0,2,90.50558438796547
945,24,1,1,0,3,91.00638738220168
946,25,1,0,1,4,87.77366348027803
947,25,0,0,0,4,88.01872948027804
948,26,1,0,0,5,84.71700596079846
949,26,0,0,0,6,84.92257167233691
950,26,0,0,0,6,84.44206382426
951,27,1,0,0,7,81.23473746650963
952,26,0,1,0,7,84.1649188098903
953,25,0,1,0,5,87.5312487916497
954,25,0,0,0,3,87.5768341315059
955,25,0,0,0,3,87.54253161754026
956,25,0,0,0,3,87.6218663320473
957,25,0,0,0,3,87.83140063220222
958,25,0,0,0,3,87.91987464231067
959,25,0,0,0,3,87.71260644938658
960,25,0,0,1,2,87.57850865171973
961,25,0,0,0,2,87.47370749218317
962,25,1,1,0,3,87.4737565918062
963,25,1,1,0,3,88.07956365328339
964,25,0,0,0,3,87.88389455729835
965,25,0,0,0,3,87.73432619010886
966,25,0,0,0,3,88.1836083330762
967,25,0,0,0,3,87.86472583315333
968,25,0,0,0,3,87.69590808320734
969,25,0,0,0,3,87.58191406120733
970,25,1,1,0,4,87.75784160508721
971,24,0,1,0,3,91.5715316701875
972,24,0,0,0,2,91.53795977401457
973,24,0,0,0,2,91.48636350847687
974,24,0,0,0,2,91.61899612260048
975,24,0,0,0,2,91.27704728582033
976,24,0,0,0,2,91.13851643340756
977,24,0,0,0,2,91.20071150338528
978,25,1,0,0,3,87.6778781302749
979,25,0,0,0,3,87.78211469119243
980,25,0,0,0,3,87.68246608800071
981,25,0,0,0,3,87.87613619868429
982,25,0,0,1,3,87.709495339079
983,25,0,0,0,3,87.65384673735531
984,25,0,0,0,3,87.8360927161487
985,25,0,0,0,3,87.98798092004253
986,24,0,1,0,3,91.65539942655062
987,25,1,0,0,3,87.79520866939656
988,25,0,0,0,3,87.80792563191632
989,25,0,0,0,3,87.85687783190522
990,25,0,0,0,3,87.63141448233364
991,25,0,0,0,3,87.58359013763355
992,25,0,0,0,3,87.5770041442231
993,25,0,0,0,3,87.63131916744044
994,25,0,0,0,3,87.52032341720832
995,25,0,0,2,3,87.18527242146853
996,25,1,1,0,4,87.24875651412543
997,24,0,1,0,3,91.01588751066787
998,24,0,0,0,2,90.8450647308527
999,24,0,0,0,2,90.58028045164876
1000,23,0,1,0,2,94.54435707221398
1001,23,0,0,0,1,94.6056638113444
1002,23,0,0,0,1,94.60590378190723
1003,23,0,0,0,1,94.58522836668983
1004,25,2,0,0,4,87.4676013270171
1005,26,1,0,0,5,84.56939701465109
1006,25,0,1,1,4,87.98150655441712
1007,26,1,0,0,5,84.80530822540108
1008,26,0,0,0,5,84.75506217307692
1009,25,0,1,0,5,88.33799226514779
1010,25,0,0,0,3,88.28538200514781
1011,25,0,0,1,3,87.8790301954138
1012,25,0,0,0,3,87.58483262801379
1013,25,0,0,0,3,87.1346943308338
1014,25,0,0,0,3,87.25139752280778
1015,25,0,0,0,3,87.1987730669556
1016,24,0,1,1,2,90.71003127873213
1017,25,1,0,0,2,87.58058120579751
1018,25,0,0,0,2,87.58258120579751
1019,25,1,1,0,4,88.10528890521599
1020,25,0,0,0,3,88.23329506141904
1021,25,0,0,0,3,88.29157615248434
1022,25,0,0,0,3,88.03522235248434
1023,25,0,0,0,3,88.08757469248434
1024,24,0,1,0,3,91.70574364750989
1025,25,1,0,1,4,87.9429665482095
1026,26,1,0,0,5,85.17249579758843
1027,26,0,0,0,5,85.43428229460545
1028,26,0,0,0,5,85.0692943809789
1029,26,1,1,1,7,85.03388393330523
1030,26,0,0,0,3,85.12624269162599
1031,27,1,0,0,5,82.12057833267689
1032,27,0,0,0,4,82.56788244921064
1033,28,1,0,0,5,79.8880945633492
1034,28,0,0,0,5,79.86203025080461
1035,28,0,0,0,6,79.80000178171531
1036,27,0,1,0,6,82.70437383954962
1037,27,0,0,1,4,82.92752582293781
1038,27,0,0,0,4,83.21181137132473
1039,27,0,0,0,4,83.13893374302481
1040,27,0,0,1,3,83.04458606988155
1041,27,0,0,0,3,82.94279829627384
1042,27,0,0,1,3,82.69173203993363
1043,27,0,0,0,3,83.22024491975475
1044,28,1,0,0,5,80.3819823664999
1045,28,0,0,1,5,80.45127361292236
1046,28,0,0,0,5,80.57698297189006
1047,27,0,1,0,5,83.41403039582173
1048,27,0,0,0,3,83.73409846470825
1049,27,0,0,0,4,83.84313292929181
1050,27,1,1,1,5,84.09773703394201
1051,27,0,0,0,4,84.20836045639953
1052,27,0,0,0,4,84.26283169268812
1053,27,0,0,0,4,84.60622335809013
1054,27,0,0,0,4,84.79805689716265
1055,27,0,0,0,4,84.70490497535219
1056,27,0,0,0,4,84.76681700101946
1057,27,0,0,0,4,85.0257538805415
1058,27,0,0,0,4,85.25367458482694
1059,27,0,0,0,4,85.25599793064
1060,27,0,0,0,4,85.192153306182
1061,26,0,1,1,3,88.34147196779638
1062,26,0,0,0,0,88.71313833523115
1063,26,0,0,0,0,88.97083064292346
1064,26,0,0,0,0,89.04655715582597
1065,26,0,0,0,0,89.19848023274905
1066,26,0,0,1,0,88.9196340789029
1067,26,0,0,0,0,88.93694177121058
1068,26,0,0,0,0,89.32924946351828
1069,27,1,0,0,1,86.38223640423706
1070,28,1,0,0,2,83.31679938980002
1071,28,0,0,0,2,83.76144224694289
1072,28,0,0,0,2,84.02017438980002
1073,28,0,0,1,2,84.24450117551432
1074,28,0,0,0,2,83.9470834969429
1075,29,1,0,0,5,81.19341211773796
1076,29,0,0,0,5,81.01646140911727
1077,29,0,0,0,5,81.14138901653105
1078,30,1,0,0,9,78.74284351099669
1079,30,0,0,0,9,78.69869442603502
1080,29,0,1,1,9,81.55805478567694
1081,29,0,0,0,5,81.96458169013901
1082,29,0,0,0,5,81.89448280931286
1083,29,0,0,0,5,81.84472021535467
1084,28,0,1,1,4,84.89809066955455
1085,28,0,0,0,2,84.86930503101124
1086,28,0,0,1,2,84.86301762436217
1087,28,0,0,0,2,84.88468563018276
1088,28,0,0,1,2,84.96024300637535
1089,28,0,0,1,2,85.42329231732833
1090,28,0,0,1,2,85.23262960220411
1091,28,0,0,0,2,85.20430910991146
1092,28,0,0,0,2,85.01109190816375
1093,28,0,0,0,2,85.09744700979749
1094,28,0,0,0,2,85.15816129551176
1095,27,0,1,0,2,88.90433319313091
1096,27,0,0,0,1,88.98167841488397
1097,27,0,0,0,1,88.71336130618123
1098,27,0,0,0,1,88.4483118213627
1099,27,0,0,0,1,89.08905256210345
1100,27,0,0,0,1,89.02835046493573
1101,27,0,0,1,1,89.34951624672613
1102,27,0,0,2,1,89.50136933101645
1103,27,0,0,0,1,89.960999823353
1104,27,0,0,0,1,90.14558361939199
1105,27,0,0,0,1,90.34599306131616
1106,27,0,0,1,1,90.15866854240983
1107,27,0,0,0,1,89.97031915695317
1108,28,1,0,0,2,87.23245763759303
1109,28,0,0,1,2,87.32949826725046
1110,28,0,0,0,2,87.8034981365821
1111,28,0,0,0,2,87.88492304511426
1112,28,0,0,1,2,87.9421169096582
1113,28,0,0,1,2,88.03854548108676
1114,29,1,0,0,3,85.0891197598977
1115,29,0,0,0,3,85.14651423834873
1116,29,0,0,0,3,85.47986700550582
1117,29,0,0,0,3,85.36191711598131
1118,29,0,0,1,2,85.2100585945038
1119,29,0,0,0,2,85.16557773243484
1120,29,0,0,2,2,85.60848819648139
1121,29,0,0,0,2,85.64264334778163
1122,29,0,0,0,2,85.9440544726573
1123,29,0,0,0,2,86.3514215704151
1124,28,0,1,0,2,89.31127949043773
1125,28,0,0,0,1,89.6232522082867
1126,28,0,0,1,1,90.04991653676836
1127,28,0,0,0,1,90.2317291962274
1128,28,0,0,0,1,90.48427686004054
1129,28,0,0,0,1,90.41373879613833
1130,29,1,0,0,2,87.64214276687551
1131,29,0,0,0,2,87.63977096560866
1132,29,0,0,0,2,87.6363226897466
1133,28,0,1,0,2,91.51473306973267
1134,28,0,0,0,1,91.85997056973268
1135,28,0,0,0,1,91.75365492084268
1136,28,0,0,0,1,91.85337486727124
1137,28,0,0,0,1,91.78568585789539
1138,28,0,0,1,1,91.58840577450253
1139,28,0,0,0,1,91.49280971612752
1140,28,0,0,0,1,91.5892382875561
1141,27,0,1,0,1,95.04544054743553
1142,28,1,0,0,1,91.97417481359854
1143,28,0,0,0,1,92.49562419252189
1144,28,0,0,0,1,92.55580276395047
1145,28,0,0,0,1,92.53149919252189
1146,29,1,0,0,2,90.03346991002114
1147,29,0,0,0,2,89.82078215140045
1148,29,0,0,0,2,89.82396968588321
1149,29,0,0,0,2,89.9894595807108
1150,29,0,0,0,2,90.29083698984873
1151,29,0,0,0,2,90.28404255555563
1152,29,0,0,0,2,90.36859679637804
1153,30,1,0,0,3,87.57002527278861
1154,30,0,0,0,3,87.43695913152483
1155,31,1,0,1,4,84.80788338642598
1156,31,0,0,0,4,85.03366716887275
1157,32,1,0,0,5,82.65110194090698
1158,33,1,0,0,6,80.34783498381361
1159,33,0,0,0,6,80.14504276287828
1160,34,1,0,0,7,77.95670103886403
1161,34,0,0,0,7,78.08448714040742
1162,35,1,0,0,9,75.73770185830243
1163,35,0,0,1,8,75.99942252692281
1164,35,0,0,0,8,75.86598632738564
1165,35,0,0,0,8,76.11364370199534
1166,34,0,1,0,8,78.24504108517861
1167,34,1,1,0,7,78.60989785606111
1168,34,0,0,0,6,78.51761395076421
1169,33,0,1,0,6,80.7889729337382
1170,34,1,0,0,6,78.6457677975439
1171,34,0,0,0,6,78.50372920971863
1172,34,0,0,0,6,78.35533161000565
1173,34,0,0,0,6,78.76660034903009
1174,35,1,0,0,7,76.19221736730871
1175,35,0,0,0,7,76.74567846237005
1176,35,0,0,0,7,76.47728284430366
1177,34,0,1,2,6,78.66243705503388
1178,34,0,0,1,6,78.55427959357557
1179,34,0,0,0,6,78.7223220905471
1180,34,0,0,0,6,78.74720714006116
1181,34,0,0,0,6,78.78921989506895
1182,34,0,0,1,6,78.8950128832949
1183,33,0,1,1,6,81.25001107381165
1184,33,0,0,0,5,81.28363546051273
1185,32,0,1,0,5,83.65333010491737
1186,30,0,2,0,4,89.2042632369294
1187,29,0,1,0,2,92.30833113069701
1188,30,1,0,1,2,89.48469518231673
1189,30,0,0,0,2,89.66539986903612
1190,30,0,0,0,2,89.80823320236945
1191,30,0,0,0,2,89.87765511289889
1192,30,0,0,0,2,89.91163848711031
1193,32,2,0,0,4,84.6638378004159
1194,32,0,0,0,4,84.96962903170068
1195,32,0,0,0,4,84.90118024797054
1196,32,0,0,0,4,84.88254629207748
1197,32,0,0,0,4,84.76406337490737
1198,33,1,0,0,5,82.5212389135398
1199,32,0,1,1,5,84.99861437044224
1200,32,0,0,0,4,84.94435113294224
1201,31,0,1,0,4,87.37243414250045
1202,32,1,0,1,4,84.79018474964107
1203,33,1,0,0,5,82.45592902011099
1204,32,0,1,0,5,84.89848157281955
1205,32,0,0,0,4,84.76618189711226
1206,31,0,1,1,4,87.35437054926105
1207,30,0,1,0,3,90.28705682664585
1208,30,0,0,0,2,90.09106210997919
1209,30,0,0,0,2,90.12950343709873
1210,30,0,0,0,2,90.32464046876541
1211,29,0,1,0,2,93.21275742040042
1212,29,0,0,0,1,93.48515446748662
1213,30,1,0,1,2,90.56347132043207
1214,30,0,0,0,2,90.76644672173525
1215,29,0,1,0,2,93.77442506082089
1216,29,0,0,0,1,93.40785609530364
1217,29,0,0,0,1,93.38125781944157
1218,30,1,0,0,2,90.38055105879353
1219,30,0,0,0,2,90.48555105879353
1220,30,0,0,0,2,90.52721772546018
1221,30,0,0,0,2,91.21218986929352
1222,30,0,0,0,2,91.10302912278208
1223,30,0,0,0,2,91.19953770424374
1224,31,1,0,0,3,88.56525197864539
1225,31,0,0,1,3,88.80204798340303
1226,31,0,0,0,3,88.91409550931401
1227,31,0,0,0,3,88.7914697334033
1228,31,1,1,0,4,88.96196779944502
1229,31,0,0,0,3,88.98389729828104
1230,32,1,0,0,4,86.19552144910793
1231,32,0,0,0,4,86.32782173308665
1232,32,0,0,0,4,86.52627094751065
1233,32,0,0,0,4,86.35961669883996
1234,32,0,0,0,4,86.29259223522236
1235,32,0,0,0,4,86.17620336153065
1236,32,0,0,0,4,86.30226499285835
1237,31,0,1,0,4,89.39655447679155
1238,31,0,0,0,3,89.58403107898356
1239,32,1,0,0,4,86.59321612231072
1240,32,0,0,0,4,86.66804633249251
1241,32,0,0,2,4,86.88636497961976
1242,33,1,0,1,5,84.39845506192371
1243,34,1,0,0,6,82.41496333618935
1244,34,0,0,0,6,82.66222261474431
1245,34,0,0,0,6,82.39383352149748
1246,34,0,0,0,6,82.03301997975413
1247,34,0,0,0,6,81.85219246903428
1248,33,0,1,0,6,84.54556546563546
1249,35,2,0,0,8,80.06351422947219
1250,34,0,1,0,8,82.05357296058212
1251,33,0,1,0,7,84.70081697690941
1252,33,0,0,0,5,84.63088546258162
1253,33,0,0,1,4,84.43050254421658
1254,33,0,0,0,4,84.65129898442171
1255,34,2,1,0,6,82.15385852366633
1256,34,0,0,0,5,82.51407473390097
1257,34,1,1,1,6,82.52090407247383
1258,34,0,0,0,5,82.44812361181783
1259,33,0,1,0,5,85.00259328977347
1260,33,0,0,0,4,84.98462261814852
1261,32,0,1,1,3,87.72543368030281
1262,32,0,0,0,2,87.67450923967782
1263,32,0,0,0,2,87.78421181421878
1264,33,1,0,0,3,85.28498417654548
1265,34,1,0,0,4,83.17109827529102
1266,34,0,0,0,4,83.3377706939275
1267,34,0,0,0,4,83.64927231558788
1268,34,0,0,0,4,83.48263227427957
1269,34,0,0,0,4,83.4531414512461
1270,33,0,1,0,4,86.21908081224758
1271,33,0,0,0,3,86.0551318088616
1272,33,0,0,0,3,86.40955296103687
1273,33,0,0,0,3,86.51171767513529
1274,34,1,0,0,4,84.1437498385335
1275,35,1,0,0,5,81.98523035347459
1276,35,0,0,0,5,82.11085599641831
1277,35,0,0,0,5,82.16507966076463
1278,35,0,0,0,5,82.17917718211345
1279,35,0,0,0,5,81.86043439276533
1280,35,0,0,0,5,81.699138143488
1281,36,1,0,0,6,79.60258546985516
1282,36,0,0,0,6,79.70213589985923
1283,35,0,1,0,6,81.88613160898902
1284,35,0,0,0,5,81.91405070041294
1285,35,0,0,0,5,81.97416846698829
1286,35,0,0,0,5,82.1616901892461
1287,35,1,1,0,7,82.43282980320745
1288,35,0,0,0,6,82.15219831516612
1289,35,0,0,0,6,82.1107640134186
1290,38,3,0,0,8,76.0609055381511
1291,38,0,0,0,9,76.24817840620541
1292,38,1,1,1,10,76.36379548411958
1293,38,1,1,0,10,76.5091363281653
1294,39,1,0,0,9,74.96258074971765
1295,38,0,1,0,9,77.15167044564194
1296,38,0,0,0,8,76.93053125278125
1297,38,0,0,0,8,76.93257592304194
1298,38,0,0,0,9,77.17479666590864
1299,38,0,0,0,8,77.01321734657094
1300,38,0,0,0,8,76.83785287899667
1301,38,0,0,0,8,76.98605725778009
1302,38,0,0,1,8,77.12661551077397
1303,38,0,0,0,8,77.17195288014922
1304,38,0,0,1,6,77.1093604956315
1305,36,0,2,0,6,81.6968206455174
1306,36,0,0,0,3,82.05078742542271
1307,36,0,0,0,3,81.90023089958882
1308,36,0,0,1,2,81.95683658904358
1309,36,0,0,1,2,81.98640363630705
1310,36,1,1,1,3,82.26299703022909
1311,37,1,0,0,3,80.29175798359498
1312,37,0,0,0,3,80.49907133247294
1313,37,0,0,0,3,80.64514864949255
1314,37,0,0,1,3,80.7953892578928
1315,37,0,0,0,3,81.27393606215132
1316,37,0,0,0,3,81.35689179810528
1317,38,1,0,0,4,79.30561973923955
1318,38,0,0,0,4,79.3770930943144
1319,38,0,0,0,4,79.35799002101156
1320,36,0,2,0,4,83.89663133131357
1321,38,2,0,0,5,79.81450723047999
1322,39,1,0,1,8,78.12614205899513
1323,39,0,0,0,8,78.14536345336036
1324,38,0,1,0,8,80.28431021830957
1325,38,0,0,0,5,80.86624859018067
1326,38,0,0,0,5,80.79276955641377
1327,37,0,1,2,5,82.95417165909353
1328,38,1,0,0,5,81.02418228562672
1329,38,1,1,0,6,81.03575365361438
1330,37,0,1,0,5,83.55437358299162
1331,37,0,0,0,4,83.63553735488563
1332,37,0,0,2,3,83.59724411164238
1333,36,0,1,1,3,86.044817980579
1334,37,1,0,0,2,83.93338114326605
1335,37,0,0,0,2,83.96223307341451
1336,37,0,0,0,2,84.22456039638749
1337,38,1,0,0,3,82.24587746970842
1338,38,0,0,0,3,82.53393390037947
1339,38,0,0,1,2,82.8928124164238
1340,38,0,0,0,2,83.13095685359764
1341,38,0,0,1,2,82.88063222247571
1342,38,0,0,0,2,82.9547146503263
1343,38,0,0,1,2,83.07506873897128
1344,38,0,0,0,2,82.91138456149365
1345,38,0,0,0,2,83.52429010445883
1346,39,1,0,0,4,81.4839312605342
1347,39,0,0,0,4,81.65457758448238
1348,39,0,0,0,4,81.8233849768293
1349,40,1,0,0,5,79.94998522907831
1350,38,0,2,0,5,84.16097873094252
1351,38,0,0,0,2,84.21851176055813
1352,39,1,0,0,3,82.3010498480509
1353,39,0,0,0,3,82.42639984805089
1354,38,0,1,0,3,84.96193439552371
1355,38,0,0,0,2,84.85532027677174
1356,38,0,0,0,2,84.90742643006278
1357,38,0,0,0,2,84.85392826861542
1358,38,0,0,0,2,84.98397955560226
1359,38,0,0,0,2,85.39238387754568
1360,38,0,0,0,2,85.48918795553766
1361,38,0,0,0,2,85.7641876522373
1362,38,0,0,0,2,86.10445059782178
1363,38,0,0,0,2,86.02184518604672
1364,39,1,0,0,3,84.24776443888611
1365,39,0,0,0,3,84.17463334228992
1366,39,0,0,1,4,84.02959542082642
1367,39,0,0,1,4,83.85578352859824
1368,40,1,0,0,6,82.02881449259733
1369,40,0,0,1,6,81.72184457440491
1370,40,0,0,0,6,81.5967281316702
1371,40,0,0,0,6,81.46062537175592
1372,40,0,0,0,6,81.78874649819092
1373,40,0,0,0,6,81.96219016826502
1374,40,0,0,0,6,81.92477943116134
1375,40,0,0,0,6,82.19256497752853
1376,40,0,0,0,6,82.35091275742606
1377,40,0,0,0,6,82.28044534082308
1378,40,0,0,0,6,82.08249668022421
1379,40,0,0,0,6,82.76271072054564
1380,40,0,0,0,6,82.58577569891207
1381,40,0,0,1,6,82.37751583176741
1382,39,0,1,0,6,84.53052561908771
1383,38,0,1,0,4,87.0848771200847
1384,38,0,0,0,3,87.05529455125566
1385,38,0,0,0,3,87.18598190123345
1386,38,0,0,0,3,87.1266711298354
1387,37,0,1,0,3,89.4550718704952
1388,37,0,0,0,2,89.56272826827687
1389,38,1,0,0,3,87.37872979623903
1390,38,0,0,1,3,87.42807301883579
1391,38,0,0,0,3,87.40939563637875
1392,38,0,0,1,2,87.8450035031062
1393,38,0,0,0,2,88.0419507613068
1394,37,0,1,0,2,90.63659520586796
1395,38,1,0,0,3,88.33248074231979
1396,38,0,0,2,2,88.67619579268099
1397,38,0,0,0,2,88.80298053846015
1398,38,0,0,0,2,88.80738775524239
1399,39,1,0,0,3,86.94405042732356
1400,39,0,0,1,3,87.03843664210525
1401,39,0,0,0,3,87.14578904373447
1402,39,0,0,0,3,87.19414085308006
1403,39,0,0,0,3,87.44055122218607
1404,39,0,0,0,3,87.63996155748336
1405,39,0,0,2,3,87.48116318962735
1406,38,0,1,0,3,89.81770525363153
1407,38,0,0,0,2,89.8787512979037
1408,38,0,0,1,2,90.11687826573633
1409,38,0,0,0,2,90.08354906157088
1410,40,2,0,0,4,86.27172143534891
1411,41,1,0,0,5,84.67505620274846
1412,41,0,0,1,6,84.90600510176414
1413,41,0,0,1,6,84.54666582431224
1414,41,0,0,0,5,84.61940054187046
1415,41,0,0,0,6,84.59321088128489
1416,41,0,0,1,6,84.52544839763293
1417,39,0,2,0,5,89.00837910055287
1418,39,0,0,0,4,89.43207223026458
1419,39,0,0,0,4,89.50672012950817
1420,38,0,1,0,4,92.1456537261433
1421,38,0,0,1,1,92.2244900296769
1422,38,0,0,0,1,92.45757210745647
1423,40,2,0,2,3,88.43595770829455
1424,40,0,0,0,3,88.3701389026422
1425,41,1,0,1,4,86.59214230603466
1426,41,0,0,1,3,86.61653486479597
1427,41,0,0,1,3,86.59833770470938
1428,41,0,0,0,3,86.50413627801461
1429,41,0,0,0,3,86.59343918176731
1430,41,0,0,0,3,86.9859995411423
1431,41,0,0,0,3,87.06158045995673
1432,41,0,0,0,3,87.4357620307
1433,41,0,0,2,3,87.34664048715932
1434,42,1,0,0,4,85.30581734818246
1435,41,0,1,0,4,87.60719867086065
1436,42,1,0,0,4,85.73020554481725
1437,44,2,0,0,6,82.33714401651132
1438,44,0,0,0,6,82.45032265013452
1439,45,1,0,0,7,80.70697663381142
1440,45,0,0,0,7,80.69753977323721
1441,45,0,0,0,7,80.59745088320405
1442,45,0,0,0,7,80.87562288240306
1443,46,1,0,0,8,79.14566190615014
1444,46,0,0,0,8,78.95225216038385
1445,46,1,1,0,10,78.99068709746284
1446,46,0,0,1,9,78.86003364854824
1447,45,0,1,0,9,80.79709958486507
1448,44,0,1,0,7,82.85684535974124
1449,44,0,0,0,6,82.78240592434302
1450,43,0,1,1,5,84.75125169146476
1451,44,1,0,0,6,83.26934728123614
1452,44,0,0,0,6,83.53748865280394
1453,44,0,0,0,6,83.47757397653777
1454,44,0,0,0,6,83.24378505121963
1455,44,0,0,0,6,83.34703592916739
1456,43,0,1,0,6,85.25841300575988
1457,43,0,0,0,5,85.10899053518173
1458,42,0,1,0,5,87.39953327284805
1459,41,0,1,0,4,89.54920985895902
1460,41,0,0,1,3,89.58900642355505
1461,41,0,0,0,3,89.72666605798916
1462,41,0,0,1,3,89.53893104135017
1463,40,0,1,1,2,91.69600088398695
1464,41,1,0,0,2,89.55530615633832
1465,41,0,0,0,2,89.444625625638
1466,41,1,1,0,3,89.7888115478981
1467,41,0,0,0,2,89.6581895966786
1468,41,0,0,0,2,89.86245719919022
1469,41,0,0,1,2,89.85415232114144
1470,40,0,1,0,2,91.90349551791998
1471,40,0,0,0,1,92.43903689291997
1472,41,1,0,0,2,90.29676972358047
1473,41,0,0,0,2,90.76394316138534
1474,41,0,0,0,2,90.77791578736095
1475,42,1,0,0,4,88.88394194398332
1476,42,0,0,0,4,88.81636361197974
1477,42,0,0,0,4,88.82727306529152
1478,43,1,0,0,5,86.9670129458049
1479,44,1,0,0,6,85.23783559701744
1480,45,1,0,0,7,83.62352007850393
1481,45,1,1,1,8,83.63457089254398
1482,45,0,0,0,6,83.53070581914088
1483,46,1,0,0,7,81.96469200347937
1484,45,0,1,0,7,83.72396231437706
1485,45,0,0,1,6,83.73560569117355
1486,45,0,0,0,6,83.99508611904218
1487,44,0,1,0,6,86.30972768606334
1488,45,1,0,0,6,84.71317087244479
1489,47,2,0,0,8,81.44906559406262
1490,47,0,0,0,8,81.36467051616384
1491,47,0,0,0,9,81.3067986921666
1492,47,0,0,0,9,81.49575578729406
1493,47,0,0,1,8,81.48653727422345
1494,46,0,1,0,8,83.19957367822683
1495,45,0,1,0,6,84.93748853362408
1496,46,1,0,1,5,83.55873860024438
1497,46,0,0,0,6,83.54199897787272
1498,46,0,0,0,5,83.38343150237954
1499,46,0,0,0,5,83.29288117362637
1500,46,0,0,1,6,83.2262443818206
1501,45,0,1,0,6,85.18137115253586
1502,44,0,1,0,5,87.17140127140702
1503,45,1,0,0,4,85.62203679870908
1504,45,0,0,0,4,85.75527907395175
1505,45,0,0,0,4,85.7452781420397
1506,45,0,0,0,4,85.60562963823766
1507,45,0,0,0,4,86.15686629042996
1508,45,0,0,0,4,86.21855099708229
1509,45,0,0,0,4,86.30778657818408
1510,45,0,0,0,4,86.52125148495534
1511,45,0,0,1,4,86.4319551148348
1512,45,0,0,0,4,86.47507472401315
1513,45,0,0,0,4,86.47590874259124
1514,46,1,0,0,6,84.91912916993047
1515,47,1,0,0,7,83.3103143765306
1516,47,0,0,1,7,83.42148716788405
1517,47,0,0,0,7,83.6845997624565
1518,48,1,0,0,7,82.10750105844107
1519,49,1,0,0,9,80.50385212620353
1520,49,0,0,0,9,80.43211931732925
1521,50,2,1,1,12,78.90586277023955
1522,50,0,0,0,11,79.26680948512018
1523,49,0,1,1,12,80.30812258448712
1524,49,0,0,2,11,80.25118060036058
1525,47,0,2,0,12,83.62758122314291
1526,47,1,1,0,8,83.73105111101091
1527,45,0,2,0,7,87.24720161173484
1528,46,1,0,1,4,85.47693839601628
1529,47,1,0,0,5,83.88350944429253
1530,46,0,1,0,5,85.85313925823777
1531,46,0,0,1,4,86.13721048698368
1532,46,0,0,0,4,86.1554874904716
1533,46,0,0,0,4,86.07174532128393
1534,47,1,0,0,5,84.45447547115023
1535,46,0,1,0,5,86.30979621027991
1536,46,0,0,1,4,86.01917592895056
1537,46,0,0,1,4,86.21041564506349
1538,46,0,0,0,4,86.3421139407806
1539,46,0,0,0,4,86.21409960289006
1540,47,1,0,0,5,84.31415825654565
1541,46,0,1,1,5,86.08042604263537
1542,46,0,0,0,4,86.04628985743645
1543,45,1,2,0,6,88.17172507386344
1544,45,0,0,0,4,88.17741686855359
1545,45,0,0,1,4,88.08105328240336
1546,45,0,0,0,4,88.11984532765375
1547,45,0,0,0,4,88.26088501599568
1548,46,1,0,0,5,86.72653366253152
1549,46,0,0,0,5,86.90941716726934
1550,46,0,0,0,5,87.02780555522948
1551,46,0,0,0,5,86.94566231100319
1552,46,0,0,1,5,87.14254497596198
1553,46,0,0,0,5,86.91119393864848
1554,46,0,0,0,5,86.88815993691296
1555,45,1,2,1,5,88.7860698049777
1556,45,0,0,1,3,89.01021010721952
1557,46,1,0,0,4,87.14428481635731
1558,46,0,0,0,4,87.50296511341018
1559,46,0,0,0,4,87.51482808942113
1560,45,0,1,0,4,89.36655425556494
1561,45,0,0,0,3,89.39027778029929
1562,45,0,0,0,3,89.6464398031689
1563,45,0,0,0,3,89.66026351917762
1564,44,0,1,0,3,91.55847512125361
1565,44,0,0,0,2,91.59988831958923
1566,45,1,0,0,3,89.42161336236714
1567,45,0,0,1,3,89.51057099653285
1568,45,0,0,0,3,89.49348171808509
1569,46,1,0,0,4,87.75344271832012
1570,46,0,0,0,4,87.85107709680332
1571,46,0,0,0,4,87.900942900872
1572,46,0,0,0,4,87.51768592024182
1573,47,1,0,0,5,85.89772718201769
1574,47,0,0,1,5,85.89217574917929
1575,45,0,2,0,5,89.93503697791353
1576,45,0,0,0,3,90.15556399578942
1577,45,0,0,0,3,90.07087791633045
1578,48,3,0,0,6,84.78128947358151
1579,48,0,0,0,6,84.74636597249672
1580,48,0,0,0,7,84.99358618840402
1581,49,1,0,0,7,83.4361166150155
1582,50,1,0,0,9,81.85448036200832
1583,50,0,0,0,9,81.61833278821432
1584,50,0,0,2,10,81.68801775910009
1585,49,0,1,1,10,83.41602084067941
1586,49,0,0,0,8,83.2318856840917
1587,48,0,1,0,8,84.90220437661132
1588,49,1,0,0,8,83.28560648855614
1589,47,0,2,0,8,86.73135372852776
1590,46,0,1,0,6,88.52788270718838
1591,46,0,0,0,5,88.51449305142249
1592,47,1,0,0,7,86.61095121576619
1593,46,0,1,0,7,88.32597654317661
1594,46,0,0,0,6,88.25334231051318
1595,45,0,1,0,6,90.36494367038826
1596,44,0,1,1,5,92.366487714148
1597,44,0,0,0,3,92.7109368626409
1598,44,0,0,0,3,92.87460053758092
1599,44,0,0,1,3,92.83895488676168
1600,44,0,0,0,3,92.74992998057039
1601,44,0,0,1,4,92.77080316407012
1602,43,0,1,0,4,94.91517388234216
1603,44,1,0,0,3,92.8128384731288
1604,45,1,0,0,5,91.08620903268121
1605,45,0,0,0,5,91.07055166437692
1606,45,0,0,0,5,91.06334325209978
1607,45,0,0,0,5,91.13387884019214
1608,46,1,0,0,6,89.46171538191736
1609,46,0,0,0,6,89.4502383996342
1610,46,0,0,0,6,89.37969760151256
1611,47,1,0,0,7,87.61367757221332
1612,48,1,0,0,8,86.05631713800152
1613,48,0,0,0,8,86.06203638608876
1614,48,0,0,0,8,85.97099573213019
1615,47,0,1,0,8,88.03753980471146
1616,48,1,0,0,8,86.2725873359512
1617,47,0,1,0,8,87.93968234370949
1618,47,0,0,0,6,87.82538250200788
1619,48,1,0,0,7,86.00287721022211
1620,47,0,1,1,7,88.08546363437267
1621,47,0,0,0,6,88.49816641260675
1622,47,0,0,0,6,88.34940011956601
1623,46,0,1,0,6,90.18478646346458
1624,46,0,0,0,5,90.30515336532184
1625,46,0,0,1,4,90.45754307464425
1626,46,0,0,1,4,90.62061491165584
1627,46,0,0,0,4,90.54043517255288
1628,46,0,0,0,4,90.52749822444585
1629,45,0,1,0,4,92.56939557683505
1630,45,0,0,0,2,92.60440219432864
1631,45,0,0,1,2,92.59235127101859
1632,45,0,0,0,2,92.76436131969767
1633,45,0,0,1,2,92.66692303394241
1634,45,0,0,1,2,92.76567266485547
1635,45,0,0,0,2,92.92629924920028
1636,45,0,0,0,2,92.98096008046387
1637,46,1,0,0,3,91.10754736561996
1638,47,1,0,1,4,89.223842381864
1639,47,0,0,0,4,89.28784216762045
1640,48,1,0,0,5,87.53956614228228
1641,48,0,0,1,4,87.75638821405215
1642,48,0,0,2,3,88.19884022670259
1643,49,1,0,0,5,86.50743529681641
1644,49,0,0,0,5,86.57363935933877
1645,49,0,0,0,5,86.51679536636973
1646,49,0,0,0,5,86.52008545904653
1647,48,0,1,0,5,88.50753817869986
1648,49,1,0,0,4,86.61589217862782
1649,50,1,0,0,5,84.95431071350762
1650,49,0,1,0,5,86.64362155693712
1651,50,1,0,0,6,85.15388299064814
1652,49,0,1,0,6,86.99905584762784
1653,49,0,0,1,5,87.09113221648846
1654,49,0,0,0,5,87.04337333442005
1655,50,1,0,0,8,85.3690949010585
1656,50,0,0,0,8,85.19670255118722
1657,50,0,0,1,7,85.21256132473022
1658,50,0,0,0,7,85.34708772420365
1659,49,0,1,0,7,87.03926361538244
1660,50,1,0,0,5,85.60246897440383
1661,50,0,0,0,5,85.77611986730707
1662,50,0,0,0,5,86.16237549233936
1663,50,0,0,0,5,86.28064442986197
1664,51,1,0,0,6,84.64269315717138
1665,51,0,0,0,6,84.6212071830454
1666,50,0,1,0,6,86.34307643920926
1667,51,1,0,0,6,84.57237106307116
1668,51,0,0,0,6,84.58067791130307
1669,50,0,1,0,6,86.24079470872313
1670,50,0,0,1,5,86.30990933919007
1671,50,0,0,0,5,86.32625506792938
1672,50,0,0,0,5,86.40802197550757
1673,50,0,0,0,5,86.73628648512914
1674,50,0,0,0,5,86.66071371041907
1675,50,0,0,0,5,86.70871000625704
1676,51,1,0,0,7,85.21220769233946
1677,51,0,0,0,7,85.27601453218304
1678,50,0,1,1,6,86.72583351441195
1679,50,0,0,0,5,86.8603910146939
1680,50,1,1,0,6,87.22415185418421
1681,51,1,0,0,5,85.7967010726965
1682,50,0,1,0,5,87.38414548414481
1683,50,0,0,0,4,87.53284074864281
1684,50,0,0,0,4,87.44358105641777
1685,53,3,0,0,8,82.72470585545054
1686,52,0,1,0,8,84.35553925588663
1687,54,2,0,0,9,81.7173499294062
1688,56,2,0,1,11,79.18798457575359
1689,56,0,0,0,11,79.39536285328211
1690,57,1,0,0,12,78.04529192099852
1691,57,0,0,0,12,78.3532646412412
1692,57,1,1,0,13,78.6340886451248
1693,57,0,0,1,12,78.91299837974205
1694,57,0,0,0,12,78.80521355703466
1695,57,0,0,0,12,78.77471690379802
1696,57,0,0,0,12,78.46872895788526
1697,56,1,2,0,14,80.19762692237441
1698,56,0,0,1,11,80.30853501093512
1699,56,0,0,0,10,80.31606447390307
1700,57,1,0,0,13,78.86402568997893
1701,56,0,1,0,13,80.3404013368202
1702,56,0,0,0,12,80.09626141626634
1703,57,1,0,0,11,78.64057192164772
1704,56,0,1,0,13,79.90221581381027
1705,56,0,0,2,12,79.8047423945006
1706,56,0,0,1,8,80.05916546289635
1707,56,0,0,0,8,80.47413759019413
1708,56,0,0,0,10,80.70845736501688
1709,56,0,0,0,10,80.89149906453565
1710,55,0,1,1,11,82.29795504753079
1711,55,0,0,0,8,82.38544894270888
1712,55,0,0,0,8,82.40528743334777
1713,54,0,1,0,8,84.01897347071838
1714,54,0,0,1,5,84.1287310485827
1715,54,0,0,0,5,84.43135883545831
1716,54,0,0,0,5,84.2853279159009
1717,54,0,0,0,5,84.10986553146996
1718,54,0,0,1,5,84.11167149199792
1719,54,0,0,0,5,84.09412598701107
1720,53,0,1,0,5,85.6068136115392
1721,53,0,0,0,4,85.54763492052842
1722,53,0,0,0,4,85.59842734624593
1723,53,0,0,0,4,85.76502005586927
1724,52,0,1,0,4,87.4120829754018
1725,53,1,0,0,4,86.12203663119816
1726,53,0,0,0,4,86.39758190643988
1727,54,1,0,0,5,85.11713877854847
1728,54,0,0,0,5,85.0986636830741
1729,54,0,0,1,4,85.10198219508894
1730,54,0,0,0,4,85.18738243783466
1731,55,1,0,0,7,84.12943513521532
1732,55,0,0,0,7,84.17943870895421
1733,56,1,0,0,8,82.6719894032398
1734,56,0,0,0,8,82.70812505203024
1735,56,0,0,0,8,83.0421574793453
1736,56,0,0,0,8,82.95371401687143
1737,56,0,0,1,8,83.06103004135976
1738,55,0,1,1,8,84.82073521419241
1739,55,0,0,1,5,84.77671175621519
1740,55,0,0,1,5,84.6646214958196
1741,55,0,0,0,5,84.57924922263356
1742,55,0,0,0,5,84.65971175470118
1743,55,0,0,0,5,85.14502622491976
1744,57,2,0,0,7,82.46534579705876
1745,57,1,1,0,8,82.40975545546067
1746,57,0,0,0,7,82.62581232204933
1747,58,2,1,0,9,81.31797611271381
1748,58,0,0,0,8,81.65204163549203
1749,58,0,0,2,7,81.71428253602316
1750,58,0,0,1,7,81.76069389580196
1751,57,0,1,0,7,83.14102283381845
1752,58,1,0,0,7,82.08451124229346
1753,58,0,0,0,7,82.18571402346116
1754,58,0,0,0,7,82.24166288647136
1755,59,1,0,0,8,81.00837379162287
1756,59,0,0,0,8,81.12843193503203
1757,59,0,0,0,8,81.36863912213285
1758,59,0,0,1,8,81.43641129518048
1759,60,1,0,0,10,80.07209055106365
1760,60,0,0,0,10,80.1710104432722
1761,60,0,0,0,10,80.40096215995113
1762,59,0,1,1,10,81.68347302129267
1763,59,0,0,0,8,81.997124202278
1764,59,0,0,2,8,81.84318161517939
1765,58,0,1,0,8,83.40910131580655
1766,58,0,0,0,7,83.57106795220533
1767,58,0,0,0,7,83.74196572641267
1768,58,0,0,0,7,83.98097196506008
1769,58,0,0,0,7,84.19453501072157
1770,57,0,1,0,7,85.58045104690072
1771,57,0,0,0,6,85.62311741513956
1772,56,0,1,1,6,87.0411753945625
1773,56,1,1,0,6,87.10464232354147
1774,55,0,1,1,5,88.98507659975127
1775,55,0,0,0,4,89.08086552941597
1776,55,0,0,0,4,89.29080497113124
1777,55,0,0,0,4,89.40088524062196
1778,56,1,0,1,4,88.10441361689604
1779,56,0,0,0,4,88.26829178998013
1780,58,2,0,0,6,85.53456892449316
1781,58,0,0,1,6,85.6135596170311
1782,58,0,0,0,6,85.55842206732491
1783,58,1,1,0,9,85.65232745488497
1784,58,0,0,0,8,85.62062362585523
1785,57,0,1,0,8,87.2844654196084
1786,57,0,0,0,7,87.22646245947023
1787,56,0,1,0,7,88.93536977382905
1788,56,0,0,0,4,88.97393643953902
1789,56,0,0,1,4,89.22744228748157
1790,57,1,0,0,5,87.79345306229723
1791,57,0,0,0,5,87.84677411269254
1792,57,0,0,0,5,88.04820624514538
1793,56,0,1,0,5,89.7627986049417
1794,56,0,0,0,4,89.77834417472219
1795,56,0,0,0,4,89.67830347243545
1796,56,0,0,0,4,89.92595332552789
1797,56,0,0,0,4,89.900563540638
1798,56,0,0,0,4,90.11844538465722
1799,57,1,0,1,5,88.96626443708018
1800,57,0,0,0,5,89.03610464692117
1801,57,0,0,1,5,88.81271209205548
1802,57,0,0,0,5,88.62553905803544
1803,57,0,0,1,5,88.69373723246706
1804,57,0,0,0,5,88.64954613000776
1805,57,0,0,0,5,88.76747200740907
1806,56,0,1,0,5,90.29059609932524
1807,55,0,1,0,4,92.19198271554305
1808,55,0,0,0,3,92.29256851365905
1809,56,1,0,0,4,90.64442681448001
1810,56,0,0,0,4,90.72311679100218
1811,56,1,1,0,5,90.87289304721806
1812,57,1,0,0,5,89.40630287017507
1813,58,1,0,1,7,87.7199316026828
1814,58,0,0,1,7,87.65347555006774
1815,58,0,0,0,7,87.64351924427169
1816,58,0,0,0,7,87.67009507935236
1817,57,0,1,1,7,89.41684787604184
1818,57,0,0,0,5,89.72641282745978
1819,57,0,0,1,5,89.45282039031231
1820,57,0,0,0,5,89.59981445623893
1821,56,0,1,0,5,91.12865434688865
1822,55,0,1,0,4,92.65875717835074
1823,55,0,0,0,3,92.78747548422892
1824,55,0,0,0,3,92.70360263138934
1825,55,0,0,0,3,92.65161064155345
1826,55,0,0,0,3,92.67394352139561
1827,56,1,0,0,4,91.1759233848336
1828,55,1,2,0,5,92.99964047072922
1829,55,0,0,1,3,92.89710897408325
1830,55,0,0,0,3,92.74333692643106
1831,57,2,0,0,5,89.78683995800243
1832,57,0,0,0,5,90.01359904420521
1833,57,0,0,0,5,90.2269722059702
1834,58,1,0,0,7,88.52776294767293
1835,59,1,0,0,9,87.00625099444645
1836,59,0,0,0,9,86.85703896724505
1837,59,0,0,0,9,86.95682506515321
1838,59,0,0,0,9,86.92157174375929
1839,58,0,1,0,9,88.53264489590117
1840,58,0,0,0,7,88.64508927985415
1841,58,0,0,0,7,88.5387512554147
1842,58,0,0,0,7,88.49011876454625
1843,58,0,0,0,7,88.43592988319057
1844,57,0,1,1,6,90.0026460969672
1845,57,0,0,0,5,89.95741294692459
1846,57,0,0,2,5,89.980699958829
1847,57,0,0,0,5,90.05895419649889
1848,57,0,0,0,5,90.12435214803367
1849,57,0,0,0,5,90.08770002492373
1850,57,0,0,0,5,90.24158972782115
1851,57,0,0,0,5,90.29973347041893
1852,57,0,0,0,5,90.12399763495216
1853,57,1,1,1,6,90.18076877828729
1854,57,0,0,0,5,90.29240302725175
1855,57,0,0,0,5,90.46893906676317
1856,57,0,0,1,5,90.48417342866851
1857,57,0,0,0,5,90.49413203673085
1858,57,0,0,0,5,90.44768020120902
1859,58,1,0,0,6,89.04128090895244
1860,58,0,0,0,6,89.1636695317831
1861,59,1,0,1,7,87.60257286105642
1862,59,0,0,0,7,87.69344664288619
1863,58,1,2,0,9,89.32246743610912
1864,59,1,0,0,7,88.07941213049948
1865,60,1,0,1,9,86.7900165144366
1866,60,0,0,0,9,86.73144460666295
1867,59,0,1,0,9,88.02828298379933
1868,59,0,0,0,8,87.72050550809385
1869,60,1,0,0,10,86.56696236942078
1870,60,0,0,0,10,86.40748275775155
1871,60,0,0,0,10,86.323021724369
1872,57,0,3,0,10,90.96183962611624
1873,57,0,0,1,4,91.12450525638508
1874,58,1,0,0,5,89.42445187879719
1875,59,1,0,0,6,88.25729505499382
1876,58,0,1,0,6,89.72722671134522
1877,58,0,0,1,4,89.83640260988862
1878,58,0,0,1,4,89.82574674179101
1879,58,0,0,0,4,89.78589366860544
1880,58,0,0,0,4,89.71297668978934
1881,58,0,0,0,4,89.62460721841116
1882,58,0,0,0,4,90.01634205629126
1883,60,2,0,0,6,87.24490049720288
1884,60,0,0,1,6,87.20265095947624
1885,60,0,0,0,6,87.35499294973428
1886,60,0,0,0,6,87.48576968846332
1887,60,0,0,1,6,87.52000741814135
1888,60,0,0,0,6,87.49272580413319
1889,60,0,0,1,6,87.49879534099414
1890,60,0,0,0,6,87.6136704442963
1891,60,0,0,0,6,87.42925578081834
1892,59,0,1,0,6,88.86393128576753
1893,59,0,0,1,5,88.90037258563481
1894,59,0,0,0,5,89.08986223240453
1895,59,0,0,0,5,89.2851548767304
1896,59,0,0,0,5,89.23768507635775
1897,59,0,0,0,5,89.27889203965475
1898,59,0,0,0,5,89.32593613534341
1899,59,0,0,0,5,89.36428425818154
1900,59,0,0,0,5,89.47132502625342
1901,59,0,0,0,5,89.42142305542916
1902,61,2,0,0,7,86.73709850615212
1903,62,1,0,0,8,85.32898940159275
1904,62,1,1,1,8,85.47195297739397
1905,62,0,0,0,7,85.34335381070103
1906,61,0,1,0,7,86.94383280085414
1907,61,0,0,0,7,86.88697139699161
1908,61,0,0,1,7,87.01027730061632
1909,61,0,0,0,7,87.05594128643189
1910,61,0,0,1,7,86.93656050625762
1911,62,1,0,0,8,85.5648285532783
1912,62,0,0,0,8,85.48996125610441
1913,62,0,0,0,8,85.78158640614721
1914,62,0,0,0,8,85.74877794123348
1915,62,0,0,0,8,85.72056773121915
1916,62,0,0,0,8,85.90993348743493
1917,62,0,0,0,8,85.79589087900801
1918,61,0,1,0,8,87.25083530848939
1919,61,0,0,0,7,87.30571867825972
1920,61,0,0,0,7,87.41774359447601
1921,60,0,1,1,7,88.74147342336688
1922,60,0,0,0,6,88.97851658376511
1923,61,1,0,1,8,87.40148307943964
1924,61,0,0,1,8,87.34516280625094
1925,61,0,0,1,8,87.44886156583853
1926,62,1,0,0,10,86.08031592823451
1927,61,0,1,0,10,87.43202786770676
1928,62,1,0,0,9,85.95772950058812
1929,62,0,0,0,9,85.95290545959473
1930,61,0,1,0,9,87.695223431354
1931,60,0,1,0,8,88.99520341748759
1932,61,1,0,0,8,87.71726225850327
1933,62,1,0,0,11,86.59076840690672
1934,63,1,0,0,12,85.189878274422
1935,63,0,0,0,12,85.11643766626173
1936,62,0,1,0,12,86.27714517849464
1937,61,0,1,0,11,87.70796530418195
1938,60,0,1,0,9,89.40184956899459
1939,61,1,0,0,8,88.0366601646834
1940,62,2,1,2,9,86.44617922446416
1941,61,0,1,0,8,88.04101741427722
1942,61,0,0,0,7,88.11696919379379
1943,61,0,0,1,7,88.04075206206791
1944,61,0,0,0,7,88.06105764343896
1945,63,2,0,0,10,85.54885593830117
1946,62,0,1,0,9,86.86726531128988
1947,62,0,0,1,7,86.78117402258904
1948,61,0,1,0,7,88.16065936876817
1949,62,1,0,1,7,86.97695952983177
1950,61,0,1,0,6,88.35015610382186
1951,62,1,0,0,8,86.95460395972195
1952,63,1,0,0,9,85.742021737926
1953,63,0,0,0,9,85.57887942716732
1954,61,0,2,0,9,88.57010128102121
1955,61,0,0,0,5,88.47810198025117
1956,62,1,0,0,6,87.23556648995756
1957,63,1,0,0,8,86.20987457912385
1958,63,1,1,0,9,86.08254865523026
1959,64,1,0,0,8,84.92593450034607
1960,65,1,0,1,10,83.85410820670997
1961,65,0,0,0,10,83.86395524962998
1962,65,0,0,1,9,84.07793279505859
1963,65,0,0,0,9,83.8750433358223
1964,66,1,0,1,11,82.65875430102594
1965,65,0,1,1,11,84.08194584272415
1966,65,0,0,0,7,84.07912217266299
1967,64,0,1,0,7,85.54069424199608
1968,65,1,0,1,8,84.44856383568462
1969,66,1,0,0,8,83.49738980288427
1970,66,0,0,2,9,83.59931294797212
1971,66,0,0,0,9,83.42006008003713
1972,66,0,0,0,8,83.64009384194249
1973,66,1,1,0,9,83.74768390538397
1974,66,0,0,2,8,83.75585984592199
1975,67,1,0,0,10,82.55958417587888
1976,68,1,0,0,12,81.57844190736596
1977,68,0,0,1,13,81.48732330050015
1978,66,0,2,0,13,83.82535890053212
1979,65,0,1,2,8,85.09664911771449
1980,64,0,1,0,7,86.56028860785055
1981,64,0,0,1,5,86.57297235870615
1982,64,0,0,1,4,86.52526742338617
1983,64,0,0,0,4,86.63846617389655
1984,63,0,1,0,4,87.76029315400388
1985,63,0,0,0,4,87.8556893811092
1986,63,0,0,0,4,88.1409927222696
1987,63,1,1,0,5,88.36060511876136
1988,63,0,0,0,4,88.61837727107707
1989,63,0,0,0,4,88.82374865098987
1990,63,0,0,0,4,88.96822989107534
1991,63,0,0,0,4,89.16785882262721
1992,63,0,0,0,4,88.97769341391198
1993,64,1,0,0,6,87.63983695561801
1994,65,1,0,0,7,86.57881509565726
1995,65,0,0,0,7,86.67975957628367
1996,65,0,0,0,7,86.53742071272217
1997,64,0,1,0,7,87.60999504139076
1998,65,1,0,1,6,86.52591830530115
1999,65,0,0,0,6,86.57308230750449
2000,65,0,0,1,6,86.90475513160153
2001,66,1,0,0,7,85.67688097111976
2002,66,0,0,0,7,85.8275028253298
2003,65,0,1,0,7,87.22851965606463
2004,65,0,0,0,6,86.97225972942323
2005,64,0,1,1,6,88.27132846181412
2006,64,0,0,0,5,88.42155334028114
2007,63,0,1,0,5,89.99683888296687
2008,63,0,0,0,4,89.85698425606007
2009,63,0,0,0,4,89.96900665214594
2010,64,1,0,0,5,88.70105635550907
2011,64,0,0,0,5,88.52467713756134
2012,64,1,1,0,7,88.85699587868041
2013,64,0,0,0,6,89.0635015891515
2014,65,1,0,0,8,87.85035185780923
2015,65,0,0,0,8,87.86014110989119
2016,65,0,0,0,8,88.045973891796
2017,65,0,0,0,8,88.11311354585726
2018,65,0,0,0,8,88.16789868113442
2019,64,0,1,0,8,89.56930676993034
2020,64,0,0,0,6,89.5882270918801
2021,63,0,1,0,6,90.95082446186653
2022,62,0,1,0,5,92.45920330690966
2023,62,0,0,1,3,92.29541006751434
2024,63,1,0,0,4,91.0538026518225
2025,62,0,1,1,4,92.50446485642217
2026,63,1,0,0,4,91.12766605729958
2027,62,0,1,0,4,92.6469596652486
2028,62,0,0,1,3,93.1267850188344
2029,63,1,0,1,4,91.73802630735311
2030,63,0,0,1,4,91.83742615883914
2031,63,0,0,0,4,91.85966652766139
2032,63,0,0,1,4,92.01389106827901
2033,63,0,0,0,4,92.10838351725684
2034,64,1,0,0,5,90.71822115182907
2035,64,0,0,3,5,90.61598044074964
2036,64,0,0,1,5,90.45007356649637
2037,64,0,0,0,5,90.47190750451908
2038,64,0,0,0,5,90.62937876113499
2039,64,0,0,0,5,90.74952454530968
2040,65,1,0,0,6,89.32815600362935
2041,65,0,0,0,6,89.32365444263337
2042,64,0,1,0,6,90.68071008639551
2043,64,1,1,0,6,90.80921716388119
2044,65,1,0,0,7,89.3385741236101
2045,64,0,1,0,7,90.85394416427775
2046,64,0,0,0,6,90.7809917241227
2047,64,0,0,1,6,90.68591550152587
2048,64,0,0,0,6,90.63841875116239
2049,63,0,1,0,6,92.16469741520808
2050,63,0,0,0,5,92.19506146820014
2051,62,0,1,0,5,93.76499818009977
2052,61,0,1,1,4,95.15380686089811
2053,61,0,0,2,2,95.0451976115757
2054,61,0,0,1,2,95.02051662867153
2055,60,0,1,1,2,96.48185244409423
2056,60,0,0,0,1,96.73561029820947
2057,60,0,0,0,1,96.87428455218053
2058,60,0,0,0,1,96.7154398632936
2059,62,2,0,0,4,93.9716921752317
2060,62,0,0,0,4,94.08943411071557
2061,62,0,0,0,4,94.13908802119028
2062,63,1,0,0,4,92.79607715437606
2063,63,0,0,0,5,92.73632449387331
2064,64,1,0,0,6,91.43520860602887
2065,64,0,0,0,6,91.29755915868948
2066,63,0,1,1,6,92.85286860300452
2067,64,1,0,0,5,91.21794152587064
2068,63,0,1,0,5,92.6397698533919
2069,63,0,0,0,5,92.67317913274061
2070,64,1,0,1,6,91.52360314575586
2071,65,1,0,0,8,90.20193573083655
2072,64,0,1,0,9,91.64356240073558
2073,64,0,0,0,8,91.66174232988472
2074,62,0,2,0,8,94.51312932284323
2075,63,1,0,0,5,93.26140868478927
2076,64,1,0,0,6,91.87080507146439
2077,63,0,1,0,6,93.23697036110272
2078,64,1,0,0,6,91.53250505367805
2079,65,1,0,0,7,90.24337889198908
2080,65,0,0,0,7,90.44787909476948
2081,65,0,0,0,7,90.69587539056192
2082,65,0,0,0,7,90.47054972069355
2083,65,0,0,0,7,90.46218782831613
2084,65,0,0,0,7,90.3747967889348
2085,65,0,0,1,7,90.23994854570843
2086,64,0,1,0,7,91.62317712472434
2087,63,0,1,0,5,92.89058167691633
2088,63,0,0,0,4,92.95882841425119
2089,63,0,0,2,4,92.93066797846487
2090,62,0,1,0,4,94.37625595494305
2091,62,0,0,0,3,94.30243636731957
2092,63,1,0,0,5,92.98559182017391
2093,64,1,0,1,7,91.64165852498368
2094,64,0,0,0,8,92.01013044138368
2095,64,0,0,0,7,91.91982961312189
2096,65,1,0,0,8,90.30903474540891
2097,65,0,0,0,9,90.38893078607525
2098,64,0,1,1,9,91.79191797440416
2099,67,3,0,2,9,88.0756844058471
2100,67,0,0,1,9,88.19245493139728
2101,67,0,0,0,9,88.17075542018709
2102,67,0,0,0,9,88.13137996531458
2103,67,0,0,0,9,88.18560383897267
2104,69,2,0,0,11,85.80580976181531
2105,70,1,0,0,12,84.69524884598893
2106,70,0,0,0,12,84.47719811218563
2107,70,0,0,0,12,84.45279875832028
2108,70,0,0,2,11,84.52278278564846
2109,70,0,0,0,11,84.74074669564408
2110,70,0,0,0,11,84.65539373824427
2111,71,1,0,0,12,83.59745465952088
2112,71,0,0,0,12,83.42778513512728
2113,71,0,0,0,12,83.43773377205127
2114,72,1,0,0,13,82.34423152884591
2115,73,1,0,0,15,81.17589197516638
2116,72,0,1,0,15,82.38913025781989
2117,73,1,0,0,15,81.17220961404067
2118,71,0,2,0,15,83.40421499783633
2119,71,0,0,0,12,83.45872579939994
2120,71,0,0,1,12,83.33641220442523
2121,70,0,1,0,12,84.22722017328495
2122,72,2,0,0,14,81.88965325070937
2123,70,0,2,0,14,84.21106062123265
2124,69,0,1,0,12,85.31259563751654
2125,67,1,3,0,12,87.94158832819
2126,66,0,1,1,7,89.40470039898838
2127,66,0,0,0,6,89.40640911533147
2128,66,0,0,0,6,89.4886254160487
2129,66,0,0,0,6,89.53499052707711
2130,65,0,1,0,6,90.84298545807346
2131,66,1,0,1,6,89.60378865378159
2132,67,1,0,1,8,88.43092679249865
2133,67,0,0,0,8,88.49283164273577
2134,68,1,0,0,11,87.17261255947511
2135,68,0,0,0,10,87.19699195339729
2136,67,0,1,0,10,88.64581455175569
2137,68,1,0,1,11,87.43665742556533
2138,69,1,0,0,12,86.22114421089367
2139,70,1,0,0,17,84.99035745037273
2140,70,0,0,0,16,85.0320496496252
2141,70,0,0,1,16,84.96066260885152
2142,70,1,1,0,18,84.78702510629523
2143,69,0,1,0,14,86.13980611424869
2144,69,0,0,0,12,86.27051501361898
2145,69,0,0,0,12,85.97839426332747
2146,69,2,2,0,15,85.93237961209589
2147,68,0,1,0,10,87.31438822114168
2148,68,0,0,0,9,87.36114827658241
2149,68,0,0,0,9,87.4831722722902
2150,66,0,2,0,9,90.1641691253477
2151,66,0,0,0,6,90.05614069746795
2152,65,0,1,0,6,91.2254765505825
2153,64,0,1,0,5,92.69515205061808
2154,64,0,0,0,4,92.65322807537805
2155,65,1,0,0,5,91.34769682633181
2156,65,0,0,0,5,91.51454949253687
2157,66,1,0,0,6,90.18864169561255
2158,66,0,0,0,6,89.95542252735011
2159,66,0,0,0,6,90.0509979914562
2160,68,2,0,0,9,87.44359495890113
2161,68,0,0,0,9,87.66975136509767
2162,68,0,0,0,9,87.75974295573262
2163,68,0,0,0,9,87.85666465671191
2164,68,0,0,0,9,87.74052280551452
2165,68,0,0,0,9,87.68777467414692
2166,68,0,0,2,8,87.52934272488949
2167,68,0,0,0,8,87.52505465000068
2168,68,0,0,0,8,87.7261073851141
2169,67,0,1,1,7,89.03165743423135
2170,66,0,1,0,6,90.37284060387987
2171,66,0,0,2,5,90.4797735441884
2172,66,0,0,0,5,90.6031169771716
2173,65,0,1,0,5,91.90217232592101
2174,65,0,0,1,3,91.82009791465349
2175,65,0,0,0,3,92.0052612113816
2176,65,0,0,1,3,92.11595244216818
2177,66,1,0,0,5,90.84780425604202
2178,67,1,0,0,5,89.70129028859256
2179,67,0,0,0,6,89.72417232807116
2180,68,1,0,0,8,88.52000685497053
2181,69,1,0,1,10,87.47703121772878
2182,68,0,1,0,10,88.61259513641201
2183,68,0,0,1,7,88.67634215205601
2184,68,0,0,0,7,88.63285256910763
2185,68,0,0,0,7,88.58591020553354
2186,68,1,1,0,9,88.64445012736292
2187,68,0,0,0,7,88.44470804498626
2188,69,1,0,0,9,87.37340803185928
2189,68,0,1,0,9,88.79895249240354
2190,68,0,0,0,8,88.92015276611714
2191,68,0,0,0,8,88.9047795111652
2192,67,0,1,0,8,90.3021313775705
2193,68,1,0,0,7,89.05817180787493
2194,67,0,1,0,7,90.45240910528649
2195,67,0,0,0,5,90.6268924601682
2196,67,0,0,0,5,90.53177549157911
2197,67,0,0,0,5,90.63473239225733
2198,66,0,1,1,4,92.11366781908116
2199,67,1,0,1,5,90.76571867326301
2200,67,0,0,0,5,90.85494780858448
2201,68,1,0,0,6,89.65524308748972
2202,69,1,0,0,7,88.71049345929275
2203,70,1,0,0,10,87.27966159729326
2204,70,0,0,1,10,87.16689851420084
2205,70,0,0,1,10,87.2180429274647
2206,70,1,1,0,12,87.42517541749403
2207,70,0,0,0,9,87.31717018939528
2208,69,0,1,1,9,88.50393455009105
2209,68,0,1,1,9,89.69433112964825
2210,68,0,0,0,6,89.70230764029888
2211,68,0,0,0,7,89.89691926166526
2212,68,0,0,1,6,89.97963005445581
2213,67,0,1,2,5,91.04658465348935
2214,67,0,0,0,4,91.25294628774928
2215,68,1,0,0,5,90.0167023812646
2216,68,0,0,0,5,90.22297962321684
2217,68,0,0,0,5,90.17452703612159
2218,69,1,0,0,6,88.92226081388576
2219,69,0,0,0,6,89.05879047524637
2220,67,0,2,0,6,91.77497536315958
2221,67,0,0,0,4,91.8963836688213
2222,68,1,0,1,5,90.54035151921249
2223,69,1,0,0,6,89.25803248627889
2224,69,1,1,0,7,89.24151080255074
2225,69,0,0,0,6,89.56577843805643
2226,70,1,0,1,6,88.16078032902693
2227,69,0,1,0,6,89.35964230986455
2228,69,0,0,0,5,89.39820322853417
2229,70,1,0,0,7,88.23526349794774
2230,70,0,0,0,7,88.22800270737943
2231,70,0,0,0,7,88.2677414261245
2232,68,0,2,0,7,90.8365401830023
2233,69,1,0,0,5,89.79128657844366
2234,70,1,0,1,5,88.80223026744214
2235,70,0,0,0,5,88.9023833336991
2236,70,0,0,0,5,89.01563333722184
2237,70,0,0,0,5,89.2352654825449
2238,70,0,0,0,5,89.05529369855675
2239,70,0,0,0,5,89.10779160814333
2240,70,0,0,0,5,89.05385543398916
2241,70,1,1,0,6,89.24851811239925
2242,71,1,0,1,6,88.08369618158024
2243,72,2,1,0,8,87.13184332597513
2244,72,0,0,0,7,87.14349009371318
2245,72,0,0,0,7,87.06011505335205
2246,72,0,0,1,7,87.11349558065483
2247,73,1,0,0,8,86.01516108559186
2248,75,2,0,0,11,84.03812032335263
2249,75,0,0,0,11,84.17674146338288
2250,75,0,0,0,11,84.2240451891698
2251,75,0,0,0,11,84.38482188668556
2252,75,0,0,0,11,84.59338695750925
2253,75,0,0,0,11,84.52424202136386
2254,77,2,0,1,13,82.47513806541721
2255,76,0,1,0,13,83.52524945792423
2256,74,0,2,0,12,85.88606289514321
2257,74,0,0,0,9,86.0230623975999
2258,73,0,1,0,9,87.0425067188603
2259,75,2,0,0,11,84.91596901672409
2260,75,0,0,0,11,84.7756874061977
2261,76,1,0,0,12,83.72832216047873
2262,76,0,0,0,12,83.87445101765752
2263,76,0,0,0,12,83.93006990120556
2264,76,0,0,1,12,83.84682661420443
2265,76,1,1,0,13,83.93973997124765
2266,76,0,0,0,11,84.10587959070783
2267,76,0,0,0,11,84.02035633237455
2268,77,1,0,0,12,83.0188256705689
2269,77,0,0,0,12,82.9252365108302
2270,75,0,2,1,12,85.12325693932976
2271,75,0,0,1,11,85.38318590713017
2272,75,0,0,0,11,85.4332275073215
2273,74,0,1,0,11,86.46256114327664
2274,74,0,0,0,10,86.50273146752735
2275,74,0,0,0,10,86.47513437070576
2276,73,0,1,0,10,87.68417648255037
2277,73,0,0,1,9,87.77166917296483
2278,74,1,0,1,11,86.71480462790399
2279,74,0,0,0,10,86.6329456694927
2280,74,0,0,0,11,86.856109413795
2281,74,0,0,0,11,86.8212768423977
2282,73,0,1,0,11,88.14393216477613
2283,73,0,0,0,10,87.99268094281145
2284,71,0,2,0,10,90.44783001059068
2285,71,0,0,2,4,90.55460876989768
2286,71,0,0,0,4,90.77301420361051
2287,72,1,0,0,5,89.50375359419539
2288,72,0,0,0,5,89.66612758327614
2289,73,1,0,0,6,88.46459212570916
2290,72,0,1,0,6,89.82494866738578
2291,72,0,0,0,5,90.01707171659714
2292,72,0,0,0,5,89.81665352977784
2293,73,1,0,0,6,88.7892257195659
2294,74,1,0,0,7,87.80457559751486
2295,74,0,0,0,7,87.9659519580978
2296,75,1,0,0,8,86.8494972282674
2297,75,1,1,1,9,86.95213700780094
2298,76,1,0,0,9,85.89791182102344
2299,76,0,0,0,9,85.79924650748731
2300,74,0,2,0,9,88.21166548370539
2301,74,0,0,0,7,88.32340843200151
2302,74,0,0,0,7,88.46045320903063
2303,74,0,0,1,7,88.47797862727535
2304,72,0,2,0,7,90.83342326339049
2305,72,0,0,1,5,90.84415256915662
2306,71,0,1,0,5,92.19923976564482
2307,72,1,0,2,7,91.00627851761405
2308,72,0,0,0,7,91.04294327136101
2309,72,0,0,0,7,91.06061643584421
2310,71,1,2,0,8,92.46918991233669
2311,71,0,0,0,5,92.59629673046705
2312,72,1,0,0,6,91.28845707184001
2313,73,1,0,0,7,90.18178145912685
2314,74,1,0,0,8,89.06969159981432
2315,74,0,0,0,8,89.08106833669274
2316,75,1,0,0,9,87.92088022788656
2317,76,1,0,0,10,86.7249282352602
2318,75,0,1,1,10,88.01482943437321
2319,77,2,0,0,10,85.805751926871
2320,77,0,0,0,10,85.7764476318459
2321,77,0,0,0,10,85.91602381032371
2322,77,0,0,1,11,85.78437979493394
2323,76,0,1,1,11,86.73179544671125
2324,76,0,0,2,10,86.56506902744721
2325,74,0,2,0,10,88.72535199600024
2326,74,0,0,0,8,88.66215288331992
2327,75,1,0,0,9,87.59143777294837
2328,75,0,0,0,9,87.66245018220926
2329,75,0,0,0,9,87.69523786135855
2330,75,0,0,0,9,87.59997316821317
2331,74,0,1,0,9,88.68916057946576
2332,74,0,0,0,8,88.80383748432746
2333,74,0,0,1,8,88.69672756228469
2334,74,0,0,0,8,88.75322377429833
2335,74,0,0,0,8,88.66573297127002
2336,75,1,0,0,9,87.64385367776921
2337,76,1,0,0,10,86.37587336847092
2338,77,1,0,0,11,85.37454928585473
2339,77,0,0,1,11,85.37951198321292
2340,77,0,0,0,11,85.24654333851603
2341,79,2,0,0,14,83.21208576603182
2342,79,0,0,0,14,83.2345693605784
2343,78,0,1,0,14,84.23546458275162
2344,77,0,1,0,13,85.3554191731932
2345,76,0,1,0,12,86.25026629375448
2346,75,0,1,1,10,87.32856097003676
2347,75,0,0,0,9,87.46508276903911
2348,75,0,0,0,9,87.44814323988051
2349,75,0,0,0,9,87.77950330098341
2350,75,0,0,0,9,87.83236836415198
2351,74,0,1,1,7,89.25906957938663
2352,74,0,0,0,7,89.24636899132271
2353,74,1,1,0,8,89.21851048142133
2354,73,0,1,0,7,90.39497494140683
2355,73,0,0,0,6,90.53226718907759
2356,72,0,1,0,6,91.70634901565904
2357,72,0,0,1,5,91.62752258001422
2358,72,0,0,0,5,91.58769294481142
2359,72,0,0,0,5,91.4539728574758
2360,72,0,0,0,5,91.50876064872169
2361,72,1,1,1,6,91.47497994330834
2362,72,0,0,0,5,91.33111014508083
2363,71,0,1,0,5,92.39876346074543
2364,70,0,1,0,4,93.71307236163167
2365,71,1,0,0,4,92.63127221959712
2366,72,1,0,0,6,91.50061773769932
2367,72,0,0,1,6,91.44989169832093
2368,73,1,0,0,7,90.29276550054142
2369,74,1,0,0,8,89.15754063542995
2370,74,0,0,0,8,89.23830157242462
2371,73,0,1,0,8,90.48510162410192
2372,73,0,0,0,6,90.52179089413036
2373,73,0,0,0,6,90.55381701253171
2374,75,2,0,0,8,88.26159631574025
2375,75,0,0,1,8,88.20702534049838
2376,75,0,0,0,8,88.14705937065322
2377,75,0,0,0,8,88.06552992245398
2378,75,0,0,1,7,87.87558473253587
2379,74,0,1,0,7,89.07368254108735
2380,74,0,0,0,6,89.17199769183121
2381,74,0,0,1,6,89.35283909446862
2382,74,0,0,0,6,89.10730455835443
2383,74,0,0,0,6,89.34914659929072
2384,74,0,0,1,6,89.53656302194814
2385,73,0,1,1,5,90.69655186911349
2386,74,1,0,0,5,89.52523180458621
2387,74,0,0,1,5,89.72559994955958
2388,74,0,0,2,5,89.81490533423491
2389,74,0,0,1,5,89.80949898934206
2390,74,0,0,0,5,89.80337000271088
2391,74,0,0,0,5,89.90144457693391
2392,74,0,0,0,5,89.97904359736332
2393,73,0,1,0,5,91.1680304806523
2394,73,0,0,0,4,91.18528687706527
2395,73,0,0,0,4,91.0806231776811
2396,74,1,0,0,5,90.21293482340798
2397,74,0,0,0,5,90.17538908078545
2398,74,0,0,0,5,90.2272700275181
2399,74,0,0,0,5,90.08951918889356
2400,75,1,0,0,7,89.2812066206126
2401,75,0,0,1,7,89.2846057483846
2402,75,0,0,0,7,89.4007951245717
2403,75,0,0,0,7,89.32287562123601
2404,75,0,0,1,7,89.35560720736768
2405,75,0,0,1,7,89.37796117575034
2406,75,0,0,0,7,89.3492003117731
2407,76,1,0,0,8,88.24035852648638
2408,75,0,1,0,8,89.52182627621443
2409,74,1,2,0,9,90.79012446595837
2410,73,0,1,1,5,92.30600871301355
2411,73,1,1,0,6,92.18005132507821
2412,73,0,0,1,4,92.19890537108081
2413,73,0,0,0,4,92.28742102456539
2414,73,0,0,0,4,92.3490414458778
2415,73,1,1,0,5,92.35568311971961
2416,73,0,0,0,4,92.39115109876543
2417,73,0,0,0,4,92.43898970439571
2418,72,0,1,0,4,93.56811108314156
2419,72,0,0,1,3,93.54810777823825
2420,71,0,1,0,3,94.99171945175956
2421,71,0,0,0,2,94.95976220075482
2422,71,0,0,0,2,94.87080181620705
2423,72,1,0,1,3,93.65904420580802
2424,72,0,0,0,3,93.82379389618625
2425,72,0,0,0,3,93.83432701278434
2426,72,0,0,1,3,94.01385297218079
2427,72,0,0,0,3,93.87674336598053
2428,73,1,0,0,4,92.60027668764526
2429,74,1,0,1,5,91.65624388329671
2430,75,1,0,0,6,90.47146483275516
2431,76,1,0,0,9,89.23564784568858
2432,76,0,0,0,9,89.10722102556997
2433,77,1,0,0,10,87.90903033912998
2434,78,2,1,1,12,86.72424507322563
2435,77,0,1,1,10,87.90062978739756
2436,78,1,0,1,10,86.9117623404873
2437,77,0,1,0,10,88.05944192983415
2438,77,1,1,1,10,88.19733614829974
2439,77,0,0,0,8,88.30411032947916
2440,78,1,0,0,9,87.18665800399503
2441,78,0,0,0,9,87.4188307637284
2442,78,0,0,0,9,87.44564339490071
2443,77,0,1,1,10,88.53181017160733
2444,77,0,0,0,10,88.53250042453345
2445,77,0,0,0,10,88.59535868259155
2446,77,0,0,0,10,88.5738611336478
2447,77,2,2,1,13,88.56129099688006
2448,76,0,1,0,9,89.83543660877639
2449,76,0,0,0,8,89.98773596170749
2450,77,1,0,1,9,88.85327654168428
2451,78,1,0,0,10,87.90132930383935
2452,78,0,0,0,10,87.83600049797198
2453,78,0,0,0,10,87.89147827088091
2454,78,0,0,0,10,87.97305398419606
2455,79,1,0,0,13,86.93543214944052
2456,79,0,0,0,13,87.08744277647557
2457,78,0,1,1,13,88.18901242224409
2458,79,1,0,1,11,87.24071962688637
2459,79,1,1,0,13,87.34347335994481
2460,79,0,0,0,12,87.26451113823319
2461,81,2,0,0,15,85.04020080987816
2462,81,0,0,0,15,84.9602903565519
2463,81,0,0,0,15,85.16652335560865
2464,81,0,0,0,15,85.22928302179793
2465,80,0,1,0,15,86.23663320932785
2466,80,0,0,0,13,86.39883042174243
2467,80,0,0,0,13,86.3852754011097
2468,80,0,0,0,13,86.23889102558434
2469,80,0,0,0,13,86.20004038327775
2470,80,1,1,1,14,86.26572837489071
2471,81,1,0,0,15,85.2633118898038
2472,81,0,0,0,15,85.28448843869648
2473,80,0,1,1,15,86.29620862779616
2474,79,1,2,1,15,87.18181254292685
2475,79,0,0,0,12,87.18439210455666
2476,78,0,1,1,12,88.13097818906368
2477,77,0,1,0,10,89.47525857063748
2478,76,0,1,0,9,90.64159972236284
2479,78,2,0,0,12,88.43080259973992
2480,78,0,0,0,12,88.26760439731645
2481,78,1,1,0,13,88.3108115638002
2482,78,0,0,0,12,88.36181641510493
2483,77,0,1,0,12,89.42080476921866
2484,76,0,1,0,10,90.61865109360463
2485,76,0,0,1,8,90.66204631085019
2486,75,0,1,1,7,91.84420546746084
2487,77,2,0,0,9,89.62882118792983
2488,77,0,0,1,9,89.47400738642497
2489,77,1,1,0,10,89.47295247535332
2490,78,1,0,0,11,88.45910076012125
2491,77,0,1,0,11,89.79984804257879
2492,77,0,0,0,9,89.79032957683876
2493,77,0,0,1,9,89.69105592025133
2494,77,0,0,0,9,89.63857157377679
2495,78,1,0,0,10,88.55303114389274
2496,78,0,0,0,10,88.51447266774025
2497,78,0,0,0,10,88.44158643363563
2498,77,0,1,0,10,89.36139077282486
2499,76,0,1,0,9,90.740895227024
2500,76,0,0,0,7,90.86380719564842
2501,76,0,0,0,7,90.85348321027637
2502,76,0,0,0,7,90.8105940178812
2503,76,0,0,0,7,90.90384699270362
2504,73,0,3,1,7,94.61008615736364
2505,73,0,0,0,4,94.5201374479692
2506,73,0,0,0,4,94.48043244229507
2507,73,0,0,2,4,94.57630481597693
2508,73,0,0,0,4,94.54767060417349
2509,73,0,0,0,4,94.44009698867153
2510,73,0,0,0,4,94.48343373754288
2511,73,0,0,1,4,94.44703920511834
2512,73,0,0,1,4,94.28276572864729
2513,73,0,0,0,4,94.29206447998799
2514,74,1,0,0,6,93.24694529618979
2515,74,0,0,0,6,93.59966066942013
2516,74,0,0,0,6,93.63169995496328
2517,74,0,0,0,6,93.70507622919372
2518,74,0,0,0,6,93.55484016910067
2519,73,0,1,1,6,94.65739783239816
2520,73,0,0,0,4,94.6556971112596
2521,74,1,0,0,5,93.72086542210391
2522,75,1,0,0,7,92.43823926417774
2523,75,0,0,2,7,92.25336236505602
2524,74,0,1,1,7,93.46879387192254
2525,74,0,0,0,5,93.33439201470087
2526,73,0,1,0,5,94.69679384082743
2527,73,0,0,1,3,94.65214769845966
2528,73,0,0,0,3,94.68057550953364
2529,72,0,1,0,3,96.00166559812003
2530,72,0,0,0,1,96.08502514765841
2531,72,0,0,0,1,96.16438247582249
2532,72,0,0,0,1,96.2168770499818
2533,72,0,0,0,1,96.34220094173942
2534,73,1,0,0,2,95.01730789563807
2535,73,0,0,0,2,95.02494496417832
2536,74,1,0,2,3,93.7905572511814
2537,75,1,0,0,4,92.76663219372145
2538,75,0,0,1,4,92.94912985451052
2539,75,0,0,0,4,92.91481155039618
2540,76,1,0,0,6,91.80891545762782
2541,76,0,0,0,6,91.74880865312514
2542,76,0,0,0,6,91.74695617452853
2543,77,1,0,0,7,90.67735340782897
2544,78,1,0,0,8,89.6609489379959
2545,78,0,0,0,8,89.69275547156843
2546,78,0,0,1,7,89.65603843160959
2547,79,1,0,0,8,88.61613380341966
2548,79,0,0,0,8,88.54616377420868
2549,79,0,0,0,8,88.45691542162405
2550,78,0,1,2,7,89.6584099602335
2551,78,0,0,1,5,89.77493684961621
2552,78,0,0,0,5,89.70809319292431
2553,79,1,0,1,6,88.72443578919184
2554,79,0,0,1,6,88.95444063637858
2555,78,0,1,0,6,89.99029425790673
2556,77,0,1,0,5,91.13132406018529
2557,77,0,0,0,4,91.10223815957463
2558,77,0,0,0,4,90.99692083944868
2559,77,0,0,2,5,91.19484265770082
2560,78,1,0,1,6,90.1947581105098
2561,78,0,0,2,6,90.1693980769153
2562,79,1,0,0,7,89.04111944631356
2563,80,1,0,0,8,87.95144972807772
2564,81,1,0,1,10,87.10615152461804
2565,81,0,0,0,10,87.15502635705619
2566,81,0,0,0,10,87.14953962791701
2567,81,0,0,0,10,87.24198605535048
2568,81,0,0,0,10,87.35899072875837
2569,81,0,0,1,8,87.21439361749738
2570,81,0,0,0,8,87.31072417709562
2571,81,0,0,2,8,87.32279907802898
2572,82,1,0,0,11,86.33705945291496
2573,81,0,1,0,11,87.4258425969398
2574,81,0,0,0,8,87.251595657344
2575,80,0,1,0,8,88.36881056497182
2576,80,0,0,0,8,88.49436591097907
2577,81,1,0,0,9,87.66820893802685
2578,81,0,0,0,9,87.77997722709672
2579,81,0,0,0,9,87.75770656514439
2580,81,0,0,0,9,87.74756796249282
2581,82,2,1,1,13,86.8669456285061
2582,81,0,1,0,11,87.73320580569555
2583,80,0,1,0,10,88.8492337750751
2584,79,0,1,1,9,89.91508534800376
2585,79,0,0,0,8,89.97816075853639
2586,79,0,0,0,8,89.93076363451189
2587,79,0,0,0,8,90.14490257315961
2588,79,0,0,0,8,90.03229558486568
2589,79,0,0,2,8,90.28963671318498
2590,78,0,1,0,8,91.32072168028662
2591,77,0,1,1,6,92.44451461684443
2592,77,0,0,0,4,92.53434905618505
2593,77,0,0,0,4,92.55835822862193
2594,76,0,1,0,4,93.76549958272625
2595,76,0,0,0,3,93.88829610216352
2596,75,0,1,0,3,95.02713926652639
2597,75,0,0,0,2,95.14706932996621
2598,75,0,0,0,2,95.30845702321706
2599,75,0,0,0,2,95.21191608763591
2600,76,1,0,2,4,94.10710930861424
2601,76,0,0,1,4,94.09556484305362
2602,77,1,0,0,5,93.16466574680844
2603,77,0,0,1,5,93.15889627473683
2604,77,0,0,0,5,93.3023227334875
2605,77,0,0,0,5,93.27853098101654
2606,77,0,0,0,5,93.07773157477656
2607,76,0,1,1,5,94.31146162466077
2608,76,0,0,0,4,94.43713388190409
2609,76,0,0,0,4,94.35867465482669
2610,76,0,0,2,4,94.38963598013005
2611,76,0,0,0,4,94.35833940338316
2612,76,0,0,0,4,94.62787327781291
2613,75,0,1,0,4,96.02706531661828
2614,75,0,0,0,2,95.98215603279786
2615,75,0,0,1,1,96.0689831870329
2616,75,0,0,0,1,96.07475012106241
2617,75,0,0,0,1,96.02718664147048
2618,76,1,0,0,2,94.75443332810357
2619,77,1,0,0,3,93.78253879628286
2620,78,1,0,0,5,92.64196763305533
2621,78,0,0,0,5,92.6789816285063
2622,80,2,0,1,7,90.64465663968893
2623,80,0,0,0,7,90.61514607718894
2624,79,0,1,0,7,91.6783452774816
2625,79,0,0,0,5,91.6295318876589
2626,79,0,0,0,5,91.66873691996655
2627,79,0,0,0,5,91.6756791184471
2628,79,0,0,1,5,91.74398319643412
2629,79,0,0,1,5,91.6536512910428
2630,77,0,2,1,5,94.230170717795
2631,77,0,0,0,3,94.20762149558747
2632,77,0,0,0,3,94.14147833495925
2633,77,0,0,0,3,94.22772588341007
2634,77,0,0,0,3,94.07989825134155
2635,76,0,1,1,3,95.45210966516936
2636,76,0,0,1,2,95.38487164094494
2637,78,2,0,0,4,93.142289988734
2638,78,0,0,0,4,93.4358010411264
2639,78,0,0,0,4,93.65510493164723
2640,79,1,0,0,5,92.54014577453809
2641,79,0,0,0,5,92.56406279600273
2642,79,0,0,0,5,92.58719711609128
2643,79,0,0,1,5,92.58896076040641
2644,79,0,0,0,5,92.63728391902194
2645,79,0,0,0,5,92.65459114271104
2646,79,0,0,0,5,92.62228481694531
2647,78,0,1,0,5,93.88276397048897
2648,78,0,0,0,4,93.89544886958652
2649,78,0,0,1,4,93.86005546497273
2650,78,0,0,1,4,93.89660036321145
2651,79,1,0,0,5,92.68758008393394
2652,80,2,1,0,7,91.59278264859181
2653,80,0,0,1,6,91.77451784841114
2654,80,0,0,0,6,91.83756750723032
2655,80,0,0,0,6,91.78645860530104
2656,80,1,1,0,7,91.68222389828433
2657,80,0,0,1,6,91.72257937786479
2658,81,1,0,1,7,90.84502603897926
2659,82,1,0,0,8,89.69892307177126
2660,82,0,0,0,8,89.7621068847812
2661,83,1,0,0,9,88.78554095731957
2662,84,1,0,1,10,87.80914383427827
2663,84,0,0,1,10,87.8869592205327
2664,84,0,0,0,11,87.90542028394653
2665,85,1,0,0,12,87.01448965547343
2666,85,0,0,0,11,87.03223579435122
2667,86,1,0,1,12,86.0930341602684
2668,86,1,1,0,14,86.23836307142741
2669,87,1,0,0,14,85.3048308057897
2670,87,0,0,0,14,85.31252645970578
2671,87,0,0,0,14,85.29360385724392
2672,85,0,2,0,14,87.30196715582011
2673,85,1,1,0,12,87.15507226130944
2674,85,0,0,0,11,87.21107811413204
2675,85,0,0,0,11,87.07673179911814
2676,85,0,0,0,11,87.08803470666722
2677,85,0,0,0,11,87.01767905296417
2678,83,0,2,0,11,88.87169844437967
2679,82,0,1,0,9,89.90114627062948
2680,81,0,1,0,8,90.98391616838603
2681,80,0,1,0,7,92.06764661327938
2682,81,2,1,0,8,91.12112188569954
2683,81,1,1,0,8,91.22418684071137
2684,83,2,0,0,9,89.02507796467393
2685,83,1,1,2,10,89.12608692097004
2686,83,1,1,0,10,89.12123334033042
2687,83,0,0,0,9,89.01435068320863
2688,84,1,0,0,11,88.1268570462352
2689,84,1,1,0,12,88.17417908601905
2690,84,0,0,0,11,88.28643193500673
2691,84,0,0,1,10,88.2719717791527
2692,84,0,0,0,11,88.31955842999534
2693,83,0,1,0,11,89.34114942352778
2694,83,0,0,0,10,89.18372693393641
2695,84,1,0,1,11,88.10912648137858
2696,84,0,0,0,11,88.3558686765808
2697,84,0,0,1,11,88.12212736011313
2698,84,1,1,0,13,87.97640805036605
2699,84,1,1,1,14,88.12016402306237
2700,85,1,0,0,13,87.1155977529835
2701,85,0,0,0,13,87.31510519117364
2702,85,0,0,1,13,87.17918356944811
2703,85,0,0,0,13,87.12583081163815
2704,85,0,0,1,13,87.1711294899319
2705,84,0,1,0,13,88.4520660017849
2706,84,0,0,0,12,88.236712045323
2707,85,1,0,0,13,87.1134644898695
2708,85,0,0,0,13,86.99377994446598
2709,85,0,0,0,13,87.02397180783812
2710,85,0,0,0,13,87.10942755757642
2711,85,0,0,1,13,87.05507643192207
2712,84,0,1,0,13,88.00702617587967
2713,82,0,2,0,12,90.14345446382272
2714,81,0,1,0,10,91.12542898801206
2715,81,0,0,0,8,91.07917694450019
2716,82,2,1,1,11,90.01434393161747
2717,82,0,0,0,10,90.122886606698
2718,82,0,0,1,10,90.1054346662695
2719,83,1,0,0,11,89.14269784219728
2720,83,0,0,0,11,89.0584672130762
2721,83,0,0,0,11,88.984088602361
2722,83,0,0,0,11,88.88237810600005
2723,82,0,1,0,11,90.04120500450459
2724,82,0,0,1,9,90.12222145960072
2725,79,0,3,0,9,93.34684556453738
2726,79,0,0,0,6,93.34810207071905
2727,81,2,0,0,8,91.09255717951245
2728,80,0,1,0,8,92.28669239651354
2729,80,0,0,2,8,92.30695211727888
2730,80,1,1,0,9,92.28521712915585
2731,80,0,0,0,8,92.11382962920808
2732,78,0,2,0,8,94.44581208164558
2733,78,0,0,0,4,94.39737858052996
2734,78,0,0,0,4,94.40701385782306
2735,78,0,0,0,4,94.49776665392554
2736,78,0,0,0,4,94.37561614492736
2737,79,1,0,1,6,93.4157675981922
2738,78,0,1,0,6,94.51759950888933
2739,78,0,0,0,4,94.54058431231108
2740,78,0,0,2,4,94.57590434057371
2741,78,0,0,0,4,94.49293724739856
2742,78,0,0,0,5,94.6044927435247
2743,78,0,0,0,5,94.5604889234752
2744,78,1,1,0,6,94.38425477694167
2745,77,0,1,0,5,95.5668509959666
2746,78,1,0,0,4,94.24518780112597
2747,78,0,0,2,4,94.34822483494628
2748,78,0,0,2,4,94.35307211016038
2749,77,0,1,0,4,95.65525041447776
2750,78,1,0,0,5,94.39176980478808
2751,79,1,0,0,6,93.34886513207098
2752,79,0,0,0,6,93.26533150929573
2753,79,0,0,0,6,93.2606682082425
2754,82,3,0,0,10,90.05377017609109
2755,82,0,0,0,10,90.19639076369553
2756,81,0,1,0,10,91.28615426452379
2757,82,1,0,0,10,90.14322473786652
2758,81,0,1,0,10,91.20169887261312
2759,80,0,1,0,8,92.4480104846136
2760,80,0,0,0,7,92.38846710973331
2761,80,0,0,0,7,92.3295441825147
2762,82,2,0,0,10,90.19613908761362
2763,83,1,0,0,11,89.09530011808594
2764,83,0,0,1,11,89.1214281958358
2765,82,0,1,0,11,90.30351516713266
2766,82,0,0,0,9,90.19994003056195
2767,81,0,1,0,9,91.23148596951259
2768,81,0,0,0,7,91.29615717268871
2769,81,0,0,0,7,91.30135384818425
2770,81,0,0,0,7,91.1758618080027
2771,81,0,0,0,7,91.04468404654227
2772,81,1,1,1,8,91.08736219092992
2773,81,0,0,0,7,90.99149571867848
2774,80,1,2,0,8,92.10292954320613
2775,80,1,1,0,7,92.36010688248425
2776,79,0,1,1,6,93.62392108804525
2777,79,0,0,0,5,93.58994771071309
2778,80,1,0,0,6,92.51121104496642
2779,80,0,0,0,6,92.32598861110846
2780,79,0,1,0,6,93.39644243618787
2781,79,0,0,1,5,93.30357792030216
2782,78,0,1,0,5,94.45182059297224
2783,78,0,0,1,4,94.41537331507905
2784,78,1,1,1,5,94.39728102426137
2785,78,0,0,0,4,94.35696188139488
2786,79,1,0,0,7,93.18695451895489
2787,79,0,0,0,7,93.42050738110015
2788,79,0,0,0,7,93.33947162246632
2789,79,0,0,0,7,93.32796056635932
2790,79,0,0,0,7,93.23876342600924
2791,79,0,0,3,7,93.20063448410986
2792,79,1,1,0,8,93.14461612092403
2793,79,0,0,0,5,93.4347963986052
2794,79,0,0,0,5,93.35560259889034
2795,79,0,0,0,5,93.29744318058829
2796,79,0,0,0,5,93.24616196752368
2797,80,1,0,0,8,92.20254565657213
2798,79,0,1,0,8,93.4277889090891
2799,79,0,0,1,6,93.30730272515984
2800,79,0,0,0,6,93.26406430419856
2801,79,0,0,1,6,93.35900937796693
2802,80,1,0,0,7,92.32807753818285
2803,79,0,1,1,7,93.42669861861879
2804,79,0,0,0,7,93.29879083067314
2805,80,1,0,0,8,92.23249419485144
2806,80,0,0,0,8,92.34269105000801
2807,80,0,0,0,8,92.29140533330532
2808,80,0,0,0,8,92.28993567865864
2809,80,0,0,0,8,92.40614609572012
2810,80,0,0,0,8,92.34076093339966
2811,80,0,0,1,8,92.17974332294482
2812,80,1,1,0,9,92.40923058770969
2813,80,0,0,0,6,92.3657021049218
2814,80,0,0,1,6,92.30786307634159
2815,80,0,0,0,6,92.41065379064388
2816,81,1,0,0,7,91.18541460805481
2817,81,0,0,0,7,91.2468939423681
2818,82,1,0,1,8,90.05327910405208
2819,82,0,0,1,8,90.11815917626069
2820,82,0,0,0,8,89.94694748605447
2821,82,0,0,1,8,90.02753192516845
2822,82,0,0,0,8,90.03842473711039
2823,83,1,0,0,9,89.10313056336722
2824,83,0,0,0,9,88.99972151483898
2825,83,0,0,0,9,89.08317594616972
2826,83,0,0,1,9,89.01406392761932
2827,83,0,0,0,9,89.04696713019217
2828,83,0,0,1,9,88.94679265378512
2829,83,0,0,1,9,88.9107066648785
2830,83,0,0,0,9,89.02484406300532
2831,82,0,1,1,9,90.10691220520137
2832,82,0,0,0,8,90.02459141870048
2833,82,0,0,0,8,89.94166088460436
2834,83,1,0,0,9,88.89937045121775
2835,82,0,1,0,9,90.16968326726084
2836,82,0,0,1,8,90.24813156717258
2837,82,0,0,1,8,90.20142269834385
2838,83,1,0,0,9,89.27781357898324
2839,83,0,0,1,9,89.34503797217306
2840,82,0,1,1,9,90.4763186907899
2841,82,0,0,2,7,90.17534303862924
2842,82,0,0,0,7,90.00651475951146
2843,83,1,0,0,8,88.96443741361281
2844,83,0,0,0,8,89.17269109209721
2845,83,0,0,1,8,89.0929238219109
2846,83,0,0,0,8,88.96788905142591
2847,83,0,0,0,8,88.99890808233822
2848,82,0,1,0,8,90.05415627829677
2849,83,1,0,0,8,89.19552344787981
2850,85,2,0,1,9,87.28203955478266
2851,84,0,1,0,9,88.22013231768665
2852,84,0,0,0,8,88.2450970249675
2853,83,0,1,0,8,89.20957453262211
2854,85,2,0,0,9,87.32756302864449
2855,86,1,0,0,10,86.41882439168563
2856,86,0,0,0,10,86.33085915739844
2857,85,0,1,1,10,87.51349107843737
2858,86,1,0,0,10,86.60671841527692
2859,87,1,0,1,10,85.70858974215875
2860,87,0,0,0,10,85.55226200241101
2861,87,0,0,0,10,85.63807902825273
2862,87,0,0,0,10,85.54650974285835
2863,87,0,0,0,10,85.51161921318234
2864,86,0,1,0,10,86.55618834218436
2865,86,0,0,1,9,86.86035237648453
2866,86,0,0,1,9,86.91102885923975
2867,86,0,0,1,9,86.88572518061655
2868,86,0,0,0,9,87.00787030484663
2869,86,0,0,0,9,86.96021845421775
2870,86,0,0,0,9,86.98414512558959
2871,84,0,2,0,9,89.08314522433236
2872,84,0,0,1,7,89.00615102788893
2873,84,0,0,0,7,89.02924496068968
2874,83,0,1,0,7,90.2772837862384
2875,83,0,0,0,6,90.18905474008238
2876,83,0,0,0,6,90.37285477349513
2877,83,0,0,0,6,90.40318134432647
2878,84,1,0,0,7,89.43590506362378
2879,86,2,0,0,11,87.59083510261935
2880,86,0,0,0,10,87.57355291861336
2881,86,0,0,0,11,87.61169376190219
2882,86,0,0,1,11,87.57332430113989
2883,87,1,0,0,14,86.64559442883204
2884,86,0,1,0,13,87.82966389674968
2885,86,0,0,0,13,87.84302439510726
2886,86,1,1,0,15,87.78592032250747
2887,87,1,0,0,13,86.91114418694302
2888,88,1,0,1,14,85.93742603699573
2889,88,0,0,0,14,86.02253827433356
2890,87,1,2,2,15,87.15896729491742
2891,87,0,0,1,12,87.19265477221495
2892,87,0,0,0,12,87.27210171109449
2893,86,0,1,1,12,88.16080685578102
2894,85,0,1,0,10,89.10711504008843
2895,86,1,0,0,10,87.9975278761728
2896,86,0,0,1,9,88.0268929318827
2897,85,0,1,0,9,89.15969892353381
2898,87,2,0,0,10,87.42602408759046
2899,87,0,0,0,10,87.44102509608253
2900,87,1,1,1,11,87.33737366495802
2901,87,0,0,0,9,87.46272319850908
2902,86,0,1,0,9,88.56431508856426
2903,87,1,0,0,9,87.69525416099641
2904,87,1,1,0,10,87.76592498515359
2905,87,0,0,0,9,87.86669748189044
2906,87,0,0,0,9,87.88159232168023
2907,87,0,0,0,9,88.09839773594082
2908,87,0,0,0,9,88.00891212760892
2909,86,1,2,1,10,89.13773719997211
2910,86,0,0,0,8,89.29073667870784
2911,86,0,0,1,8,89.43998040917559
2912,86,0,0,0,8,89.41634614334417
2913,88,2,0,0,11,87.51062758032215
2914,88,0,0,0,11,87.55262327485084
2915,88,0,0,0,11,87.69981003374821
2916,89,1,0,0,12,86.8051301384036
2917,90,1,0,1,13,85.98756040113099
2918,90,0,0,0,13,86.00824135989896
2919,89,0,1,0,13,86.73355720046038
2920,89,0,0,1,12,86.7205927726922
2921,89,1,1,0,13,86.94892880260488
2922,89,0,0,0,12,87.0071057102637
2923,90,1,0,1,13,86.15982246499294
2924,90,0,0,0,13,86.19475797285857
2925,90,0,0,0,13,86.126972266064
2926,91,1,0,0,16,85.21999336630016
2927,91,0,0,0,16,85.20694253843789
2928,91,1,1,0,18,85.24652943021779
2929,89,0,2,0,17,87.37640735609243
2930,90,1,0,0,16,86.38377975353572
2931,90,1,1,0,17,86.53255789395423
2932,91,1,0,0,15,85.54767014655981
2933,90,0,1,0,15,86.55754010015409
2934,90,0,0,0,13,86.5150904793884
2935,89,0,1,0,13,87.47445616047173
2936,90,1,0,0,12,86.32087788259985
2937,90,0,0,1,12,86.37651839923463
2938,91,1,0,0,14,85.57178776465408
2939,91,0,0,1,14,85.65089315896402
2940,90,0,1,0,14,86.5849828085163
2941,90,0,0,0,13,86.5134531730979
2942,92,2,0,0,15,84.67175098516257
2943,92,1,1,0,18,84.49358120156812
2944,92,0,0,0,17,84.51483659619744
2945,90,0,2,0,17,86.4177250535179
2946,89,0,1,0,15,87.43758691416598
2947,88,0,1,0,14,88.43897699253822
2948,87,0,1,0,12,89.34408366693
2949,86,0,1,1,10,90.45927035346897
2950,86,0,0,0,7,90.48397824764878
2951,86,0,0,0,7,90.68260872266889
2952,86,0,0,0,7,90.76431244543706
2953,87,1,0,0,8,89.62678384571034
2954,87,0,0,1,7,89.75268513172078
2955,87,1,1,0,8,89.78150599138974
2956,87,1,1,0,8,89.76923909436212
2957,87,1,1,0,9,89.8688344191708
2958,87,0,0,0,8,89.75357974806612
2959,87,0,0,1,8,89.75306718439985
2960,87,0,0,0,8,90.00111407968971
2961,86,0,1,1,8,90.79605297580689
2962,86,0,0,0,6,90.78765530530335
2963,86,0,0,0,6,91.01383462259659
2964,86,0,0,0,6,90.94591745553029
2965,87,1,0,1,7,90.11955915489584
2966,87,0,0,1,7,90.22544331248471
2967,87,0,0,0,7,90.30210909646934
2968,87,0,0,0,7,90.264572793458
2969,87,0,0,0,7,90.27461922043052
2970,87,0,0,0,7,90.38487011011588
2971,87,0,0,0,7,90.48509170990714
2972,87,0,0,0,7,90.46053418608285
2973,87,0,0,0,7,90.44903124773644
2974,88,1,0,0,8,89.59944356531454
2975,88,0,0,0,8,89.56871493144438
2976,87,0,1,0,8,90.5725144650445
2977,87,0,0,0,7,90.57647402030332
2978,87,0,0,0,7,90.59929475920228
2979,88,1,0,0,10,89.72399363512821
2980,89,1,0,0,11,88.93086962898609
2981,88,0,1,0,11,89.8931336668009
2982,88,0,0,0,10,89.77593672242368
2983,87,0,1,0,10,90.82746642421833
2984,87,0,0,0,8,90.7789910748844
2985,87,0,0,0,7,90.6404016529096
2986,86,0,1,0,8,91.78674160285536
2987,86,0,0,0,7,91.75249218473203
2988,85,0,1,0,7,92.67529975360605
2989,84,0,1,0,6,93.74704395398032
2990,84,0,0,0,4,93.7109621263949
2991,84,0,0,0,4,93.80659478676051
2992,85,1,0,0,5,92.8332019119692
2993,84,0,1,1,5,93.92099144709336
2994,84,0,0,0,4,93.91995467274057
2995,84,0,0,0,4,94.0539014739644
2996,84,0,0,0,4,94.02653328244011
2997,84,0,0,0,4,93.98969697694456
2998,83,0,1,0,4,95.01686491846597
2999,83,0,0,0,3,95.22399486031313
3000,82,0,1,0,3,96.5079506183451
3001,82,0,0,1,2,96.4346994610332
3002,83,1,0,0,4,95.33820648336349
3003,83,0,0,0,4,95.25866488842509
3004,83,0,0,2,3,95.31380479504645
3005,83,0,0,0,3,95.26416291040428
3006,83,0,0,0,3,95.21429113994996
3007,83,0,0,1,4,95.08894196629458
3008,81,0,2,0,4,97.51405815760575
3009,81,1,1,0,4,97.48409191487241
3010,82,1,0,0,4,96.38754863441889
3011,83,1,0,0,5,95.3814396147271
3012,83,0,0,0,5,95.54719798822107
3013,83,0,0,0,5,95.37939319160095
3014,83,0,0,0,5,95.4270458459594
3015,83,0,0,0,5,95.42090209025825
3016,83,0,0,1,4,95.4071224343536
3017,83,1,1,0,5,95.3838279322979
3018,83,0,0,0,4,95.4458616563341
3019,83,0,0,1,4,95.29403839371535
3020,82,0,1,0,4,96.53481549866393
3021,82,1,1,1,3,96.4939853631828
3022,82,0,0,0,2,96.36327383879257
3023,82,0,0,1,2,96.36328209043822
3024,83,1,0,0,3,95.42419678397746
3025,84,1,0,0,4,94.49030061529916
3026,84,0,0,0,4,94.34834925060274
3027,86,2,0,0,6,92.50761159077301
3028,86,0,0,0,6,92.74923696087878
3029,86,0,0,0,6,92.70541541762722
3030,88,2,0,0,8,90.76444334104771
3031,89,1,0,0,10,89.81524190089412
3032,88,0,1,0,10,90.71811736041703
3033,88,0,0,0,8,90.8095600215763
3034,87,0,1,3,6,91.8312411603309
3035,89,2,0,0,8,89.84832689448884
3036,90,1,0,0,9,88.92247717436628
3037,90,0,0,1,9,88.79220269057097
3038,91,1,0,1,11,88.01527562423091
3039,91,0,0,0,11,88.04837853992767
3040,91,0,0,0,11,87.96940292904728
3041,91,0,0,0,11,87.88221508411424
3042,91,0,0,1,12,88.06218316839379
3043,91,0,0,0,12,88.04151686123971
3044,91,1,1,0,15,88.21169959235388
3045,91,1,1,1,13,88.28625774431887
3046,90,0,1,1,12,89.14134061330076
3047,90,0,0,0,9,89.19240591576079
3048,90,0,0,0,9,89.22396915430915
3049,90,0,0,0,9,89.13335983508917
3050,89,0,1,0,9,90.12014682048245
3051,89,0,0,0,7,90.2741704123646
3052,89,0,0,0,7,90.21617779197999
3053,88,0,1,0,7,91.17890890089132
3054,88,0,0,0,6,91.16603527790075
3055,88,0,0,0,6,91.15494965269421
3056,88,0,0,0,6,91.22508744232236
3057,88,0,0,0,6,91.1087239263156
3058,88,0,0,0,6,91.10799126781079
3059,88,0,0,0,6,90.96817356469434
3060,86,0,2,1,6,93.08790622487746
3061,85,0,1,0,4,94.38398590274296
3062,86,1,0,0,4,93.44079279106221
3063,87,1,0,0,5,92.32344379534187
3064,89,2,0,0,7,90.48915758675807
3065,89,0,0,1,7,90.4187726991726
3066,87,0,2,0,7,92.59878957650895
3067,87,0,0,1,5,92.65472986386527
3068,87,0,0,0,5,92.74418941929241
3069,87,0,0,0,5,92.7858216657178
3070,88,1,0,0,7,91.767970404346
3071,88,0,0,0,7,91.92260403253351
3072,89,1,0,0,9,90.91515839754001
3073,89,0,0,0,9,90.89093452562487
3074,89,1,1,0,11,91.02748198066298
3075,88,0,1,0,10,91.97233123391992
3076,88,0,0,1,8,91.91030075052034
3077,89,1,0,0,11,90.97387428161909
3078,87,0,2,0,11,92.91780632234673
3079,88,1,0,1,12,92.1028136396724
3080,88,0,0,0,12,91.93672897944619
3081,88,0,0,0,12,91.72322246864587
3082,88,0,0,2,10,91.5637072406892
3083,90,2,0,0,14,89.71906104640183
3084,88,0,2,0,14,91.62064233713623
3085,88,0,0,0,9,91.72300449329329
3086,89,1,0,1,10,90.62581962620202
3087,89,1,1,1,11,90.70080033966333
3088,89,0,0,1,9,90.67924372943958
3089,88,0,1,0,9,91.67690493774448
3090,89,1,0,0,9,90.69398010146995
3091,89,0,0,0,9,90.85204104217816
3092,89,0,0,2,9,90.70169875661968
3093,89,0,0,1,9,90.82895079793569
3094,87,0,2,0,9,92.90005758548784
3095,87,0,0,0,6,92.8059712722855
3096,87,0,0,0,6,92.69668168780554
3097,87,0,0,1,6,92.65614835985365
3098,87,0,0,0,6,92.70826529691418
3099,87,0,0,0,6,92.74292120759705
3100,87,0,0,0,6,92.74097344852335
3101,89,2,0,0,8,90.76360754487575
3102,91,2,0,1,12,88.93924457332537
3103,90,0,1,0,12,90.04050740946732
3104,90,0,0,0,11,90.04052996136798
3105,90,0,0,0,11,90.00423357014289
3106,89,0,1,0,11,90.92569901833036
3107,89,0,0,0,8,90.83449411269528
3108,88,0,1,0,8,91.61535775448023
3109,87,0,1,0,7,92.8475406806479
3110,87,1,1,1,7,92.80103797114438
3111,87,0,0,0,6,92.86939056415659
3112,88,1,0,0,8,91.91268433922859
3113,89,1,0,0,9,90.86016005566698
3114,89,0,0,0,9,90.77025810638263
3115,90,1,0,0,10,89.95408744475152
3116,89,0,1,1,10,90.87626540364995
3117,89,0,0,0,8,90.7867122372926
3118,89,0,0,1,8,90.94862595353348
3119,91,2,0,0,10,89.07536206994105
3120,91,0,0,0,10,88.948284712695
3121,91,0,0,0,10,89.15083115964264
3122,91,0,0,1,9,89.12064973944032
3123,92,1,0,1,10,88.35417266441353
3124,92,0,0,2,9,88.42371974252093
3125,93,1,0,0,11,87.4266291567576
3126,93,0,0,1,11,87.53491955123685
3127,93,0,0,0,11,87.32384648328632
3128,93,0,0,0,11,87.24049850776396
3129,94,1,0,0,12,86.5835064388568
3130,96,2,0,0,14,84.96677833618106
3131,97,1,0,0,16,84.22248600963705
3132,96,0,1,1,16,85.20519438541663
3133,98,2,0,0,18,83.54503693434225
3134,98,0,0,0,19,83.34008533017831
3135,98,0,0,0,18,83.18194831416484
3136,98,0,0,1,18,83.26544686795293
3137,98,0,0,1,18,83.29556805826414
3138,98,1,1,0,19,83.3363078734943
3139,96,0,2,0,18,85.14001550294783
3140,96,1,1,1,17,85.18624427968341
3141,96,0,0,0,15,85.12322337811246
3142,96,0,0,0,15,85.2386030698556
3143,96,0,0,2,15,85.11584959463674
3144,96,0,0,0,14,85.18944669289348
3145,96,0,0,1,14,85.14300956088488
3146,96,0,0,0,14,85.18534858460232
3147,95,0,1,0,14,86.16316485415972
3148,94,0,1,0,13,86.9993526487159
3149,94,0,0,1,12,86.92292079622244
3150,93,0,1,0,12,87.7865566323845
3151,94,1,0,0,10,86.92720516418633
3152,94,1,1,0,12,87.14883441363529
3153,94,0,0,1,10,87.16343033284305
3154,94,0,0,0,9,87.18984381614929
3155,94,0,0,0,10,87.34866780529842
3156,94,0,0,0,10,87.52852704451132
3157,94,0,0,0,10,87.54212904387525
3158,95,1,0,1,12,86.7086857019202
3159,95,0,0,0,12,86.87694145253703
3160,95,0,0,0,12,87.00431595778431
3161,95,0,0,1,12,86.97056391755203
3162,94,0,1,1,12,88.00908653068964
3163,94,0,0,0,10,88.03453089515932
3164,93,0,1,0,10,88.86774396134969
3165,93,0,0,0,8,88.82716206551548
3166,92,0,1,0,8,89.85012026438609
3167,92,0,0,0,7,89.9247967543205
3168,92,0,0,0,7,90.16599231969244
3169,92,0,0,0,7,90.14905401555572
3170,93,1,0,0,9,89.40505183142373
3171,93,0,0,0,9,89.41312849970952
3172,93,0,0,0,9,89.38246207401113
3173,92,0,1,2,10,90.22109772195549
3174,92,0,0,0,9,90.35961676332452
3175,93,1,0,0,10,89.40686280188663
3176,92,0,1,0,10,90.23142464510693
3177,92,0,0,0,8,90.45251658533452
3178,92,0,0,1,8,90.40814263263161
3179,91,0,1,0,8,91.62529928844182
3180,91,1,1,0,10,91.52043604153315
3181,92,1,0,0,9,90.77792257203751
3182,92,1,1,0,10,90.91304355721174
3183,92,0,0,0,9,90.85927614872814
3184,92,0,0,1,9,90.92777622601217
3185,92,0,0,0,9,91.02902280296362
3186,92,0,0,0,9,91.13567506552464
3187,92,0,0,0,9,91.23112899981416
3188,91,0,1,0,9,92.17872067396456
3189,91,0,0,1,8,92.18040789460125
3190,91,0,0,2,8,92.10748686612199
3191,92,1,0,1,9,91.09096157936254
3192,91,0,1,0,9,92.11095906274274
3193,90,0,1,0,8,93.08184746184735
3194,90,0,0,2,7,93.18445875404953
3195,89,0,1,0,7,94.27976843943483
3196,89,0,0,1,4,94.43031832050333
3197,89,0,0,0,4,94.43612939984926
3198,89,0,0,1,4,94.39126457112177
3199,88,0,1,0,4,95.42001239700822
3200,88,0,0,0,3,95.53722254646746
3201,88,0,0,0,3,95.51447286267216
3202,88,0,0,0,3,95.50611606317993
3203,89,1,0,0,4,94.34919589563046
3204,90,1,0,0,6,93.47766416822613
3205,89,0,1,0,6,94.43299472137825
3206,88,0,1,0,5,95.71022643108363
3207,88,0,0,0,4,95.83379621543155
3208,88,0,0,0,4,95.88613526806604
3209,89,1,0,1,5,94.86986136680581
3210,91,2,0,1,7,92.85170271134028
3211,91,0,0,1,6,93.01868078874499
3212,92,1,0,0,7,92.16591705427572
3213,92,0,0,0,7,92.36822432700643
3214,92,0,0,0,7,92.34631312861447
3215,94,2,0,0,10,90.3783415166695
3216,94,0,0,0,10,90.24655960720561
3217,94,0,0,1,10,90.34559893604455
3218,94,0,0,0,10,90.48028358974538
3219,96,2,0,0,13,88.78788118605594
3220,96,0,0,0,13,88.56412620523916
3221,95,0,1,1,12,89.4919874470162
3222,95,0,0,1,10,89.36562302896772
3223,94,0,1,0,10,90.27078119836797
3224,94,0,0,0,8,90.35157423543059
3225,94,0,0,1,7,90.43737829407843
3226,93,0,1,1,7,91.42247952806028
3227,94,1,0,1,7,90.61073272001818
3228,95,1,0,1,8,89.77176095887594
3229,95,0,0,0,8,89.94671355984775
3230,94,0,1,0,8,90.94109272113978
3231,95,1,0,0,9,90.18175564881356
3232,96,1,0,0,10,89.1816365135714
3233,96,0,0,1,9,89.22428226619657
3234,97,1,0,1,10,88.34184571784424
3235,97,0,0,2,9,88.38431306991215
3236,97,0,0,0,9,88.55105230376876
3237,98,1,0,0,10,87.67281114023804
3238,98,0,0,0,10,87.8260524105135
3239,96,0,2,2,10,89.57508667113211
3240,95,0,1,0,5,90.57326714822358
3241,95,1,1,1,5,90.7204115176624
3242,95,0,0,0,4,90.8169926834244
3243,95,0,0,1,5,90.83230324158069
3244,95,0,0,1,5,90.82906830006455
3245,95,0,0,0,5,90.82469857784537
3246,96,1,0,0,7,89.85837628508055
3247,97,1,0,0,8,89.25846770926216
3248,97,0,0,0,8,89.23230701443214
3249,97,0,0,0,8,89.29249967960199
3250,97,0,0,0,8,89.353125537346
3251,97,0,0,0,8,89.53014847892693
3252,98,1,0,0,9,88.70570981026678
3253,98,0,0,1,9,88.78971186121396
3254,98,0,0,0,9,88.80255346770015
3255,97,0,1,1,9,89.8568923986181
3256,97,0,0,0,7,89.8609390812936
3257,97,0,0,0,7,89.9068176565027
3258,95,0,2,0,7,91.96347293013451
3259,95,0,0,0,5,91.98604278033379
3260,95,0,0,0,5,92.0838943070522
3261,95,0,0,2,5,92.098791596217
3262,95,0,0,1,5,92.10908621273009
3263,96,1,0,0,6,91.37368522217065
3264,95,0,1,0,6,92.43554494158033
3265,95,0,0,0,5,92.50151285288077
3266,96,1,0,0,6,91.50603285184894
3267,97,1,0,0,7,90.74426759489872
3268,97,0,0,0,7,91.04796560571701
3269,98,1,0,0,9,90.1404388513211
3270,98,0,0,3,8,90.28479984524142
3271,98,0,0,0,8,90.4133327936351
3272,98,0,0,1,8,90.55457320106426
3273,98,0,0,0,8,90.49624049187689
3274,98,0,0,0,8,90.52602483778756
3275,98,0,0,1,8,90.47881637408071
3276,98,0,0,1,8,90.70214063896911
3277,98,0,0,1,8,90.68047422131941
3278,99,1,0,0,10,89.90087842649531
3279,100,1,0,0,12,89.02123115915336
3280,100,0,0,1,10,89.0976091535987
3281,100,0,0,0,10,89.11127196123316
3282,102,2,0,1,14,87.46734342792844
3283,101,0,1,0,14,88.30829247778402
3284,101,0,0,0,13,88.34113711197803
3285,97,0,4,1,13,92.16093326818034
3286,97,0,0,0,5,92.22550877602386
3287,97,0,0,0,5,92.32764135520102
3288,97,1,1,0,6,92.45615264426034
3289,97,0,0,0,5,92.59378693631825
3290,97,0,0,0,5,92.6353979983504
3291,98,1,0,0,6,91.6221162728337
3292,97,0,1,1,6,92.56410153949325
3293,98,1,0,1,6,91.77118873475321
3294,97,0,1,1,6,92.7640684550031
3295,97,0,0,0,5,92.76561946891655
3296,97,0,0,0,5,92.8967149679842
3297,97,0,0,1,5,92.89555159189972
3298,97,0,0,0,5,92.99102588843444
3299,97,0,0,0,5,93.02760756180878
3300,97,0,0,0,5,92.95244952146201
3301,98,1,0,0,6,92.04109060103899
3302,98,0,0,0,6,92.10976643861827
3303,98,0,0,0,6,92.33747355286084
3304,98,0,0,0,6,92.46990989399947
3305,98,0,0,1,5,92.332398151667
3306,98,0,0,1,5,92.35040206864585
3307,99,1,0,2,6,91.49579804702581
3308,99,1,1,0,7,91.60436896430764
3309,99,0,0,1,5,91.62177773090487
3310,99,0,0,0,5,91.64785780691686
3311,99,0,0,0,5,91.60806315092805
3312,99,0,0,0,5,91.61469586387979
3313,99,1,1,2,6,91.60276252508677
3314,99,0,0,0,5,91.54981716193625
3315,99,1,1,0,6,91.76517257485125
3316,100,1,0,0,7,91.01455542956116
3317,100,0,0,0,7,91.14920101701632
3318,102,2,0,0,9,89.61226922268706
3319,103,1,0,0,11,88.82580947109511
3320,104,2,1,0,13,88.11792920523456
3321,105,1,0,0,14,87.39622794905397
3322,105,0,0,0,13,87.29269155056718
3323,104,0,1,0,14,88.12790669825318
3324,104,0,0,0,13,88.26278308303161
3325,104,0,0,0,12,88.40342095520063
3326,104,0,0,0,13,88.4128734493282
3327,104,0,0,0,12,88.48136263195457
3328,104,0,0,0,12,88.46724775402019
3329,104,1,1,0,14,88.4323249057974
3330,104,0,0,0,13,88.51214312815506
3331,103,0,1,0,12,89.45555070705493
3332,102,0,1,0,12,90.49901462863578
3333,103,1,0,1,12,89.72951544655318
3334,104,1,0,0,14,88.93348389849537
3335,103,0,1,0,14,89.9322150535474
3336,104,1,0,0,14,89.08223620895345
3337,103,0,1,0,14,90.11977739692232
3338,102,0,1,0,13,91.03825266453632
3339,102,0,0,0,10,91.07903337233303
3340,104,2,0,1,12,89.37103651993371
3341,103,0,1,1,11,90.39436867418095
3342,104,1,0,0,10,89.69508108633256
3343,104,0,0,0,10,89.56791911031681
3344,104,0,0,0,10,89.61732880402886
3345,104,0,0,1,11,89.57640988554411
3346,103,0,1,0,11,90.4496071917581
3347,104,1,0,2,10,89.66338617947213
3348,104,0,0,1,9,89.70570982675221
3349,104,0,0,0,8,89.7706514440963
3350,104,0,0,0,8,89.88046255968187
3351,105,1,0,0,9,89.04943326776616
3352,106,1,0,0,12,88.2770111308659
3353,108,2,0,3,14,86.72434636099031
3354,108,0,0,0,15,86.79028690459796
3355,107,0,1,0,14,87.66188774854633
3356,108,1,0,0,13,86.99583691671515
3357,107,0,1,1,13,87.7942686451956
3358,107,0,0,0,11,87.95995204634374
3359,108,1,0,1,13,87.04560803027888
3360,108,0,0,1,12,86.93487375410977
3361,108,0,0,0,14,87.01991275695752
3362,108,0,0,0,13,87.10840236515926
3363,108,0,0,0,14,87.33234941106932
3364,107,0,1,0,14,88.31689967316414
3365,108,1,0,2,14,87.4856707415779
3366,108,0,0,0,14,87.70455590485435
3367,107,0,1,0,14,88.39527306578834
3368,107,0,0,2,12,88.46616219915049
3369,107,0,0,1,12,88.56261339557305
3370,106,0,1,0,13,89.54140834117243
3371,105,0,1,0,10,90.51102529938862
3372,105,0,0,0,8,90.39419874102991
3373,106,1,0,0,10,89.58232387852182
3374,106,0,0,0,10,89.94254995843728
3375,108,2,0,0,14,88.31649312705333
3376,109,1,0,1,16,87.56914145063833
3377,108,0,1,0,16,88.36794064664663
3378,107,0,1,0,15,89.2114223935264
3379,108,1,0,0,14,88.4075536703857
3380,108,1,1,0,15,88.40243308211917
3381,106,0,2,0,14,90.17346121575007
3382,106,0,0,1,12,90.05432818712822
3383,104,0,2,0,12,91.74364034988938
3384,104,0,0,0,8,91.67133474631093
3385,103,0,1,0,8,92.496897750412
3386,103,0,0,1,6,92.51840122544688
3387,104,1,0,1,8,91.81598006554508
3388,104,0,0,0,8,91.88179488367997
3389,103,0,1,0,8,92.90058828605689
3390,103,0,0,2,7,92.78796947383019
3391,104,1,0,0,8,91.97191850553949
3392,103,0,1,0,8,93.00978917616824
3393,103,0,0,0,6,92.93922043003077
3394,103,0,0,0,6,92.9482838823584
3395,103,0,0,0,6,93.01449121337185
3396,103,0,0,0,6,93.11768419169913
3397,103,0,0,0,6,93.04529434432152
3398,105,2,0,1,8,91.37563883839327
3399,105,0,0,1,8,91.3908172421678
3400,105,0,0,0,8,91.67001502698874
3401,104,0,1,1,8,92.44872885718529
3402,104,0,0,1,7,92.3673417602162
3403,104,0,0,0,7,92.43223462771935
3404,104,0,0,0,7,92.57481855875452
3405,103,0,1,0,7,93.5016211319079
3406,103,0,0,1,6,93.44446106931667
3407,103,0,0,1,5,93.40750727792998
3408,104,1,0,0,7,92.60673548166814
3409,104,0,0,0,7,92.48239689492779
3410,105,1,0,0,8,91.67485171171835
3411,104,0,1,0,8,92.51850430670773
3412,105,1,0,0,8,91.60145822450369
3413,104,0,1,0,8,92.6038553410188
3414,104,1,1,1,8,92.68147075567443
3415,104,0,0,1,6,92.86120064888999
3416,105,1,0,0,7,92.09360530345046
3417,105,0,0,0,7,92.13208498867293
3418,105,0,0,1,7,92.09741150444823
3419,105,0,0,0,7,92.17225481802133
3420,104,0,1,0,7,92.96596779089992
3421,106,2,0,0,8,91.30925694749106
3422,106,0,0,1,8,91.36756147790165
3423,107,1,0,1,9,90.68651397819954
3424,107,0,0,1,9,90.61017131751585
3425,107,0,0,0,9,90.70622210924287
3426,107,0,0,0,9,90.61901841111533
3427,107,0,0,0,9,90.60274217756624
3428,108,1,0,1,11,89.60820261854414
3429,108,0,0,1,11,89.68290172628336
3430,108,0,0,0,11,89.6927960574404
3431,107,0,1,0,11,90.7704268676355
3432,105,0,2,1,10,92.55615692882606
3433,105,0,0,0,7,92.48818354690417
3434,106,1,0,0,8,91.60394404092959
3435,108,2,0,0,12,90.15161335619032
3436,108,0,0,1,12,90.03146712731976
3437,108,0,0,0,12,89.92415662257423
3438,108,0,0,0,12,90.00543242147587
3439,107,0,1,0,12,90.78426786156358
3440,107,0,0,0,9,90.90958260616966
3441,107,0,0,1,8,90.907817593368
3442,107,0,0,0,8,90.8161775963318
3443,108,1,0,2,10,90.01604696993846
3444,108,0,0,0,10,90.17539247878469
3445,108,0,0,1,10,90.14480933497705
3446,108,0,0,0,10,90.25171777930903
3447,107,0,1,0,10,91.10851350986714
3448,108,1,0,0,11,90.48762073608097
3449,108,0,0,0,11,90.42877673376717
3450,108,0,0,0,11,90.41923953976739
3451,109,1,0,0,13,89.63543803796065
3452,110,1,0,0,14,88.7218736278903
3453,109,0,1,0,14,89.46605091115038
3454,109,0,0,0,13,89.4901481048834
3455,108,1,2,0,16,90.372050465501
3456,107,1,2,0,16,91.33808748373642
3457,107,0,0,0,12,91.41987691904735
3458,110,3,0,0,19,88.95638829534299
3459,110,0,0,1,18,88.93039055071303
3460,110,0,0,0,19,89.0246493027844
3461,109,0,1,0,19,89.81831577774382
3462,108,0,1,1,14,90.72375157498912
3463,107,0,1,0,13,91.53437617956023
3464,106,0,1,0,11,92.48567719677419
3465,108,2,0,0,13,90.80636811806517
3466,108,1,1,0,14,90.74023186398314
3467,108,0,0,0,11,90.80508493257429
3468,109,1,0,0,12,90.08184660710607
3469,109,1,1,0,13,90.17385380293328
3470,109,0,0,1,10,90.29173986940583
3471,109,0,0,1,9,90.21099624552639
3472,109,1,1,1,10,90.34156142401685
3473,108,0,1,0,9,91.18811510038826
3474,110,2,0,0,9,89.59369719482314
3475,113,3,0,0,15,87.4521732183005
3476,113,0,0,1,14,87.42921413683662
3477,113,0,0,1,14,87.39247765063172
3478,113,0,0,0,14,87.47421166370202
3479,113,0,0,1,14,87.68917269068697
3480,114,1,0,0,15,86.84167485742935
3481,114,0,0,0,15,86.83037942208622
3482,114,0,0,0,15,86.88647210151066
3483,114,1,1,0,16,86.79273881871188
3484,114,1,1,0,16,86.7565200917976
3485,113,1,2,0,15,87.71020988533762
3486,113,0,0,0,11,87.64121891059452
3487,114,1,0,0,12,86.9336010514578
3488,115,1,0,0,13,86.25316410234822
3489,114,0,1,0,13,87.0378365060069
3490,114,1,1,0,13,87.21226149101705
3491,114,0,0,1,12,87.3782786255255
3492,114,0,0,1,11,87.38322516333614
3493,115,1,0,1,11,86.69217383479759
3494,115,0,0,1,11,86.74590690133762
3495,116,1,0,0,12,86.15571871608621
3496,118,2,0,0,14,84.73783084510276
3497,118,0,0,0,14,84.902624919761
3498,118,0,0,1,14,84.90497229744548
3499,118,0,0,0,14,84.94140359741785
3500,118,0,0,0,14,84.90779533790699
3501,118,0,0,0,14,85.08172718336803
3502,118,0,0,0,14,85.10428263826296
3503,119,2,1,1,19,84.55024096109227
3504,119,0,0,0,18,84.60145400544506
3505,119,0,0,0,18,84.60289811740007
3506,120,1,0,1,19,83.866484486766
3507,119,0,1,0,19,84.54142216369884
3508,119,0,0,0,16,84.59674236127137
3509,119,0,0,0,16,84.65369952022404
3510,119,0,0,0,16,84.72864290728184
3511,119,0,0,0,16,84.86900804137356
3512,118,0,1,0,16,85.61747745839129
3513,117,0,1,0,15,86.3542848808634
3514,118,1,0,1,16,85.63303331434498
3515,119,1,0,1,16,84.99554729501244
3516,119,0,0,0,16,84.96814633824748
3517,119,1,1,0,18,84.99174443651
3518,120,1,0,0,18,84.37223559214445
3519,120,0,0,0,18,84.30960237056757
3520,120,0,0,0,18,84.28576371610787
3521,119,1,2,0,19,84.86863263709571
3522,118,1,2,0,18,85.77701379403177
3523,118,0,0,1,15,85.87537051385006
3524,118,2,2,0,18,86.03050171198433
3525,118,1,1,0,19,85.975721959235
3526,119,1,0,0,21,85.35268231743513
3527,119,0,0,0,21,85.28786409376771
3528,117,0,2,0,21,86.8099231805855
3529,116,0,1,1,16,87.58820458551756
3530,116,0,0,1,15,87.78354683205374
3531,115,0,1,1,15,88.48035659015689
3532,115,0,0,0,14,88.63416758615092
3533,115,0,0,0,14,88.63773650436492
3534,116,1,0,0,15,87.7470231524173
3535,114,0,2,0,15,89.28744783266367
3536,114,0,0,0,11,89.42392592284158
3537,114,0,0,0,11,89.56476873427923
3538,115,1,0,0,12,88.83307769529954
3539,115,0,0,1,12,88.92072380946927
3540,115,0,0,1,12,88.84823605579727
3541,114,0,1,1,12,89.55421458053891
3542,115,1,0,0,12,88.96556014995366
3543,115,0,0,0,12,89.08277352200832
3544,115,0,0,1,12,89.01640330361614
3545,115,0,0,0,12,89.0613890784788
3546,115,0,0,1,11,89.08406622199033
3547,117,2,0,1,14,87.70686625568462
3548,118,1,0,0,15,86.8097541913468
3549,117,0,1,0,15,87.49176282063279
3550,118,1,0,0,15,86.98233508604929
3551,118,1,1,0,16,87.1737140776179
3552,119,2,1,0,17,86.43978684248478
3553,119,1,1,0,16,86.56278596091713
3554,119,0,0,0,15,86.56654853751517
3555,119,1,1,0,16,86.54081643430638
3556,120,1,0,0,16,86.01874403842598
3557,120,0,0,1,15,85.89660786789688
3558,120,0,0,0,15,85.9034084120814
3559,120,0,0,0,15,86.03134568579804
3560,119,0,1,0,15,86.83717067363463
3561,119,0,0,0,14,86.85611702144327
3562,120,1,0,0,15,86.2844518961182
3563,120,0,0,0,15,86.47118737608594
3564,120,0,0,1,15,86.33954570017232
3565,121,1,0,1,17,85.61545692033805
3566,121,0,0,0,17,85.62302932597696
3567,119,0,2,0,17,87.12686218146484
3568,121,2,0,0,16,85.7162639479122
3569,121,0,0,0,16,85.73133475152555
3570,121,0,0,0,16,85.74285286777392
3571,121,0,0,2,16,85.83052935627214
3572,120,0,1,1,16,86.39550447329258
3573,119,0,1,1,15,87.16091334907088
3574,118,0,1,0,14,88.05381793072576
3575,119,1,0,0,14,87.38497731766957
3576,119,1,1,0,16,87.46538943972733
3577,118,1,2,0,16,88.16318630236891
3578,119,1,0,0,16,87.59722990595505
3579,119,0,0,0,16,87.57851667522243
3580,118,0,1,0,16,88.31728057234173
3581,117,0,1,0,14,89.02592632955151
3582,117,1,1,1,15,88.94616816027505
3583,116,0,1,1,13,89.84011639572995
3584,116,0,0,0,12,89.78246335417032
3585,115,0,1,1,12,90.67365556564538
3586,115,0,0,0,11,90.66213893308537
3587,115,0,0,0,11,90.60341035866183
3588,116,1,0,0,12,89.86595019443733
3589,114,0,2,0,12,91.60518866268752
3590,114,0,0,1,9,91.58978448661945
3591,115,1,0,0,11,90.8653650705249
3592,115,0,0,1,11,90.85344503103065
3593,115,0,0,1,11,90.9262768268159
3594,116,1,0,0,13,90.3305973245219
3595,116,1,1,0,15,90.30975815834294
3596,116,0,0,0,14,90.03390613651467
3597,116,1,1,1,16,90.24211456039404
3598,116,0,0,0,15,90.19510908262605
3599,114,0,2,0,15,91.71566411174076
3600,114,0,0,0,10,91.70042094172534
3601,115,1,0,1,10,91.13302199356646
3602,116,2,1,0,13,90.34875119454617
3603,117,1,0,0,13,89.73744384139229
3604,117,0,0,2,13,89.60166792079362
3605,117,0,0,0,13,89.67539766208543
3606,117,1,1,1,14,89.73596876369544
3607,120,3,0,0,18,87.51080979660429
3608,120,0,0,0,18,87.64623303259965
3609,120,0,0,0,18,87.74842243368761
3610,120,0,0,0,18,87.61235621503376
3611,119,0,1,1,17,88.2791579597494
3612,119,0,0,1,15,88.31588608226625
3613,119,0,0,0,15,88.34542619871904
3614,119,0,0,0,15,88.3227027213179
3615,118,0,1,3,14,88.91773324815887
3616,119,2,1,0,17,88.24593010318908
3617,118,1,2,0,16,89.08637345000628
3618,119,1,0,0,15,88.44901630563757
3619,118,0,1,1,15,89.13253861002308
3620,119,1,0,1,14,88.53983422884089
3621,121,2,0,0,17,87.1531667613828
3622,121,0,0,0,17,87.43903730110628
3623,121,0,0,0,17,87.38694115547824
3624,121,0,0,0,17,87.23765912126463
3625,121,0,0,0,17,87.17482764771134
3626,120,0,1,0,17,87.90244660777059
3627,119,0,1,0,15,88.51323554932348
3628,119,0,0,1,14,88.62424484670387
3629,118,0,1,0,14,89.27366894998879
3630,118,0,0,1,11,89.30674820210976
3631,118,0,0,0,11,89.33072089659758
3632,119,1,0,1,14,88.70247233744664
3633,120,1,0,0,15,88.1933648685142
3634,121,1,0,0,16,87.51022547910422
3635,120,0,1,0,16,88.43196390230361
3636,120,0,0,0,15,88.20020037039157
3637,120,0,0,0,15,88.13008708485314
3638,121,1,0,1,15,87.5021604659163
3639,120,0,1,1,15,88.3456296242504
3640,119,0,1,0,14,89.1123121477022
3641,119,0,0,0,13,89.24115866145715
3642,120,1,0,0,14,88.45657663445273
3643,119,1,2,0,15,89.13172431239055
3644,119,0,0,1,12,89.1511054608688
3645,119,0,0,2,11,89.04176983217862
3646,119,0,0,0,11,89.15862601403661
3647,119,1,1,1,12,89.24579244863877
3648,119,0,0,0,11,89.49833255606889
3649,120,1,0,0,13,88.77063672220046
3650,120,2,2,1,16,88.87618680545573
3651,122,2,0,0,16,87.51415637390102
3652,122,1,1,2,16,87.53188508958178
3653,122,1,1,0,16,87.64522422163553
3654,122,0,0,0,15,87.75304074493737
3655,123,1,0,0,16,87.12390315424989
3656,123,0,0,0,16,86.94868011712684
3657,126,3,0,1,20,85.08305698885465
3658,126,0,0,0,19,85.17041308319293
3659,125,0,1,1,20,85.7383761118367
3660,125,0,0,0,18,85.64596780856424
3661,125,0,0,0,18,85.87955907325242
3662,124,0,1,0,17,86.5979083046768
3663,124,0,0,0,17,86.58708109138549
3664,124,0,0,3,16,86.59003611597608
3665,124,0,0,1,16,86.65758442554522
3666,124,0,0,0,16,86.65846630542192
3667,122,0,2,0,16,87.97034749845884
3668,120,0,2,0,14,89.35948137432491
3669,120,0,0,0,10,89.40049845180228
3670,122,2,0,0,13,88.1140209115812
3671,122,1,1,0,14,88.25600107332443
3672,121,0,1,0,13,88.96052339565198
3673,121,0,0,1,11,89.03340934174179
3674,122,1,0,0,13,88.27466728121077
3675,122,0,0,0,13,88.34413363747468
3676,122,0,0,0,13,88.31075768625476
3677,123,1,0,1,14,87.64181877007265
3678,124,1,0,0,15,86.9396964730903
3679,124,0,0,0,15,87.02739265660941
3680,123,0,1,1,15,87.69504012155998
3681,122,0,1,0,13,88.51535369860234
3682,122,0,0,1,12,88.54985810751975
3683,122,0,0,1,12,88.57851345185694
3684,121,0,1,0,12,89.29600575300367
3685,121,0,0,0,11,89.21754567733669
3686,122,1,0,1,13,88.51504192018662
3687,121,0,1,1,13,89.30085510432986
3688,121,0,0,0,11,89.57690937338646
3689,121,0,0,0,12,89.52640132327694
3690,121,0,0,0,11,89.58145891134077
3691,121,0,0,0,12,89.68830500810942
3692,121,0,0,0,12,89.64105500114586
3693,120,0,1,0,11,90.33582592283679
3694,120,0,0,0,10,90.41350062742218
3695,121,1,0,0,12,89.807835702057
3696,121,1,1,1,12,89.93523678013142
3697,121,0,0,0,11,89.95826213459023
3698,120,0,1,0,11,90.75621491456022
3699,119,0,1,0,10,91.57032878380996
3700,120,1,0,0,11,90.6861958972642
3701,120,0,0,1,10,90.70789150214723
3702,120,0,0,0,11,90.7380956541564
3703,120,0,0,0,11,90.74047367420668
3704,119,1,2,0,12,91.53245584075239
3705,119,0,0,0,9,91.54008850607556
3706,119,0,0,1,9,91.59523642557366
3707,119,0,0,0,9,91.62491919822378
3708,121,2,0,0,13,90.25552048423067
3709,121,0,0,0,12,90.26155744723827
3710,121,0,0,0,12,90.09873441107113
3711,121,0,0,1,13,90.1769695774952
3712,120,0,1,0,13,90.92484143904
3713,120,0,0,0,10,90.82618820717614
3714,120,0,0,0,10,90.80739840013563
3715,119,1,2,0,11,91.63105495440126
3716,119,0,0,1,7,91.66698973165117
3717,119,0,0,1,7,91.8461870290723
3718,119,0,0,0,7,91.83055644137396
3719,119,1,1,0,8,91.84709137146791
3720,118,0,1,0,7,92.65503263370242
3721,118,0,0,1,6,92.76710239079836
3722,117,0,1,0,6,93.61036148840475
3723,118,1,0,0,6,92.76384266529332
3724,118,0,0,1,6,92.85990975299417
3725,117,0,1,1,6,93.72715469929669
3726,119,3,1,0,8,92.501066983703
3727,120,1,0,0,8,91.79376582888334
3728,120,0,0,0,8,91.81890673291802
3729,120,0,0,0,8,91.81804703240897
3730,120,0,0,0,8,91.87344524205264
3731,120,0,0,0,8,91.9076925220642
3732,123,3,0,0,11,89.66566217675
3733,123,0,0,0,11,89.70186007565067
3734,123,0,0,0,11,89.70692841523875
3735,124,1,0,0,13,89.0759683529607
3736,125,1,0,3,14,88.34979463139078
3737,125,0,0,0,14,88.50727196111204
3738,125,1,1,0,15,88.75105909142138
3739,125,1,1,0,15,88.72197229909865
3740,125,0,0,1,13,88.69017921260763
3741,125,0,0,3,13,88.66775119583578
3742,125,1,1,0,14,88.68148932947038
3743,124,0,1,0,13,89.42876220331179
3744,124,0,0,1,12,89.4422764672591
3745,124,0,0,0,12,89.40113888326788
3746,124,0,0,0,12,89.36503097716623
3747,125,1,0,0,13,88.73244790840691
3748,125,0,0,0,13,88.74665116255527
3749,125,0,0,1,13,88.90074803085675
3750,125,0,0,0,13,88.91857834504701
3751,125,0,0,0,13,88.81269559811156
3752,125,0,0,0,13,88.9667578526946
3753,125,0,0,0,13,88.93627824914314
3754,125,0,0,0,13,88.97019015812332
3755,126,1,0,2,14,88.29340895194106
3756,126,0,0,0,14,88.24347436713992
3757,125,0,1,0,14,89.07614775130202
3758,125,0,0,2,13,89.16812261369155
3759,125,0,0,0,13,89.19747220160859
3760,125,0,0,0,13,89.27959648806244
3761,126,1,0,1,13,88.56856274519318
3762,126,0,0,0,13,88.62306784172985
3763,126,0,0,1,13,88.56193874086141
3764,126,0,0,1,13,88.69486868100763
3765,125,0,1,1,14,89.43911786148777
3766,125,0,0,0,13,89.40272950724294
3767,125,0,0,2,12,89.44121715948957
3768,124,0,1,0,12,90.15262462803142
3769,123,0,1,0,10,90.8612988982246
3770,123,0,0,1,9,90.98635509170929
3771,123,0,0,0,9,91.15137248719496
3772,124,1,0,0,11,90.45075998280291
3773,124,0,0,0,11,90.53318681336152
3774,124,0,0,1,10,90.5494964139998
3775,124,0,0,0,10,90.57578975369512
3776,125,1,0,0,11,90.07345791514999
3777,126,1,0,0,12,89.31879083594932
3778,126,1,1,0,14,89.52552872278031
3779,126,0,0,0,13,89.49240887808033
3780,126,0,0,0,13,89.44480313325522
3781,126,0,0,0,13,89.43791577721366
3782,126,0,0,0,13,89.35461936820356
3783,128,2,0,0,15,88.13830874858638
3784,129,1,0,0,16,87.59313236785427
3785,128,1,2,0,18,88.22780712053712
3786,128,0,0,0,15,88.38780619239205
3787,128,0,0,0,15,88.417838098848
3788,128,0,0,0,15,88.32911408001893
3789,128,0,0,1,15,88.22662428802613
3790,129,1,0,0,16,87.69606257464352
3791,128,1,2,0,17,88.43216866702427
3792,128,1,1,0,15,88.61539204285602
3793,127,0,1,0,14,89.36241795014023
3794,126,0,1,0,13,90.03108230677933
3795,127,1,0,1,14,89.3361811741505
3796,128,1,0,0,15,88.69178557221393
3797,127,0,1,1,15,89.26924887936723
3798,126,0,1,0,14,90.0162790809633
3799,125,0,1,0,13,90.81125753337946
3800,125,0,0,2,12,90.79592910826582
3801,124,0,1,1,12,91.65202865246339
3802,125,1,0,2,12,91.08411076202194
3803,125,0,0,1,12,91.21532874227601
3804,125,0,0,1,12,91.15251604108005
3805,128,3,0,0,15,89.10002162897474
3806,128,0,0,0,15,89.02628079434396
3807,128,0,0,0,15,89.04856580016106
3808,128,0,0,1,15,89.08955327687572
3809,127,0,1,0,15,89.61964257484148
3810,127,0,0,0,13,89.74594780928118
3811,127,0,0,0,13,89.73788799058944
3812,127,0,0,0,13,89.85381751224287
3813,128,1,0,0,14,89.2849049539298
3814,129,1,0,0,15,88.65498690343061
3815,129,0,0,0,15,88.66500324798484
3816,130,1,0,1,17,88.1186913177139
3817,132,2,0,0,19,86.88193344564081
3818,132,0,0,0,19,86.94192332618039
3819,132,0,0,0,19,86.85566540425391
3820,131,0,1,1,19,87.40554057757493
3821,131,1,1,0,19,87.45781058943254
3822,131,1,1,0,18,87.50750527322192
3823,132,1,0,0,18,86.9223899225249
3824,130,0,2,0,18,88.12095911471965
3825,129,1,2,0,17,88.77828161748464
3826,129,0,0,0,14,88.83809856540267
3827,128,0,1,1,14,89.53578848152624
3828,128,0,0,0,13,89.606933199342
3829,128,0,0,0,13,89.4783908272525
3830,127,0,1,1,13,90.12992608695937
3831,129,2,0,0,15,88.67843329959729
3832,128,0,1,0,15,89.29277760320186
3833,127,0,1,0,14,90.17723040523387
3834,127,0,0,0,13,90.150227177682
3835,127,0,0,0,13,90.06621376820492
3836,127,0,0,0,13,90.05373560989118
3837,127,1,1,0,14,90.1762795485527
3838,128,1,0,0,14,89.40901732785348
3839,129,2,1,0,16,88.85012938619347
3840,130,1,0,0,16,88.23230973264936
3841,130,1,1,0,17,88.3745310932741
3842,131,1,0,0,17,87.82445532905398
3843,131,1,1,1,18,87.71423788263812
3844,131,0,0,0,17,87.75753860890865
3845,131,1,1,0,18,87.78745578761873
3846,131,0,0,1,17,87.79166510282099
3847,132,1,0,0,18,87.18089508893631
3848,132,0,0,1,17,87.24629467236522
3849,133,1,0,0,18,86.48983338568699
3850,132,0,1,0,18,87.06767072967
3851,130,0,2,0,17,88.34349469474512
3852,131,1,0,0,16,87.74720418908807
3853,131,1,1,0,17,87.85708567541978
3854,132,1,0,0,17,87.3964617147856
3855,134,2,0,0,20,86.26539006221549
3856,135,1,0,0,21,85.67503120753582
3857,136,1,0,0,22,84.98620617541293
3858,138,2,0,1,25,83.7665855665524
3859,140,2,0,0,26,82.60998036422001
3860,139,0,1,0,27,83.19479501230909
3861,137,0,2,0,24,84.29501037118597
3862,138,1,0,0,23,83.73053545162084
3863,136,0,2,0,23,85.01906824476023
3864,135,1,2,0,22,85.61159706974206
3865,135,0,0,0,20,85.60520625667765
3866,134,0,1,1,20,86.03306125760679
3867,136,2,0,0,21,84.82015442053293
3868,135,1,2,1,22,85.61076604492231
3869,136,1,0,0,21,85.11167758786272
3870,135,0,1,0,20,85.77414856687759
3871,136,1,0,0,21,85.1037780934281
3872,137,1,0,0,23,84.50265634033389
3873,137,0,0,2,22,84.44832786859601
3874,136,1,2,0,23,85.0065600309456
3875,135,0,1,0,22,85.68890432040935
3876,134,0,1,0,20,86.21164401757183
3877,134,0,0,1,19,86.25297456626927
3878,133,0,1,0,19,87.06550224253193
3879,134,1,0,0,19,86.54676619913802
3880,135,1,0,2,21,85.99931715810158
3881,135,1,1,1,22,85.94238052670492
3882,135,0,0,0,20,85.94152068401159
3883,135,0,0,1,21,86.02063040146368
3884,134,0,1,0,22,86.63339395446405
3885,134,0,0,0,20,86.87287322842566
3886,134,0,0,1,19,86.73952217420492
3887,134,0,0,0,18,86.72827278389013
3888,135,1,0,0,22,86.05147634382054
3889,135,0,0,2,20,85.99422283457689
3890,136,1,0,0,22,85.39031018590914
3891,135,0,1,1,23,85.96560544154461
3892,134,0,1,0,22,86.57633064483711
3893,133,1,2,0,21,87.27651725650819
3894,132,0,1,0,18,87.96357225619514
3895,133,1,0,0,17,87.23396323919584
3896,133,0,0,1,18,87.21198767062627
3897,133,0,0,2,18,87.25619506590228
3898,131,0,2,2,18,88.61431018354487
3899,130,0,1,0,14,89.23704205872934
3900,130,0,0,2,13,89.28420759755821
3901,131,1,0,1,14,88.73944927296432
3902,130,0,1,0,14,89.2546385903443
3903,130,0,0,1,13,89.31923261343461
3904,130,0,0,0,13,89.47482656755781
3905,129,0,1,2,12,89.9639079984515
3906,130,1,0,0,12,89.3551104142904
3907,130,1,1,1,14,89.43883156038459
3908,131,1,0,1,14,88.81224078217048
3909,131,0,0,1,14,88.78644176056969
3910,132,1,0,0,15,88.11665320907123
3911,131,0,1,0,15,88.93583125741816
3912,130,0,1,0,15,89.67366388183326
3913,130,0,0,0,14,89.76471136749528
3914,129,0,1,1,14,90.35585103659793
3915,130,1,0,1,13,89.61067333103914
3916,130,0,0,0,12,89.60023045981184
3917,131,1,0,1,14,88.99000561672176
3918,131,0,0,0,14,89.0055723549767
3919,131,1,1,0,15,89.0554266775409
3920,131,0,0,0,14,89.06320497442225
3921,132,2,1,0,17,88.47759361406231
3922,131,0,1,0,16,89.18269088069376
3923,130,0,1,0,14,89.94714078308836
3924,131,1,0,0,13,89.36551013158397
3925,130,0,1,0,13,90.13207191377093
3926,131,1,0,0,14,89.48352164694161
3927,132,1,0,2,16,88.78046762591472
3928,132,0,0,1,15,88.71372931576302
3929,132,0,0,0,15,88.6401580193715
3930,131,0,1,1,14,89.43694270595424
3931,131,0,0,0,13,89.50778798237404
3932,130,0,1,0,13,90.10082949607188
3933,129,0,1,0,13,90.75836773465504
3934,130,1,0,1,13,90.18362935981173
3935,131,1,0,1,15,89.64039877389361
3936,131,0,0,0,15,89.61520717343215
3937,131,1,1,0,16,89.6645682763108
3938,132,1,0,1,14,89.02724654899757
3939,130,0,2,0,15,90.56180757361263
3940,129,0,1,0,14,91.2604752238614
3941,128,0,1,0,12,92.01120982814393
3942,128,0,0,0,10,91.97274647985378
3943,128,0,0,0,10,92.00198863226026
3944,128,0,0,0,10,92.06931444652916
3945,128,0,0,0,10,91.98608328446925
3946,128,0,0,0,10,91.94362506333891
3947,129,1,0,0,11,91.32117315891536
3948,129,0,0,0,11,91.25076262371891
3949,129,0,0,1,11,91.16410961171044
3950,128,0,1,1,11,92.07755437946987
3951,129,1,0,1,10,91.37485885773594
3952,129,0,0,1,10,91.34504462691751
3953,128,0,1,0,10,92.05283702537821
3954,128,0,0,1,9,91.95933894636292
3955,126,0,2,0,9,93.41288929493123
3956,126,0,0,1,7,93.42129870826352
3957,127,1,0,0,8,92.78864912502887
3958,127,0,0,1,8,92.78638120746508
3959,127,0,0,0,8,92.84628974245015
3960,126,0,1,0,8,93.63140418868893
3961,127,1,0,1,9,92.78860450458151
3962,127,0,0,0,9,92.9581951181359
3963,127,0,0,0,9,92.88507737643495
3964,126,0,1,0,9,93.58689790848501
3965,127,1,0,0,8,92.9199266113168
3966,127,0,0,2,8,92.90712319389038
3967,127,0,0,0,8,92.94057990151222
3968,128,1,0,0,10,92.3491497729264
3969,128,0,0,0,9,92.53223294113478
3970,128,0,0,1,8,92.38054764006677
3971,128,0,0,0,8,92.35140870437242
3972,128,0,0,1,8,92.27161983095546
3973,129,1,0,0,10,91.63711788388089
3974,129,0,0,0,9,91.8756434982673
3975,130,1,0,0,11,91.22544576583903
3976,130,0,0,0,11,91.08714243008963
3977,129,0,1,0,11,91.77212810112968
3978,129,0,0,0,9,91.83560772720381
3979,129,0,0,0,9,91.90774180244445
3980,128,0,1,0,9,92.59094461042845
3981,127,0,1,0,8,93.29287911466018
3982,127,0,0,0,7,93.33804658169876
3983,127,0,0,0,7,93.35702476477395
3984,127,0,0,0,7,93.4068221717328
3985,128,1,0,0,8,92.67503691634165
3986,128,0,0,0,8,92.74438713526484
3987,129,1,0,0,10,92.107599480073
3988,129,0,0,0,10,92.11848433069983
3989,129,0,0,0,10,92.01827426877428
3990,128,0,1,0,10,92.55314852240569
3991,128,0,0,0,8,92.58231967185444
3992,127,0,1,0,8,93.40440989270414
3993,127,1,1,0,8,93.46397389662697
3994,128,1,0,0,8,92.73910174996249
3995,128,0,0,0,8,92.84452179220327
3996,128,0,0,0,8,92.8265724086729
3997,128,0,0,0,8,92.93869143395166
3998,128,0,0,0,8,93.02374330195396
3999,129,1,0,1,9,92.40764066251754
4000,129,0,0,0,9,92.24597151321252
4001,129,1,1,0,10,92.27307779530986
4002,129,0,0,0,9,92.21945143304873
4003,128,1,2,0,10,92.96039092468929
4004,127,0,1,0,8,93.69186915069433
4005,127,0,0,0,7,93.78604498677879
4006,127,0,0,0,7,93.71919656926981
4007,128,1,0,0,8,93.08679547357636
4008,130,2,0,1,10,91.7391588007417
4009,130,0,0,0,10,91.81211930436965
4010,129,0,1,1,10,92.55302264742264
4011,130,1,0,0,10,91.9576985568094
4012,131,1,0,0,11,91.21979722131768
4013,131,0,0,2,11,91.35596610831831
4014,132,1,0,0,12,90.56619256849373
4015,132,0,0,2,12,90.54380408327111
4016,131,0,1,0,12,91.23103194329117
4017,132,1,0,0,12,90.52685483905559
4018,132,0,0,0,12,90.54185248256361
4019,131,0,1,0,12,91.20560851525998
4020,131,0,0,0,11,91.08241033710095
4021,132,1,0,0,14,90.53559048035451
4022,131,0,1,0,14,91.24241535803723
4023,131,0,0,1,13,91.33782960693459
4024,131,0,0,1,13,91.24554431244793
4025,130,0,1,2,13,91.7788227418822
4026,130,0,0,0,12,91.74747007715507
4027,130,0,0,0,12,91.77258748715715
4028,131,1,0,0,13,91.1513718398423
4029,131,0,0,0,13,91.102264108257
4030,130,0,1,0,13,91.91773120221654
4031,127,0,3,0,12,94.14521108724705
4032,128,1,0,0,8,93.3923597308697
4033,128,0,0,1,8,93.38074477442812
4034,128,0,0,0,8,93.28272093911491
4035,128,0,0,0,8,93.25435529298126
4036,128,0,0,0,8,93.24895246224332
4037,128,1,1,0,10,93.41395135309567
4038,128,0,0,0,9,93.3431828930523
4039,128,0,0,0,9,93.40699222954234
4040,128,0,0,2,9,93.45152284791035
4041,126,0,2,0,9,94.95330022283362
4042,126,0,0,0,6,95.02927397449459
4043,127,1,0,0,7,94.2109031848151
4044,128,1,0,1,8,93.56657213526701
4045,128,0,0,0,8,93.47841731348748
4046,129,1,0,0,10,92.73544499475926
4047,129,0,0,0,10,92.74174948082762
4048,129,0,0,2,10,92.72677019410686
4049,129,0,0,0,10,92.71340298203964
4050,128,0,1,0,10,93.48090523212016
4051,127,0,1,0,8,94.2658820403414
4052,127,0,0,0,7,94.2978509547253
4053,129,2,0,0,10,93.02115587394454
4054,129,0,0,0,10,92.9857018083795
4055,129,0,0,1,10,92.9450771261407
4056,129,0,0,2,10,92.7598330630247
4057,129,0,0,1,10,92.72787653597776
4058,129,1,1,0,12,92.89679276247666
4059,130,1,0,1,12,92.27715488851234
4060,130,0,0,1,12,92.26271605601414
4061,131,1,0,0,13,91.52457948260138
4062,131,0,0,1,13,91.44715295118365
4063,130,0,1,2,13,92.13320264715482
4064,131,1,0,1,13,91.38390856688261
4065,132,1,0,1,14,90.73772714638513
4066,132,0,0,0,14,90.84201882247498
4067,131,0,1,0,14,91.52199094173504
4068,132,1,0,2,14,90.80640629750712
4069,132,0,0,0,14,90.88546759917479
4070,131,0,1,0,14,91.60511395709528
4071,131,0,0,1,13,91.40437674785872
4072,132,1,0,1,14,90.82749085799628
4073,131,0,1,0,15,91.3957837624677
4074,130,0,1,0,14,92.03798311470662
4075,129,1,2,1,13,92.86172837508846
4076,129,0,0,0,11,92.90816937975369
4077,129,0,0,0,11,92.88769057370158
4078,128,0,1,0,11,93.65728508311383
4079,128,0,0,0,9,93.51065210636186
4080,129,1,0,0,10,92.78596456379863
4081,129,0,0,0,10,92.67569485010817
4082,131,2,0,0,12,91.51757496242527
4083,130,0,1,1,12,92.12067324730904
4084,130,0,0,0,10,92.09248351518619
4085,130,0,0,0,10,92.10073561550665
4086,132,2,0,0,12,90.66378451048492
4087,131,0,1,1,12,91.32440278326783
4088,131,1,1,0,12,91.52205865032444
4089,130,0,1,0,11,92.08784885299806
4090,130,0,0,1,10,92.15822513912916
4091,130,0,0,0,10,92.11654413056593
4092,130,0,0,0,10,92.22682105552244
4093,130,0,0,0,10,92.17946888931668
4094,130,0,0,0,10,92.215279597956
4095,130,0,0,1,10,92.18387724625309
4096,130,0,0,0,10,92.24319084915228
4097,130,0,0,0,10,92.18710338931348
4098,132,2,0,0,13,90.93594512947728
4099,132,0,0,0,13,90.81626007548257
4100,132,0,0,0,13,90.81471917404993
4101,132,0,0,0,13,90.77939167941071
4102,131,0,1,0,13,91.51630072200801
4103,131,0,0,0,11,91.45964496365866
4104,131,0,0,1,11,91.59399658467174
4105,131,0,0,0,11,91.5846302658313
4106,131,0,0,0,11,91.55519538455519
4107,131,0,0,0,11,91.65130852491382
4108,132,1,0,1,12,90.8709090282924
4109,132,0,0,0,12,91.03546965313801
4110,132,0,0,0,12,91.02507847915845
4111,131,0,1,0,12,91.69955287583758
4112,132,1,0,0,13,90.99895254528028
4113,133,1,0,1,16,90.35430501891837
4114,133,0,0,1,15,90.35099096601381
4115,133,0,0,0,15,90.32634396215609
4116,133,1,1,1,16,90.20895888305412
4117,132,0,1,0,15,90.90390047477524
4118,132,0,0,0,12,90.94268684360851
4119,130,0,2,1,12,92.23437954674857
4120,130,0,0,1,9,92.26622059103863
4121,130,0,0,1,9,92.32621847428663
4122,131,1,0,0,10,91.5715864095775
4123,132,1,0,0,12,90.91740768874956
4124,131,0,1,0,12,91.56985886199261
4125,132,1,0,1,12,90.91860567464069
4126,132,0,0,1,12,91.02776416876688
4127,132,1,1,0,13,90.925731956353
4128,133,1,0,0,14,90.4133951586876
4129,134,1,0,2,15,89.78131561380945
4130,135,1,0,1,16,89.11985585016649
4131,135,0,0,2,16,89.05623781839654
4132,135,0,0,0,15,89.05912561134275
4133,134,0,1,0,15,89.75034562562153
4134,134,0,0,0,13,89.77276932338495
4135,134,0,0,0,13,89.86525682089776
4136,134,0,0,0,13,89.84184163631504
4137,135,1,0,0,15,89.3331887268826
4138,135,0,0,0,15,89.24553383209782
4139,136,1,0,1,16,88.536559601442
4140,134,0,2,0,16,89.72776656995498
4141,134,0,0,0,13,89.71441473837561
4142,134,0,0,0,13,89.72176712500307
4143,134,0,0,0,13,89.77388416807463
4144,134,0,0,0,13,89.77212843644803
4145,134,0,0,0,13,89.85029160258775
4146,134,1,1,0,14,89.83635052244192
4147,133,0,1,1,13,90.47208950816369
4148,132,0,1,0,12,91.18221539483005
4149,132,0,0,0,11,91.13833421878009
4150,131,0,1,1,11,91.71877251691242
4151,132,1,0,0,11,91.18604589643759
4152,131,0,1,0,11,91.85164876149322
4153,129,0,2,1,10,93.25922671581877
4154,129,0,0,0,8,93.19089414096683
4155,129,0,0,1,8,93.14835861679498
4156,132,3,0,0,12,91.34188626181951
4157,132,0,0,0,12,91.36450423908454
4158,130,0,2,0,12,92.62327190262079
4159,130,0,0,0,10,92.52328979923064
4160,133,3,0,0,13,90.65527470618638
4161,133,0,0,0,13,90.62700830261844
4162,133,0,0,0,13,90.57911894986265
4163,133,0,0,0,13,90.65669067985291
4164,133,0,0,1,13,90.8697712795065
4165,134,1,0,0,14,90.10918627215243
4166,135,1,0,1,16,89.60684275895908
4167,135,0,0,0,16,89.4145882839849
4168,136,1,0,0,17,88.7947110226906
4169,138,2,0,0,20,87.63648233332749
4170,139,1,0,0,21,87.07967053395446
4171,141,2,0,1,22,85.96000209489449
4172,140,0,1,0,23,86.64461116594411
4173,140,0,0,0,20,86.60945838525225
4174,141,1,0,0,20,86.12441635785186
4175,141,0,0,0,21,86.12758757460739
4176,140,0,1,0,21,86.62852857450072
4177,141,1,0,1,22,86.08068831002835
4178,142,2,1,2,24,85.56684061089425
4179,142,0,0,1,22,85.48766968457136
4180,140,0,2,1,23,86.79193033486902
4181,139,0,1,1,19,87.25939728484353
4182,136,0,3,0,17,89.1553910398744
4183,136,0,0,1,14,89.21603821015275
4184,136,0,0,1,14,89.18740495575216
4185,135,0,1,0,14,89.93527146342096
4186,134,0,1,0,13,90.56681682316216
4187,134,0,0,1,12,90.65672887376898
4188,134,0,0,0,12,90.76391475195612
4189,136,2,0,0,15,89.39521856210825
4190,137,1,0,0,18,88.83108998413098
4191,138,1,0,0,19,88.37072849848366
4192,138,0,0,0,19,88.2135542413912
4193,138,0,0,0,20,88.27174740042133
4194,137,0,1,0,20,88.9496484286579
4195,137,1,1,0,22,88.98490318939979
4196,137,0,0,1,20,88.90065764285723
4197,135,0,2,1,21,90.18057406673634
4198,136,1,0,0,17,89.53258115949976
4199,135,0,1,0,17,90.04925656750692
4200,134,1,2,2,16,90.82395180688584
4201,134,0,0,0,13,90.81464933690759
4202,135,1,0,0,14,90.17401404866754
4203,136,1,0,0,15,89.41742851278008
4204,135,0,1,0,15,90.02716367743729
4205,135,0,0,0,13,90.0085398369152
4206,133,0,2,0,13,91.34057241292545
4207,133,1,1,1,12,91.35295198490944
4208,134,1,0,0,13,90.66521601951293
4209,135,1,0,0,14,90.10744837125613
4210,134,0,1,0,14,90.82587288258017
4211,133,0,1,0,13,91.53340552158818
4212,133,0,0,0,12,91.47558400386008
4213,134,1,0,0,14,90.96365933826225
4214,133,0,1,0,14,91.64586016473568
4215,133,0,0,0,13,91.51631282002714
4216,133,0,0,1,13,91.48186767277394
4217,133,0,0,0,13,91.39479538641177
4218,133,1,1,1,13,91.5103566104043
4219,132,0,1,1,11,92.21269265483926
4220,133,1,0,0,10,91.75066180274719
4221,134,1,0,1,13,91.0162282537652
4222,135,1,0,1,15,90.22911963906809
4223,136,1,0,0,16,89.54841661222802
4224,136,0,0,0,16,89.73418957251452
4225,134,0,2,0,16,90.9443931803326
4226,133,0,1,0,14,91.61477361791114
4227,132,0,1,0,13,92.29496827246939
4228,132,0,0,0,11,92.1066661497683
4229,132,1,1,0,12,92.14376370911467
4230,131,0,1,1,9,92.81111660256936
4231,132,1,0,0,10,92.24665020839163
4232,131,0,1,0,10,93.02445410537534
4233,131,0,0,0,9,92.94068219838509
4234,131,0,0,0,9,92.84270623151296
4235,130,0,1,0,9,93.48024785178036
4236,129,0,1,1,7,94.35023870889874
4237,130,1,0,0,7,93.69229375583527
4238,129,0,1,1,7,94.43281221497027
4239,129,0,0,0,6,94.38792570776778
4240,129,0,0,1,6,94.40601816025166
4241,129,0,0,0,6,94.41632241187409
4242,129,0,0,0,6,94.45512453529663
4243,129,0,0,0,6,94.43251857983192
4244,130,1,0,0,7,93.74914291553736
4245,130,0,0,0,7,93.64883966596102
4246,130,0,0,0,7,93.7747181640323
4247,130,0,0,0,7,93.6927634143498
4248,130,0,0,1,7,93.64133555359126
4249,130,0,0,0,7,93.84041297413722
4250,130,0,0,1,7,93.74380563005785
4251,130,0,0,0,7,93.79194971997151
4252,131,1,0,1,8,93.06675248685833
4253,131,0,0,0,8,93.09910195599059
4254,131,0,0,1,8,93.15968551568088
4255,131,0,0,0,8,93.1556436257847
4256,131,0,0,0,8,93.26815781430774
4257,131,0,0,1,8,93.24382614322045
4258,131,0,0,0,8,93.16598952217507
4259,132,1,0,0,9,92.51884970118243
4260,132,0,0,0,10,92.61581716347814
4261,132,0,0,0,9,92.5508951446609
4262,133,1,0,0,10,91.88782676358291
4263,132,0,1,0,11,92.57469098359792
4264,134,2,0,0,11,91.29675437385042
4265,135,1,0,0,12,90.69103110724947
4266,135,0,0,0,13,90.62699328018468
4267,136,1,0,0,15,90.1136372291714
4268,137,1,0,0,16,89.40053691677824
4269,137,0,0,1,17,89.42308376818144
4270,138,1,0,0,18,88.73626625379299
4271,138,0,0,0,17,88.94523895096397
4272,139,1,0,0,18,88.48649123644115
4273,138,0,1,1,18,89.0521386432234
4274,138,0,0,0,18,89.0351648702344
4275,137,0,1,2,18,89.66193170641654
4276,137,0,0,0,16,89.64500397483113
4277,137,0,0,1,16,89.51092241641439
4278,137,1,1,0,17,89.47521607950371
4279,137,0,0,0,15,89.51917684343233
4280,136,0,1,0,15,90.27013138817753
4281,135,0,1,0,14,90.81434825393384
4282,133,0,2,1,13,92.23046533593356
4283,133,0,0,0,11,92.18010819593452
4284,133,1,1,0,12,92.10028102455236
4285,133,0,0,0,11,92.0084626458903
4286,135,2,0,0,12,90.72580594838206
4287,134,0,1,0,12,91.40747629806553
4288,133,0,1,0,11,92.02314516331084
4289,133,0,0,0,11,91.92778609897654
4290,132,0,1,0,11,92.57069388581039
4291,132,1,1,0,12,92.60605203787156
4292,132,0,0,1,10,92.57118748150262
4293,131,0,1,0,10,93.30249354037798
4294,131,0,0,2,9,93.37212833301561
4295,131,0,0,1,9,93.38461470996344
4296,132,1,0,1,10,92.74117844869599
4297,132,0,0,0,10,92.6980225891592
4298,131,0,1,0,10,93.27674705469887
4299,131,0,0,0,8,93.31492327328888
4300,132,1,0,0,10,92.58658630664627
4301,132,0,0,0,10,92.6896054191361
4302,131,0,1,0,10,93.32868042541722
4303,131,0,0,0,9,93.39620207662763
4304,131,1,1,0,10,93.4125251556285
4305,132,1,0,1,9,92.77644349314286
4306,132,0,0,0,9,92.83200342015145
4307,131,0,1,0,9,93.60802172846532
4308,131,0,0,0,8,93.69083452409825
4309,131,0,0,0,8,93.6806370920485
4310,130,0,1,0,8,94.2285278636315
4311,130,0,0,0,7,94.14063114699093
4312,130,0,0,0,7,94.16656320987242
4313,130,0,0,1,6,94.10970535718008
4314,130,0,0,0,6,94.08171671190753
4315,129,0,1,0,6,94.76935538951625
4316,129,0,0,0,5,94.78982890614591
4317,129,0,0,0,5,94.76485026403081
4318,129,0,0,0,5,94.79648136009361
4319,129,0,0,0,5,94.91614250718251
4320,129,0,0,0,5,94.99389755820678
4321,130,1,0,0,6,94.3217122863453
4322,130,0,0,0,6,94.32088050597106
4323,131,1,0,0,7,93.73867664606166
4324,133,2,0,0,10,92.3521163869359
4325,133,0,0,0,10,92.30304637959956
4326,133,0,0,0,10,92.2495651361924
4327,133,0,0,1,10,92.32220148745662
4328,132,0,1,1,10,93.1708243094292
4329,132,0,0,1,9,93.13217440447758
4330,132,0,0,1,9,93.04196617121794
4331,132,0,0,0,9,93.02795793773655
4332,132,0,0,0,9,93.06310285118957
4333,132,0,0,0,9,93.07196959333201
4334,132,0,0,0,9,93.03872707511206
4335,132,1,1,0,10,93.03349297803665
4336,133,1,0,0,9,92.36955916447555
4337,132,0,1,0,9,93.23860538451486
4338,132,0,0,0,8,93.19751191043368
4339,132,0,0,0,8,93.18217767087042
4340,132,1,1,0,9,93.19563422041068
4341,131,0,1,0,8,93.93636046265206
4342,131,0,0,0,7,93.90164272626157
4343,130,0,1,0,7,94.60082872452276
4344,130,0,0,0,6,94.74754843559995
4345,131,1,0,0,8,93.92872660397074
4346,131,0,0,0,8,93.99984657907778
4347,132,1,0,0,9,93.33269907388808
4348,131,0,1,0,9,94.00892887151339
4349,132,1,0,0,9,93.23584612689316
4350,132,0,0,0,9,93.312322948989
4351,132,0,0,0,9,93.27122753957468
4352,132,0,0,0,9,93.20941616686127
4353,133,2,1,0,11,92.71619647610504
4354,133,1,1,0,10,92.7452068743264
4355,133,0,0,0,9,92.64596612574384
4356,135,3,1,0,12,91.41572441468024
4357,135,0,0,0,11,91.45565016830908
4358,136,1,0,0,12,90.86442724661826
4359,136,0,0,0,12,90.77636825736023
4360,135,0,1,0,12,91.44626669096859
4361,135,1,1,0,12,91.5247619433556
4362,134,0,1,0,11,92.1930656105567
4363,134,0,0,1,10,92.15952112251286
4364,136,2,0,0,12,90.94192872487822
4365,137,1,0,1,13,90.3513198108941
4366,136,0,1,0,13,91.11431732493867
4367,137,1,0,0,14,90.43342162992396
4368,138,1,0,1,15,89.76677813967486
4369,138,0,0,1,15,89.85113058944604
4370,139,1,0,0,17,89.18303989470951
4371,139,0,0,0,17,89.11712731385363
4372,140,1,0,0,18,88.54386409661083
4373,140,0,0,1,18,88.6107138884145
4374,140,0,0,1,19,88.58725452385495
4375,140,1,1,0,22,88.47149070401586
4376,139,0,1,1,20,89.02161887025431
4377,139,0,0,0,19,88.98787700075066
4378,139,0,0,0,19,89.00540395249779
4379,139,1,1,0,21,88.97488012067396
4380,139,0,0,0,18,88.96449527991972
4381,137,0,2,0,18,90.24464200861367
4382,138,1,0,0,17,89.64425846961569
4383,137,0,1,0,17,90.30687239552682
4384,137,0,0,0,16,90.21712514411894
4385,137,0,0,2,17,90.19653672062897
4386,136,0,1,1,17,90.91093210328381
4387,133,0,3,0,16,92.87779293872066
4388,132,0,1,0,13,93.6059515403506
4389,132,0,0,0,10,93.59174708101787
4390,131,0,1,0,10,94.24919510440512
4391,131,0,0,1,9,94.27554875056529
4392,130,0,1,0,9,94.99099011949015
4393,130,0,0,1,7,95.03615349227243
4394,130,0,0,2,6,94.97233392980368
4395,130,0,0,0,6,95.11951977396058
4396,130,0,0,0,6,95.03326982795161
4397,130,0,0,0,6,95.03691376917143
4398,130,0,0,1,6,95.04142811535371
4399,131,1,0,0,7,94.46332787040873
4400,131,0,0,0,7,94.55293439692775
4401,131,0,0,0,7,94.50708892400372
4402,133,2,0,0,9,93.12383875319097
4403,133,0,0,0,9,93.17508402286519
4404,133,0,0,1,9,93.07132249023869
4405,132,0,1,1,8,93.87497997197335
4406,132,0,0,0,7,93.91999361714109
4407,132,0,0,1,7,93.99893571033031
4408,132,0,0,0,7,93.98424350511505
4409,132,0,0,0,7,93.81274492783183
4410,132,0,0,0,7,93.86417319646084
4411,133,1,0,0,8,93.12539724777558
4412,134,1,0,0,9,92.49285607738118
4413,135,1,0,0,10,91.91148633013033
4414,135,0,0,0,10,91.77714016342843
4415,135,0,0,0,10,91.72520211897005
4416,135,0,0,1,10,91.774660302664
4417,135,0,0,0,10,91.7968133354379
4418,135,0,0,1,10,91.8222128336621
4419,134,0,1,1,9,92.58174894090625
4420,134,0,0,0,9,92.56204991107319
4421,134,0,0,0,9,92.51438010873001
4422,134,0,0,0,9,92.57063811276143
4423,134,0,0,0,9,92.53263065588195
4424,134,0,0,0,9,92.48118864046225
4425,134,0,0,0,9,92.38163685682218
4426,134,0,0,0,9,92.37898649314238
4427,134,0,0,0,9,92.47645959677547
4428,134,0,0,0,9,92.5712681867334
4429,134,0,0,2,10,92.58221676091293
4430,133,0,1,0,10,93.13758680334331
4431,133,0,0,0,9,93.05987176116545
4432,133,0,0,0,9,93.10464416397178
4433,134,1,0,0,10,92.41964321929851
4434,134,1,1,0,11,92.50097136312797
4435,134,0,0,0,10,92.4334457828565
4436,135,1,0,0,11,91.80120158838473
4437,135,0,0,0,11,91.66128555631376
4438,135,0,0,0,11,91.71073211415202
4439,135,0,0,3,10,91.69877807074188
4440,135,0,0,0,10,91.71922678330328
4441,136,1,0,0,11,91.1560516109044
4442,136,0,0,0,11,91.18064118690393
4443,136,0,0,0,11,91.1401700665742
4444,136,0,0,0,11,91.07081087057868
4445,135,0,1,0,11,91.88982787949278
4446,136,1,0,0,11,91.31364417143389
4447,136,0,0,0,11,91.256422014966
4448,136,0,0,1,11,91.32547212500964
4449,137,1,0,0,13,90.61935061577921
4450,137,0,0,0,13,90.72294382815718
4451,137,0,0,0,13,90.71495515723124
4452,137,0,0,0,13,90.77335972729425
4453,137,0,0,0,13,90.65539262341866
4454,138,1,0,1,14,90.18532472297164
4455,138,0,0,0,14,90.269478481119
4456,138,0,0,0,14,90.202253942909
4457,139,1,0,0,15,89.48376764741191
4458,139,0,0,0,15,89.57983146284732
4459,139,1,1,0,16,89.7141629889989
4460,139,0,0,0,15,89.77276234512127
4461,139,0,0,0,15,89.71448184139624
4462,140,1,0,0,16,89.06069094433137
4463,140,0,0,0,16,89.04453786923932
4464,140,0,0,0,16,88.97673356693205
4465,140,0,0,1,16,89.00800352099617
4466,138,0,2,1,16,90.367494792907
4467,139,1,0,0,14,89.76887242709522
4468,139,0,0,1,14,89.65790020980177
4469,139,0,0,0,14,89.6564964089306
4470,138,0,1,1,13,90.29005826304493
4471,138,0,0,0,12,90.44122487277893
4472,137,0,1,0,12,91.02911172102908
4473,137,0,0,0,11,90.93718501409633
4474,136,0,1,0,11,91.5452573794795
4475,136,0,0,0,10,91.5310310665137
4476,136,0,0,1,10,91.6429703232161
4477,135,0,1,0,10,92.34044905722487
4478,135,0,0,0,9,92.35598430375936
4479,134,0,1,0,9,92.94109633710355
4480,134,0,0,1,8,92.91155646067263
4481,135,1,0,0,10,92.27912841140858
4482,135,0,0,0,10,92.32749884543047
4483,136,1,0,0,11,91.69769081005518
4484,135,0,1,1,11,92.49123007456913
4485,133,0,2,0,10,93.78287450013491
4486,133,0,0,0,8,93.76219492552684
4487,133,0,0,1,7,93.8028879500459
4488,133,0,0,0,7,93.88201433718453
4489,134,1,0,0,8,93.22030669597295
4490,133,0,1,0,8,93.85364764265027
4491,134,1,0,0,8,93.185863233772
4492,132,0,2,0,8,94.62931590964101
4493,133,1,0,0,6,93.92652224995524
4494,133,0,0,0,6,93.93318515074687
4495,132,1,2,0,7,94.66812115176084
4496,134,2,0,0,8,93.37512717644908
4497,134,0,0,0,8,93.61075264245764
4498,134,0,0,0,8,93.50477879875805
4499,134,1,1,0,10,93.41310752126572
4500,134,0,0,0,9,93.36689864046485
4501,134,0,0,0,9,93.451524202219
4502,133,0,1,3,9,94.17126298679662
4503,133,0,0,2,8,94.1390036247889
4504,133,0,0,0,8,94.17593957548807
4505,133,1,1,0,9,94.32749029781235
4506,134,1,0,0,8,93.7267826424803
4507,135,1,0,0,10,93.04013217386884
4508,135,0,0,0,10,93.13748848277604
4509,135,0,0,1,10,93.11684953017074
4510,135,0,0,0,9,92.99423597712153
4511,136,1,0,0,11,92.34390644285544
4512,138,2,0,1,12,91.19146472341757
4513,138,0,0,0,12,91.15513706535019
4514,137,0,1,0,13,91.86544070034182
4515,137,0,0,0,11,91.92733178311886
4516,138,1,0,1,11,91.27045710728511
4517,138,0,0,0,12,91.23617924320573
4518,139,1,0,0,14,90.66426773385784
4519,141,2,0,0,16,89.38452757634954
4520,141,0,0,1,16,89.50133803516579
4521,141,0,0,0,16,89.55344268246125
4522,141,0,0,0,15,89.52013368472139
4523,141,0,0,0,15,89.47052489537734
4524,142,1,0,1,15,88.95957417778739
4525,141,0,1,0,16,89.6101310127756
4526,141,1,1,0,14,89.69237020391486
4527,141,0,0,0,13,89.76150857866207
4528,141,0,0,1,13,89.82411027193415
4529,142,1,0,1,13,89.0965593571812
4530,142,0,0,1,13,89.03581377876337
4531,142,0,0,2,13,89.01232392936521
4532,142,0,0,0,13,89.05413574016436
4533,142,0,0,0,14,89.13203028131913
4534,139,0,3,0,14,91.01765597149725
4535,139,0,0,1,10,91.11565547453836
4536,139,0,0,0,10,91.19263044020441
4537,139,0,0,0,10,91.27325801901324
4538,139,1,1,1,11,91.31620663150642
4539,139,0,0,1,10,91.30247186165127
4540,138,0,1,0,10,91.97768527134654
4541,138,0,0,0,9,92.05210148325297
4542,137,0,1,0,9,92.66040771571596
4543,137,0,0,0,8,92.69153411690041
4544,138,1,0,1,9,92.14743960840254
4545,138,0,0,0,9,92.210603120689
4546,136,0,2,2,8,93.53504631578829
4547,138,2,0,0,8,92.27866533353613
4548,138,0,0,0,8,92.4454895876074
4549,140,2,0,0,10,91.18027090407509
4550,140,0,0,0,10,91.24268353021645
4551,140,0,0,1,9,91.25447452958684
4552,140,0,0,0,9,91.2727123301854
4553,141,1,0,1,11,90.76608368956785
4554,140,0,1,1,11,91.57946191504227
4555,141,1,0,0,11,91.10477962771967
4556,143,2,0,0,15,89.84520663180906
4557,144,1,0,0,18,89.36392760401874
4558,144,1,1,0,19,89.35993427378848
4559,142,0,2,1,19,90.65990267517326
4560,142,0,0,0,14,90.41406595624015
4561,140,0,2,1,14,91.69031211698722
4562,140,0,0,0,10,91.72302062032139
4563,139,0,1,0,10,92.4689636814962
4564,140,1,0,1,10,91.84583367349835
4565,141,1,0,0,11,91.21760366329147
4566,141,0,0,0,11,91.18262330389106
4567,141,0,0,0,11,91.15533276400534
4568,141,0,0,0,11,91.17926934424169
4569,140,0,1,0,11,91.80455199324292
4570,141,1,0,0,12,91.27732739208574
4571,142,1,0,0,13,90.73472970293741
4572,142,1,1,0,14,90.82916802291012
4573,142,0,0,0,13,90.73349504699925
4574,142,0,0,0,13,90.9386310741088
4575,142,0,0,0,13,90.92814263274212
4576,142,0,0,0,13,90.95515190505083
4577,142,0,0,1,13,90.98535954901243
4578,142,0,0,1,13,90.93276250968373
4579,142,0,0,0,13,90.94320586165155
4580,142,0,0,1,13,90.98784061249768
4581,142,0,0,0,13,90.87918225631579
4582,143,1,0,1,14,90.26331014130713
4583,143,0,0,1,14,90.41404136813296
4584,144,1,0,0,15,89.95268316714869
4585,145,1,0,1,17,89.30808291122227
4586,143,0,2,0,17,90.55698190438025
4587,143,0,0,0,14,90.65218979203861
4588,141,0,2,1,14,91.97926810059609
4589,142,1,0,0,13,91.37688040376166
4590,142,0,0,0,13,91.3593055457629
4591,142,0,0,0,13,91.21738341589078
4592,142,0,0,0,13,91.21435726741136
4593,141,0,1,1,13,91.97772936444747
4594,142,1,0,1,15,91.4511464486206
4595,142,0,0,1,16,91.37761892690736
4596,142,0,0,0,16,91.38228042942808
4597,142,0,0,0,16,91.35379310035835
4598,142,0,0,0,16,91.34641940299434
4599,142,0,0,0,16,91.27568548305301
4600,142,0,0,0,16,91.42737103200795
4601,142,0,0,0,16,91.38760457706464
4602,143,1,0,0,17,90.69670497113107
4603,142,0,1,0,17,91.43413815757775
4604,142,0,0,0,16,91.31491831263632
4605,144,2,0,0,18,90.23758137748626
4606,143,0,1,0,18,90.86098218902164
4607,142,0,1,0,16,91.46051637065986
4608,143,1,0,1,14,90.9288605024121
4609,143,0,0,0,14,90.8942231019581
4610,144,1,0,0,15,90.27422149438442
4611,144,1,1,2,18,90.2351044419601
4612,144,0,0,0,17,90.17318590575482
4613,143,0,1,0,17,90.78879768732172
4614,144,2,1,0,18,90.20821208233227
4615,145,1,0,0,19,89.68284315097401
4616,144,0,1,0,19,90.44669600302745
4617,144,0,0,0,18,90.41288384074954
4618,144,0,0,0,18,90.29809179819027
4619,144,0,0,0,17,90.2690739056136
4620,144,0,0,0,18,90.26845874336612
4621,144,0,0,0,18,90.29655489632928
4622,145,1,0,0,22,89.71531359284371
4623,146,1,0,0,22,89.23241882579477
4624,145,1,2,1,23,89.83301517755193
4625,145,0,0,0,18,89.80691782780639
4626,144,0,1,0,19,90.3269777932975
4627,145,1,0,1,19,89.68852851296701
4628,145,0,0,0,19,89.6167348533534
4629,146,1,0,0,21,88.92578262428592
4630,147,1,0,0,21,88.37034457409482
4631,145,0,2,0,21,89.65970620268976
4632,145,0,0,0,18,89.7327052619581
4633,146,1,0,0,20,89.02457947011294
4634,145,0,1,0,20,89.71572864192768
4635,145,2,2,0,20,89.59702963600563
4636,147,2,0,0,21,88.50102136876853
4637,147,1,1,0,22,88.53392633620821
4638,147,0,0,0,21,88.58650722165882
4639,147,0,0,1,21,88.3906926134592
4640,147,1,1,1,22,88.49585210370546
4641,147,0,0,0,19,88.42812266483863
4642,146,0,1,1,19,89.032487322313
4643,146,0,0,1,17,88.96949305037005
4644,147,1,0,0,18,88.38995459491613
4645,147,1,1,0,19,88.47102265990581
4646,147,0,0,2,18,88.5713306892069
4647,148,1,0,1,19,88.03720603764822
4648,148,0,0,0,19,88.04371777468587
4649,146,0,2,0,19,89.13251953719035
4650,146,0,0,0,16,89.05888909731382
4651,147,2,1,0,19,88.45308039658494
4652,147,0,0,0,18,88.4160312106616
4653,148,1,0,1,19,87.9308520861806
4654,147,0,1,0,19,88.58657423477095
4655,148,1,0,0,18,88.0692492702467
4656,148,0,0,0,19,88.06871154211744
4657,148,0,0,0,19,88.0754787946936
4658,148,0,0,0,19,88.09712129273443
4659,148,0,0,0,19,88.13046096075121
4660,149,1,0,0,20,87.59299164787802
4661,150,1,0,0,21,86.9378332913725
4662,149,0,1,1,20,87.4242393234548
4663,149,0,0,0,18,87.51704136329727
4664,149,0,0,0,18,87.41548539976381
4665,148,0,1,2,16,88.03295616019314
4666,148,0,0,0,15,88.05551153844392
4667,147,0,1,0,15,88.5867618045162
4668,147,0,0,0,14,88.50380277207827
4669,148,1,0,0,15,88.08110022307368
4670,147,0,1,0,15,88.58845946915353
4671,147,0,0,0,14,88.56079567093671
4672,146,0,1,0,14,89.23569221098955
4673,145,0,1,0,13,89.7377893245616
4674,144,0,1,0,12,90.51072576190195
4675,144,0,0,0,11,90.57218927679105
4676,144,1,1,0,12,90.65945208780278
4677,144,0,0,1,11,90.76238245414459
4678,144,0,0,0,11,90.68039642813288
4679,144,0,0,0,11,90.77943541775092
4680,144,0,0,0,11,90.83641725871584
4681,144,0,0,1,11,90.6895778634716
4682,145,1,0,1,12,90.08168961050227
4683,146,1,0,0,13,89.57738692199842
4684,146,0,0,0,13,89.59416136885056
4685,146,0,0,0,13,89.68755478340195
4686,145,0,1,1,13,90.29519701811078
4687,145,0,0,1,13,90.35098281084629
4688,145,0,0,0,13,90.2110687611001
4689,146,1,0,0,14,89.53120446042858
4690,146,0,0,1,14,89.56617133025023
4691,146,1,1,0,15,89.68330834737166
4692,145,0,1,0,14,90.23258777302975
4693,145,0,0,0,13,90.45922003041687
4694,146,1,0,0,14,89.73880086946542
4695,146,0,0,0,14,89.69994964951579
4696,145,0,1,0,14,90.31510207229141
4697,147,2,0,0,15,89.13459461769378
4698,147,0,0,0,15,89.14446801626521
4699,149,2,0,0,17,88.09587025756002
4700,150,1,0,0,18,87.6030845157751
4701,150,0,0,1,18,87.61723612366507
4702,150,0,0,0,18,87.59260995303181
4703,150,0,0,0,18,87.6793083002552
4704,150,0,0,0,18,87.59168610997824
4705,150,0,0,0,18,87.62789142164277
4706,149,0,1,1,17,88.32211575279639
4707,148,0,1,0,16,88.8892601361891
4708,148,0,0,0,15,88.85911461130372
4709,147,0,1,0,15,89.39089957231045
4710,148,1,0,1,14,88.9662671154359
4711,149,1,0,0,16,88.61323033865649
4712,149,0,0,1,16,88.63821423152655
4713,149,0,0,1,16,88.60316484853789
4714,149,0,0,0,16,88.6310294565187
4715,149,0,0,0,16,88.71674876297779
4716,149,0,0,0,16,88.70182343028539
4717,148,0,1,0,16,89.26635886308247
4718,148,0,0,0,15,89.22256283744733
4719,149,1,0,1,16,88.64422869728571
4720,147,0,2,0,16,89.86468834501802
4721,147,0,0,0,14,89.96159595389324
4722,148,1,0,0,15,89.47065234634496
4723,148,0,0,0,15,89.52573741773047
4724,148,0,0,0,15,89.52564642505477
4725,148,0,0,0,15,89.46443255482866
4726,149,1,0,0,17,88.9161632146561
4727,149,0,0,1,16,89.0666464862239
4728,149,0,0,2,15,89.08712840186733
4729,150,1,0,1,15,88.70449888972196
4730,150,1,1,0,18,88.77505904966259
4731,151,1,0,1,18,88.14489151246403
4732,150,0,1,0,18,88.6798097213279
4733,149,0,1,0,18,89.19538901909084
4734,148,0,1,0,15,89.77765548688633
4735,149,1,0,2,15,89.20790617018513
4736,149,0,0,0,14,89.17108007270507
4737,150,1,0,1,16,88.64962910780092
4738,148,0,2,1,15,89.89526861260887
4739,147,0,1,0,14,90.55703122099162
4740,147,0,0,0,13,90.58393836203632
4741,147,0,0,0,13,90.4388566002795
4742,146,0,1,0,14,91.19073325502836
4743,146,0,0,0,12,91.21735740036812
4744,146,0,0,0,12,91.1139098709475
4745,146,2,2,0,16,91.19970256630596
4746,146,0,0,0,13,91.10648067261282
4747,146,0,0,0,13,91.24589934886409
4748,146,0,0,0,12,91.299606571688
4749,145,0,1,0,12,91.94465567831097
4750,145,1,1,0,12,91.89826846577856
4751,144,0,1,0,10,92.55179548044049
4752,143,0,1,1,10,93.26129576033448
4753,143,0,0,0,8,93.07548069371533
4754,143,0,0,2,8,93.02860149112547
4755,143,0,0,0,8,93.04568115420766
4756,143,0,0,0,8,93.06022433095261
4757,143,0,0,0,8,93.11932063859015
4758,143,0,0,3,8,93.06015397110953
4759,143,0,0,0,8,93.01380723394303
4760,144,1,0,1,9,92.36892315821102
4761,145,1,0,0,10,91.9009614060838
4762,145,0,0,0,10,92.15361319444995
4763,143,0,2,0,10,93.41990231368307
4764,143,0,0,1,8,93.33692798441753
4765,143,0,0,0,8,93.31337552896602
4766,143,0,0,0,8,93.36701598768904
4767,143,0,0,0,8,93.32555690648681
4768,143,0,0,0,8,93.32493554615688
4769,144,1,0,0,9,92.81694752750235
4770,145,1,0,2,11,92.29563935560189
4771,145,0,0,1,11,92.23521924402502
4772,145,0,0,0,11,92.16206654523157
4773,145,0,0,0,11,92.2122465181451
4774,144,0,1,0,11,92.85444056300834
4775,144,0,0,0,9,92.80145017179505
4776,145,1,0,1,11,92.29257107668857
4777,143,0,2,0,11,93.5618859376742
4778,143,0,0,0,9,93.59924890193845
4779,143,0,0,1,7,93.53725175970816
4780,142,0,1,0,8,94.25443797273174
4781,142,0,0,0,8,94.28050307629312
4782,142,1,1,0,9,94.32872092609985
4783,142,0,0,2,7,94.37833424335875
4784,143,2,1,0,10,93.83760905750373
4785,143,0,0,1,9,93.74455886271672
4786,143,0,0,0,9,93.7896962529964
4787,143,0,0,0,9,93.82217823593591
4788,143,0,0,0,9,93.9120376675499
4789,144,1,0,0,10,93.31296396810616
4790,145,1,0,1,11,92.57831837086302
4791,144,0,1,0,11,93.33321762182071
4792,144,0,0,0,9,93.37208888250305
4793,146,2,0,0,14,92.12241906828838
4794,146,0,0,0,14,92.2588868721303
4795,146,0,0,1,14,92.14433888575311
4796,147,1,0,0,15,91.43404028132898
4797,146,0,1,0,15,92.13122356669881
4798,146,1,1,0,15,92.27779198148575
4799,144,0,2,0,14,93.55824971468715
4800,143,0,1,0,10,94.29217046262632
4801,143,0,0,2,8,94.22657775327573
4802,143,0,0,0,8,94.25740747455319
4803,143,0,0,0,8,94.15272021979041
4804,145,2,0,0,11,92.85502966087802
4805,145,0,0,1,11,92.73666479159839
4806,145,0,0,0,11,92.85076138684845
4807,145,0,0,0,11,92.83137119348771
4808,143,0,2,0,11,94.15755710909364
4809,143,0,0,0,9,94.21405705292611
4810,143,0,0,0,9,94.11970335267652
4811,143,0,0,0,9,94.15620527038664
4812,143,1,1,0,12,94.13754308244748
4813,143,0,0,0,11,94.077478320405
4814,143,0,0,0,11,94.143600936432
4815,143,0,0,0,11,93.96955749885903
4816,144,1,0,1,12,93.44908444790815
4817,144,1,1,2,13,93.5143057584364
4818,144,0,0,0,10,93.41450476868017
4819,145,1,0,0,11,92.81102377300574
4820,143,0,2,0,11,94.2095337586995
4821,144,1,0,0,10,93.58948639798857
4822,144,0,0,0,10,93.42382103414755
4823,145,1,0,2,12,92.90939076029017
4824,145,0,0,1,12,93.01012023413081
4825,145,0,0,0,12,92.89799212116287
4826,145,0,0,0,12,92.9720517819077
4827,145,0,0,0,12,92.90531172824157
4828,145,0,0,0,12,92.84365130554069
4829,145,0,0,1,12,92.83988969772648
4830,145,0,0,0,12,92.98399882087271
4831,145,0,0,1,12,93.048385051208
4832,145,0,0,1,11,92.93736248950786
4833,144,0,1,0,11,93.49238587820425
4834,145,1,0,0,11,92.85437202889216
4835,144,0,1,0,11,93.61676118845472
4836,144,0,0,0,9,93.57368013185602
4837,144,0,0,0,9,93.50249654943346
4838,143,0,1,0,9,94.26815955730032
4839,141,0,2,0,8,95.53366906701778
4840,141,0,0,1,5,95.44398635940044
4841,141,0,0,0,5,95.52779157626253
4842,142,1,0,0,7,94.92105765603736
4843,143,1,0,1,8,94.28404178521146
4844,143,0,0,3,8,94.3231875559026
4845,143,0,0,0,8,94.23473002208027
4846,143,1,1,0,9,94.35020753769831
4847,143,0,0,0,7,94.49404257223689
4848,143,0,0,0,7,94.48343615510865
4849,144,1,0,0,9,93.86117824879166
4850,144,0,0,0,9,93.77490690807517
4851,144,0,0,1,9,93.74559694867432
4852,144,0,0,0,9,93.68285424792705
4853,144,0,0,0,9,93.70468168796592
4854,145,1,0,0,10,93.088217874638
4855,144,0,1,1,10,93.74306782668602
4856,144,0,0,0,9,93.67600159066474
4857,144,0,0,0,9,93.68273351700448
4858,144,0,0,0,9,93.63282538717112
4859,143,0,1,0,9,94.35283402120665
4860,142,0,1,0,8,94.95520889993985
4861,142,0,0,0,7,95.00268742979593
4862,141,0,1,1,7,95.6340864478483
4863,142,1,0,0,7,94.96636627452571
4864,142,0,0,1,7,94.93516620863464
4865,142,0,0,0,7,94.96025636011953
4866,141,0,1,0,7,95.73016939554864
4867,141,0,0,1,6,95.72848348434415
4868,142,1,0,0,7,95.09967887757963
4869,142,1,1,0,11,95.15998602803946
4870,142,0,0,1,10,95.17536109674302
4871,144,2,0,0,12,93.88718359230126
4872,144,0,0,1,12,93.91783449549258
4873,145,1,0,0,13,93.32885914424682
4874,145,0,0,0,13,93.2515025847127
4875,144,0,1,0,13,93.81752580137784
4876,145,1,0,0,12,93.321292490347
4877,145,1,1,2,13,93.31376071719487
4878,144,0,1,1,9,93.94444099678202
4879,145,1,0,1,9,93.32487168994795
4880,146,1,0,1,12,92.70685249802355
4881,146,0,0,0,12,92.70637543797805
4882,146,0,0,1,12,92.54337497754103
4883,144,0,2,0,12,93.92877979824897
4884,144,0,0,0,10,93.90185611874375
4885,144,0,0,0,10,93.9148591854543
4886,145,2,1,0,14,93.38213239621315
4887,145,0,0,0,11,93.38669844163726
4888,145,0,0,0,11,93.4493809386297
4889,144,0,1,0,11,94.05004869140727
4890,145,1,0,1,11,93.27122613107312
4891,145,0,0,0,11,93.42014226182879
4892,145,0,0,0,11,93.29242054940778
4893,144,0,1,0,11,93.95459545364731
4894,143,0,1,0,9,94.5915293016582
4895,142,0,1,0,8,95.28300337300338
4896,142,0,0,0,7,95.15939291338341
4897,140,0,2,0,7,96.52961401633004
4898,141,1,0,0,5,95.82669170308706
4899,141,0,0,0,5,95.88576384243841
4900,141,0,0,0,5,95.92939528740281
4901,142,1,0,0,7,95.35099407846324
4902,142,0,0,0,7,95.25299158925613
4903,144,2,0,0,10,93.98769259561767
4904,144,0,0,0,10,94.03001274338995
4905,145,1,0,0,12,93.4757289644487
4906,144,0,1,0,12,93.98046659163872
4907,144,0,0,1,10,94.06335746070914
4908,143,0,1,2,10,94.56133099450028
4909,142,0,1,0,9,95.34468277294485
4910,142,0,0,0,8,95.2271303637195
4911,141,0,1,0,8,95.88167858693426
4912,141,0,0,0,6,95.9329458702
4913,141,0,0,0,6,96.04813192669407
4914,140,0,1,1,7,96.7698679329971
4915,140,0,0,0,5,96.73418386053584
4916,140,0,0,0,5,96.73306591490339
4917,140,0,0,0,5,96.70358743286202
4918,140,0,0,0,5,96.81153138834794
4919,140,0,0,0,5,96.81172666825618
4920,140,0,0,0,5,96.6831372392079
4921,140,0,0,0,5,96.70201455191764
4922,142,2,0,1,7,95.31997460430567
4923,142,0,0,0,7,95.38169632016404
4924,141,0,1,0,7,96.10270248187133
4925,141,0,0,0,5,96.09927710581232
4926,142,1,0,0,6,95.57084535078968
4927,142,0,0,0,6,95.58896772772502
4928,142,0,0,0,6,95.48410067897925
4929,141,0,1,0,6,96.08237549402756
4930,141,0,0,0,5,96.15703768190708
4931,141,0,0,0,5,96.13142559342332
4932,142,1,0,0,6,95.46245137703761
4933,143,1,0,0,7,94.86240598843354
4934,144,1,0,0,8,94.16467520076844
4935,144,0,0,1,8,94.30638438526196
4936,145,1,0,2,9,93.70729729640574
4937,144,0,1,0,9,94.16720038222094
4938,144,0,0,0,8,94.28021079907683
4939,144,0,0,0,8,94.32427255935379
4940,145,1,0,0,10,93.59935637229559
4941,145,0,0,1,10,93.65392877095174
4942,145,0,0,1,10,93.63516393276966
4943,145,1,1,1,11,93.63393313065731
4944,145,0,0,0,10,93.56888571980177
4945,145,0,0,0,10,93.51252184519907
4946,145,0,0,0,10,93.56603834915964
4947,145,0,0,1,10,93.5184913951468
4948,145,0,0,1,10,93.55776066872524
4949,145,0,0,0,10,93.51312413756203
4950,144,0,1,0,10,94.21217743960395
4951,144,0,0,0,9,94.21971423845073
4952,144,0,0,0,9,94.11385232574544
4953,143,0,1,0,9,94.78780018980395
4954,143,0,0,0,8,94.65601257101136
4955,144,1,0,0,9,94.04337435922208
4956,143,0,1,1,9,94.64952393164683
4957,143,0,0,0,8,94.7197663304901
4958,143,0,0,2,8,94.77958212921216
4959,142,0,1,0,8,95.45935864658337
4960,142,0,0,0,7,95.4140668326022
4961,142,0,0,0,7,95.31326494766027
4962,142,0,0,0,7,95.4163911608974
4963,140,1,3,1,8,96.80099168773978
4964,139,0,1,1,4,97.42662555835365
4965,139,0,0,0,3,97.43719581560013
4966,141,2,0,0,5,96.11553332810739
4967,142,1,0,0,7,95.51910661608592
4968,143,1,0,0,9,94.84464473873383
4969,143,0,0,0,9,94.74555551291787
4970,143,0,0,1,9,94.81368361428729
4971,142,0,1,0,9,95.38892374116658
4972,141,0,1,0,7,96.00713588264617
4973,141,0,0,0,6,95.99071206908991
4974,141,0,0,0,6,96.10326484673283
4975,140,0,1,0,6,96.81345537295147
4976,140,0,0,1,5,96.77894479566487
4977,140,0,0,0,5,96.84189681106771
4978,140,0,0,1,6,96.82547306882897
4979,140,0,0,0,6,96.65926984571024
4980,140,0,0,0,6,96.76852459995402
4981,140,0,0,0,6,96.80303219967172
4982,139,0,1,0,6,97.5272404746687
4983,139,0,0,0,3,97.57346755657346
4984,139,0,0,1,3,97.56020297497236
4985,140,1,0,0,4,96.78315964211343
4986,141,1,0,2,5,96.08815067629921
4987,142,1,0,0,6,95.33309909987183
4988,142,0,0,0,6,95.48239190815727
4989,143,1,0,1,9,94.74045654551483
4990,142,0,1,0,9,95.41129156562101
4991,142,0,0,0,8,95.38991357415662
4992,143,2,1,0,14,94.81604674397282
4993,144,1,0,0,13,94.27335636695057
4994,144,0,0,1,13,94.2328231377357
4995,143,0,1,1,13,94.76959055147324
4996,144,1,0,0,11,94.13077947036172
4997,144,0,0,1,11,94.09625121606648
4998,144,0,0,0,11,94.14380305310175
4999,144,0,0,0,11,94.04888811344169
5000,144,0,0,0,11,94.0783511169639
5001,145,1,0,1,12,93.62035259537028
5002,145,1,1,0,13,93.57566880509478
5003,144,0,1,0,11,94.26676896194957
5004,143,0,1,0,8,94.87382273870934
5005,143,0,0,0,7,94.93421492839279
5006,144,1,0,0,8,94.18911446864016
5007,145,1,0,0,9,93.58411221725491
5008,146,1,0,0,11,93.0469118452186
5009,146,0,0,1,11,93.13804377110507
5010,146,0,0,0,11,93.04438166717081
5011,147,1,0,0,12,92.4016037169038
5012,148,1,0,0,13,91.76832170621216
5013,148,0,0,0,13,91.85415594745324
5014,148,1,1,0,15,91.86445099642687
5015,148,1,1,1,17,91.83116551290497
5016,151,3,0,1,19,90.05003647837822
5017,150,1,2,0,20,90.63944618063664
5018,149,0,1,0,18,91.17340624079179
5019,148,0,1,1,15,91.77171717292593
5020,148,0,0,0,14,91.69866769480691
5021,146,0,2,0,14,92.97549582379533
5022,146,0,0,0,11,93.00250849374748
5023,146,0,0,0,11,92.9875279778172
5024,146,0,0,0,11,92.98599561186928
5025,145,0,1,0,11,93.64827201453393
5026,145,0,0,0,9,93.54342449873333
5027,144,0,1,0,9,94.21398575157599
5028,144,0,0,0,8,94.15872318622007
5029,144,0,0,1,8,94.27004920715507
5030,143,0,1,0,8,94.85431186818455
5031,143,0,0,0,7,94.78309961205652
5032,144,1,0,1,10,94.15373478673361
5033,144,0,0,0,10,94.15747546182463
5034,144,0,0,1,10,94.13549768438835
5035,145,1,0,0,11,93.45249915866445
5036,145,1,1,1,12,93.51824904494845
5037,145,0,0,0,9,93.59834318349868
5038,146,1,0,2,10,93.04092782664115
5039,146,0,0,0,10,93.1248481087858
5040,146,0,0,0,10,93.18996929734966
5041,146,0,0,0,10,93.14528012249508
5042,147,1,0,0,11,92.4405871888717
5043,148,1,0,0,12,91.7926351670915
5044,148,0,0,0,12,91.82056833395953
5045,148,0,0,0,12,91.83375628900316
5046,148,0,0,1,12,91.85180632218567
5047,149,1,0,0,14,91.22773843627982
5048,148,0,1,0,14,91.80647501035683
5049,149,1,0,0,14,91.25325961750218
5050,150,1,0,2,17,90.68893210839389
5051,150,0,0,1,17,90.66164189479466
5052,150,0,0,0,17,90.61317328599992
5053,149,0,1,1,17,91.29481299892264
5054,148,0,1,1,16,91.78954166727185
5055,149,2,1,1,16,91.34752789157673
5056,147,0,2,0,14,92.67978303798598
5057,148,1,0,0,13,91.88859343747308
5058,149,1,0,0,14,91.3881802088384
5059,149,0,0,1,13,91.42673723882008
5060,151,2,0,0,17,90.26353946548026
5061,150,0,1,0,16,91.02446369290189
5062,149,0,1,0,16,91.58979630615278
5063,149,0,0,0,13,91.58051208286818
5064,149,0,0,0,14,91.53086438218196
5065,150,1,0,0,15,90.99939219551399
5066,151,1,0,0,16,90.41718677924864
5067,151,0,0,0,16,90.41981966739213
5068,151,1,1,0,17,90.58437437512528
5069,151,0,0,0,15,90.57499168679814
5070,151,0,0,0,15,90.57307776073206
5071,151,0,0,2,15,90.54121310135503
5072,152,1,0,0,16,90.11613614082546
5073,153,1,0,1,18,89.55049762842545
5074,153,0,0,0,18,89.36260876214273
5075,153,0,0,0,18,89.37910012401782
5076,153,2,2,0,23,89.53968240022459
5077,152,0,1,1,19,90.10715280607187
5078,151,0,1,0,17,90.62588632897906
5079,151,0,0,0,14,90.76470938969555
5080,151,0,0,1,14,90.73401084513023
5081,152,1,0,0,16,90.2265607851679
5082,152,0,0,0,16,90.36085314915852
5083,151,0,1,0,16,90.90811649682931
5084,152,1,0,0,15,90.28313344719136
5085,152,0,0,0,15,90.23144276127819
5086,152,0,0,1,16,90.27093902321062
5087,152,0,0,0,16,90.20847943045666
5088,152,0,0,0,16,90.26372423530096
5089,151,0,1,0,16,90.94492910728175
5090,149,0,2,0,15,92.21659827517674
5091,149,0,0,0,12,92.14102931085026
5092,148,1,2,0,14,92.69699672015987
5093,147,0,1,0,11,93.38294368378236
5094,147,0,0,0,10,93.40351247566514
5095,146,0,1,0,10,94.13925216091803
5096,146,0,0,0,9,94.10424973953575
5097,145,0,1,0,9,94.81986214456526
5098,145,0,0,1,7,94.76885042442709
5099,145,0,0,0,7,94.83122376287686
5100,145,0,0,0,7,94.92225602116972
5101,145,0,0,0,7,94.96909590644812
5102,144,0,1,0,7,95.59925256258684
5103,145,1,0,0,6,94.91059351444476
5104,145,0,0,0,6,95.0096098693886
5105,146,1,0,0,8,94.364309075983
5106,146,1,1,0,10,94.47491838421466
5107,146,0,0,0,8,94.47787007630272
5108,146,0,0,0,8,94.45803209539262
5109,147,1,0,0,9,93.85716362450422
5110,147,0,0,0,9,94.03175727889861
5111,147,0,0,0,9,94.06247236786393
5112,148,1,0,0,10,93.35375240851273
5113,149,1,0,0,11,92.70043492507375
5114,150,1,0,0,13,92.08415952138587
5115,151,2,1,0,15,91.50828403609259
5116,151,1,1,0,15,91.6411571250017
5117,152,1,0,0,17,91.08937870511471
5118,150,0,2,0,17,92.32564842531846
5119,150,0,0,0,14,92.34797168191321
5120,150,0,0,0,14,92.30429836534904
5121,150,0,0,0,14,92.27400566110049
5122,150,0,0,0,14,92.22354035844376
5123,150,0,0,0,14,92.28386747444273
5124,150,0,0,0,14,92.24859971510428
5125,149,0,1,0,14,92.86386401430228
5126,151,2,0,0,15,91.77954652800192
5127,151,0,0,0,15,91.85227054095314
5128,151,0,0,0,15,91.77404735818308
5129,150,0,1,0,15,92.40743600765667
5130,151,1,0,0,14,91.82148912794356
5131,152,1,0,0,18,91.13226602396617
5132,154,2,0,0,22,90.07648113870411
5133,153,1,2,0,23,90.74067612544113
5134,152,0,1,0,19,91.3681494966714
5135,152,0,0,1,18,91.46853108558726
5136,154,3,1,1,22,90.34369829725262
5137,154,1,1,2,23,90.28747689045376
5138,152,0,2,0,23,91.44162873975847
5139,151,0,1,0,19,91.91534924983472
5140,151,0,0,1,15,91.89820756891267
5141,151,1,1,0,16,91.88939829578865
5142,151,0,0,0,15,91.93793469577254
5143,152,1,0,0,18,91.36443214918286
5144,153,1,0,0,18,90.78891277135513
5145,153,0,0,0,18,90.78631417012194
5146,153,0,0,0,18,90.89758217402715
5147,155,2,0,0,22,89.78864032180492
5148,154,0,1,0,22,90.42297141624941
5149,154,0,0,0,17,90.3165631827018
5150,153,0,1,0,18,90.87879176395313
5151,153,0,0,1,16,90.8184598709562
5152,153,0,0,0,17,90.77641915642107
5153,152,0,1,0,17,91.2811917162356
5154,153,1,0,0,16,90.74171422727005
5155,152,0,1,0,17,91.36130432600464
5156,152,0,0,0,16,91.3881417335183
5157,151,0,1,0,16,91.90571041431036
5158,149,0,2,0,15,93.0575418536898
5159,149,0,0,1,11,93.06553067228889
5160,148,0,1,0,11,93.64224553905271
5161,148,0,0,1,10,93.6821125637374
5162,146,0,2,0,10,94.86048845803376
5163,146,0,0,0,7,94.82969467411294
5164,146,0,0,0,7,94.7255164481264
5165,145,0,1,0,7,95.46400263588139
5166,144,0,1,0,6,96.30361401197199
5167,145,1,0,0,6,95.57283653012139
5168,147,2,0,0,9,94.34688138819996
5169,148,1,0,0,11,93.69394658679579
5170,148,0,0,1,11,93.76164728768006
5171,148,0,0,0,11,93.73240203698938
5172,148,0,0,1,11,93.69020607150068
5173,147,0,1,0,11,94.28093446403041
5174,149,2,0,0,13,93.06905862017034
5175,149,0,0,2,12,93.19469685509591
5176,148,0,1,0,12,93.70181913709239
5177,148,0,0,0,12,93.69203811255126
5178,148,0,0,0,12,93.81626562607208
5179,148,0,0,0,12,93.6533018374231
5180,146,0,2,0,12,94.98561164453889
5181,146,1,1,0,12,94.99296683729038
5182,147,1,0,0,11,94.253244024506
5183,147,0,0,1,10,94.21397974240938
5184,147,1,1,1,10,94.30356643938978
5185,147,0,0,0,7,94.22829495549101
5186,147,0,0,0,7,94.27153300870864
5187,147,0,0,0,7,94.36801462804867
5188,147,0,0,0,7,94.4204562547588
5189,146,0,1,0,7,95.07186716449199
5190,147,1,0,1,8,94.61488055284171
5191,148,1,0,1,10,93.84631749126284
5192,148,0,0,0,10,93.69130063569251
5193,149,1,0,0,12,93.15439110275044
5194,149,1,1,0,14,93.15601885112808
5195,149,0,0,1,12,93.32680450019237
5196,148,0,1,0,12,93.89828633054552
5197,150,2,0,0,12,92.73340032392217
5198,151,1,0,0,13,92.22835312444494
5199,151,0,0,0,13,92.31974649320874
5200,151,0,0,1,14,92.27271807192064
5201,151,0,0,0,14,92.23595119243345
5202,152,1,0,0,16,91.60760314061724
5203,152,1,1,0,18,91.61409057686026
5204,152,0,0,1,17,91.66687902474195
5205,152,0,0,0,17,91.72050294104164
5206,152,1,1,1,19,91.75225585813965
5207,153,1,0,0,18,91.10041034447192
5208,152,0,1,0,18,91.75283317423475
5209,152,0,0,0,17,91.77370369795248
5210,153,1,0,1,18,91.23926328453682
5211,153,0,0,0,18,91.22676713669159
5212,153,1,1,0,20,91.30004952177322
5213,153,1,1,0,21,91.20075758342291
5214,153,0,0,0,19,91.21029215903441
5215,155,2,0,1,22,90.09200516334538
5216,155,1,1,0,23,90.0513775620372
5217,155,0,0,1,21,90.12106338192893
5218,157,2,0,0,27,89.09678893794799
5219,160,3,0,1,33,87.43300446262838
5220,161,1,0,0,33,86.92605330257902
5221,160,0,1,1,34,87.48158564119315
5222,160,1,1,0,33,87.47610465228401
5223,159,0,1,1,32,87.96331723782248
5224,156,0,3,1,30,89.65456162170634
5225,156,0,0,0,23,89.53131038237795
5226,155,0,1,0,23,90.0095638753145
5227,153,0,2,1,20,91.3336579962008
5228,153,0,0,0,17,91.3636070988577
5229,153,0,0,0,17,91.33655223130141
5230,152,0,1,0,17,91.87979545138565
5231,153,1,0,1,17,91.37117413365168
5232,153,0,0,0,17,91.30663702466042
5233,153,0,0,0,17,91.25096385405442
5234,151,0,2,0,17,92.5096722918208
5235,151,0,0,0,14,92.61738007374905
5236,151,1,1,0,15,92.56914374287132
5237,151,0,0,0,14,92.57872705128845
5238,150,0,1,0,14,93.14819672095807
5239,150,0,0,1,13,93.11609001208251
5240,150,0,0,0,13,93.18511116126564
5241,151,1,0,0,14,92.59268647066708
5242,152,1,0,2,15,92.25861165039552
5243,154,2,0,0,17,91.08361880647854
5244,153,0,1,0,17,91.67834499301892
5245,153,0,0,1,16,91.5948999869319
5246,153,1,1,0,17,91.60308031255914
5247,152,0,1,1,14,92.17823053695768
5248,152,0,0,1,11,92.21284401961725
5249,152,0,0,0,11,92.20943095486925
5250,152,0,0,0,11,92.26703596372427
5251,153,1,0,0,12,91.73355554659929
5252,153,0,0,0,12,91.77001743217946
5253,153,0,0,0,12,91.71634328380442
5254,153,0,0,0,12,91.85636080904564
5255,153,0,0,0,12,91.90225815975352
5256,152,0,1,0,12,92.5327359850513
5257,153,1,0,0,11,91.8879041445431
5258,153,0,0,0,11,91.91368810461168
5259,153,0,0,2,10,92.0324089508444
5260,153,0,0,0,10,92.06819013342337
5261,153,0,0,1,10,92.08618780531481
5262,153,0,0,0,10,92.07447245014863
5263,153,0,0,0,10,92.07667728426001
5264,152,0,1,0,10,92.7301262764583
5265,152,0,0,1,9,92.66362380754813
5266,152,0,0,0,9,92.70676410557003
5267,153,1,0,0,10,92.14567497879852
5268,153,0,0,0,10,92.18928354734558
5269,155,2,0,1,12,91.14087255025719
5270,155,0,0,0,12,91.18958296602344
5271,155,0,0,0,12,91.09918068634445
5272,155,0,0,0,12,91.1751336474973
5273,156,1,0,0,14,90.60346520305757
5274,155,0,1,0,14,91.15236423825883
5275,154,0,1,0,13,91.77085409290319
5276,153,0,1,0,12,92.27246865656655
5277,152,0,1,1,11,92.8426569884898
5278,150,0,2,0,10,94.11457541114797
5279,150,0,0,0,7,94.19425298313772
5280,150,0,0,0,7,94.16568273426712
5281,151,1,0,0,8,93.72864868810943
5282,151,0,0,1,8,93.8166450353482
5283,152,1,0,0,9,93.26585972797734
5284,152,0,0,1,9,93.30112754800243
5285,153,1,0,0,11,92.71407259295232
5286,153,0,0,0,11,92.67274224459479
5287,154,1,0,1,13,92.13333820203837
5288,154,0,0,0,13,92.11049832401002
5289,155,1,0,0,14,91.63729187568444
5290,156,1,0,0,15,91.21389878163185
5291,155,0,1,0,15,91.85767824952654
5292,155,0,0,1,13,91.7617799323262
5293,155,0,0,1,12,91.76516330383004
5294,155,0,0,1,12,91.76654214697369
5295,154,0,1,0,12,92.41250887239421
5296,153,0,1,0,11,93.00112196433491
5297,153,0,0,1,9,92.99060679871216
5298,153,0,0,1,9,92.93340958146905
5299,153,0,0,1,9,92.95604716662815
5300,154,1,0,0,10,92.40509546665353
5301,154,0,0,0,10,92.52377494561054
5302,154,0,0,1,10,92.58920849842752
5303,154,0,0,0,10,92.56800635387796
5304,155,1,0,1,11,92.0390717667451
5305,155,1,1,0,12,92.11017014982875
5306,156,1,0,0,13,91.48311912298135
5307,156,0,0,0,13,91.40558767410855
5308,155,0,1,0,13,92.04447069051827
5309,156,1,0,0,13,91.47740931780406
5310,154,0,2,1,13,92.64291980796487
5311,154,0,0,0,11,92.66225305992967
5312,154,0,0,0,11,92.6832757103028
5313,154,0,0,0,11,92.68746882635536
5314,154,0,0,1,11,92.7359456166804
5315,153,0,1,0,11,93.3587465736729
5316,153,0,0,0,10,93.34570895398315
5317,152,0,1,0,10,93.96162245999555
5318,153,1,0,1,10,93.43339438639435
5319,154,1,0,0,11,92.94311668528682
5320,156,2,0,0,13,91.75811577749205
5321,158,2,0,0,16,90.66861796236164
5322,158,0,0,0,16,90.5283232590565
5323,157,0,1,0,16,91.1922154508558
5324,158,1,0,0,15,90.51042925367345
5325,157,0,1,1,15,91.19275665333085
5326,156,0,1,0,14,91.69330676222098
5327,154,0,2,0,12,92.96961686091315
5328,154,1,1,0,12,93.05152209552028
5329,155,1,0,0,12,92.41763755427246
5330,155,0,0,0,12,92.2850146186674
5331,156,1,0,1,13,91.66843095126994
5332,156,0,0,0,13,91.79973267858732
5333,157,1,0,0,14,91.20274743959148
5334,158,1,0,0,16,90.62137207049092
5335,160,2,0,0,19,89.7268305441265
5336,160,0,0,0,19,89.75167888155781
5337,160,0,0,0,19,89.66724645784252
5338,161,1,0,2,20,89.2079074263001
5339,160,0,1,0,20,89.87888430191038
5340,160,1,1,0,20,89.85057456876936
5341,161,1,0,1,19,89.40923193255874
5342,161,0,0,0,19,89.30821551256678
5343,161,0,0,0,19,89.34461343335644
5344,161,0,0,1,19,89.29037977221309
5345,161,0,0,0,19,89.28093994205348
5346,161,0,0,0,19,89.329379767852
5347,161,0,0,0,19,89.33551317143711
5348,162,1,0,0,20,88.79052096028667
5349,162,0,0,1,20,88.81836118374315
5350,163,2,1,0,22,88.32744786579867
5351,162,0,1,1,20,88.81247675877611
5352,163,1,0,1,20,88.34883371312712
5353,162,0,1,1,20,88.94372117485648
5354,161,0,1,0,19,89.37498595931288
5355,161,0,0,1,18,89.4769286950309
5356,160,0,1,0,18,90.11219547077606
5357,160,0,0,0,16,89.89992057217721
5358,160,0,0,0,16,89.8543733694863
5359,159,0,1,1,16,90.44745839296796
5360,160,1,0,0,15,89.85937600955609
5361,161,1,0,0,16,89.36544270448633
5362,162,1,0,1,16,88.87653908652145
5363,161,0,1,0,16,89.40630334541657
5364,161,1,1,0,16,89.38697691867095
5365,162,1,0,1,16,88.97552724602848
5366,162,0,0,0,16,89.09389942553136
5367,162,0,0,0,16,89.17999167647643
5368,162,0,0,0,16,89.25049601047306
5369,161,0,1,1,16,89.67877793149339
5370,161,0,0,1,16,89.6220798604172
5371,161,0,0,1,16,89.6450553283396
5372,161,0,0,0,16,89.62650431809539
5373,162,1,0,0,18,89.18115065164004
5374,162,1,1,0,17,89.30475263373835
5375,162,0,0,0,16,89.1657386563249
5376,161,0,1,0,18,89.78217266451433
5377,161,0,0,0,16,89.83001921831256
5378,159,0,2,1,17,90.88553724529373
5379,159,0,0,0,13,90.9085131723264
5380,159,1,1,0,14,90.96824619972357
5381,159,0,0,0,13,91.11852821246258
5382,159,0,0,1,12,91.10337753228985
5383,159,0,0,0,12,91.11573773405253
5384,159,0,0,0,12,91.0923099274293
5385,159,0,0,0,12,91.23835373604777
5386,160,1,0,0,13,90.77862952070875
5387,161,1,0,0,14,90.19031250707995
5388,161,1,1,0,17,90.27602537598365
5389,161,0,0,0,15,90.36136638036068
5390,159,0,2,0,16,91.47848384497965
5391,158,0,1,0,13,92.00192134989516
5392,158,0,0,0,12,91.97720798774535
5393,158,0,0,0,12,91.98585812541221
5394,158,0,0,0,12,92.09102714582963
5395,158,0,0,0,12,92.06122942634947
5396,157,0,1,0,12,92.61894278428169
5397,157,0,0,1,9,92.68752014002936
5398,158,1,0,0,10,92.03328681107567
5399,158,0,0,0,10,92.15818539704469
5400,158,0,0,1,10,92.14808276165338
5401,158,0,0,0,10,92.11126408143643
5402,158,0,0,1,10,92.19457014493443
5403,161,3,0,1,14,90.55881453185177
5404,161,0,0,0,14,90.64315737933202
5405,161,0,0,1,14,90.68557786086835
5406,160,0,1,0,14,91.42185201095216
5407,160,0,0,0,13,91.37338402895253
5408,160,0,0,0,13,91.28094781136707
5409,160,0,0,0,13,91.48147362479597
5410,160,0,0,0,13,91.4531879772922
5411,160,0,0,0,13,91.55813633032844
5412,161,1,0,1,15,90.94180367293843
5413,161,0,0,0,15,90.88303246249325
5414,161,0,0,0,15,90.87624279824459
5415,161,0,0,0,15,90.99551142132506
5416,160,0,1,0,15,91.74233347769419
5417,162,2,0,0,16,90.54147949738586
5418,162,0,0,0,16,90.53500539100158
5419,163,1,0,0,19,90.08848229990686
5420,164,1,0,1,21,89.5847774686522
5421,165,1,0,1,21,89.14072655881031
5422,164,0,1,0,22,89.67799657145788
5423,164,0,0,0,21,89.67017934383131
5424,163,1,2,0,22,90.23256224683314
5425,164,1,0,0,21,89.73588772519798
5426,164,0,0,1,21,89.58767764190821
5427,164,1,1,3,21,89.60653388813444
5428,165,1,0,0,20,89.11568314126305
5429,165,0,0,0,20,89.06249950997135
5430,164,0,1,0,20,89.66699895929034
5431,162,0,2,0,19,90.74430903132117
5432,161,0,1,0,16,91.23743644102751
5433,161,0,0,0,15,91.28232429171982
5434,161,0,0,0,15,91.37498866815346
5435,163,2,0,0,17,90.27771090628926
5436,162,0,1,0,17,90.92591193897282
5437,160,0,2,0,15,91.95187957780334
5438,160,0,0,0,12,91.92173808629546
5439,159,0,1,1,12,92.42552642218718
5440,159,0,0,0,11,92.5267454899658
5441,160,1,0,0,12,92.031218720305
5442,158,0,2,0,12,93.15187643534532
5443,157,0,1,0,10,93.74720492304834
5444,158,1,0,1,10,93.2247942822825
5445,158,0,0,0,10,93.35399749324439
5446,158,0,0,0,10,93.37070651180713
5447,160,2,0,1,13,92.19491524383966
5448,161,1,0,0,15,91.64102559466852
5449,161,0,0,0,15,91.53887927385988
5450,161,1,1,1,16,91.50824953459731
5451,162,1,0,0,16,91.01428711635216
5452,161,0,1,0,16,91.5706819963364
5453,162,1,0,0,16,90.97443337393591
5454,162,0,0,0,16,90.9335088817595
5455,162,0,0,0,16,90.95777225687831
5456,159,0,3,0,16,92.83138841258442
5457,159,0,0,0,11,92.7767577841012
5458,160,1,0,1,13,92.28512767418313
5459,160,0,0,1,13,92.2997167128888
5460,160,0,0,0,13,92.28580794310173
5461,160,0,0,0,13,92.27123128560572
5462,161,1,0,0,14,91.78226854608775
5463,161,0,0,0,14,91.75018438431519
5464,161,0,0,0,14,91.64223399220563
5465,163,2,0,0,17,90.58210404079631
5466,162,0,1,0,17,91.0139689056154
5467,162,0,0,2,15,91.00582303201706
5468,160,0,2,0,15,92.10925614456745
5469,159,1,2,0,14,92.80895619028774
5470,159,0,0,0,11,92.83384071161193
5471,159,0,0,0,11,92.96421088376107
5472,160,1,0,0,12,92.29060799281135
5473,160,0,0,0,12,92.31122829531289
5474,159,1,2,0,14,92.75108238768601
5475,159,0,0,0,12,92.77130424041644
5476,159,0,0,0,12,92.81667328393098
5477,159,0,0,1,12,92.80559477643392
5478,157,0,2,0,12,94.08636344417519
5479,157,0,0,2,10,94.00767802772778
5480,156,0,1,0,10,94.55910349975065
5481,155,0,1,1,9,95.12521510143634
5482,155,0,0,0,7,95.08817855004196
5483,156,1,0,0,8,94.46366435807583
5484,154,0,2,0,8,95.75593312131167
5485,154,0,0,2,6,95.71124727977072
5486,155,1,0,0,8,95.14457003419095
5487,155,0,0,1,8,95.15530555933493
5488,154,0,1,0,8,95.6769748517657
5489,152,0,2,0,7,96.99199547215096
5490,152,0,0,0,5,96.95992197223637
5491,153,1,0,0,7,96.37438294680032
5492,154,1,0,0,8,95.80439748184462
5493,155,1,0,0,9,95.2269887214991
5494,155,1,1,0,10,95.27840169543025
5495,155,0,0,0,8,95.26102814574251
5496,157,2,0,0,10,94.1027308498473
5497,158,1,0,2,11,93.64017261776479
5498,158,0,0,0,11,93.59424953731187
5499,158,0,0,0,11,93.53061685731961
5500,158,0,0,1,11,93.60431776826847
5501,159,1,0,0,12,93.11250467396844
5502,158,0,1,0,12,93.6622098498322
5503,160,2,0,0,15,92.5254656352952
5504,160,1,1,0,18,92.51438580990664
5505,160,0,0,0,15,92.49661923067319
5506,160,0,0,0,15,92.4441335032991
5507,160,0,0,0,15,92.3254391912007
5508,160,0,0,0,15,92.40382382991065
5509,160,0,0,1,15,92.38534152883669
5510,159,0,1,1,15,92.92292926133693
5511,158,0,1,0,14,93.44471263797644
5512,159,1,0,0,14,92.9191246069219
5513,158,0,1,0,14,93.52261333395867
5514,159,1,0,1,12,93.04589316465656
5515,159,0,0,0,12,92.98295070745296
5516,159,0,0,0,12,92.96928145702452
5517,160,1,0,0,13,92.50127785854757
5518,160,0,0,0,13,92.52743090695853
5519,159,1,2,0,14,93.02997854681783
5520,160,1,0,1,13,92.49131779072069
5521,160,0,0,0,13,92.52568733253372
5522,159,0,1,0,13,92.99458790693447
5523,159,0,0,0,12,92.96714612142326
5524,159,0,0,1,12,93.07895021977713
5525,158,0,1,0,12,93.64261893589956
5526,157,0,1,1,11,94.19341415779516
5527,157,0,0,0,10,94.22174650408311
5528,156,0,1,0,10,94.7853337212161
5529,157,1,0,1,10,94.12381150666847
5530,157,1,1,2,11,94.22469617490614
5531,156,0,1,0,10,94.77537322550413
5532,155,0,1,0,9,95.4588621467672
5533,155,1,1,0,9,95.57967767629346
5534,154,0,1,0,8,96.1656765888016
5535,154,0,0,0,6,96.07088887536536
5536,154,0,0,0,6,96.04688414519835
5537,156,2,0,1,8,94.82700663745413
5538,156,0,0,0,8,94.85137829587221
5539,156,0,0,0,8,94.92910606210782
5540,157,1,0,0,9,94.2720082771603
5541,157,0,0,0,9,94.34833036552561
5542,157,0,0,0,9,94.2512571552538
5543,157,0,0,0,9,94.2342379773472
5544,157,0,0,0,9,94.3829148701811
5545,157,0,0,0,9,94.28872029159591
5546,158,1,0,2,11,93.72809559343871
5547,157,0,1,0,11,94.40943176781164
5548,158,1,0,0,10,93.89991303769698
5549,158,0,0,0,10,93.92224366035205
5550,158,0,0,0,10,93.961985105717
5551,159,1,0,0,11,93.27534184735192
5552,159,0,0,0,11,93.28909996372683
5553,157,0,2,1,11,94.43438456332781
5554,157,0,0,2,8,94.43799425164305
5555,157,0,0,1,8,94.41398331277806
5556,157,0,0,0,8,94.4130126045039
5557,156,0,1,2,8,94.97262599146939
5558,155,0,1,0,7,95.49872947045628
5559,155,1,1,0,7,95.5342683541368
5560,156,1,0,0,7,95.00406184897075
5561,156,0,0,0,7,95.05255330192998
5562,156,0,0,0,7,95.08293962669373
5563,156,0,0,0,7,95.08411900288586
5564,157,1,0,0,9,94.62892226187984
5565,157,0,0,0,9,94.55080829032225
5566,158,1,0,0,10,93.9081929721925
5567,159,1,0,1,12,93.46677822468234
5568,160,1,0,0,13,92.87549279973214
5569,160,0,0,1,13,93.01073528143438
5570,160,0,0,0,13,93.03636647946347
5571,160,0,0,1,13,93.05266731881555
5572,162,2,0,0,15,91.85876622234322
5573,162,0,0,0,15,91.7781377367602
5574,162,0,0,0,15,91.90202803396345
5575,162,0,0,0,15,91.80375059700764
5576,162,0,0,0,15,91.80858293694325
5577,163,1,0,0,16,91.33009092027069
5578,164,1,0,1,17,90.82077938634912
5579,163,0,1,0,17,91.41081100518954
5580,163,0,0,0,16,91.44041348001147
5581,163,0,0,0,16,91.35794654299043
5582,162,0,1,0,16,91.98668117763204
5583,161,0,1,0,15,92.56789054135214
5584,163,2,0,0,18,91.4807527011894
5585,163,0,0,0,18,91.27733862416028
5586,163,0,0,0,18,91.25322088303437
5587,164,1,0,0,19,90.80822771910923
5588,164,0,0,0,19,90.84091670838384
5589,165,1,0,0,20,90.34693605734759
5590,164,0,1,1,21,90.80176863426998
5591,165,1,0,0,23,90.22836744452249
5592,165,0,0,0,22,90.25128310048467
5593,164,0,1,0,22,90.8228991551986
5594,164,0,0,0,21,90.71604598836944
5595,164,0,0,0,22,90.75529935802722
5596,161,0,3,2,20,92.51531071756261
5597,161,0,0,0,13,92.54904999127545
5598,161,0,0,0,13,92.56755211372646
5599,160,0,1,0,13,93.11411723254247
5600,161,1,0,0,13,92.59164658575895
5601,161,0,0,0,13,92.48367305492906
5602,162,1,0,0,14,91.92546610072532
5603,163,1,0,0,16,91.4404753739172
5604,162,0,1,0,16,91.97082422686393
5605,162,0,0,2,13,91.87442429464669
5606,161,0,1,1,13,92.64612590215188
5607,160,0,1,0,11,93.1126351002373
5608,160,0,0,1,8,93.11820393655285
5609,160,0,0,0,8,93.33113479284634
5610,159,0,1,0,8,93.8355428601036
5611,159,0,0,0,7,93.97074174406958
5612,158,0,1,0,7,94.5380028537123
5613,158,0,0,1,5,94.65148914710757
5614,159,1,0,0,7,93.94070255902493
5615,160,1,0,0,9,93.53532626271463
5616,160,0,0,0,9,93.52024405399317
5617,160,0,0,0,9,93.60705829440397
5618,160,0,0,0,9,93.59391315021024
5619,160,0,0,1,9,93.56470599767627
5620,158,0,2,0,9,94.70293969650602
5621,157,0,1,2,7,95.3028900971763
5622,157,0,0,0,5,95.33442875188489
5623,157,0,0,0,5,95.45010297768972
5624,157,0,0,1,5,95.5266175758605
5625,157,0,0,0,5,95.52795872895973
5626,156,0,1,0,5,96.12688240805747
5627,156,0,0,0,3,96.15779458603146
5628,156,0,0,1,3,96.16412854102279
5629,156,0,0,0,3,96.2256136565482
5630,156,0,0,0,3,96.22192366408618
5631,155,0,1,0,3,96.89464871520775
5632,155,0,0,0,2,96.89785798602198
5633,155,0,0,1,2,96.90056479777479
5634,155,0,0,2,2,96.98027927595761
5635,155,0,0,0,2,97.03869231391141
5636,156,1,0,1,3,96.49365463637344
5637,156,0,0,0,3,96.54303906094131
5638,156,0,0,0,3,96.56844149147217
5639,156,0,0,0,3,96.51551806463864
5640,156,0,0,2,3,96.61202935816287
5641,156,0,0,1,3,96.5967026482452
5642,156,0,0,0,3,96.65244831027721
5643,157,1,0,0,5,96.11435899807094
5644,157,0,0,0,5,96.21394943377621
5645,157,0,0,1,5,96.29809267507562
5646,158,1,0,0,7,95.77235691269416
5647,158,0,0,0,7,95.73456791018255
5648,158,0,0,0,7,95.80011183253517
5649,158,0,0,0,7,95.77724601831174
5650,159,1,0,1,9,95.13184180833711
5651,160,1,0,0,10,94.58566970331347
5652,161,1,0,0,13,94.13702344788813
5653,162,1,0,0,13,93.66956030246651
5654,163,1,0,1,15,93.31196642133712
5655,163,0,0,1,15,93.18038792784137
5656,161,0,2,0,16,94.3412488466643
5657,161,0,0,0,12,94.41364148374778
5658,162,1,0,2,13,93.7517404831857
5659,161,0,1,1,13,94.40028899739592
5660,161,0,0,0,12,94.32762252093939
5661,160,0,1,0,12,95.02604197618004
5662,160,0,0,1,10,95.12473831215961
5663,161,1,0,0,11,94.490676634946
5664,160,0,1,1,11,95.12304256194622
5665,159,0,1,0,10,95.63099584643733
5666,159,0,0,0,8,95.6812081253564
5667,159,0,0,0,8,95.66321438326672
5668,159,0,0,0,8,95.7518803820034
5669,158,0,1,0,8,96.23608918183268
5670,158,0,0,0,6,96.31150332346908
5671,157,0,1,0,6,96.90248560984016
5672,157,0,0,0,5,96.98748438372638
5673,157,0,0,0,5,96.96688462172918
5674,159,2,0,1,7,95.85003595522028
5675,159,0,0,0,7,95.79046879799647
5676,159,0,0,0,7,95.7724925446802
5677,159,0,0,0,7,95.90040234277609
5678,159,0,0,0,7,95.83427498400319
5679,158,0,1,1,7,96.4890091565272
5680,158,0,0,0,6,96.4359878472092
5681,159,1,0,1,7,95.78284437969327
5682,160,2,1,1,9,95.24011411064963
5683,160,0,0,0,7,95.26226665637195
5684,160,0,0,0,7,95.21449297143184
5685,160,0,0,0,7,95.23155643430776
5686,160,0,0,0,7,95.25415350749053
5687,160,0,0,1,7,95.24977825845423
5688,160,0,0,0,7,95.12440699177439
5689,160,0,0,1,8,95.2649586144735
5690,160,0,0,0,8,95.2186915603285
5691,159,0,1,0,8,95.85616924400765
5692,158,0,1,0,6,96.44027773336896
5693,158,0,0,0,5,96.47666494628939
5694,159,1,0,0,6,95.88039626783439
5695,159,0,0,0,6,95.85074279628911
5696,161,2,0,0,10,94.77172467842843
5697,161,0,0,1,10,94.82657062893716
5698,162,1,0,0,12,94.25669574000753
5699,165,3,0,0,15,92.70327565104313
5700,167,2,0,0,17,91.69940821281831
5701,167,0,0,2,16,91.61062714821537
5702,167,1,1,0,17,91.60861233019644
5703,167,0,0,1,16,91.69717294991696
5704,167,1,1,0,19,91.73141298546037
5705,167,0,0,2,15,91.67826746740366
5706,167,0,0,0,15,91.701232530083
5707,167,0,0,0,16,91.63086950357754
5708,168,2,1,0,18,91.20632279493098
5709,168,0,0,1,17,91.17799107015252
5710,168,1,1,0,19,91.19826463383502
5711,168,0,0,2,16,91.14363470100837
5712,168,0,0,0,16,91.08108511424336
5713,168,0,0,1,16,91.09004947416078
5714,166,0,2,0,16,92.1373852469236
5715,165,0,1,2,12,92.7235997305146
5716,166,1,0,0,13,92.23056621500575
5717,166,0,0,0,13,92.17028225073892
5718,166,0,0,1,13,92.19569879351502
5719,166,0,0,1,13,92.04371304717085
5720,166,0,0,0,13,92.12220298136769
5721,165,0,1,1,12,92.70127844695517
5722,165,0,0,0,11,92.70947110777591
5723,165,0,0,1,11,92.7017580254431
5724,164,0,1,0,11,93.14981544205698
5725,164,0,0,0,10,93.230563456823
5726,164,1,1,0,11,93.26966301459264
5727,163,0,1,0,10,93.85329346656688
5728,163,0,0,0,9,93.86390894913389
5729,163,0,0,1,9,94.01129757876801
5730,164,1,0,0,10,93.4082374756702
5731,164,0,0,0,10,93.46370298760617
5732,164,0,0,0,10,93.45073356082081
5733,164,0,0,0,10,93.4329078211724
5734,164,1,1,1,11,93.40004329857798
5735,164,0,0,0,9,93.47119022466399
5736,164,1,1,0,10,93.40371048386994
5737,165,1,0,1,10,92.82100664765197
5738,165,1,1,0,11,92.91024388773035
5739,165,0,0,1,10,93.00079532024965
5740,165,0,0,1,10,93.02279887760172
5741,165,0,0,1,10,92.97236301893011
5742,165,0,0,1,10,93.05569428149636
5743,165,0,0,1,10,93.02932919559576
5744,165,0,0,1,10,93.00477364721841
5745,164,0,1,0,10,93.60323899658233
5746,164,0,0,0,9,93.63580587440828
5747,164,0,0,0,9,93.63129354964964
5748,164,0,0,0,9,93.62164101987958
5749,164,0,0,0,9,93.58482721825654
5750,164,0,0,1,9,93.56879780213612
5751,164,0,0,0,9,93.52880863076646
5752,163,0,1,0,9,94.09963819036238
5753,163,0,0,0,8,94.10518709022439
5754,162,0,1,0,8,94.59451530514379
5755,161,0,1,1,7,95.15187458223872
5756,162,1,0,0,7,94.70064250888305
5757,164,2,0,1,8,93.57919522563256
5758,164,0,0,0,8,93.66486442134368
5759,164,0,0,0,8,93.59922462173024
5760,164,0,0,0,8,93.50121661395919
5761,164,1,1,0,9,93.64076857936145
5762,164,0,0,1,9,93.67797525245379
5763,164,0,0,0,9,93.60917496614273
5764,164,0,0,1,9,93.66665347053578
5765,164,0,0,0,9,93.78487107890393
5766,165,1,0,0,11,93.25063269267845
5767,165,1,1,0,12,93.25114791676609
5768,167,2,0,1,13,92.21970802933593
5769,167,0,0,0,13,92.1836139536695
5770,167,0,0,0,13,92.2654655177531
5771,167,1,1,0,14,92.4073375939189
5772,166,0,1,0,13,92.97836337053492
5773,167,1,0,0,13,92.44190185766492
5774,167,0,0,0,13,92.47446007160003
5775,167,0,0,0,13,92.46451493470147
5776,167,0,0,0,13,92.32293448821719
5777,166,0,1,0,13,92.82934630341339
5778,166,0,0,0,11,92.90840761771652
5779,164,0,2,0,11,94.14646222549807
5780,164,0,0,1,9,94.10156778134836
5781,164,0,0,0,9,94.16370238852156
5782,164,0,0,2,9,94.09059710157747
5783,164,0,0,0,9,94.15170079064124
5784,164,0,0,0,9,94.21600606234165
5785,164,0,0,0,9,94.1920918069016
5786,164,0,0,0,9,94.19356447085777
5787,164,0,0,0,9,94.24482641914912
5788,163,0,1,1,9,94.81099261300933
5789,163,0,0,1,8,94.8086595818176
5790,163,0,0,1,8,94.89200019246113
5791,164,1,0,0,9,94.42736589024851
5792,164,0,0,0,9,94.51993647729236
5793,165,1,0,1,11,93.94255362650206
5794,165,0,0,0,11,93.9853955553265
5795,165,0,0,0,11,94.03400342461975
5796,165,0,0,0,11,94.05744655294647
5797,166,1,0,0,12,93.53145622173514
5798,166,0,0,1,12,93.54760034773878
5799,166,0,0,0,12,93.50993890157308
5800,166,0,0,0,12,93.44566381371976
5801,166,0,0,0,12,93.40832937863252
5802,165,0,1,0,12,93.97934972438445
5803,164,0,1,0,11,94.51654649614802
5804,164,0,0,2,10,94.51742998858688
5805,163,0,1,1,10,95.25424149070285
5806,163,0,0,0,9,95.32446828716088
5807,163,0,0,1,9,95.2148310299657
5808,163,0,0,0,9,95.19568435452014
5809,164,2,1,0,12,94.68213917909287
5810,164,1,1,0,11,94.71422179247205
5811,164,1,1,1,11,94.77724674812946
5812,164,0,0,1,10,94.87016259338044
5813,164,0,0,0,10,94.9364054548888
5814,163,0,1,0,10,95.450091590039
5815,162,0,1,0,9,95.997265726044
5816,161,0,1,0,8,96.4931032587049
5817,162,1,0,0,8,95.93768025940793
5818,162,0,0,0,8,95.83866374883688
5819,161,0,1,0,8,96.51803243172729
5820,162,1,0,0,8,95.97085144061217
5821,162,0,0,0,8,95.98599673812056
5822,162,0,0,0,8,95.95520008277845
5823,162,1,1,0,9,95.9976424040114
5824,162,1,1,0,8,96.06072625915269
5825,162,0,0,0,6,96.05455639544306
5826,162,0,0,0,6,95.94515598854937
5827,164,2,0,0,8,94.85236567065826
5828,164,0,0,0,8,94.80878815197056
5829,164,0,0,0,8,94.88947487711111
5830,164,0,0,2,8,94.91933668227045
5831,164,1,1,1,9,94.8544355547509
5832,164,0,0,1,8,94.8519404469924
5833,165,1,0,0,10,94.34555743219002
5834,165,0,0,0,10,94.24987807842213
5835,165,1,1,1,11,94.34073929655861
5836,165,0,0,1,11,94.2900391205788
5837,167,2,0,0,13,93.2096391312985
5838,167,1,1,0,16,93.3357410717215
5839,167,0,0,0,13,93.30151244748824
5840,168,1,0,1,15,92.74168124265032
5841,167,0,1,1,15,93.16921431643918
5842,166,0,1,0,14,93.72315839661422
5843,165,0,1,0,11,94.3698979596195
5844,165,0,0,0,10,94.31000375047986
5845,165,0,0,0,10,94.26455300183967
5846,165,0,0,0,10,94.42428519650032
5847,167,2,0,2,15,93.2249852577465
5848,167,0,0,1,15,93.18484555756373
5849,166,0,1,0,15,93.75796264571981
5850,165,0,1,1,14,94.29949025466976
5851,164,0,1,0,11,94.76733429241642
5852,163,0,1,0,10,95.38905448750039
5853,163,0,0,0,8,95.35861197079022
5854,163,0,0,0,8,95.3807885028622
5855,163,0,0,0,8,95.27811597001151
5856,164,1,0,0,9,94.80274430388803
5857,163,0,1,0,9,95.36416536437606
5858,162,0,1,0,8,95.83544964302561
5859,162,0,0,0,7,95.90361375383665
5860,161,0,1,0,7,96.45002687009675
5861,161,0,0,0,5,96.57519940899012
5862,162,1,0,0,6,96.03073212986853
5863,163,1,0,0,7,95.48339036899719
5864,162,0,1,1,7,95.98304147881106
5865,162,0,0,1,6,96.04405225078212
5866,162,0,0,0,6,96.12461434557311
5867,162,1,1,0,9,96.05167087923626
5868,162,0,0,0,8,95.93421995873057
5869,163,1,0,0,9,95.35739766591638
5870,163,0,0,0,9,95.39499680899823
5871,163,0,0,0,9,95.3974167347953
5872,161,0,2,0,9,96.52738095597238
5873,161,0,0,0,5,96.59665543669848
5874,161,0,0,0,5,96.48551790121822
5875,161,0,0,0,5,96.45248967441199
5876,161,0,0,0,5,96.47444463544242
5877,162,1,0,0,6,95.85591615793568
5878,162,0,0,0,6,95.95611042639275
5879,162,0,0,1,7,95.95791732162368
5880,163,1,0,0,8,95.26179819841234
5881,163,0,0,0,8,95.17952369725583
5882,164,1,0,0,9,94.8127966698591
5883,164,0,0,0,9,94.72790238775576
5884,164,0,0,0,9,94.76102903105887
5885,164,0,0,0,9,94.75374973345684
5886,164,0,0,0,9,94.84308214454313
5887,164,0,0,0,9,94.80794653245502
5888,164,0,0,0,9,94.75382157609197
5889,165,1,0,1,10,94.26331612391786
5890,165,0,0,0,10,94.22869152639242
5891,167,2,0,0,12,93.16916045526992
5892,167,1,1,0,13,93.22040114260503
5893,166,0,1,0,12,93.79181103491844
5894,166,0,0,0,10,93.74574767030276
5895,165,0,1,0,10,94.36786456510843
5896,165,0,0,0,9,94.4987687006253
5897,165,0,0,1,9,94.35083046847133
5898,165,0,0,3,9,94.28164193399054
5899,165,0,0,1,9,94.28972511136912
5900,166,1,0,0,10,93.66899548411527
5901,166,0,0,0,10,93.75933049001509
5902,167,1,0,1,11,93.3600125310056
5903,168,1,0,0,12,92.78300871949139
5904,168,0,0,1,13,92.80575491316779
5905,168,0,0,0,13,92.8072724868365
5906,168,0,0,0,13,92.74682267301769
5907,168,0,0,1,13,92.75129142227816
5908,168,0,0,1,13,92.66414876556418
5909,168,0,0,0,13,92.68910618801534
5910,168,0,0,0,13,92.6488371037611
5911,166,1,3,0,14,93.76707021381323
5912,166,0,0,0,10,93.83767887154299
5913,166,0,0,1,10,93.7874933111543
5914,166,0,0,0,10,93.77826808258926
5915,166,0,0,0,10,93.85564835213962
5916,166,0,0,0,10,93.7721923010204
5917,168,2,0,0,13,92.83490324630101
5918,167,0,1,0,13,93.31039294769337
5919,167,0,0,2,12,93.24191068310708
5920,167,0,0,0,12,93.23566390648774
5921,167,0,0,1,12,93.28183737740406
5922,167,0,0,0,12,93.15329073951632
5923,169,3,1,1,17,92.2441563518125
5924,170,1,0,0,18,91.67020495193977
5925,170,0,0,0,18,91.7487506832493
5926,169,0,1,0,18,92.1769093685693
5927,170,1,0,0,18,91.60332322154706
5928,170,1,1,0,19,91.67087833644874
5929,171,1,0,1,19,91.16943688414091
5930,172,1,0,1,20,90.73582348559964
5931,173,1,0,0,21,90.30170773143362
5932,173,0,0,1,21,90.24191489859581
5933,172,0,1,1,21,90.65156170813714
5934,172,0,0,1,18,90.61852687321341
5935,172,0,0,1,18,90.6129571518248
5936,172,0,0,0,18,90.71467995735283
5937,171,0,1,2,18,91.21510949800097
5938,170,0,1,0,17,91.66107777575648
5939,170,1,1,0,17,91.64747368336458
5940,170,0,0,0,15,91.72527737792564
5941,169,0,1,0,15,92.2860320223428
5942,169,1,1,0,15,92.31918096363746
5943,170,1,0,1,14,91.75396858778058
5944,170,0,0,0,14,91.71617163887872
5945,170,0,0,0,14,91.64796329560903
5946,169,0,1,0,14,92.1587229698645
5947,169,0,0,0,13,92.1880329881171
5948,170,2,1,0,16,91.68699177080022
5949,170,0,0,0,15,91.68103945191511
5950,170,0,0,0,15,91.55782186088639
5951,169,0,1,0,15,92.17134716726346
5952,168,0,1,0,14,92.72560151909931
5953,168,0,0,0,13,92.78620075075976
5954,169,1,0,0,14,92.32316868181498
5955,169,0,0,0,14,92.3375714004299
5956,169,0,0,1,14,92.32013013749473
5957,169,1,1,1,15,92.34793828104516
5958,168,0,1,0,14,92.82836050374766
5959,168,1,1,0,13,92.91809307504066
5960,168,0,0,1,12,92.90551809619157
5961,168,0,0,0,12,92.81869057632127
5962,168,0,0,0,12,92.76670415054501
5963,168,0,0,0,12,92.88756999499624
5964,168,0,0,0,12,92.86271393141794
5965,169,1,0,0,13,92.31882797167465
5966,169,1,1,0,14,92.24598886033269
5967,169,0,0,0,13,92.23627553548202
5968,169,0,0,0,13,92.19759945655528
5969,167,0,2,1,13,93.34883790776715
5970,167,0,0,0,10,93.37650005440533
5971,168,1,0,1,11,92.8889857019589
5972,168,1,1,0,14,92.98445831186343
5973,168,0,0,0,13,92.97747015239955
5974,168,0,0,0,13,92.99289181263026
5975,168,0,0,0,13,92.90522146264159
5976,170,2,0,0,16,91.88386114714196
5977,169,0,1,0,16,92.34172374272578
5978,169,0,0,0,13,92.42367765196666
5979,169,0,0,0,13,92.46062536532116
5980,169,0,0,0,13,92.41543045322793
5981,169,0,0,0,13,92.3182217943455
5982,169,0,0,0,13,92.32462733482471
5983,169,0,0,0,13,92.31895528965819
5984,169,0,0,0,13,92.37723735819965
5985,168,0,1,0,13,92.80972396882204
5986,167,0,1,2,10,93.30107536416274
5987,167,0,0,0,9,93.41288124553667
5988,167,0,0,0,9,93.4028009226513
5989,167,0,0,0,9,93.51280332736316
5990,166,0,1,0,9,94.08773710420033
5991,166,0,0,0,8,94.03825225439392
5992,166,0,0,0,8,94.03109238576512
5993,167,1,0,1,9,93.58116382815774
5994,167,0,0,0,9,93.59864955441962
5995,166,0,1,1,9,94.19744153474801
5996,166,1,1,2,9,94.19158663003311
5997,166,0,0,0,8,94.28029585377607
5998,166,0,0,0,8,94.32784523143046
5999,166,0,0,0,8,94.31922018687531
6000,166,0,0,0,8,94.37518585574998
6001,167,1,0,1,9,93.81276437968873
6002,167,0,0,0,9,93.88219484093798
6003,168,1,0,0,10,93.3009821487029
6004,170,2,0,0,12,92.2906583809641
6005,172,2,0,1,14,91.18499867099514
6006,172,0,0,1,14,91.19218176781541
6007,173,1,0,0,15,90.65675429484043
6008,172,0,1,0,15,91.13310958781634
6009,171,0,1,0,14,91.7054644254698
6010,172,1,0,1,14,91.17326860374783
6011,172,1,1,0,15,91.28947469562762
6012,172,0,0,1,14,91.3012926055565
6013,173,1,0,0,16,90.79605695403959
6014,174,1,0,0,18,90.27421749831107
6015,174,0,0,1,18,90.3251298357849
6016,175,1,0,0,19,89.79998704614307
6017,174,0,1,1,19,90.31825690988038
6018,174,0,0,0,18,90.34964592230001
6019,175,1,0,0,19,89.83388922796476
6020,176,1,0,0,22,89.37423306400557
6021,175,0,1,0,22,89.8804454879291
6022,175,0,0,0,19,89.82748370480358
6023,175,1,1,0,21,89.86765264117432
6024,179,4,0,0,27,87.95489134337967
6025,179,0,0,0,27,87.98281729128745
6026,176,0,3,1,26,89.54609394019056
6027,176,0,0,1,23,89.45979697710816
6028,176,1,1,1,26,89.38367280802296
6029,172,0,4,0,24,91.38785696857177
6030,170,0,2,0,19,92.46079476555866
6031,170,0,0,0,15,92.51243047670984
6032,169,0,1,0,16,92.916027552845
6033,169,0,0,1,13,93.07144739183158
6034,169,0,0,0,14,93.07543786358612
6035,169,0,0,0,14,93.10727836723363
6036,168,0,1,0,14,93.66751658322087
6037,168,0,0,1,11,93.6767625420269
6038,167,0,1,0,11,94.27474212872484
6039,167,0,0,0,10,94.32049982998072
6040,166,0,1,0,10,94.8659641834741
6041,166,0,0,0,8,94.87561698550867
6042,166,0,0,0,8,94.83986935124385
6043,166,0,0,0,8,94.81704480243917
6044,166,0,0,2,8,94.79067605201085
6045,166,0,0,1,8,94.64962756526523
6046,167,1,0,1,9,94.20511220458789
6047,167,0,0,0,9,94.33504315197594
6048,167,0,0,1,9,94.23368823662258
6049,167,0,0,0,9,94.30299037364757
6050,167,0,0,1,9,94.21354531135617
6051,167,0,0,0,9,94.22745991670732
6052,167,0,0,2,9,94.20560659761108
6053,168,1,0,0,10,93.62921817856076
6054,168,0,0,0,10,93.7773773315301
6055,168,0,0,1,10,93.64824887932087
6056,168,0,0,1,10,93.63649714296331
6057,170,2,0,0,12,92.61872407385347
6058,170,0,0,1,12,92.65372590370664
6059,170,0,0,0,12,92.70391633024391
6060,170,0,0,1,12,92.72203891866687
6061,170,1,1,0,13,92.77846075112853
6062,171,1,0,0,13,92.29957403582455
6063,171,0,0,0,13,92.22947880513524
6064,171,0,0,0,13,92.21019735780986
6065,173,3,1,0,16,91.21486687184257
6066,173,0,0,1,15,91.36367419893764
6067,173,0,0,0,15,91.38326359068802
6068,173,0,0,0,15,91.40155467266061
6069,173,0,0,0,15,91.28334975952119
6070,173,0,0,2,14,91.22726739721469
6071,174,1,0,0,17,90.72422054860581
6072,174,0,0,0,17,90.69183698465265
6073,174,0,0,0,17,90.80723495011243
6074,176,2,0,0,19,89.82434897774004
6075,175,2,3,1,23,90.39520865601683
6076,175,0,0,0,20,90.40224993210818
6077,175,0,0,0,20,90.37387196935472
6078,175,0,0,0,20,90.4057764058621
6079,175,0,0,0,20,90.38159825672452
6080,175,1,1,1,21,90.30073914810005
6081,175,0,0,0,20,90.26014748661
6082,175,1,1,0,21,90.25252286710678
6083,174,1,2,0,21,90.92423688458277
6084,174,0,0,0,19,90.88430997014041
6085,174,1,1,1,21,90.83405229455651
6086,175,1,0,1,18,90.41926333486371
6087,176,1,0,0,19,89.88925097240002
6088,176,0,0,0,19,89.96455479193786
6089,177,2,1,1,24,89.59739927850546
6090,177,0,0,0,23,89.57376058015888
6091,176,0,1,0,23,90.07766061402685
6092,174,0,2,1,20,91.02883709737883
6093,175,2,1,0,19,90.56948407465629
6094,176,1,0,2,18,90.11777028332276
6095,176,0,0,0,18,90.16140488792665
6096,176,1,1,1,18,90.10713435595596
6097,176,0,0,0,16,90.06688462462022
6098,176,0,0,0,16,90.04580093920283
6099,177,1,0,0,17,89.61432470826989
6100,177,1,1,1,17,89.72251775460795
6101,178,1,0,0,18,89.29469913870807
6102,178,0,0,0,18,89.24656134101077
6103,178,0,0,1,19,89.1929485435052
6104,178,0,0,0,20,89.27573692042169
6105,176,0,2,0,19,90.26670339101734
6106,175,0,1,0,18,90.81376059174607
6107,175,0,0,0,16,90.86904170368075
6108,175,0,0,0,17,90.79018158332057
6109,174,0,1,1,17,91.41584845615417
6110,174,0,0,0,14,91.20398776020957
6111,175,1,0,1,15,90.80398806530815
6112,175,0,0,0,16,90.98159013688067
6113,177,2,0,0,18,89.99294095101418
6114,177,0,0,2,17,90.05191998750898
6115,177,0,0,0,18,90.05145204605199
6116,178,1,0,0,20,89.55782600676788
6117,178,0,0,0,19,89.64546906568607
6118,179,1,0,0,21,89.11571626399054
6119,178,0,1,0,21,89.48918325994153
6120,178,0,0,0,19,89.64226241599646
6121,177,0,1,1,21,90.20217732162251
6122,177,0,0,1,19,90.22077721472874
6123,177,0,0,0,19,90.16433881973025
6124,177,0,0,0,18,90.07651525532224
6125,177,0,0,1,18,90.05386383810179
6126,177,0,0,0,18,90.14099465983682
6127,177,0,0,0,19,90.16076600594792
6128,176,0,1,0,19,90.53046148694938
6129,176,0,0,0,17,90.51991161398199
6130,175,0,1,2,17,91.02498984782677
6131,176,1,0,0,16,90.62051827210324
6132,177,1,0,0,19,90.17284286846511
6133,176,0,1,0,19,90.64492826749905
6134,176,1,1,0,19,90.68953796232948
6135,176,0,0,0,18,90.69365922564351
6136,177,1,0,0,19,90.19682478519327
6137,176,0,1,1,19,90.80250915543918
6138,176,0,0,0,17,90.7807553613115
6139,177,1,0,0,18,90.34595613624705
6140,177,0,0,1,18,90.44413736898588
6141,177,0,0,0,18,90.45657507715254
6142,177,0,0,0,18,90.42143848469561
6143,177,0,0,0,18,90.3147923239023
6144,176,0,1,0,18,90.75293724951555
6145,174,0,2,0,17,91.85762074689139
6146,174,0,0,1,13,91.93954387757287
6147,174,0,0,1,12,91.92193616678016
6148,174,0,0,2,12,92.0050934672324
6149,174,0,0,0,12,91.98703445751963
6150,176,2,0,0,14,90.9896527192508
6151,176,0,0,0,14,90.9698149995521
6152,176,0,0,1,14,91.02063005303418
6153,177,2,1,0,17,90.62762268368189
6154,176,0,1,2,16,91.12177654987048
6155,176,0,0,0,15,91.18219666681115
6156,176,0,0,0,15,91.20173735468475
6157,176,0,0,0,15,91.19479477398036
6158,175,0,1,1,15,91.68137207268897
6159,173,0,2,0,14,92.6959831638926
6160,173,0,0,0,12,92.62581467272531
6161,173,0,0,0,12,92.59431680416571
6162,173,0,0,0,11,92.76151136044041
6163,174,1,0,0,14,92.26541989325683
6164,174,0,0,1,14,92.19303664708193
6165,175,1,0,0,16,91.68758110317734
6166,173,0,2,0,16,92.87611248950228
6167,173,0,0,0,13,92.85677945051778
6168,173,0,0,1,13,92.80535758477775
6169,174,1,0,0,16,92.38312611956268
6170,175,1,0,1,18,91.82687118263371
6171,174,0,1,0,18,92.43822053301098
6172,174,0,0,0,15,92.50010502697073
6173,174,0,0,0,15,92.52118494115305
6174,174,0,0,0,15,92.42513345014068
6175,174,1,1,0,16,92.46177239663366
6176,173,0,1,0,14,92.9395383349671
6177,173,0,0,0,12,92.88565494413486
6178,174,1,0,1,13,92.3648023900632
6179,175,1,0,0,14,91.91859423867386
6180,175,0,0,0,14,91.92676307823443
6181,175,0,0,0,14,91.97449971724632
6182,175,0,0,2,14,91.9778218189551
6183,176,1,0,1,16,91.45672116940695
6184,176,0,0,1,16,91.4086675028039
6185,176,0,0,0,16,91.49484146545119
6186,176,1,1,1,19,91.50353832651795
6187,175,0,1,0,17,91.9942879653814
6188,175,0,0,0,16,92.05025482643984
6189,174,0,1,0,16,92.45952766945852
6190,175,2,1,0,17,91.97213726549627
6191,175,1,1,0,16,92.09090074591852
6192,176,1,0,0,16,91.67183496663277
6193,177,1,0,0,17,91.2109430387934
6194,177,0,0,0,17,91.21565062529208
6195,177,0,0,0,17,91.15825927636507
6196,176,0,1,0,17,91.73092533630324
6197,175,0,1,0,16,92.19271045324957
6198,175,0,0,0,14,92.18135103928469
6199,174,0,1,0,14,92.72430204910377
6200,172,0,2,0,13,93.94382893448004
6201,172,0,0,0,10,93.85746994145615
6202,172,0,0,0,10,93.91182662666408
6203,172,0,0,0,10,93.98735322532062
6204,172,0,0,0,10,93.95159507597742
6205,171,0,1,0,10,94.52478488806909
6206,172,1,0,0,10,94.01012750979355
6207,172,0,0,0,10,93.93891149764751
6208,171,0,1,1,11,94.47551145591241
6209,171,0,0,0,10,94.48493587117034
6210,173,2,0,0,13,93.40069997551241
6211,172,0,1,0,13,93.9497576799123
6212,174,2,0,1,13,92.88641486718973
6213,175,1,0,0,14,92.4283777618079
6214,175,1,1,0,15,92.3901977046577
6215,176,1,0,0,16,91.86773977351626
6216,175,0,1,0,16,92.3314501849934
6217,176,1,0,0,16,91.83000582817476
6218,176,0,0,1,15,91.89895895927972
6219,175,0,1,0,15,92.49510879354764
6220,173,0,2,0,15,93.60270765849731
6221,173,0,0,0,12,93.55367645954695
6222,173,0,0,0,13,93.59459280905095
6223,174,1,0,0,13,93.09972005449006
6224,174,0,0,1,14,93.0733575030325
6225,175,1,0,0,15,92.67532946112811
6226,177,2,0,0,18,91.6135858218661
6227,178,2,1,0,23,91.12607025096038
6228,178,0,0,1,22,91.10578447253738
6229,181,3,0,1,26,89.57265183035429
6230,179,0,2,0,26,90.66946255137468
6231,177,0,2,2,20,91.68623044157434
6232,177,0,0,0,16,91.60443594794167
6233,178,1,0,1,17,91.09238195006789
6234,177,2,3,1,21,91.67779604830724
6235,176,0,1,0,15,92.26045602876471
6236,176,0,0,0,14,92.19866086958025
6237,177,2,1,1,17,91.77077211003213
6238,177,0,0,0,16,91.81421880737395
6239,177,0,0,0,16,91.76959952495535
6240,178,1,0,0,17,91.29329386765573
6241,176,0,2,1,17,92.37165913826522
6242,176,0,0,0,13,92.33669086611964
6243,176,0,0,0,13,92.35855613909521
6244,175,0,1,0,13,92.8451772137869
6245,176,1,0,0,13,92.41259413291583
6246,176,1,1,0,16,92.58534692846987
6247,176,0,0,0,13,92.63053036595286
6248,176,0,0,1,13,92.57382703332823
6249,176,0,0,0,13,92.62407983953983
6250,176,0,0,0,13,92.69051359732882
6251,175,0,1,0,13,93.15827785672167
6252,174,0,1,1,11,93.73722037548417
6253,174,0,0,0,10,93.76821321486912
6254,173,0,1,0,10,94.371408888855
6255,173,0,0,0,8,94.4566066921593
6256,173,0,0,0,8,94.50955674974678
6257,173,0,0,0,8,94.59772197559148
6258,173,1,1,0,9,94.61664185064289
6259,173,0,0,0,7,94.56110429532396
6260,173,0,0,0,7,94.59388118440319
6261,174,1,0,0,8,94.13612486304166
6262,174,0,0,1,9,94.12288346584191
6263,174,0,0,0,9,94.08654552228487
6264,174,0,0,0,9,94.15670188623265
6265,173,0,1,0,9,94.7787228773231
6266,173,0,0,0,7,94.74643817151525
6267,173,0,0,1,7,94.7054156159533
6268,173,0,0,1,7,94.69149751492121
6269,174,1,0,0,8,94.22805376444673
6270,174,0,0,1,7,94.26139511851663
6271,175,1,0,0,8,93.8024964013643
6272,175,0,0,0,8,93.87774145126029
6273,175,0,0,1,8,93.88855584333034
6274,176,1,0,0,9,93.43238656904563
6275,177,1,0,0,11,93.06378457780812
6276,176,0,1,0,11,93.66829756437382
6277,176,0,0,1,8,93.70936722143765
6278,175,0,1,1,8,94.20189320482366
6279,175,0,0,0,7,94.0395656378798
6280,176,1,0,0,9,93.58207980791302
6281,177,1,0,0,10,93.20461066260549
6282,175,0,2,0,10,94.24576563566586
6283,175,0,0,1,8,94.2686117369057
6284,175,0,0,0,8,94.38504478382606
6285,175,0,0,0,8,94.3416950198318
6286,174,0,1,0,8,94.96834276938607
6287,174,0,0,0,6,94.91987420672255
6288,173,0,1,0,6,95.55285785963234
6289,173,0,0,0,5,95.67269610858925
6290,173,0,0,0,5,95.65780038435226
6291,173,0,0,0,5,95.70534245199144
6292,173,0,0,0,5,95.76868750054972
6293,173,0,0,0,5,95.82356906914688
6294,173,0,0,0,5,95.79485958802712
6295,175,2,0,0,8,94.82628563836305
6296,175,0,0,0,8,94.92749227978297
6297,175,0,0,0,8,94.96846318321062
6298,175,0,0,0,8,94.92494907275281
6299,173,0,2,1,8,95.96805788789202
6300,173,0,0,0,5,96.02061924659644
6301,173,0,0,1,5,96.02274986987236
6302,173,0,0,2,5,96.03786270550079
6303,174,1,0,0,6,95.7412092669324
6304,174,0,0,1,6,95.7081439166713
6305,174,0,0,1,6,95.73436456185628
6306,174,0,0,0,6,95.72796957946899
6307,174,0,0,0,6,95.72006638272023
6308,174,0,0,1,7,95.74821230591566
6309,174,0,0,0,7,95.76934020452391
6310,174,1,1,0,9,95.93516641787097
6311,174,0,0,3,8,95.93891617899413
6312,174,0,0,2,7,95.90761339712964
6313,173,0,1,1,7,96.38513951099468
6314,174,1,0,0,9,95.87401271549783
6315,173,0,1,0,9,96.43961615075565
6316,174,1,0,0,8,95.94614164384899
6317,176,2,0,1,8,94.96406865000255
6318,176,0,0,0,8,95.02174230675855
6319,176,0,0,0,8,95.04910922497707
6320,177,1,0,0,9,94.60715380329358
6321,177,0,0,1,9,94.54546678656577
6322,177,1,1,1,10,94.59575810540827
6323,177,1,1,0,10,94.59084290991018
6324,177,0,0,0,9,94.65656605216654
6325,179,2,0,0,12,93.74433133140592
6326,179,0,0,0,11,93.8115967155324
6327,180,1,0,0,13,93.3382828123993
6328,180,0,0,0,14,93.23777794003959
6329,180,0,0,0,14,93.28676545117061
6330,181,1,0,0,15,92.7642046407586
6331,179,0,2,0,16,93.91020878867012
6332,179,0,0,0,13,93.81945868596945
6333,178,0,1,0,13,94.2422056090441
6334,177,0,1,0,11,94.75029754223027
6335,177,0,0,0,9,94.78472173074464
6336,178,1,0,1,10,94.22047459203232
6337,177,0,1,0,10,94.81265425418339
6338,177,0,0,0,9,94.9239175717713
6339,176,0,1,1,9,95.45047250142915
6340,176,0,0,0,8,95.44567514842846
6341,177,1,0,1,10,94.89610573578427
6342,177,0,0,1,10,94.82926776731605
6343,177,0,0,0,10,94.81153501869386
6344,177,0,0,0,10,94.81577649723415
6345,177,0,0,0,10,94.82932456923213
6346,177,0,0,0,10,94.87148382098066
6347,178,1,0,0,11,94.32137971770315
6348,179,1,0,1,12,93.81667718104706
6349,178,0,1,1,12,94.40743907117243
6350,178,0,0,0,11,94.493360663067
6351,178,0,0,0,11,94.57707698560849
6352,177,0,1,0,11,95.03095893925948
6353,177,0,0,1,10,94.98484408968966
6354,177,0,0,0,10,95.06016461899662
6355,177,0,0,1,10,95.1176838742465
6356,178,1,0,0,11,94.521922639355
6357,178,0,0,0,11,94.48905570969103
6358,178,1,1,0,12,94.56379946141917
6359,178,0,0,1,11,94.53355296197921
6360,177,0,1,0,11,95.04953807719384
6361,177,0,0,0,9,95.11433690765394
6362,179,2,0,0,13,93.98836161902057
6363,181,2,0,1,15,93.04529060936456
6364,183,2,0,0,17,92.17111979856149
6365,183,0,0,0,17,92.2249232250151
6366,183,0,0,0,17,92.28339169738709
6367,183,0,0,0,17,92.2725056040841
6368,183,0,0,0,17,92.26207293888343
6369,182,0,1,0,17,92.73495057665195
6370,182,0,0,0,15,92.664579880945
6371,182,2,2,0,18,92.68205516393346
6372,181,0,1,0,15,93.18195459740146
6373,181,0,0,0,14,93.10120089733928
6374,181,0,0,1,14,93.15173707724882
6375,181,0,0,0,14,93.19310265184156
6376,182,1,0,0,15,92.69348535686701
6377,182,1,1,0,16,92.75525284482708
6378,181,0,1,0,15,93.20428225071956
6379,181,0,0,0,14,93.17460581708383
6380,181,0,0,0,14,93.30298851777663
6381,181,0,0,0,14,93.27957114650265
6382,181,0,0,0,14,93.20075604551351
6383,181,0,0,0,14,93.1761336724202
6384,182,1,0,0,15,92.72166213924301
6385,181,0,1,0,15,93.26830593600215
6386,181,0,0,0,14,93.21643998700877
6387,183,2,0,0,19,92.20069099377096
6388,183,0,0,1,19,92.22555165482825
6389,183,0,0,0,19,92.19287350011544
6390,184,1,0,0,20,91.68785036426668
6391,185,2,1,0,25,91.22444872262996
6392,184,0,1,0,22,91.81110927727873
6393,184,2,2,0,22,91.85868451001126
6394,184,0,0,0,19,91.90372488987296
6395,185,1,0,1,21,91.39495987524225
6396,185,0,0,0,20,91.415086149802
6397,185,0,0,0,21,91.39984279946643
6398,185,0,0,0,20,91.29524156923877
6399,185,1,1,0,23,91.33332771619004
6400,185,0,0,0,19,91.26317174873327
6401,185,0,0,1,19,91.226380793438
6402,185,1,1,1,22,91.22029191722544
6403,185,1,1,1,21,91.22561916030791
6404,184,1,2,0,21,91.80238606870454
6405,184,0,0,1,19,91.76939643306983
6406,186,2,0,0,23,90.79991003462041
6407,186,0,0,0,23,90.88123294699331
6408,186,0,0,0,23,90.84301804939525
6409,186,1,1,0,23,90.99643697856054
6410,186,0,0,1,22,90.9379773990356
6411,186,0,0,0,22,90.91264293217166
6412,187,1,0,0,23,90.4840684112011
6413,185,0,2,0,23,91.35266606249112
6414,184,0,1,1,19,91.73287285271556
6415,183,0,1,0,18,92.18515938031553
6416,183,1,1,0,18,92.18667346808861
6417,182,0,1,0,17,92.65632893117282
6418,182,0,0,0,15,92.67664803972418
6419,182,0,0,0,15,92.65188885780681
6420,181,0,1,0,15,93.24864712002858
6421,183,2,0,0,15,92.3726914916192
6422,182,0,1,0,15,92.90202839583618
6423,182,0,0,0,14,92.87534887121848
6424,182,0,0,0,14,92.86468827991773
6425,183,1,0,1,15,92.37895851928904
6426,183,0,0,1,15,92.38054216493677
6427,183,0,0,0,15,92.39390935971804
6428,183,0,0,0,15,92.34706285848475
6429,183,0,0,0,15,92.31744462292671
6430,184,1,0,0,17,91.9009932673989
6431,184,0,0,0,17,91.89970653020889
6432,184,0,0,0,17,91.86441390165025
6433,184,0,0,1,18,91.80873173571085
6434,186,2,0,3,20,90.91036078235578
6435,185,0,1,0,20,91.38949304614478
6436,186,1,0,0,20,90.84090526305445
6437,185,0,1,0,20,91.39928762269423
6438,185,1,1,0,20,91.34281797002302
6439,185,0,0,1,18,91.24853132217523
6440,184,1,2,1,20,91.69553672121708
6441,184,0,0,0,17,91.67327246747571
6442,184,0,0,1,17,91.71223336531136
6443,183,0,1,1,17,92.0827031360012
6444,183,0,0,0,16,92.05456878705897
6445,182,0,1,0,16,92.67189192047782
6446,181,0,1,1,15,93.27193198239897
6447,181,0,0,1,14,93.15654061157102
6448,182,1,0,0,15,92.67079820131191
6449,183,1,0,0,17,92.12318487112277
6450,184,1,0,0,18,91.67415915015509
6451,184,0,0,1,17,91.62734047722017
6452,184,0,0,1,17,91.67283096766576
6453,184,0,0,0,17,91.72202540823955
6454,184,1,1,1,18,91.69806265581447
6455,183,0,1,0,17,92.16052268044314
6456,181,0,2,0,16,93.21534442025373
6457,181,0,0,0,13,93.30004141753795
6458,182,1,0,1,14,92.80534673638299
6459,182,0,0,0,14,92.80046347286344
6460,182,0,0,0,14,92.79056652421085
6461,183,1,0,0,15,92.35916565183598
6462,182,0,1,0,15,92.87682641816502
6463,183,1,0,0,15,92.36668310235098
6464,183,0,0,0,15,92.28841774649612
6465,182,0,1,0,15,92.71242796169713
6466,182,0,0,1,13,92.77393587336016
6467,182,0,0,0,13,92.7790922567077
6468,181,0,1,1,13,93.230329226642
6469,182,1,0,0,13,92.62635392732409
6470,182,0,0,1,13,92.70410306131778
6471,182,1,1,1,14,92.74515762246871
6472,182,0,0,1,13,92.7474841358454
6473,183,1,0,0,15,92.1944591960786
6474,182,0,1,1,15,92.68784525258388
6475,180,0,2,0,14,93.7125753895236
6476,179,0,1,0,12,94.19460114559624
6477,178,0,1,0,11,94.6572314339726
6478,178,0,0,0,10,94.70461598750573
6479,179,1,0,0,12,94.29191570443919
6480,179,0,0,0,12,94.2241369669129
6481,179,0,0,0,12,94.26384306065694
6482,180,1,0,1,13,93.77793597961629
6483,181,1,0,0,14,93.3400238993059
6484,181,0,0,0,14,93.24569010557529
6485,181,0,0,0,14,93.31633741579085
6486,181,0,0,0,14,93.33778806692189
6487,181,0,0,0,14,93.38731375997429
6488,181,0,0,1,14,93.32190802889731
6489,181,0,0,0,14,93.23964140147247
6490,181,1,1,0,15,93.10152405348428
6491,181,0,0,0,14,93.17430460515948
6492,181,1,1,1,15,93.1000813092495
6493,183,2,0,0,15,92.12981517795804
6494,182,0,1,1,15,92.7316121238675
6495,181,0,1,0,14,93.23028761372373
6496,181,0,0,0,12,93.14831655069207
6497,183,2,0,0,16,92.1909841419695
6498,184,1,0,0,17,91.82695800594578
6499,183,0,1,0,17,92.30087764909594
6500,183,0,0,0,16,92.2747717850142
6501,183,0,0,1,16,92.2785038621205
6502,182,0,1,1,15,92.89767593598741
6503,185,3,0,0,17,91.39306500185846
6504,186,1,0,0,18,90.95862745311834
6505,186,0,0,0,18,90.96410134908895
6506,186,0,0,0,18,90.99081046127931
6507,186,0,0,1,18,90.97447339191464
6508,185,0,1,1,19,91.38807241562203
6509,186,1,0,0,18,90.92001427452715
6510,185,0,1,0,18,91.48115017248507
6511,185,0,0,0,17,91.4121651513652
6512,185,0,0,0,17,91.53862329673356
6513,184,0,1,0,17,92.01319592367356
6514,184,0,0,0,16,91.99728076783295
6515,183,0,1,0,16,92.46609144741376
6516,184,1,0,1,15,92.04655532810219
6517,184,0,0,0,15,91.97235939196734
6518,184,0,0,0,15,91.89599074992702
6519,184,0,0,0,15,91.88369421253518
6520,185,1,0,0,16,91.41244629719708
6521,185,0,0,0,16,91.43427357109212
6522,186,1,0,0,17,90.91785922045217
6523,187,1,0,0,18,90.54028314794787
6524,187,0,0,0,18,90.59407767736671
6525,187,0,0,0,18,90.59019432779178
6526,188,2,1,0,21,90.14387322992116
6527,187,0,1,0,20,90.63565011332507
6528,188,1,0,1,22,90.16460441199567
6529,188,0,0,0,22,90.12699079786847
6530,188,0,0,0,22,90.18578966522925
6531,186,0,2,0,22,91.11343041016632
6532,185,0,1,1,18,91.56059188393115
6533,184,0,1,0,17,92.00616166619643
6534,184,0,0,0,16,92.06602575267067
6535,183,0,1,0,16,92.56347758446842
6536,185,2,0,0,17,91.56382670784846
6537,186,1,0,1,19,91.19015291906108
6538,185,0,1,0,19,91.64495389225571
6539,185,0,0,1,19,91.6371505585531
6540,185,0,0,0,19,91.5463024595145
6541,183,0,2,1,20,92.54802760584641
6542,182,0,1,0,16,92.9934959902654
6543,182,0,0,0,14,93.06425881627277
6544,182,0,0,0,14,93.03961097382228
6545,184,2,0,0,16,92.03357369559207
6546,184,0,0,0,16,92.05284711476502
6547,184,0,0,1,16,92.01087281160723
6548,183,0,1,0,16,92.62117579479029
6549,183,0,0,1,15,92.70717761166094
6550,183,0,0,0,15,92.72925474263725
6551,183,0,0,0,15,92.6915973343956
6552,183,0,0,0,15,92.64663116451057
6553,183,0,0,0,15,92.56344855629769
6554,183,0,0,0,15,92.64966204176339
6555,182,1,2,0,18,93.18260367747786
6556,181,0,1,0,16,93.69539008352577
6557,179,0,2,0,15,94.61462504803335
6558,179,0,0,0,10,94.59918513964591
6559,179,0,0,0,10,94.66250933091216
6560,178,0,1,2,10,95.20304539272719
6561,177,1,2,1,10,95.75684658119152
6562,179,2,0,0,10,94.70927348820041
6563,180,1,0,1,12,94.1533772879832
6564,180,0,0,0,12,94.16389751879552
6565,180,0,0,0,12,94.11527740688885
6566,180,1,1,1,14,94.17391529591991
6567,180,0,0,0,12,94.22391912049395
6568,180,0,0,0,12,94.11038589986788
6569,181,2,1,0,16,93.709337889669
6570,181,0,0,1,14,93.71723633429507
6571,182,1,0,1,16,93.1696655437851
6572,181,0,1,0,16,93.74432602055099
6573,181,0,0,0,15,93.63119851934849
6574,181,1,1,0,17,93.69324359121113
6575,180,0,1,0,15,94.07142599324472
6576,180,0,0,1,13,94.0544052746192
6577,180,0,0,0,13,93.98830793072236
6578,180,0,0,1,13,94.14985080135638
6579,177,0,3,0,13,95.74205690754557
6580,176,0,1,1,8,96.2141031980632
6581,176,0,0,1,7,96.23005977529532
6582,176,0,0,0,7,96.08756034577632
6583,175,0,1,0,7,96.70846030512509
6584,173,0,2,0,6,97.84513414564059
6585,173,0,0,0,3,97.7946139002413
6586,174,1,0,1,5,97.26424539280974
6587,175,1,0,0,5,96.77321774891105
6588,175,0,0,0,5,96.71578469166748
6589,175,0,0,0,6,96.68013499845296
6590,175,0,0,0,5,96.76683449891705
6591,175,0,0,0,6,96.6758412920991
6592,175,0,0,0,6,96.73806033304079
6593,174,0,1,0,6,97.31832115609673
6594,175,1,0,1,4,96.73156089136795
6595,175,0,0,0,4,96.67255831476
6596,175,0,0,0,4,96.65565651113444
6597,175,0,0,0,4,96.7513681057394
6598,175,0,0,0,4,96.76593823178095
6599,174,0,1,1,4,97.32077144465894
6600,174,0,0,0,3,97.27417383285022
6601,175,1,0,0,4,96.85854782132334
6602,176,1,0,0,5,96.28038979546895
6603,176,0,0,0,5,96.37960521984205
6604,177,1,0,0,6,95.80521954223146
6605,177,0,0,0,6,95.89241919306724
6606,178,1,0,0,7,95.38192793583211
6607,178,0,0,1,7,95.35217577026
6608,178,0,0,1,8,95.36805920017045
6609,178,0,0,1,8,95.32865485770172
6610,178,0,0,0,8,95.27809592760092
6611,178,0,0,0,8,95.36147168892485
6612,177,0,1,0,8,95.8736062397883
6613,177,0,0,0,7,95.9103998337081
6614,177,0,0,0,7,95.91825752215684
6615,178,1,0,1,8,95.41340898710452
6616,178,0,0,0,8,95.47362053447965
6617,179,1,0,0,10,95.00872735170283
6618,179,0,0,0,10,94.95349365467597
6619,179,0,0,0,10,94.91613134540268
6620,179,1,1,0,11,94.91779903875535
6621,179,0,0,0,10,94.98052038737865
6622,179,0,0,0,10,94.98500731769705
6623,179,0,0,0,10,94.87465106679039
6624,178,0,1,0,10,95.49305663844946
6625,178,0,0,1,8,95.42015705215557
6626,178,0,0,0,8,95.4590340707248
6627,178,0,0,0,8,95.50760923573273
6628,180,2,0,1,11,94.4879488217816
6629,180,0,0,0,11,94.51324887695023
6630,180,0,0,0,11,94.566375067167
6631,180,1,1,0,13,94.45826457001831
6632,181,1,0,0,13,93.8975450021986
6633,182,1,0,0,14,93.50972767367624
6634,182,0,0,0,14,93.54879442015122
6635,183,1,0,0,16,93.12236557297823
6636,184,1,0,0,17,92.62871915001728
6637,185,1,0,0,19,92.14447753157638
6638,185,0,0,0,20,92.07653648704611
6639,184,1,2,0,20,92.62293186359877
6640,184,0,0,1,17,92.56957752677721
6641,186,2,0,1,18,91.55749561889135
6642,186,0,0,0,19,91.60796464325976
6643,186,0,0,1,19,91.553091336584
6644,187,1,0,1,19,91.07756554812836
6645,186,0,1,0,19,91.48070318159583
6646,187,1,0,0,18,91.09784832712513
6647,187,0,0,1,19,91.14207112268123
6648,186,0,1,1,18,91.66924803711481
6649,186,1,1,0,19,91.7004697322224
6650,186,0,0,0,17,91.6879449241992
6651,187,1,0,0,19,91.20331554290243
6652,187,0,0,1,19,91.26239077534942
6653,186,0,1,1,19,91.7669919097424
6654,186,1,1,0,18,91.6999747828136
6655,187,1,0,0,19,91.30924212032699
6656,188,1,0,0,21,90.89661033513998
6657,188,0,0,1,21,90.82645694298564
6658,188,0,0,1,21,90.70586871477714
6659,189,1,0,2,20,90.24358841281452
6660,188,0,1,0,20,90.72615645810268
6661,189,2,1,0,20,90.36224823270767
6662,189,0,0,0,19,90.4191270872005
6663,188,1,2,0,21,90.83317407980886
6664,188,0,0,0,17,90.87613191096546
6665,189,1,0,0,19,90.53705884515924
6666,190,1,0,0,21,89.96614898743351
6667,190,1,1,0,22,90.06624767529931
6668,190,1,1,1,23,90.10652984591786
6669,190,1,1,0,23,90.06438497398041
6670,190,0,0,1,21,90.08222455169782
6671,190,0,0,0,21,90.0815285730928
6672,190,0,0,0,21,90.1791172818022
6673,188,1,3,0,23,91.12413460698573
6674,187,0,1,0,20,91.63978208989661
6675,187,0,0,0,18,91.61885450682797
6676,187,0,0,0,18,91.58975934829256
6677,185,0,2,0,18,92.54764934670763
6678,185,0,0,0,16,92.68045126115372
6679,185,0,0,1,15,92.63957669884562
6680,185,1,1,1,16,92.61486040751568
6681,185,0,0,0,15,92.60727038339319
6682,186,1,0,0,17,92.17084437418687
6683,185,0,1,0,17,92.68957768909708
6684,186,1,0,0,18,92.18341799189616
6685,186,0,0,0,18,92.20247143837292
6686,186,0,0,0,18,92.20189392328444
6687,185,0,1,0,18,92.66871980808709
6688,185,0,0,0,17,92.72501332807495
6689,185,0,0,0,17,92.7526160816484
6690,185,0,0,1,16,92.79314924377756
6691,187,2,0,2,18,91.90289347807254
6692,186,0,1,1,17,92.40930049492937
6693,186,0,0,0,15,92.39184462917224
6694,185,0,1,0,14,92.95582979527383
6695,185,0,0,0,13,92.92817052088556
6696,185,0,0,0,14,92.91813001698671
6697,185,0,0,1,14,92.81966266688693
6698,185,0,0,0,14,92.84300936355132
6699,184,0,1,0,14,93.35293827117054
6700,183,0,1,0,12,93.8524164251909
6701,183,0,0,0,11,93.88168339275522
6702,182,0,1,0,11,94.37458960891229
6703,183,1,0,1,11,93.94102626718104
6704,183,0,0,0,11,93.89651639084634
6705,183,0,0,0,11,94.03170652940437
6706,183,0,0,1,11,94.05070760026899
6707,184,1,0,0,12,93.54983523292412
6708,183,0,1,2,12,94.03506999749666
6709,183,0,0,0,10,94.12840500458074
6710,182,0,1,0,10,94.60972834798315
6711,181,0,1,0,8,95.12482331276993
6712,181,0,0,0,7,95.08472897178397
6713,182,1,0,0,8,94.71288029536578
6714,182,0,0,1,8,94.747085136501
6715,183,1,0,1,9,94.27883711258913
6716,183,0,0,0,9,94.29307420402321
6717,184,1,0,0,11,93.94177364537477
6718,185,1,0,0,13,93.34372157155596
6719,185,0,0,0,13,93.46465441080429
6720,186,1,0,0,15,93.08977639566318
6721,186,0,0,0,15,93.12176417558892
6722,186,0,0,0,15,93.07734679040524
6723,187,1,0,0,16,92.64649222783214
6724,187,1,1,1,17,92.73211801074153
6725,187,0,0,0,15,92.68560149392647
6726,188,1,0,2,17,92.20149472895568
6727,187,0,1,0,17,92.62722341888782
6728,188,1,0,2,16,92.1287056476916
6729,188,0,0,0,16,92.08731408379961
6730,188,0,0,1,16,92.07812172171917
6731,187,0,1,1,16,92.64632407925428
6732,187,0,0,0,15,92.70759872658249
6733,187,0,0,0,15,92.78587674836156
6734,187,0,0,0,15,92.71776607775415
6735,187,0,0,0,15,92.69404669673088
6736,187,0,0,0,15,92.71975941996824
6737,186,0,1,1,15,93.18090780036967
6738,185,0,1,1,13,93.7360284720741
6739,185,0,0,0,12,93.7165607053732
6740,185,0,0,0,12,93.75452444091181
6741,185,0,0,0,12,93.8000662584382
6742,186,1,0,0,13,93.40246456906014
6743,186,0,0,0,13,93.34745345413077
6744,186,1,1,1,14,93.37988413333557
6745,187,1,0,0,14,92.85579139799482
6746,187,1,1,0,15,92.85593167069972
6747,188,1,0,1,15,92.2779767187762
6748,187,0,1,0,15,92.8283876468194
6749,187,0,0,0,14,92.82056455458662
6750,187,0,0,0,14,92.80689510291499
6751,187,0,0,1,14,92.82479258966065
6752,186,0,1,0,14,93.4271930940933
6753,184,0,2,1,13,94.39125527561347
6754,184,0,0,0,11,94.32888738712055
6755,183,1,2,0,12,94.91629733819569
6756,183,0,0,1,9,94.89254247761659
6757,183,0,0,0,9,94.81629647797777
6758,182,0,1,0,9,95.33582630028447
6759,183,1,0,0,10,94.88952332135563
6760,183,0,0,1,10,94.82360921674132
6761,183,0,0,1,10,94.82245598744517
6762,183,0,0,1,10,94.81970455933427
6763,182,0,1,0,10,95.3545598903378
6764,184,2,0,0,12,94.26402309954338
6765,184,0,0,0,12,94.30850751137302
6766,183,0,1,1,11,94.80785140553697
6767,184,1,0,0,10,94.38517894006354
6768,184,1,1,2,11,94.40634338210918
6769,186,2,0,0,11,93.37164737237016
6770,186,0,0,1,11,93.40669639211794
6771,187,1,0,0,14,92.98911925565632
6772,187,0,0,0,14,92.91328039925075
6773,187,0,0,1,15,92.98752510796155
6774,188,1,0,0,16,92.46674923003386
6775,187,0,1,0,16,93.12346349577626
6776,188,1,0,1,14,92.7180554164497
6777,190,2,0,0,17,91.81728245422138
6778,190,0,0,1,17,91.77640779682483
6779,189,0,1,0,17,92.24213081931688
6780,189,0,0,0,16,92.12382909881869
6781,189,0,0,0,16,92.10088848183938
6782,189,0,0,0,16,92.10937388404615
6783,189,1,1,0,19,92.0350393128498
6784,188,0,1,0,18,92.61235662457527
6785,188,0,0,1,15,92.61286019912964
6786,188,0,0,0,15,92.56114349139939
6787,188,0,0,1,15,92.54540472317316
6788,189,1,0,0,16,92.08066115366742
6789,189,0,0,1,15,92.0842817201359
6790,190,1,0,1,16,91.64532821285688
6791,190,0,0,0,16,91.59316633654625
6792,190,0,0,0,16,91.700474351858
6793,189,0,1,1,16,92.13499728501733
6794,190,1,0,0,17,91.70313619925642
6795,189,0,1,0,17,92.14505815586827
6796,189,0,0,0,15,92.08808492168068
6797,187,0,2,0,15,92.96751791915037
6798,186,1,2,1,15,93.55689103130547
6799,187,1,0,0,15,93.16274631594273
6800,187,0,0,0,15,92.97320338546602
6801,187,0,0,0,15,93.01676404189948
6802,186,0,1,0,15,93.50234749409465
6803,186,0,0,0,14,93.5338031136775
6804,185,0,1,0,14,94.0246116277041
6805,184,0,1,0,11,94.52403202915224
6806,184,0,0,1,9,94.572091697043
6807,184,0,0,0,9,94.6413939087266
6808,186,2,0,0,12,93.62907326645401
6809,187,1,0,0,14,93.13194779226015
6810,187,0,0,0,14,93.08139254349928
6811,186,0,1,0,14,93.65568843512835
6812,186,0,0,0,12,93.73383411322051
6813,187,1,0,0,13,93.29809378578251
6814,187,0,0,0,13,93.2765386162222
6815,187,0,0,0,13,93.29942008253857
6816,188,1,0,0,14,92.77275236403828
6817,188,0,0,1,14,92.85428690548346
6818,188,0,0,1,14,92.79864832557915
6819,187,0,1,0,14,93.21773867659559
6820,189,2,0,0,15,92.29065578157537
6821,190,2,1,0,18,91.94389582798861
6822,190,0,0,0,17,91.94534656836252
6823,190,0,0,1,17,91.90301262966524
6824,190,1,1,0,19,91.90655941780417
6825,191,1,0,0,19,91.44967270931731
6826,191,0,0,0,19,91.36889188493224
6827,191,0,0,2,19,91.38447240504142
6828,190,0,1,0,19,91.7673602326171
6829,190,0,0,1,18,91.81592311841104
6830,188,0,2,1,18,92.83956309417458
6831,188,0,0,1,15,92.87650268410036
6832,188,0,0,0,15,92.85156907311398
6833,189,1,0,0,16,92.26519189965349
6834,188,0,1,0,16,92.82647970187114
6835,189,1,0,0,16,92.33020788082898
6836,189,1,1,0,17,92.3954704782354
6837,189,0,0,0,16,92.42283794705719
6838,188,0,1,0,16,92.8825562853919
6839,188,0,0,0,14,92.79414222358938
6840,187,0,1,0,14,93.3300009260389
6841,187,0,0,1,13,93.35923402870085
6842,185,0,2,0,13,94.32286771801914
6843,186,1,0,0,12,93.82791893538243
6844,186,0,0,0,12,93.7987991907548
6845,186,0,0,2,13,93.80551913841754
6846,187,1,0,0,14,93.33344773898952
6847,186,0,1,1,14,93.84525486514089
6848,186,0,0,0,13,93.77525633798557
6849,185,0,1,1,13,94.19854081383534
6850,185,0,0,0,12,94.25650116748183
6851,185,0,0,0,12,94.19497438743319
6852,185,0,0,1,12,94.27427258681776
6853,185,0,0,0,12,94.27276876444584
6854,185,0,0,0,12,94.33851263613703
6855,185,0,0,1,12,94.34724886595794
6856,184,0,1,2,12,94.81148517785688
6857,184,0,0,1,11,94.80967666222281
6858,185,1,0,0,13,94.33177862844926
6859,185,0,0,0,13,94.40285149576344
6860,186,1,0,0,15,93.87376006181503
6861,185,0,1,0,15,94.3850344871853
6862,185,0,0,0,13,94.39161517556491
6863,185,0,0,0,13,94.34556459811041
6864,185,0,0,1,13,94.2646828693334
6865,185,0,0,0,13,94.22881967837021
6866,185,0,0,0,13,94.25317599159821
6867,185,0,0,1,12,94.24372359366092
6868,184,0,1,0,12,94.84336975227689
6869,186,2,0,0,13,93.81245032573493
6870,186,1,1,1,15,93.85993090658117
6871,185,0,1,2,14,94.31668307059554
6872,185,0,0,0,12,94.35681387532374
6873,185,0,0,0,12,94.36866907637706
6874,185,0,0,1,12,94.36809514264186
6875,185,0,0,0,12,94.47300954981654
6876,185,0,0,1,12,94.43803536988106
6877,185,0,0,0,12,94.44072280251676
6878,185,0,0,0,12,94.36805096383402
6879,186,1,0,0,14,93.95764787233524
6880,188,2,0,0,16,92.92641120293935
6881,188,0,0,0,16,92.93785213693198
6882,188,0,0,0,16,92.93770511811078
6883,186,0,2,1,16,93.8324620185463
6884,185,0,1,0,14,94.37424788127079
6885,185,0,0,0,12,94.40088440889299
6886,185,0,0,0,12,94.31893122471243
6887,184,0,1,0,12,94.85857816325297
6888,183,0,1,0,10,95.35483256834759
6889,183,0,0,0,8,95.28363910401224
6890,182,0,1,0,8,95.85637912940724
6891,181,0,1,0,7,96.36480835360558
6892,181,0,0,0,6,96.37117789436859
6893,181,0,0,0,6,96.37794591067403
6894,182,1,0,0,8,95.80482621287858
6895,182,0,0,2,8,95.92317987460017
6896,182,0,0,2,8,95.93331657156077
6897,182,0,0,0,8,95.94695673745518
6898,181,0,1,0,8,96.44683218374193
6899,182,1,0,0,7,95.91237697140798
6900,181,0,1,1,7,96.49315256069549
6901,182,1,0,0,7,95.9710965144982
6902,183,1,0,0,8,95.4784273002572
6903,183,0,0,0,8,95.49366960198333
6904,183,0,0,0,8,95.4178091585468
6905,183,0,0,0,8,95.45211121972594
6906,183,0,0,0,8,95.4468057226606
6907,183,0,0,0,8,95.35825580914113
6908,184,1,0,0,9,94.90044874538575
6909,184,0,0,0,9,94.86167580144573
6910,184,0,0,0,9,94.91231988313953
6911,184,0,0,1,9,94.78826451749339
6912,184,0,0,0,9,94.75189385789756
6913,184,0,0,0,9,94.68140323541247
6914,184,0,0,0,9,94.72269373684674
6915,183,0,1,0,9,95.26746596190185
6916,183,0,0,1,8,95.28446369416625
6917,183,0,0,0,8,95.25089129520741
6918,183,1,1,1,9,95.23464104437491
6919,182,0,1,0,8,95.85367789290689
6920,182,0,0,0,7,95.88647173257709
6921,181,0,1,1,7,96.26801528017273
6922,181,0,0,0,6,96.30170860690647
6923,181,0,0,0,6,96.3169841409205
6924,181,0,0,1,6,96.17183365002556
6925,182,1,0,0,7,95.685691051525
6926,183,1,0,1,8,95.27108455201417
6927,182,0,1,1,8,95.85846059233685
6928,181,0,1,1,7,96.3642726031688
6929,182,1,0,0,8,95.85517459255097
6930,181,0,1,1,7,96.39565719340278
6931,182,1,0,0,7,95.84765177419487
6932,183,1,0,0,9,95.32112119444564
6933,184,1,0,0,12,94.83075356789713
6934,185,1,0,0,15,94.57691272906015
6935,185,0,0,0,15,94.5245390434867
6936,186,1,0,0,16,93.96423407549801
6937,186,0,0,0,16,93.89959092005385
6938,186,0,0,0,16,93.92338021058671
6939,185,0,1,0,16,94.4423015222414
6940,187,2,0,1,15,93.49373609976143
6941,186,0,1,0,15,94.08597194000757
6942,186,0,0,0,13,94.0239897198462
6943,186,0,0,0,13,94.02849460629419
6944,186,0,0,0,13,93.97488899717959
6945,185,0,1,0,13,94.5114150426769
6946,185,0,0,0,12,94.50650604680101
6947,185,1,1,0,13,94.61322496927085
6948,185,0,0,1,10,94.48647804698518
6949,185,0,0,0,10,94.47655336990351
6950,185,0,0,0,10,94.50808233567095
6951,187,2,0,1,13,93.51178305245097
6952,188,1,0,1,14,92.99618335516278
6953,190,2,0,0,16,92.17099201394815
6954,190,1,1,0,17,92.1863237196145
6955,190,0,0,0,16,92.20214365971334
6956,189,0,1,0,16,92.76463495466582
6957,190,1,0,0,15,92.37734138298796
6958,192,2,0,0,18,91.3562779800477
6959,191,0,1,2,19,91.83173785962859
6960,191,1,1,1,19,91.81039662625955
6961,192,1,0,0,19,91.297512133917
6962,192,0,0,0,19,91.26090978912147
6963,192,1,1,0,20,91.21956367125183
6964,192,1,1,0,20,91.22251978534776
6965,193,1,0,0,21,90.8066583355444
6966,192,0,1,1,21,91.2826583729768
6967,193,1,0,0,21,90.8205344022233
6968,193,1,1,0,22,90.82111174728851
6969,193,0,0,0,21,90.77084962209221
6970,194,1,0,0,23,90.2648292895177
6971,193,0,1,0,23,90.72631391885594
6972,193,0,0,0,21,90.68517347777937
6973,192,1,2,0,22,91.04810330371065
6974,191,0,1,0,20,91.55849701269733
6975,191,0,0,0,19,91.57121927364392
6976,189,0,2,0,19,92.56416101161345
6977,189,0,0,0,17,92.56589930680613
6978,189,0,0,0,17,92.53623167965283
6979,187,0,2,2,16,93.4742692937455
6980,187,0,0,0,12,93.42747602459148
6981,187,0,0,1,11,93.41877151157593
6982,187,0,0,0,11,93.44701760134546
6983,186,0,1,0,11,93.88954167413415
6984,186,0,0,1,10,93.87491635266453
6985,186,0,0,0,10,93.89032203587574
6986,187,1,0,0,12,93.48282428918871
6987,188,1,0,0,13,92.99225738273718
6988,188,0,0,0,14,92.96246002612408
6989,188,0,0,0,14,93.0153575268927
6990,188,0,0,0,13,93.08978827388175
6991,188,0,0,0,14,93.09006790857407
6992,190,2,0,0,16,92.1868710392644
6993,190,0,0,0,16,92.2047045151211
6994,190,0,0,0,17,92.18653713298801
6995,191,1,0,0,18,91.76077370914248
6996,191,0,0,0,18,91.86498375646059
6997,191,0,0,0,18,91.86745636205464
6998,194,3,0,0,22,90.53048717351221
6999,193,0,1,0,22,90.89839774911182
7000,193,0,0,0,20,90.89995121721803
7001,193,0,0,0,20,90.84975047882304
7002,191,0,2,1,20,91.7579501771199
7003,189,0,2,1,16,92.77099939277272
7004,188,1,2,0,13,93.28575554437359
7005,190,2,0,0,14,92.31131419115694
7006,190,1,1,0,16,92.4372001172313
7007,191,1,0,2,15,91.90418918930013
7008,191,0,0,1,15,91.97777979908172
7009,191,0,0,1,15,91.99959245130991
7010,191,0,0,1,14,92.08820243671984
7011,191,0,0,1,13,92.11754994400482
7012,191,0,0,0,13,92.11549340011422
7013,192,1,0,0,15,91.70776287035562
7014,192,0,0,0,15,91.73336541524795
7015,193,1,0,0,16,91.31205276819804
7016,193,0,0,0,16,91.41310296458911
7017,193,0,0,2,15,91.39380586046097
7018,193,0,0,0,15,91.3966027672474
7019,193,1,1,0,17,91.43632105290898
7020,194,1,0,0,16,91.10379798783782
7021,195,1,0,0,18,90.76129047223074
7022,195,2,2,0,20,90.79753600580648
7023,194,0,1,1,17,91.29182561443713
7024,194,1,1,0,16,91.29025001273445
7025,194,0,0,1,15,91.36026368351611
7026,194,0,0,0,15,91.36276958065132
7027,194,1,1,0,16,91.30386694642836
7028,194,0,0,1,13,91.28705221563567
7029,194,0,0,0,13,91.44494505114575
7030,194,0,0,0,13,91.43434794857484
7031,193,1,2,0,16,91.91082236529427
7032,192,0,1,0,14,92.37311762396513
7033,191,0,1,0,13,92.93038131455515
7034,191,0,0,2,10,93.12760380777276
7035,192,1,0,0,12,92.67840810332984
7036,191,0,1,0,12,93.1744143774711
7037,191,0,0,0,11,93.27006508920708
7038,193,2,0,0,15,92.44416370411139
7039,194,1,0,0,17,92.11313577215567
7040,194,0,0,1,17,92.01466594234343
7041,194,0,0,1,17,92.05286094701242
7042,194,0,0,1,17,92.14646211562334
7043,193,0,1,0,17,92.61899088366992
7044,193,0,0,1,15,92.66312953949705
7045,193,0,0,0,15,92.70516600314804
7046,195,2,0,0,17,91.83707871333726
7047,195,0,0,0,17,91.89647473225473
7048,194,0,1,0,17,92.3335385758387
7049,194,0,0,0,15,92.38956922478391
7050,194,0,0,0,15,92.37745201740661
7051,194,0,0,0,15,92.39616836525201
7052,193,1,2,0,18,92.86696953376281
7053,193,0,0,0,16,92.88420884483294
7054,193,0,0,0,16,92.8741104768964
7055,194,1,0,1,17,92.48116748975394
7056,192,0,2,0,17,93.46730211517541
7057,193,1,0,0,14,92.91965075676015
7058,193,1,1,0,15,92.9787919992417
7059,193,0,0,0,14,93.15113097193534
7060,194,1,0,0,15,92.62908170262106
7061,194,0,0,1,15,92.66944614702412
7062,193,0,1,0,15,93.2011057381237
7063,194,1,0,0,15,92.79998215466331
7064,194,0,0,1,17,92.88079648369798
7065,195,1,0,0,20,92.37659400613478
7066,196,1,0,0,21,92.06994041857602
7067,195,0,1,0,21,92.55147655140237
7068,195,0,0,0,19,92.52101360084231
7069,195,0,0,0,19,92.56565575097122
7070,194,0,1,0,19,93.06170762713093
7071,194,0,0,0,18,92.99787413898974
7072,192,0,2,0,18,93.93594679447465
7073,191,0,1,0,13,94.31105159476647
7074,190,0,1,1,11,94.9212887967213
7075,190,0,0,0,10,94.92397124749795
7076,190,0,0,0,10,94.9540952422012
7077,191,1,0,0,11,94.46611981369176
7078,191,0,0,0,11,94.51933235433785
7079,192,1,0,0,12,94.00147348281718
7080,191,0,1,1,12,94.56704614556729
7081,191,0,0,0,10,94.6113281737371
7082,191,0,0,0,10,94.68598745636618
7083,191,2,2,0,12,94.78881546832777
7084,192,1,0,1,10,94.29372631283447
7085,193,1,0,0,11,93.83716460302352
7086,193,0,0,1,11,93.86514340325125
7087,193,0,0,0,11,93.77113485908271
7088,193,0,0,0,11,93.76750681586182
7089,193,0,0,0,11,93.71873197361745
7090,193,0,0,1,10,93.72697333315163
7091,193,0,0,0,10,93.72341813117166
7092,192,0,1,0,10,94.21672573590268
7093,192,1,1,1,11,94.16809852933723
7094,192,0,0,0,10,94.30896793049207
7095,192,0,0,0,10,94.41073962081907
7096,192,0,0,1,10,94.39616596894449
7097,192,0,0,0,10,94.45483499883021
7098,192,0,0,0,10,94.64552985490383
7099,192,0,0,1,10,94.621796277214
7100,192,0,0,1,10,94.5138327445465
7101,193,1,0,0,13,94.04134374801197
7102,194,1,0,0,15,93.6402485388363
7103,192,0,2,0,15,94.66806183618797
7104,192,0,0,0,12,94.6643069941581
7105,193,1,0,0,13,94.18534177429687
7106,194,1,0,0,15,93.72654814071963
7107,196,2,0,1,17,92.8040097058129
7108,195,0,1,1,16,93.30287830286802
7109,194,0,1,0,15,93.81885789897726
7110,195,1,0,0,15,93.33293701145587
7111,195,0,0,0,14,93.39472647570413
7112,196,1,0,0,16,92.8963868709698
7113,196,0,0,0,17,92.888356089153
7114,195,0,1,0,17,93.26872154556092
7115,195,0,0,0,14,93.2756879623073
7116,195,0,0,0,14,93.29413117559014
7117,195,0,0,0,14,93.20597799614384
7118,195,1,1,0,17,93.27499849208841
7119,196,1,0,1,15,92.83718337822182
7120,196,0,0,0,16,92.8756090934252
7121,196,0,0,0,16,92.86045116602224
7122,193,0,3,0,16,94.30803334406403
7123,194,1,0,0,13,93.86274523434322
7124,194,0,0,1,13,93.9316926861918
7125,194,0,0,1,13,93.82671801207518
7126,194,0,0,0,13,93.80071079346185
7127,195,1,0,0,15,93.38365047308778
7128,195,0,0,0,15,93.35732630252473
7129,195,0,0,2,15,93.463077389959
7130,195,0,0,0,15,93.42720186022946
7131,195,0,0,1,16,93.43597256255741
7132,194,0,1,0,16,93.80473081223239
7133,194,0,0,0,14,93.7802012894306
7134,194,0,0,0,14,93.72682413080543
7135,195,1,0,0,15,93.18906966743684
7136,197,2,0,0,17,92.36593876202707
7137,196,0,1,0,17,92.84179473059339
7138,196,0,0,0,15,92.7818976224588
7139,196,1,1,1,17,92.7821968711722
7140,196,0,0,1,16,92.84528031669464
7141,196,0,0,0,16,92.78617309277027
7142,198,2,0,1,20,91.88128918034823
7143,198,0,0,1,20,91.9567861804846
7144,199,1,0,0,19,91.52551049985581
7145,199,0,0,0,20,91.50570609575868
7146,197,0,2,1,22,92.31801384336286
7147,196,0,1,0,19,92.6846277892992
7148,196,0,0,2,17,92.69433070155208
7149,195,0,1,0,17,93.07067844917246
7150,196,1,0,1,16,92.6375758769544
7151,196,0,0,0,16,92.68162774848344
7152,195,0,1,0,16,93.1351565836288
7153,195,0,0,0,14,93.13016568575554
7154,195,0,0,0,14,93.14723297824798
7155,195,0,0,0,14,93.18481041872111
7156,194,0,1,0,14,93.64792724651062
7157,194,0,0,0,13,93.61651764771709
7158,193,1,2,1,14,94.20104929410215
7159,193,0,0,0,11,94.2373976942813
7160,193,0,0,0,11,94.25875197680021
7161,193,0,0,1,11,94.22673662845582
7162,192,0,1,0,11,94.66765445119698
7163,192,0,0,0,9,94.73992559559674
7164,193,1,0,0,10,94.21406158502359
7165,194,1,0,0,11,93.75315910835998
7166,193,0,1,0,12,94.20062014607983
7167,193,1,1,1,12,94.19305568699214
7168,195,2,0,0,13,93.30349589163987
7169,195,0,0,0,13,93.32813742222658
7170,194,0,1,0,13,93.80020577304153
7171,194,0,0,0,11,93.8483193723515
7172,194,0,0,0,11,93.85675979404814
7173,194,0,0,1,11,93.89627389179822
7174,194,0,0,0,11,93.91144992763388
7175,194,0,0,1,11,93.83043027382911
7176,194,0,0,1,11,93.95399604087112
7177,194,0,0,0,11,93.90284417201327
7178,194,0,0,0,11,93.8631367526504
7179,194,0,0,0,11,93.97144980651908
7180,194,0,0,1,11,94.04451121226839
7181,194,0,0,1,11,94.00034491794239
7182,195,1,0,0,12,93.51659897046338
7183,195,0,0,0,12,93.56103170960371
7184,195,0,0,0,12,93.54524676828555
7185,195,0,0,0,12,93.58550500167054
7186,195,0,0,0,12,93.61971140606568
7187,195,0,0,1,12,93.52916870965508
7188,195,0,0,0,12,93.53096830934714
7189,195,0,0,0,12,93.47292033682392
7190,195,0,0,1,12,93.6350047047756
7191,195,0,0,0,12,93.5988483777264
7192,195,0,0,0,12,93.55515873836232
7193,194,0,1,0,12,94.07445284942995
7194,194,0,0,0,11,93.99951328150587
7195,194,0,0,1,11,94.07204224269731
7196,195,1,0,1,14,93.60215362173231
7197,196,1,0,0,16,93.04412665262237
7198,196,1,1,1,17,93.1682888514471
7199,196,0,0,0,16,93.13093317012803
7200,194,0,2,0,16,94.13495831819807
7201,194,0,0,0,11,94.10419432563498
7202,194,0,0,0,12,94.0396576879439
7203,195,2,1,0,13,93.62129340607267
7204,194,0,1,0,13,94.09350511846122
7205,196,2,0,0,14,93.18769351351042
7206,194,0,2,0,14,94.08636129925351
7207,194,0,0,0,12,94.11779067245281
7208,195,1,0,1,14,93.68713526625064
7209,194,0,1,0,14,94.20171067736086
7210,194,0,0,0,13,94.2179737206913
7211,195,1,0,0,15,93.69692009189217
7212,195,0,0,0,15,93.77215754327649
7213,195,0,0,0,15,93.69153592131917
7214,194,0,1,0,15,94.06758151886974
7215,194,0,0,0,13,94.1182863689333
7216,194,0,0,0,13,94.16659968134537
7217,194,0,0,0,13,94.22566491476168
7218,194,1,1,0,15,94.05820425265578
7219,194,0,0,0,13,93.97500510900042
7220,194,0,0,0,13,93.9562851260076
7221,194,0,0,0,13,93.90924406560619
7222,193,0,1,1,12,94.45242522141997
7223,193,0,0,0,10,94.4783878246828
7224,193,0,0,1,10,94.42020782252213
7225,193,0,0,1,10,94.4740779489698
7226,193,0,0,0,10,94.46104471094107
7227,193,0,0,0,10,94.51777890152188
7228,193,0,0,0,10,94.5164868231538
7229,193,0,0,1,10,94.64108657278565
7230,193,0,0,0,10,94.7274893959327
7231,192,0,1,0,10,95.17835833004766
7232,193,1,0,0,10,94.79993564665989
7233,193,0,0,0,10,94.7624287756487
7234,193,0,0,0,10,94.74160699462215
7235,193,0,0,0,10,94.72988794638184
7236,193,0,0,2,10,94.72918994877725
7237,193,0,0,0,10,94.78151744472129
7238,193,0,0,0,10,94.75963224051903
7239,192,0,1,1,10,95.21132287476104
7240,192,0,0,0,9,95.18682457565926
7241,192,0,0,1,9,95.15773961139092
7242,192,0,0,1,9,95.16118743528646
7243,192,0,0,1,9,95.2090460968656
7244,192,0,0,0,9,95.15398098280572
7245,192,0,0,0,9,95.18913710016501
7246,192,0,0,0,9,95.18349035634266
7247,192,0,0,0,9,95.2428686933565
7248,192,0,0,0,9,95.34680611211735
7249,192,0,0,0,9,95.35773792341462
7250,192,0,0,0,9,95.37838795251788
7251,192,1,1,1,10,95.35469256709912
7252,191,0,1,1,9,95.88992191251411
7253,192,1,0,1,10,95.37779552961113
7254,192,0,0,0,10,95.37035331295981
7255,192,0,0,0,10,95.28313629290949
7256,192,0,0,0,10,95.28869208622336
7257,191,0,1,0,10,95.77317873240676
7258,191,0,0,0,8,95.79977832034173
7259,192,1,0,0,10,95.23910119904859
7260,192,0,0,1,10,95.26879659919815
7261,192,0,0,1,10,95.22655013888034
7262,192,1,1,0,12,95.34484228138636
7263,193,1,0,1,12,94.89432879764082
7264,193,0,0,2,12,94.78697147515892
7265,193,0,0,0,12,94.87744772254882
7266,195,2,0,0,15,94.01294669383536
7267,195,0,0,1,15,93.97645553046135
7268,194,0,1,0,15,94.46741316894483
7269,194,0,0,0,13,94.54707389175266
7270,196,2,0,1,16,93.47428064182584
7271,197,1,0,1,17,93.07439589834961
7272,197,0,0,0,17,93.15622626984455
7273,197,0,0,1,17,93.09243438136488
7274,196,0,1,2,17,93.63419616008858
7275,196,0,0,0,15,93.68479225654809
7276,197,1,0,0,17,93.303532881355
7277,197,0,0,0,17,93.32697787451752
7278,198,1,0,0,19,92.80083007987992
7279,200,2,0,0,22,91.8465905258487
7280,199,0,1,1,22,92.40586993869678
7281,198,1,2,0,21,92.82333768607845
7282,198,0,0,1,17,92.82494415468105
7283,198,0,0,0,17,92.82390696732077
7284,198,0,0,0,17,92.85346638410272
7285,197,0,1,1,17,93.26407250359568
7286,197,1,1,2,17,93.32958823563796
7287,198,2,1,1,16,92.8835688575555
7288,199,1,0,1,15,92.6072521265812
7289,200,1,0,0,16,92.14721239588094
7290,199,0,1,1,16,92.54129200076191
7291,200,1,0,0,17,92.09852402090763
7292,200,0,0,0,17,92.21179271289975
7293,201,1,0,2,19,91.89051926012473
7294,201,0,0,0,19,91.88161499854648
7295,202,1,0,0,22,91.41765679147768
7296,202,0,0,1,22,91.30646259260516
7297,202,0,0,1,21,91.31981240517314
7298,202,0,0,0,22,91.31703702258355
7299,203,1,0,0,24,90.88509885856041
7300,203,1,1,0,26,91.03771916130134
7301,202,0,1,0,25,91.39708579100196
7302,202,0,0,0,22,91.33188846122516
7303,199,0,3,0,22,92.69271594519171
7304,199,0,0,0,18,92.71327568725452
7305,199,1,1,1,19,92.74592345888054
7306,199,0,0,0,17,92.71497400282462
7307,198,0,1,0,17,93.1541164257434
7308,196,0,2,0,16,94.04623509203091
7309,196,0,0,0,13,93.90411438766658
7310,195,0,1,0,14,94.49449588010792
7311,194,1,2,0,14,94.96968274408616
7312,193,0,1,0,11,95.49169784144152
7313,193,0,0,3,9,95.56856446977837
7314,193,0,0,0,9,95.48731186892519
7315,193,0,0,0,9,95.53457797042886
7316,193,0,0,1,9,95.63894662661343
7317,193,0,0,2,9,95.49036200145854
7318,193,0,0,0,9,95.55228111041697
7319,193,0,0,0,9,95.63506765712623
7320,192,0,1,0,9,96.17529219315709
7321,193,1,0,0,9,95.56178401179274
7322,193,0,0,0,9,95.56995917626875
7323,193,0,0,0,9,95.57430864605156
7324,192,0,1,0,9,96.15645842362977
7325,192,0,0,0,7,96.22943513595044
7326,193,1,0,1,9,95.7791341403686
7327,193,0,0,0,9,95.67908072981413
7328,193,0,0,1,9,95.62327818028747
7329,192,0,1,0,9,96.20765452786202
7330,193,1,0,0,8,95.72506493463464
7331,193,0,0,0,8,95.80222508609961
7332,193,0,0,0,8,95.837542682481
7333,194,1,0,0,11,95.31223527350265
7334,194,0,0,1,11,95.34981065255064
7335,193,0,1,1,11,95.86707739536375
7336,192,0,1,0,10,96.42513182048526
7337,193,1,0,1,7,95.94614992176628
7338,193,0,0,1,7,95.9059794747346
7339,194,1,0,1,9,95.43758838960878
7340,194,0,0,2,9,95.42944296128377
7341,193,0,1,0,9,95.94208608827766
7342,193,0,0,0,7,95.99816010861963
7343,193,0,0,1,7,96.0454158220818
7344,193,0,0,1,7,95.9595029354227
7345,193,0,0,0,7,95.90264150295648
7346,193,0,0,2,7,95.89574105051176
7347,193,0,0,0,7,95.91010363439307
7348,192,0,1,0,7,96.46280982002632
7349,193,1,0,1,7,95.941082217266
7350,193,1,1,0,9,95.95302197350809
7351,193,0,0,0,8,96.03815712376586
7352,192,0,1,0,8,96.60135284233466
7353,192,0,0,0,7,96.63032286312938
7354,192,0,0,0,7,96.66404206308312
7355,192,0,0,0,7,96.59299797199476
7356,192,0,0,1,6,96.62379136705498
7357,192,0,0,0,6,96.60813778268728
7358,192,1,1,0,7,96.75728391228925
7359,192,0,0,0,6,96.70227802470163
7360,192,0,0,0,6,96.68230760046453
7361,191,0,1,0,6,97.21783904271382
7362,192,1,0,0,6,96.7565975549246
7363,192,0,0,0,6,96.78378915879178
7364,193,1,0,0,9,96.28285316294169
7365,193,0,0,0,9,96.28052089054098
7366,193,0,0,0,9,96.28600613176069
7367,195,2,0,0,11,95.42078723193075
7368,195,0,0,0,11,95.42075912566303
7369,195,0,0,0,11,95.4301642849536
7370,195,0,0,0,11,95.355931646984
7371,195,0,0,0,11,95.35164792100316
7372,196,1,0,0,14,94.80804621595962
7373,196,1,1,1,15,94.88075036935201
7374,196,0,0,0,13,94.94395874347461
7375,195,0,1,0,13,95.41205653860355
7376,196,1,0,1,11,94.85433911304686
7377,196,0,0,0,11,95.00331869616801
7378,196,0,0,0,11,94.99818319042092
7379,196,0,0,0,11,95.0079474873731
7380,196,0,0,1,11,95.07639956108372
7381,196,0,0,1,11,95.12370222560263
7382,196,0,0,0,11,95.17368359263874
7383,196,0,0,0,11,95.04073084216044
7384,198,2,0,0,13,94.12993542843866
7385,198,0,0,2,13,94.07824114364777
7386,199,1,0,2,15,93.7105639331475
7387,199,0,0,0,15,93.65484560307863
7388,199,1,1,3,15,93.72382347907364
7389,199,0,0,0,15,93.76116652343322
7390,200,2,1,0,17,93.31914174515676
7391,200,0,0,0,15,93.37942761879036
7392,200,0,0,1,16,93.32099527445627
7393,200,0,0,0,16,93.2481817099491
7394,200,0,0,0,16,93.27448880885139
7395,199,1,2,0,17,93.7373402233632
7396,197,0,2,0,14,94.66019103445653
7397,197,1,1,1,11,94.5518417344679
7398,197,0,0,0,10,94.6269311268143
7399,197,0,0,0,10,94.69741663140475
7400,197,0,0,0,10,94.72096243059258
7401,198,1,0,0,11,94.30800608013055
7402,198,0,0,0,11,94.30099144408287
7403,198,0,0,2,11,94.26422936439336
7404,198,0,0,1,11,94.21895045406525
7405,198,0,0,1,11,94.26455319663356
7406,198,0,0,0,11,94.30872259117884
7407,198,0,0,0,11,94.30907996005845
7408,199,1,0,0,12,93.76350120443989
7409,199,0,0,0,12,93.7678441510418
7410,199,0,0,0,12,93.83208889567902
7411,199,0,0,1,12,93.72688433752806
7412,199,0,0,0,12,93.7798957524572
7413,199,0,0,1,12,93.71932156659477
7414,198,0,1,0,12,94.20124014217666
7415,198,0,0,0,11,94.21726466140483
7416,201,3,0,0,17,92.96650159163228
7417,201,0,0,2,17,92.8645795358151
7418,201,0,0,0,17,92.96782309333265
7419,201,0,0,0,17,92.9507857157199
7420,203,2,0,0,20,92.05377731113386
7421,203,0,0,0,20,92.03968418069238
7422,203,0,0,1,20,92.08891287286086
7423,203,1,1,1,24,92.01670325879672
7424,203,0,0,0,20,92.01708864261425
7425,204,2,1,0,23,91.6181642920592
7426,205,1,0,1,20,91.18965088283299
7427,206,1,0,0,23,90.88751033553302
7428,206,0,0,0,23,90.88301271473925
7429,206,0,0,1,22,90.87461460466731
7430,206,1,1,0,23,90.87308474086984
7431,206,0,0,0,22,90.84371686926546
7432,206,1,1,0,25,90.81920730500256
7433,206,0,0,0,22,90.84958611083718
7434,204,0,2,0,22,91.72168004992629
7435,204,0,0,0,20,91.77443307766464
7436,204,0,0,0,20,91.68510441552107
7437,207,3,0,0,23,90.37988032428999
7438,206,0,1,0,24,90.90696349751467
7439,207,1,0,0,25,90.58179052193054
7440,208,1,0,1,26,90.16379716455027
7441,208,0,0,0,25,90.03455579866464
7442,208,0,0,0,25,90.09635285637911
7443,207,0,1,1,25,90.52813026523565
7444,207,0,0,0,25,90.48151982724876
7445,206,0,1,0,24,90.8786431415273
7446,205,0,1,0,24,91.37640289648786
7447,205,0,0,1,22,91.3069094504226
7448,204,0,1,0,22,91.71193878261701
7449,202,0,2,0,20,92.58443685801325
7450,201,0,1,0,16,93.03046601705552
7451,200,0,1,0,15,93.45565706413467
7452,201,1,0,0,15,93.08696411778271
7453,200,0,1,1,15,93.52189740435922
7454,200,0,0,0,13,93.63315180557214
7455,200,0,0,0,13,93.5200907360673
7456,202,2,0,0,16,92.62472060652584
7457,202,0,0,0,16,92.65025993097679
7458,203,1,0,0,17,92.16925170536904
7459,203,0,0,0,17,92.20792918159358
7460,203,0,0,0,17,92.16475616104697
7461,202,0,1,0,17,92.58397132394312
7462,202,1,1,0,17,92.69105749341185
7463,202,0,0,1,15,92.72319011813744
7464,203,1,0,0,16,92.32240272504325
7465,203,0,0,0,16,92.32935885049203
7466,203,1,1,0,17,92.31871507316782
7467,203,0,0,0,16,92.26675797752853
7468,204,2,1,1,19,91.92470164727338
7469,204,0,0,0,18,92.03752656904157
7470,204,0,0,0,17,92.02754867361483
7471,204,0,0,0,17,91.99947495085158
7472,204,1,1,1,18,91.93902871524034
7473,204,0,0,0,17,91.87357355839917
7474,204,0,0,0,17,91.80926679095494
7475,203,0,1,0,18,92.21980178590948
7476,203,0,0,0,17,92.3114343219975
7477,203,0,0,0,17,92.33957683754696
7478,203,0,0,0,17,92.38926224014065
7479,203,0,0,0,17,92.27466636481924
7480,202,0,1,0,17,92.80276008260175
7481,202,0,0,0,15,92.79703544304449
7482,202,0,0,0,15,92.81148007975438
7483,202,0,0,0,15,92.79182472903841
7484,201,0,1,0,15,93.20988099935957
7485,200,0,1,1,14,93.7225472771321
7486,200,0,0,0,13,93.64672187588633
7487,201,1,0,1,14,93.2939154250542
7488,202,1,0,2,14,92.83444867893984
7489,202,0,0,1,14,92.9206930035348
7490,203,1,0,0,15,92.54725454532252
7491,203,0,0,0,15,92.43702930826014
7492,204,1,0,0,16,92.14027325600404
7493,204,0,0,0,16,92.14351021754067
7494,204,0,0,1,16,92.19784619375152
7495,205,1,0,0,20,91.79879871654182
7496,207,2,0,0,23,90.97836731883953
7497,207,0,0,1,23,90.92650984479344
7498,208,1,0,0,25,90.53467904297958
7499,206,0,2,1,25,91.46114278823921
7500,206,0,0,0,19,91.41647123134477
7501,206,0,0,0,19,91.46093347738379
7502,206,0,0,0,19,91.4182009897833
7503,206,0,0,1,19,91.43325003431981
7504,206,0,0,0,19,91.51211675442299
7505,206,0,0,0,19,91.44301069800177
7506,206,0,0,0,19,91.42724128139022
7507,206,1,1,0,21,91.53121659911464
7508,205,0,1,0,19,91.91492345806199
7509,206,1,0,1,18,91.46108152313514
7510,204,0,2,0,18,92.37914356397972
7511,204,1,1,0,17,92.34106074051347
7512,205,1,0,0,18,91.83224180518455
7513,206,2,1,1,20,91.36578461065781
7514,205,0,1,0,19,91.84230685701779
7515,205,0,0,1,19,91.82121550133238
7516,206,1,0,0,20,91.4315842755309
7517,206,0,0,0,20,91.41906565332056
7518,206,1,1,0,21,91.44105542952903
7519,206,0,0,0,20,91.4392063017587
7520,205,0,1,1,20,91.88894267425557
7521,205,0,0,1,18,91.8712195897148
7522,203,0,2,0,18,92.63679954161394
7523,203,0,0,0,16,92.77878130871564
7524,204,1,0,1,17,92.31941385418689
7525,204,0,0,0,17,92.35726052801043
7526,204,0,0,0,17,92.44899179708841
7527,203,0,1,0,17,92.85250210840931
7528,202,0,1,1,15,93.24326750349832
7529,202,0,0,1,13,93.39441827627964
7530,202,0,0,0,13,93.42157847238784
7531,202,0,0,0,13,93.40900029610134
7532,202,0,0,0,13,93.33410254691861
7533,201,1,2,1,14,93.81862218734678
7534,202,1,0,0,13,93.47139833562072
7535,202,0,0,0,13,93.44196162843105
7536,202,0,0,1,13,93.47491989568023
7537,202,0,0,0,13,93.51638950206461
7538,203,1,0,0,14,93.0253472507148
7539,203,0,0,0,14,93.00726439647275
7540,202,0,1,0,14,93.43968750862925
7541,202,0,0,1,13,93.46121020143315
7542,204,2,0,1,16,92.61443130781169
7543,204,1,1,0,17,92.65061833172051
7544,201,0,3,0,16,94.0516184288991
7545,202,1,0,1,14,93.55598066482611
7546,202,0,0,0,14,93.58195561963251
7547,200,0,2,0,14,94.55239755881149
7548,201,1,0,1,13,94.04678575039253
7549,201,0,0,0,13,94.10622573136622
7550,201,0,0,1,13,94.08786034926837
7551,203,2,0,0,17,93.1971198522333
7552,203,0,0,0,17,93.26819065352711
7553,203,0,0,0,16,93.21576382382156
7554,203,0,0,0,16,93.22823208220142
7555,203,0,0,0,17,93.1734360766816
7556,203,0,0,0,16,93.1454908935154
7557,203,0,0,0,16,93.06890780028526
7558,203,0,0,0,17,93.09840188742128
7559,203,0,0,0,17,93.05410289729166
7560,201,0,2,0,17,94.08258326070184
7561,200,0,1,0,15,94.6078094312591
7562,199,0,1,0,12,95.01137073142093
7563,199,0,0,0,11,95.01188145429477
7564,200,1,0,0,12,94.46658951736092
7565,200,0,0,1,11,94.47064702683818
7566,199,0,1,0,11,95.00178807836926
7567,198,0,1,0,9,95.58291753104815
7568,196,0,2,0,8,96.47201490995104
7569,196,0,0,0,7,96.51053718380777
7570,198,2,0,0,11,95.63524637240572
7571,198,0,0,1,11,95.64015949274697
7572,200,2,0,0,14,94.73103555163465
7573,200,0,0,0,14,94.68288080765178
7574,200,0,0,0,14,94.66381896315669
7575,200,0,0,0,14,94.70266420404342
7576,200,0,0,0,14,94.68468594670583
7577,200,0,0,0,14,94.70788890172173
7578,200,0,0,0,14,94.704910225634
7579,200,0,0,0,14,94.71985339037869
7580,201,3,2,0,21,94.30275064259412
7581,201,0,0,0,17,94.33485650195499
7582,200,0,1,0,17,94.76259174649829
7583,198,0,2,0,15,95.6530226258484
7584,198,0,0,1,13,95.57494723411935
7585,198,0,0,0,13,95.63932381778149
7586,198,0,0,1,12,95.5617274440828
7587,198,0,0,1,12,95.56151965671708
7588,197,1,2,1,13,96.03446112677115
7589,196,0,1,1,9,96.49270917757805
7590,197,1,0,0,8,96.07261173938232
7591,195,0,2,0,8,97.13894966141021
7592,195,0,0,0,5,97.13813879184116
7593,195,0,0,0,5,97.0932955285945
7594,195,0,0,0,5,97.09602033346448
7595,196,1,0,0,6,96.61749332256302
7596,196,0,0,0,6,96.65531632428623
7597,196,0,0,1,6,96.5834945393623
7598,196,0,0,1,6,96.52943852449239
7599,196,0,0,0,6,96.48007125285895
7600,197,1,0,3,7,96.06484325326015
7601,198,1,0,0,8,95.62566062502586
7602,198,0,0,0,8,95.60124001646027
7603,198,0,0,0,8,95.63234065286333
7604,198,0,0,0,8,95.54117106304469
7605,198,0,0,0,8,95.65314538938533
7606,199,1,0,0,9,95.28447354427132
7607,199,1,1,0,10,95.36365671173694
7608,199,0,0,0,9,95.40817442625759
7609,199,0,0,0,9,95.45131961012223
7610,199,0,0,1,9,95.39433135223814
7611,199,0,0,1,9,95.37714650748094
7612,199,0,0,1,9,95.45329068463501
7613,199,0,0,2,9,95.42523524012957
7614,199,0,0,0,9,95.33062503577159
7615,199,0,0,0,9,95.35745318751556
7616,199,0,0,0,9,95.32444025079525
7617,199,1,1,0,10,95.43998700246637
7618,199,0,0,0,7,95.56804231852382
7619,199,0,0,0,7,95.57848324393781
7620,200,1,0,0,8,95.08534443322385
7621,200,0,0,2,8,95.15220990640944
7622,200,0,0,0,8,95.17206573763934
7623,200,0,0,1,8,95.10153981950029
7624,200,0,0,0,8,95.09846209210123
7625,200,0,0,0,8,95.0321668922131
7626,200,0,0,0,8,94.95047224956136
7627,198,0,2,0,8,95.8965899602625
7628,197,0,1,1,6,96.4464407338127
7629,197,1,1,0,7,96.52249423202386
7630,198,1,0,0,8,96.11000629931847
7631,198,0,0,2,8,96.00113095964561
7632,198,0,0,0,8,96.01663032364975
7633,198,1,1,0,10,96.09526333734986
7634,198,0,0,0,9,96.12317974836088
7635,197,0,1,0,9,96.53411916900365
7636,198,1,0,0,8,96.1865741081742
7637,198,0,0,0,8,96.2246580604053
7638,197,0,1,0,8,96.5866335646218
7639,197,0,0,0,6,96.55328775147441
7640,197,0,0,0,6,96.56190505129085
7641,196,0,1,0,6,97.05208087378064
7642,196,0,0,0,5,97.07008393533451
7643,196,0,0,0,5,97.00168359954036
7644,196,0,0,0,5,97.10476913514023
7645,195,0,1,0,5,97.63417338342082
7646,195,0,0,0,3,97.63857695662371
7647,195,0,0,1,3,97.64973598696918
7648,196,1,0,0,4,97.25337614847523
7649,196,0,0,1,4,97.26035666084019
7650,196,1,1,0,5,97.26604653217036
7651,196,0,0,0,4,97.26985513887925
7652,196,0,0,0,4,97.32953902071833
7653,196,0,0,0,4,97.2807130157468
7654,196,0,0,0,4,97.33488405820188
7655,196,0,0,0,4,97.42663190518289
7656,199,3,0,0,11,96.09003848252081
7657,199,0,0,0,11,96.11377950374721
7658,199,0,0,1,11,96.12367813317859
7659,200,1,0,0,13,95.64399617805267
7660,200,0,0,0,13,95.67269536568067
7661,200,0,0,0,13,95.70378721131334
7662,200,0,0,0,13,95.63528891776427
7663,201,1,0,0,14,95.26072380015452
7664,202,1,0,0,15,94.84469542462219
7665,202,0,0,0,15,94.75365908172193
7666,202,0,0,0,15,94.89780007116536
7667,202,0,0,0,15,94.89667838084142
7668,202,0,0,0,15,94.81350989267196
7669,202,0,0,1,15,94.85056573596046
7670,202,0,0,0,15,94.81443781810962
7671,202,0,0,0,15,94.82270983834522
7672,202,1,1,0,17,94.89316349448599
7673,201,0,1,0,13,95.37519561635544
7674,201,0,0,0,11,95.36117997923542
7675,201,0,0,1,11,95.28550134944832
7676,200,0,1,2,12,95.7173710267435
7677,200,0,0,0,10,95.77150080197467
7678,200,0,0,1,9,95.77459915885429
7679,200,0,0,0,9,95.79446409194001
7680,201,1,0,1,11,95.31502979183671
7681,201,0,0,0,11,95.32607382302443
7682,202,2,1,1,13,94.90704733994619
7683,201,0,1,0,11,95.52367221946594
7684,202,1,0,0,11,95.04397600837656
7685,202,0,0,0,11,95.03107078185006
7686,202,0,0,0,11,95.00707743981627
7687,202,0,0,1,11,95.0050820017409
7688,202,0,0,1,11,94.92006076624517
7689,204,2,0,1,13,94.10281371567466
7690,204,0,0,0,13,94.1944759331022
7691,204,0,0,1,13,94.16914375486844
7692,204,0,0,0,13,94.20999608941806
7693,205,2,1,0,16,93.65155610456252
7694,206,1,0,1,15,93.16391417796194
7695,205,0,1,1,15,93.66345363763844
7696,206,1,0,0,15,93.27771691925426
7697,205,0,1,2,15,93.82015788792327
7698,206,1,0,0,16,93.28482963538848
7699,206,0,0,0,16,93.24864342157807
7700,206,0,0,0,16,93.29791832324317
7701,205,0,1,0,16,93.7339617677436
7702,205,0,0,1,14,93.76029222614713
7703,205,0,0,0,14,93.80921157495757
7704,205,0,0,0,14,93.76495721026025
7705,205,0,0,0,15,93.6824616728127
7706,204,0,1,1,14,94.16184906694464
7707,203,0,1,0,13,94.63443449194118
7708,203,0,0,0,11,94.67654226281792
7709,203,0,0,1,11,94.63802414892086
7710,203,0,0,1,11,94.60802721555761
7711,203,0,0,0,11,94.6684035983379
7712,203,0,0,0,11,94.63974971213439
7713,204,1,0,0,14,94.24801960538454
7714,204,0,0,1,14,94.25384864981017
7715,205,1,0,1,15,93.7478428755808
7716,206,1,0,0,16,93.34939203917057
7717,206,0,0,0,15,93.44172597827085
7718,208,2,0,0,18,92.60034065669332
7719,208,1,1,0,19,92.48142610638355
7720,208,0,0,0,18,92.5815248177395
7721,208,0,0,0,18,92.54000075539184
7722,208,0,0,0,18,92.58330412533284
7723,207,0,1,2,18,93.05114415519505
7724,207,0,0,0,16,93.08580957731145
7725,207,0,0,0,17,93.09641073147532
7726,207,0,0,0,17,93.08959459004697
7727,207,0,0,1,17,93.09237808699463
7728,207,0,0,1,17,93.12187515363571
7729,207,0,0,0,17,93.11598711403002
7730,205,0,2,0,17,93.91024790709356
7731,205,0,0,1,14,93.96123501076532
7732,204,0,1,0,14,94.5076560801976
7733,203,0,1,0,11,94.98925638711157
7734,203,0,0,0,10,94.9160810091627
7735,203,0,0,2,9,94.89837076242421
7736,203,0,0,0,9,94.94664255729374
7737,203,0,0,0,9,94.82770329330374
7738,203,0,0,0,9,94.74912561146641
7739,203,0,0,0,9,94.8247525974672
7740,203,0,0,0,9,94.81918220948883
7741,202,0,1,0,9,95.27438540191211
7742,202,0,0,0,8,95.29167928910985
7743,202,0,0,0,8,95.37895699321462
7744,204,2,0,0,10,94.40100676465569
7745,203,1,2,0,12,94.95143678087058
7746,203,0,0,0,10,94.95940868474156
7747,204,1,0,0,11,94.5459890171022
7748,206,2,0,0,15,93.65541739612922
7749,206,0,0,0,15,93.58283542583035
7750,206,0,0,0,15,93.67504112733694
7751,205,0,1,0,15,94.12071601585437
7752,205,1,1,0,14,94.04893125428414
7753,205,0,0,0,11,94.11159988912594
7754,205,0,0,0,11,94.08381877050925
7755,205,1,1,4,11,94.11686713395936
7756,205,0,0,0,9,94.15188620827348
7757,205,0,0,0,9,94.21203918969067
7758,204,0,1,0,10,94.64184638017481
7759,205,1,0,1,10,94.20126878762025
7760,205,0,0,1,12,94.30199868627075
7761,205,0,0,0,12,94.33535301670588
7762,205,0,0,0,12,94.28935730445608
7763,206,1,0,0,13,93.90799880377178
7764,206,0,0,0,13,93.91080118564119
7765,206,0,0,0,13,93.89227418311651
7766,207,1,0,0,13,93.43319299330689
7767,206,0,1,0,12,93.87944483738882
7768,206,0,0,0,11,93.88884412425628
7769,206,0,0,0,11,93.8342972706124
7770,205,0,1,1,12,94.26452622161999
7771,205,0,0,0,10,94.34370101221249
7772,205,0,0,0,9,94.49412336562723
7773,205,0,0,1,11,94.5339068178956
7774,206,1,0,0,12,94.10249898012232
7775,204,0,2,0,11,95.00060907705033
7776,204,0,0,0,9,94.91656920671016
7777,205,1,0,0,11,94.48471798301398
7778,205,0,0,0,11,94.53383531446444
7779,205,0,0,0,10,94.54085403184561
7780,206,1,0,0,12,94.08767675957547
7781,206,0,0,0,12,94.14931977758975
7782,206,0,0,0,12,94.05420097636478
7783,206,1,1,1,13,94.07462187943354
7784,206,1,1,0,13,94.14748357627052
7785,206,0,0,1,11,94.21462270472269
7786,204,0,2,1,11,95.09348026313552
7787,205,1,0,1,10,94.6754571445763
7788,205,0,0,1,11,94.76438722563282
7789,206,1,0,0,14,94.34312279493776
7790,208,2,0,0,17,93.48602273598004
7791,208,0,0,0,17,93.41524105181233
7792,207,0,1,0,17,93.79416145721072
7793,205,0,2,0,13,94.65450827008132
7794,207,2,0,1,15,93.90089542112027
7795,209,2,0,0,19,93.12195114350425
7796,209,0,0,0,19,93.10219383294857
7797,210,1,0,0,20,92.73710595451705
7798,209,0,1,0,19,93.09935420817108
7799,209,0,0,0,16,93.01072469860694
7800,210,1,0,0,18,92.61903301058413
7801,210,1,1,1,19,92.64322138193972
7802,210,0,0,0,18,92.57219689625332
7803,209,0,1,0,18,93.01413240931682
7804,209,0,0,2,17,92.99639325551465
7805,209,0,0,0,17,93.01613148413881
7806,210,1,0,0,18,92.69103867116569
7807,211,1,0,0,18,92.26867327458956
7808,212,1,0,0,19,91.85356536730626
7809,212,0,0,0,20,91.95414110369843
7810,212,0,0,0,20,91.87986325565521
7811,213,1,0,1,21,91.53529888323493
7812,213,0,0,0,20,91.50101454217513
7813,215,2,0,0,24,90.78579624063048
7814,215,0,0,0,24,90.76259015613589
7815,215,0,0,0,24,90.71239992801281
7816,215,0,0,0,24,90.7297517998228
7817,215,0,0,0,23,90.78005208911347
7818,216,1,0,0,25,90.42244500291329
7819,215,0,1,0,26,90.82092308482595
7820,215,0,0,1,24,90.74183813583159
7821,215,0,0,0,24,90.71395839792628
7822,216,1,0,0,25,90.25709841603322
7823,213,0,3,0,25,91.52414648460517
7824,213,0,0,0,20,91.48509806482896
7825,210,0,3,0,20,92.64485341822648
7826,210,0,0,1,15,92.70308793692278
7827,210,0,0,0,15,92.63089982404983
7828,209,0,1,0,15,93.1461782490849
7829,209,0,0,0,14,93.04958852941006
7830,210,1,0,2,15,92.61592624473938
7831,209,0,1,0,15,93.18543533542028
7832,211,2,0,1,17,92.32897604725835
7833,212,1,0,1,18,91.98714095404152
7834,212,0,0,0,18,92.11529641870624
7835,211,0,1,0,17,92.50405224436744
7836,211,1,1,0,17,92.4413202016793
7837,210,1,2,0,18,92.79586792655621
7838,210,0,0,1,17,92.76603295681929
7839,210,0,0,0,17,92.73083087089718
7840,210,0,0,0,16,92.75259669334112
7841,210,0,0,0,16,92.79598829872134
7842,211,1,0,3,15,92.3597709922018
7843,211,0,0,0,15,92.44418705496778
7844,212,1,0,0,18,91.99104585409785
7845,213,1,0,0,19,91.68070890985032
7846,214,1,0,0,19,91.23322192293777
7847,214,0,0,0,21,91.17825669208449
7848,214,0,0,0,21,91.24285372409066
7849,213,0,1,1,21,91.65635652873507
7850,212,0,1,0,19,92.06372844489199
7851,212,0,0,0,17,91.9785627170056
7852,212,0,0,1,17,92.02864241145946
7853,211,0,1,0,17,92.4058665222941
7854,210,0,1,0,16,92.86585074410557
7855,210,0,0,0,15,92.94000190137241
7856,211,1,0,1,17,92.43964487377227
7857,211,0,0,1,17,92.53608478265546
7858,211,0,0,1,17,92.51808920554541
7859,209,0,2,0,17,93.50151743282572
7860,209,0,0,0,14,93.43230912372145
7861,209,0,0,1,14,93.28265502092565
7862,209,0,0,1,13,93.28480487285184
7863,208,0,1,0,13,93.76651755603562
7864,208,0,0,0,12,93.75861463972063
7865,209,1,0,2,13,93.4046133159871
7866,208,0,1,0,13,93.87248554625096
7867,208,1,1,0,13,93.91467762986669
7868,208,1,1,0,14,93.89029572174384
7869,208,0,0,1,12,93.88967023472586
7870,207,0,1,2,12,94.41144112868585
7871,207,0,0,0,10,94.41658656527342
7872,207,0,0,0,10,94.4217969936089
7873,207,0,0,0,11,94.45870470730436
7874,208,1,0,0,12,93.91715464289486
7875,208,0,0,0,12,93.96852383880287
7876,208,0,0,1,11,93.91941382911166
7877,208,1,1,0,12,94.0470299724438
7878,209,1,0,0,12,93.66858709357072
7879,209,0,0,0,12,93.7830171371858
7880,210,1,0,0,14,93.26023489375856
7881,210,0,0,1,14,93.30456342541014
7882,210,0,0,0,15,93.23416902148507
7883,210,0,0,0,14,93.18588995294616
7884,211,1,0,0,16,92.80798075466554
7885,213,2,0,0,19,92.04770678284294
7886,214,1,0,0,21,91.69876478999713
7887,216,2,0,0,23,90.89129672489959
7888,217,1,0,1,24,90.4315705241828
7889,216,0,1,0,24,90.9372133613152
7890,215,0,1,0,22,91.23446151856348
7891,215,0,0,0,20,91.3852175292678
7892,215,0,0,0,20,91.37098357152105
7893,216,1,0,0,21,91.02848233869202
7894,217,1,0,0,23,90.67491249900202
7895,217,0,0,0,23,90.7988673876486
7896,218,1,0,0,25,90.397718587935
7897,218,0,0,0,25,90.3680611073063
7898,217,0,1,0,25,90.73587442209303
7899,217,0,0,0,24,90.75589014774008
7900,217,0,0,2,26,90.7455593115658
7901,216,0,1,0,26,91.19751569517591
7902,216,0,0,0,24,91.14265542992891
7903,216,1,1,0,26,91.1478147592564
7904,214,0,2,0,24,91.90245414834328
7905,213,0,1,0,20,92.43201541100628
7906,212,0,1,0,18,92.84400676075141
7907,212,0,0,0,16,92.77608601171929
7908,210,0,2,0,16,93.71254812528676
7909,211,1,0,0,14,93.22099684237521
7910,211,0,0,0,14,93.19834922212327
7911,211,0,0,1,13,93.22597818279357
7912,212,1,0,1,15,92.85957893925584
7913,211,0,1,0,15,93.35315828634323
7914,211,0,0,0,14,93.32820943911817
7915,209,1,3,0,15,94.20534153520606
7916,207,0,2,0,11,95.09507682074698
7917,208,1,0,0,11,94.734891504148
7918,209,1,0,0,12,94.21972994952114
7919,209,0,0,0,12,94.26673731265082
7920,209,0,0,1,12,94.27756030093312
7921,209,0,0,1,12,94.22883225926428
7922,208,0,1,0,12,94.73693739999536
7923,209,1,0,0,12,94.39952329139614
7924,208,0,1,0,12,94.84464672739855
7925,208,0,0,0,11,94.8810543061131
7926,209,1,0,0,12,94.40683515558264
7927,210,1,0,0,14,94.06005773167398
7928,211,1,0,0,16,93.66792560721706
7929,212,1,0,1,17,93.20863873097832
7930,212,0,0,0,17,93.13966148077856
7931,212,0,0,0,17,93.22268605421627
7932,211,0,1,0,17,93.67371795050754
7933,212,1,0,0,16,93.25136284999786
7934,212,0,0,0,16,93.29729224966697
7935,212,0,0,0,16,93.26702726409644
7936,210,0,2,0,16,94.14536010711731
7937,211,1,0,0,15,93.75248583477652
7938,211,0,0,0,15,93.76061663906972
7939,212,1,0,0,17,93.43686796787767
7940,214,2,0,1,22,92.5175025978359
7941,214,0,0,0,21,92.4854507461678
7942,214,0,0,0,21,92.47785253275306
7943,213,0,1,0,21,93.0244615084393
7944,212,0,1,0,20,93.41985395863932
7945,210,0,2,0,20,94.3454006354474
7946,209,0,1,0,13,94.92761865402814
7947,209,0,0,0,12,94.88389241537817
7948,211,2,0,0,15,93.95272607334456
7949,210,0,1,0,15,94.31962356873605
7950,211,1,0,0,14,93.90707942477887
7951,210,0,1,1,14,94.34937788637218
7952,210,0,0,0,13,94.40841020287745
7953,210,0,0,0,13,94.4387665391402
7954,211,1,0,0,14,93.9843679112826
7955,211,0,0,0,14,94.03109291191106
7956,211,0,0,0,14,94.08125854160795
7957,211,0,0,1,13,94.0531926095536
7958,212,1,0,1,14,93.46475987824593
7959,211,0,1,0,14,93.93372563054267
7960,212,1,0,0,13,93.53116517329042
7961,211,0,1,0,13,93.93279557732859
7962,210,0,1,0,12,94.41255392698916
7963,211,1,0,0,12,94.01411336152668
7964,211,0,0,1,12,94.01765543601641
7965,209,0,2,0,12,94.92198085946505
7966,209,0,0,0,10,94.89492925698414
7967,209,0,0,1,10,94.91567916189949
7968,209,0,0,0,10,94.95760392108231
7969,209,0,0,1,10,94.98684104802527
7970,210,1,0,0,11,94.53312635398454
7971,210,0,0,0,11,94.57935154094552
7972,208,0,2,0,11,95.47143733040613
7973,208,0,0,0,9,95.429999442601
7974,208,0,0,0,9,95.45131531098984
7975,208,0,0,0,9,95.43812799304926
7976,208,0,0,1,8,95.3950679608675
7977,208,0,0,0,8,95.43458855366997
7978,209,1,0,1,10,94.99372544246599
7979,208,0,1,0,9,95.4499188980261
7980,208,0,0,0,9,95.44179772675758
7981,208,0,0,0,9,95.37976237021387
7982,208,0,0,0,9,95.34138569755633
7983,207,0,1,1,9,95.87137273026005
7984,207,0,0,0,7,96.01201174524998
7985,208,1,0,1,9,95.57947272055434
7986,209,1,0,0,10,95.1179430665441
7987,209,0,0,0,10,95.15133082981056
7988,210,1,0,0,11,94.76264410978833
7989,210,0,0,0,11,94.7440901606251
7990,209,0,1,0,11,95.19712143082336
7991,208,0,1,0,8,95.56256111032634
7992,208,0,0,0,7,95.59686728136535
7993,210,2,0,0,10,94.7705368998181
7994,211,1,0,1,11,94.41546349321453
7995,212,1,0,1,13,94.03761838801263
7996,212,1,1,1,14,94.07176544082613
7997,212,0,0,0,13,94.06643034908328
7998,212,0,0,0,13,94.04283140518145
7999,213,2,1,2,16,93.61439249571896
8000,212,0,1,0,14,94.05760368308532
8001,213,1,0,0,14,93.68527392870662
8002,213,0,0,0,14,93.64098977005294
8003,213,0,0,0,14,93.68605193363435
8004,212,0,1,0,14,94.03185962611411
8005,211,0,1,0,12,94.38461657293752
8006,212,1,0,0,12,94.02305629959749
8007,213,1,0,0,13,93.65063955529872
8008,212,0,1,0,13,94.06564907977928
8009,212,0,0,0,12,94.12345116546437
8010,212,0,0,0,12,94.06138263985403
8011,212,0,0,0,12,94.09691647089872
8012,213,1,0,0,14,93.68621322550298
8013,213,0,0,0,14,93.66889065814856
8014,213,0,0,0,14,93.80259298589954
8015,212,0,1,1,14,94.15360048684398
8016,212,1,1,0,15,94.14480060613855
8017,211,0,1,0,14,94.484354147558
8018,212,1,0,0,13,94.21119683084409
8019,212,1,1,0,14,94.19253243767186
8020,213,1,0,0,14,93.80067687215909
8021,213,0,0,0,14,93.88675789245684
8022,213,0,0,0,14,93.95500764832649
8023,213,0,0,0,14,93.82429913755557
8024,213,1,1,0,15,93.87775694544065
8025,213,1,1,0,14,93.96317342924702
8026,214,1,0,0,13,93.57729594119301
8027,213,0,1,0,13,94.04875676105158
8028,215,2,0,0,14,93.19958079467835
8029,215,0,0,1,14,93.19044317392604
8030,217,2,0,0,16,92.39979864572787
8031,218,2,1,0,19,92.03447931048568
8032,219,1,0,0,20,91.67885333718493
8033,220,1,0,0,21,91.27429742902481
8034,219,0,1,0,21,91.75399106125492
8035,219,0,0,1,20,91.74864361507026
8036,219,0,0,0,20,91.77783788406289
8037,219,0,0,1,19,91.67929456094294
8038,220,1,0,0,22,91.33420831401428
8039,219,0,1,0,22,91.71807104059877
8040,218,1,2,0,22,92.13943479671461
8041,216,0,2,1,19,93.0110100648459
8042,216,0,0,0,15,93.10236748257674
8043,216,0,0,0,15,93.06966258958802
8044,216,0,0,0,15,93.05953872925281
8045,216,0,0,0,15,93.01592545499994
8046,217,1,0,0,16,92.67338292677127
8047,217,0,0,0,16,92.69688792549863
8048,216,0,1,0,16,93.04494581202572
8049,215,0,1,1,15,93.4209903241769
8050,218,3,0,0,17,92.19988309673259
8051,219,1,0,0,18,91.74662965787125
8052,218,0,1,0,18,92.20802859980941
8053,218,0,0,0,17,92.27129828803494
8054,218,0,0,1,17,92.21963691384306
8055,219,1,0,0,18,91.88886642437194
8056,219,0,0,1,18,91.80653977763181
8057,219,0,0,0,18,91.78270247301407
8058,220,1,0,1,20,91.33365376640334
8059,220,1,1,0,21,91.37900061588287
8060,220,1,1,0,23,91.46675966997543
8061,220,0,0,1,22,91.44255703450649
8062,220,0,0,0,23,91.49052189152496
8063,220,0,0,0,23,91.39004758616707
8064,216,0,4,0,23,93.16026704491436
8065,216,0,0,1,15,93.13305887728626
8066,215,0,1,1,15,93.5261121031463
8067,215,0,0,0,14,93.60235249684534
8068,215,0,0,0,14,93.57988848732477
8069,216,1,0,1,15,93.1302335903104
8070,216,0,0,0,15,93.2361852594853
8071,214,0,2,1,15,93.98956316815593
8072,213,0,1,0,13,94.44146923223289
8073,213,0,0,0,11,94.41521322873474
8074,213,0,0,1,10,94.39404938470777
8075,214,1,0,0,11,94.03353557741832
8076,214,0,0,0,11,94.04839038308066
8077,214,0,0,0,11,94.05794516807282
8078,214,0,0,0,11,94.05976238157487
8079,212,0,2,2,11,94.94437859697186
8080,211,0,1,0,9,95.35540126193493
8081,211,0,0,1,8,95.4222671876723
8082,213,2,0,0,10,94.63565480671487
8083,216,3,0,0,14,93.48555291344758
8084,216,0,0,0,14,93.39063188699977
8085,216,0,0,1,14,93.45764127916263
8086,216,0,0,0,14,93.51186909372402
8087,216,0,0,0,14,93.42100615629843
8088,215,0,1,2,14,93.80809703073552
8089,215,1,1,1,14,93.84667027057161
8090,215,1,1,0,15,93.96513048775961
8091,215,0,0,0,13,93.95879864164394
8092,216,1,0,0,15,93.5729269447268
8093,217,1,0,1,16,93.10356228472325
8094,218,1,0,0,17,92.73707903065949
8095,218,0,0,0,17,92.71802310201697
8096,217,0,1,1,17,93.12316041712684
8097,217,0,0,0,15,93.22182605522168
8098,218,1,0,0,16,92.81089304651024
8099,220,2,0,0,20,91.9442185430926
8100,220,0,0,0,20,91.95754841958097
8101,219,0,1,1,20,92.2806838536038
8102,219,1,1,0,19,92.42285853530797
8103,219,0,0,0,18,92.433731838879
8104,218,0,1,0,18,92.91526580847983
8105,217,0,1,1,17,93.31958094558459
8106,217,0,0,0,16,93.24130690890644
8107,217,1,1,0,18,93.2778208783054
8108,216,0,1,1,16,93.76311415107504
8109,216,0,0,0,15,93.58831435780682
8110,217,2,1,1,20,93.21212309708659
8111,217,0,0,0,19,93.20014454095954
8112,216,0,1,1,19,93.62109303165875
8113,216,0,0,0,17,93.61629283356434
8114,215,0,1,0,17,94.07825514368602
8115,215,0,0,0,14,94.037654846036
8116,214,0,1,0,14,94.41126687976903
8117,214,0,0,1,13,94.48085453182932
8118,215,1,0,0,14,94.03863605352771
8119,214,0,1,1,14,94.54458682032944
8120,213,0,1,0,13,95.09429729069961
8121,213,0,0,0,11,95.07071162743811
8122,213,0,0,0,11,95.10693096720831
8123,212,0,1,0,11,95.55701338043352
8124,212,0,0,0,10,95.63874810284338
8125,212,0,0,0,10,95.60145310074624
8126,212,0,0,0,10,95.64743817826484
8127,212,0,0,0,10,95.56907436744443
8128,212,0,0,0,10,95.56338535799325
8129,212,0,0,0,10,95.54933169705879
8130,213,1,0,1,12,95.18637694078298
8131,213,0,0,1,12,95.19143664565458
8132,213,0,0,0,12,95.16516508399175
8133,212,0,1,1,12,95.56820909632026
8134,212,0,0,0,11,95.65437340112425
8135,212,0,0,0,11,95.62710330080677
8136,212,0,0,2,11,95.52319922255882
8137,212,0,0,0,11,95.59596362784949
8138,212,0,0,0,11,95.73300883727238
8139,212,0,0,1,11,95.73154020032679
8140,210,0,2,0,11,96.58013179507459
8141,212,2,0,0,10,95.73758466151783
8142,212,0,0,0,10,95.75075289269759
8143,212,0,0,0,10,95.73809625762478
8144,211,0,1,0,10,96.14075915871368
8145,212,1,0,1,9,95.77566002018301
8146,211,0,1,0,9,96.21518526866622
8147,212,1,0,0,11,95.69459599208916
8148,212,0,0,0,11,95.7248975516789
8149,212,0,0,0,11,95.80837946379474
8150,212,0,0,0,11,95.81834987024068
8151,212,0,0,1,11,95.73629270258398
8152,212,0,0,1,11,95.77045846855343
8153,210,0,2,1,11,96.71464821469856
8154,210,0,0,0,6,96.72447146889516
8155,211,1,0,0,7,96.28787824416436
8156,212,1,0,0,9,95.96528515355766
8157,212,0,0,0,9,95.96761032810802
8158,213,1,0,0,10,95.54404141699197
8159,212,0,1,0,10,95.91408256816268
8160,212,0,0,1,9,95.91496254985749
8161,212,0,0,0,9,95.93601382000709
8162,212,0,0,0,9,95.95491226423165
8163,212,0,0,0,9,95.91179001227935
8164,212,0,0,0,9,95.95475905903103
8165,211,0,1,0,9,96.31589687615124
8166,211,0,0,0,8,96.39256651842963
8167,210,0,1,0,8,96.82039227161731
8168,208,0,2,0,6,97.76050942708041
8169,209,1,0,0,6,97.26099874873012
8170,209,0,0,0,6,97.23596463735909
8171,208,0,1,2,6,97.71375364593267
8172,208,0,0,0,5,97.67872782517341
8173,207,0,1,0,5,98.14059241347356
8174,207,0,0,0,3,98.07360232578378
8175,207,0,0,0,3,98.0818300373478
8176,207,0,0,1,3,98.06065007051266
8177,207,0,0,0,3,98.13410667071246
8178,207,0,0,1,3,98.18157853151779
8179,208,2,1,1,6,97.67609294833161
8180,208,0,0,0,5,97.65037500658589
8181,209,1,0,0,6,97.23392392803305
8182,209,0,0,0,6,97.28386634292457
8183,209,0,0,0,6,97.316759777607
8184,209,0,0,0,6,97.32440190317419
8185,209,0,0,0,6,97.28039181416813
8186,209,0,0,1,6,97.31833920511438
8187,209,0,0,0,6,97.30705988120445
8188,209,0,0,0,6,97.3171899655135
8189,210,1,0,0,7,96.72935102199504
8190,210,0,0,0,7,96.78180011113712
8191,211,1,0,1,8,96.31755742339884
8192,212,1,0,1,9,95.83447539175171
8193,212,0,0,0,9,95.86397422465149
8194,213,1,0,1,11,95.48273644988258
8195,214,1,0,0,12,95.14278738167053
8196,214,0,0,1,11,95.14619205307825
8197,214,0,0,0,11,95.14489295554019
8198,214,0,0,0,11,95.25526351462447
8199,215,1,0,0,12,94.80009926653295
8200,215,0,0,3,13,94.78079495645268
8201,215,0,0,0,13,94.70542598756008
8202,215,0,0,0,13,94.8101116278677
8203,215,0,0,0,13,94.77185111001967
8204,215,0,0,0,13,94.78083260905454
8205,215,0,0,1,13,94.66924118674305
8206,215,0,0,0,13,94.65379473308445
8207,214,0,1,0,13,95.05765456327681
8208,215,2,1,0,15,94.63522644458861
8209,213,0,2,0,13,95.55103538185423
8210,213,0,0,0,11,95.52045636322924
8211,213,0,0,0,11,95.49545666393517
8212,212,0,1,0,11,95.96994958440926
8213,213,1,0,0,10,95.60378998758267
8214,213,0,0,1,10,95.61840893971159
8215,213,0,0,0,10,95.59127891802059
8216,213,1,1,0,11,95.63248953261481
8217,214,1,0,0,10,95.25960402889768
8218,215,1,0,0,11,94.7065475074852
8219,215,0,0,0,11,94.72825780058359
8220,216,1,0,0,12,94.32224132261727
8221,217,1,0,1,13,93.95136765168652
8222,219,2,0,1,15,93.16689437479813
8223,219,0,0,0,15,93.1734898128661
8224,220,1,0,0,16,92.8405536969962
8225,220,0,0,0,16,92.7568774501746
8226,222,2,0,0,18,91.92294964808656
8227,222,0,0,0,19,91.91679643259536
8228,222,0,0,1,19,91.87146685094288
8229,222,1,1,0,19,91.98565911626407
8230,222,0,0,0,19,92.08043988673101
8231,222,0,0,0,19,92.07332189120812
8232,221,0,1,0,19,92.53803244696691
8233,220,0,1,0,18,92.89352822557642
8234,220,0,0,0,15,92.91590292264975
8235,220,0,0,1,16,93.04034959933303
8236,220,0,0,1,15,92.94399031113156
8237,221,1,0,0,17,92.54879234359562
8238,221,0,0,0,17,92.56487965429478
8239,221,0,0,2,15,92.54150276273442
8240,221,0,0,1,15,92.48125393661827
8241,222,1,0,0,16,92.0963564260922
8242,222,0,0,1,16,92.15981950996554
8243,222,0,0,0,16,92.24609276777599
8244,223,1,0,0,17,91.868972415624
8245,224,1,0,0,18,91.49153936917246
8246,224,0,0,0,18,91.58392484680296
8247,224,0,0,1,18,91.58713334596385
8248,224,0,0,0,17,91.51415151161184
8249,224,0,0,0,18,91.5311819179391
8250,224,0,0,0,18,91.58212105951104
8251,224,0,0,0,18,91.5358141728971
8252,224,0,0,1,18,91.52940640639622
8253,225,2,1,0,20,91.15229959431227
8254,225,0,0,0,19,91.21588750543972
8255,224,0,1,0,19,91.66875078715047
8256,224,0,0,0,17,91.74507710032076
8257,223,0,1,0,17,92.13796838864776
8258,223,0,0,1,15,92.1148590166429
8259,223,0,0,0,15,92.12361748041255
8260,223,0,0,0,15,92.04154805739363
8261,224,1,0,0,16,91.72476091475303
8262,224,0,0,0,16,91.85469281551097
8263,223,0,1,0,16,92.30080589288748
8264,223,0,0,0,15,92.3387064438367
8265,223,0,0,2,15,92.21808461447732
8266,223,0,0,0,15,92.23283565856777
8267,223,0,0,0,15,92.18151100525267
8268,222,0,1,0,15,92.60589747180421
8269,226,4,0,0,19,91.03804473976524
8270,225,0,1,0,19,91.42143306076782
8271,225,1,1,0,19,91.51205970325547
8272,226,1,0,0,19,91.20048133515442
8273,227,1,0,1,20,90.85939270092047
8274,227,0,0,0,20,90.86347725501471
8275,227,0,0,0,20,90.81460515976596
8276,227,0,0,0,20,90.79973351100082
8277,228,1,0,1,21,90.43652410886291
8278,228,1,1,1,23,90.63723426231067
8279,228,0,0,1,22,90.62914518279051
8280,227,0,1,0,22,90.92418858328516
8281,227,0,0,0,20,90.90729766846438
8282,228,1,0,1,21,90.42258554338709
8283,226,0,2,1,20,91.29742076458372
8284,226,1,1,0,20,91.35705594453646
8285,226,0,0,1,18,91.45151942735295
8286,226,0,0,0,19,91.41286531675581
8287,226,0,0,0,19,91.47663991402453
8288,225,1,2,0,20,91.85398996429691
8289,224,0,1,0,17,92.28442597327137
8290,225,1,0,0,18,91.9507681392235
8291,225,0,0,1,18,91.98858988235015
8292,225,0,0,0,18,91.94382339045337
8293,225,0,0,1,16,91.94445964126326
8294,225,0,0,0,16,91.91434292654198
8295,225,0,0,0,17,91.97383900401483
8296,225,0,0,0,17,91.9371445693104
8297,225,0,0,0,18,91.94099368519186
8298,224,0,1,1,16,92.45774282898172
8299,222,0,2,0,15,93.31793795654643
8300,222,0,0,0,14,93.44470786089546
8301,223,1,0,0,15,93.0853719032038
8302,223,0,0,1,13,93.06568110727088
8303,223,0,0,0,13,93.17999853229611
8304,223,1,1,1,16,93.19973013085827
8305,224,1,0,0,16,92.73760810625808
8306,224,0,0,0,16,92.77022110494032
8307,224,1,1,0,17,92.73692168601544
8308,223,0,1,0,14,93.18298090568165
8309,222,0,1,0,13,93.66003617721424
8310,222,0,0,0,11,93.62457484487064
8311,222,0,0,0,11,93.7638116377173
8312,222,0,0,0,11,93.71332433319803
8313,222,0,0,0,11,93.74399227142395
8314,223,1,0,1,11,93.32958822133345
8315,223,0,0,0,11,93.4125154020121
8316,224,1,0,0,12,92.96574092660205
8317,224,0,0,0,12,92.99420506272212
8318,223,0,1,0,12,93.4568357739263
8319,223,0,0,0,12,93.50860669898543
8320,223,0,0,1,11,93.63246966491248
8321,222,0,1,1,11,94.03846207029514
8322,223,1,0,0,11,93.57483614555609
8323,222,0,1,0,11,93.96277613755109
8324,221,0,1,0,10,94.43659245140991
8325,222,1,0,0,11,94.09282576731934
8326,224,2,0,1,13,93.38602192994215
8327,224,1,1,0,16,93.37775583320789
8328,224,0,0,0,14,93.39312643421893
8329,224,0,0,1,14,93.41057118617778
8330,224,1,1,0,14,93.49113036671284
8331,223,0,1,0,13,93.9595883020144
8332,224,1,0,0,14,93.66145761212819
8333,225,1,0,0,15,93.26416643250326
8334,223,1,3,2,16,94.098170823157
8335,222,0,1,0,12,94.5555025007694
8336,222,0,0,0,10,94.49255685461051
8337,222,0,0,1,10,94.48392025873953
8338,222,0,0,0,10,94.50843770469292
8339,221,0,1,0,10,94.91732474357394
8340,220,0,1,1,9,95.346382557857
8341,219,0,1,0,8,95.88265370390516
8342,219,0,0,2,7,95.88265908374564
8343,219,0,0,0,7,95.94136511113211
8344,219,0,0,0,7,95.88051704917925
8345,219,0,0,1,7,95.93292340581225
8346,220,1,0,0,8,95.53397327429418
8347,221,1,0,0,9,95.15243806014423
8348,221,0,0,0,9,95.18561834735841
8349,221,0,0,1,9,95.1970910433034
8350,221,0,0,0,9,95.24627577661873
8351,221,0,0,0,9,95.21839739763176
8352,221,0,0,0,9,95.23435764546306
8353,221,0,0,0,9,95.23099165248664
8354,222,1,0,0,10,94.83384680377115
8355,222,0,0,0,10,94.86351069866464
8356,222,0,0,0,10,94.84472872832465
8357,222,0,0,0,10,94.85980397683116
8358,223,1,0,0,12,94.5114489676999
8359,224,1,0,2,14,94.11271862984418
8360,224,0,0,0,14,94.11381615069796
8361,225,1,0,0,16,93.68676046323091
8362,226,1,0,1,17,93.30079038188666
8363,225,0,1,0,17,93.74359148678579
8364,225,1,1,1,17,93.76299171602919
8365,225,1,1,0,16,93.84279026563834
8366,225,0,0,0,15,93.91819251802978
8367,225,0,0,1,15,93.89443697618869
8368,225,1,1,1,16,93.85632735219394
8369,225,0,0,1,15,93.90379780154073
8370,225,0,0,0,15,93.90376368389958
8371,225,0,0,0,15,94.00447798658132
8372,225,0,0,1,15,93.95338541400073
8373,225,0,0,0,15,93.99779657109238
8374,226,1,0,1,17,93.6101764810236
8375,226,0,0,0,17,93.62256549659176
8376,227,1,0,1,18,93.29983343052452
8377,227,0,0,1,18,93.22684437215922
8378,227,0,0,0,18,93.24551411053052
8379,228,1,0,0,20,92.84636334340956
8380,229,1,0,0,21,92.48241411590327
8381,228,0,1,1,21,92.81148687008847
8382,228,0,0,1,19,92.85108705220262
8383,227,1,2,0,20,93.26567016324763
8384,226,0,1,0,18,93.66248619309755
8385,226,0,0,0,17,93.63027348005546
8386,226,0,0,0,17,93.63088768733296
8387,226,0,0,1,17,93.69049381617447
8388,227,1,0,2,18,93.27871127809958
8389,226,0,1,0,18,93.66851702859496
8390,228,2,0,0,19,92.85318444886893
8391,227,0,1,0,19,93.16401464256096
8392,226,0,1,0,18,93.64833406802187
8393,225,0,1,0,16,94.01725112918939
8394,224,0,1,0,15,94.46093114123758
8395,224,0,0,0,14,94.47189840813313
8396,223,0,1,0,14,94.88009757479868
8397,223,0,0,0,13,94.81088321459453
8398,223,0,0,1,13,94.70773583350852
8399,223,0,0,0,13,94.75181563788819
8400,223,0,0,0,13,94.76955611780983
8401,222,0,1,1,13,95.29298817467593
8402,222,0,0,0,12,95.31583787658168
8403,223,1,0,0,14,94.91624840542198
8404,222,0,1,2,14,95.28028736961238
8405,224,2,0,0,15,94.52468767334237
8406,225,1,0,0,16,94.16221308065714
8407,227,2,0,0,18,93.40012699750477
8408,227,0,0,0,18,93.38680528535258
8409,227,0,0,0,18,93.26742265857524
8410,227,0,0,0,18,93.20642866302907
8411,226,0,1,0,18,93.62127385862428
8412,227,1,0,0,17,93.23020052163766
8413,227,0,0,0,17,93.22109185477252
8414,228,1,0,0,20,92.81874348287656
8415,228,1,1,0,21,92.94629689758779
8416,228,1,1,1,21,92.97242022156323
8417,229,1,0,0,21,92.5478424668348
8418,229,1,1,0,25,92.55398812451115
8419,228,0,1,1,21,92.93464089187088
8420,228,0,0,1,18,92.91879465220192
8421,229,1,0,0,20,92.44008773141911
8422,228,0,1,0,19,92.82441313202371
8423,228,0,0,1,20,92.85325693034414
8424,228,0,0,0,20,92.86438784626877
8425,228,1,1,0,23,92.82761301821257
8426,227,0,1,0,22,93.268320906535
8427,227,0,0,0,19,93.26106102314222
8428,227,0,0,0,18,93.25215375150981
8429,227,0,0,0,18,93.24236254266721
8430,225,0,2,0,18,94.03252514381283
8431,227,2,0,0,20,93.21857545894841
8432,226,0,1,1,20,93.67012002057234
8433,226,0,0,0,18,93.55821132040509
8434,226,1,1,0,19,93.6733069336465
8435,226,0,0,1,17,93.56773560495293
8436,226,0,0,0,17,93.59709379093212
8437,224,0,2,0,17,94.52879151785639
8438,225,1,0,0,14,94.05881407706806
8439,225,0,0,1,14,93.96870926023173
8440,224,0,1,0,14,94.43112374124219
8441,224,1,1,0,13,94.38411812345755
8442,223,0,1,0,12,94.79630895569579
8443,223,1,1,0,13,94.85426141440497
8444,221,0,2,0,12,95.70957638269265
8445,222,1,0,0,11,95.26983687821959
8446,222,0,0,1,11,95.34129952925693
8447,222,0,0,0,11,95.31721588677944
8448,222,0,0,0,11,95.31123921155712
8449,222,0,0,0,11,95.32291694793095
8450,222,0,0,0,11,95.28990535405657
8451,222,0,0,0,11,95.32108734689997
8452,222,0,0,0,11,95.31069865711684
8453,222,0,0,0,11,95.25189174878888
8454,222,0,0,0,11,95.23799766228309
8455,223,1,0,1,12,94.817307289614
8456,223,0,0,1,12,94.81698113611627
8457,222,0,1,0,12,95.21906276628415
8458,221,0,1,0,10,95.59152230443172
8459,221,0,0,1,9,95.67360040614558
8460,221,0,0,0,9,95.66704316539058
8461,221,0,0,0,9,95.61018713845436
8462,223,2,0,0,11,94.83339048668233
8463,223,0,0,0,11,94.87341818372695
8464,224,1,0,0,12,94.51652043964187
8465,224,0,0,0,12,94.48943080453603
8466,225,1,0,1,13,94.06322792646706
8467,225,0,0,0,13,94.04692621519362
8468,225,0,0,0,13,93.99848443366272
8469,226,1,0,0,14,93.70701599657123
8470,226,0,0,0,14,93.69752181706887
8471,227,1,0,0,15,93.2692420769176
8472,228,2,1,0,18,92.88097012921386
8473,229,1,0,0,17,92.6140018005852
8474,229,0,0,0,17,92.51033893362813
8475,228,0,1,0,18,92.94959342625944
8476,228,0,0,0,16,92.90656869649975
8477,228,1,1,1,18,92.83997532711263
8478,228,0,0,0,17,92.81417130578487
8479,227,0,1,0,17,93.28129237257058
8480,227,0,0,0,16,93.19880771298783
8481,227,0,0,0,16,93.22901411472675
8482,228,1,0,0,17,92.87442056987823
8483,229,1,0,0,19,92.49308925263232
8484,229,0,0,0,18,92.59004456089181
8485,229,0,0,0,18,92.51371567702128
8486,229,0,0,0,18,92.47347543264851
8487,230,1,0,0,20,92.08465234616764
8488,231,1,0,0,20,91.75708673101174
8489,231,0,0,1,20,91.7063126532456
8490,230,0,1,0,21,92.01000583727807
8491,229,0,1,0,19,92.42397841780347
8492,229,0,0,1,18,92.47826693901325
8493,230,1,0,0,20,92.03086535145894
8494,230,0,0,0,20,92.04011083128742
8495,230,0,0,0,19,92.10192560319676
8496,230,0,0,0,20,92.10906812001984
8497,232,2,0,0,21,91.24892618939384
8498,232,0,0,0,22,91.22749676541322
8499,229,0,3,0,22,92.41705536676169
8500,228,0,1,0,18,92.80699884161737
8501,227,0,1,0,17,93.26684527978969
8502,227,0,0,0,15,93.34378100584611
8503,226,0,1,0,15,93.77778457190533
8504,228,2,0,0,16,92.94880212921295
8505,228,0,0,0,16,92.87568656005094
8506,228,1,1,0,17,92.94305708964538
8507,229,1,0,1,17,92.51345907585858
8508,229,0,0,0,17,92.61426593394339
8509,229,1,1,1,17,92.56919660178383
8510,227,0,2,1,16,93.32749681332444
8511,227,0,0,0,15,93.28417269153525
8512,229,2,0,0,19,92.49065519949758
8513,229,0,0,0,19,92.44465951301076
8514,229,0,0,0,19,92.42930936659918
8515,229,0,0,0,19,92.55865100371136
8516,229,0,0,0,19,92.54237359331204
8517,229,0,0,0,19,92.57131388981188
8518,229,0,0,0,19,92.53851104918351
8519,229,0,0,0,19,92.50958858086204
8520,229,0,0,1,19,92.51426976055029
8521,229,0,0,1,19,92.48697832784966
8522,228,0,1,0,19,92.87940883792496
8523,227,0,1,0,17,93.29528247164892
8524,227,0,0,0,15,93.3662398752639
8525,226,0,1,0,15,93.71460156830713
8526,226,0,0,1,14,93.59439511157369
8527,227,1,0,1,15,93.13430993150659
8528,226,0,1,0,15,93.62120214786023
8529,226,0,0,0,14,93.58134133090556
8530,225,0,1,0,14,94.06945826924516
8531,224,0,1,0,13,94.52538780818368
8532,225,1,0,1,13,94.01881739580955
8533,226,1,0,0,14,93.62009435660485
8534,226,0,0,0,14,93.65567653708759
8535,226,0,0,0,14,93.72284304498785
8536,226,0,0,1,13,93.66714057396938
8537,226,0,0,0,13,93.73670169823875
8538,227,1,0,0,14,93.40411070153806
8539,228,1,0,0,15,92.94871207264455
8540,228,0,0,0,15,92.93433370545645
8541,228,0,0,0,15,92.93448656925496
8542,229,1,0,0,17,92.54444043785308
8543,228,0,1,0,17,92.9548037224774
8544,227,0,1,0,15,93.36659713257592
8545,227,0,0,0,14,93.27542095612108
8546,227,0,0,1,15,93.317733151008
8547,227,0,0,0,15,93.31513674304117
8548,228,1,0,1,18,92.96286479591772
8549,228,0,0,1,18,93.06643055451083
8550,229,1,0,0,20,92.63884542327325
8551,230,1,0,1,21,92.23969504935089
8552,229,0,1,0,21,92.59345747614859
8553,229,0,0,0,19,92.6116472397128
8554,229,0,0,1,19,92.6149070674083
8555,230,1,0,0,20,92.26646396120753
8556,230,0,0,0,20,92.32383104040241
8557,229,0,1,0,20,92.74679451497298
8558,229,0,0,0,19,92.68694468705927
8559,230,1,0,0,21,92.35192724501229
8560,230,0,0,0,21,92.32401834866711
8561,230,1,1,0,23,92.41894443133563
8562,230,0,0,1,22,92.25023996052906
8563,230,0,0,1,22,92.27327619153681
8564,231,1,0,0,23,91.95523728417504
8565,232,1,0,1,25,91.52899033569581
8566,231,0,1,0,25,91.97057886446157
8567,231,0,0,0,22,91.90160047192711
8568,230,0,1,0,23,92.24320258253377
8569,229,0,1,2,22,92.6421185827607
8570,229,0,0,0,21,92.73045357644597
8571,228,0,1,0,21,93.16664176547721
8572,228,0,0,0,19,93.13475520818375
8573,228,0,0,0,19,93.09672390519027
8574,227,0,1,0,19,93.53349460451007
8575,226,0,1,0,18,93.97581231230821
8576,226,0,0,1,16,93.99325911247514
8577,226,0,0,1,16,94.02671298309376
8578,226,0,0,1,16,93.97085141596834
8579,225,0,1,0,16,94.36568319868839
8580,225,0,0,0,14,94.39589516768064
8581,225,0,0,0,14,94.42268788681757
8582,226,1,0,0,15,93.94880086328821
8583,224,0,2,1,15,94.78970796498986
8584,224,0,0,0,11,94.74167058992647
8585,224,0,0,0,11,94.79968067937635
8586,224,0,0,0,11,94.82922042060333
8587,223,0,1,0,11,95.27839594574458
8588,223,0,0,2,10,95.25870351631124
8589,223,0,0,0,10,95.2387484869288
8590,223,0,0,0,10,95.22309286390494
8591,225,2,0,0,12,94.4917287376657
8592,225,0,0,0,12,94.51441011636597
8593,226,1,0,0,14,94.17654687313116
8594,226,0,0,0,14,94.12397882889093
8595,226,0,0,0,14,94.11453075544489
8596,226,0,0,1,14,94.1403998252716
8597,226,0,0,0,14,94.15675966330957
8598,226,0,0,0,14,94.10500588581891
8599,226,0,0,0,14,94.05322737766242
8600,225,1,2,0,17,94.4442467296156
8601,225,0,0,0,13,94.51201742778184
8602,225,0,0,1,13,94.4853115398932
8603,225,0,0,1,13,94.45573021955191
8604,225,1,1,0,15,94.48391830894738
8605,226,1,0,1,14,94.03497481418255
8606,226,0,0,0,14,94.06018084911241
8607,226,0,0,0,14,94.0622207599751
8608,226,0,0,0,14,94.01705174040275
8609,225,0,1,0,14,94.38930542426849
8610,226,1,0,0,14,93.96391184690883
8611,224,0,2,0,14,94.75862178547636
8612,224,0,0,0,12,94.74313121654312
8613,225,1,0,0,13,94.35415519595578
8614,224,0,1,0,13,94.88428122167556
8615,224,0,0,0,12,94.91002827916438
8616,225,1,0,0,14,94.53362059078185
8617,225,0,0,0,14,94.51798040784855
8618,225,0,0,1,14,94.42568279090037
8619,224,1,2,0,15,94.85351495956141
8620,224,0,0,0,12,94.81949757638628
8621,224,0,0,1,12,94.85827209972818
8622,224,0,0,0,12,94.84136616173332
8623,225,1,0,0,13,94.46486339262128
8624,225,0,0,2,13,94.44373156323488
8625,225,0,0,0,13,94.49795370464066
8626,226,1,0,0,14,94.11205186294197
8627,227,1,0,0,15,93.75298150160339
8628,227,0,0,0,15,93.7417725318923
8629,227,0,0,0,15,93.76954908500616
8630,227,0,0,0,15,93.67708705495036
8631,227,0,0,0,15,93.65537323236015
8632,227,1,1,0,16,93.77617424293778
8633,227,0,0,0,15,93.78882571384095
8634,229,2,0,0,17,93.00972168101013
8635,231,2,0,1,19,92.2777458718039
8636,231,1,1,1,21,92.31131477015941
8637,231,0,0,0,19,92.29534719901447
8638,231,0,0,0,20,92.1991781210587
8639,231,0,0,0,20,92.21732826440828
8640,231,0,0,0,21,92.17769128371145
8641,231,0,0,0,20,92.20175556972113
8642,231,0,0,0,21,92.12083245113998
8643,229,0,2,1,21,92.93083046088509
8644,229,0,0,0,18,92.94809975912034
8645,228,0,1,0,18,93.35725316685458
8646,228,0,0,0,17,93.3593355970751
8647,228,1,1,2,18,93.33348960452209
8648,228,0,0,0,17,93.28665694135634
8649,227,0,1,0,16,93.6725262449359
8650,226,0,1,0,15,94.09483149356902
8651,225,0,1,0,14,94.51867352839304
8652,225,1,1,1,15,94.47937886482102
8653,225,0,0,0,14,94.44236440707078
8654,226,1,0,0,15,94.1004900949927
8655,226,0,0,0,15,94.14960649814041
8656,227,1,0,0,16,93.749552498544
8657,226,0,1,0,16,94.08513731796434
8658,226,0,0,0,14,94.14908342787854
8659,228,2,0,0,16,93.30094979605256
8660,228,0,0,1,16,93.20811104932054
8661,227,0,1,0,16,93.65633835894754
8662,227,0,0,0,14,93.63359040328993
8663,226,0,1,0,14,94.1036647858616
8664,226,0,0,0,13,94.15733047723252
8665,227,1,0,1,14,93.64820207544174
8666,227,0,0,1,14,93.71781634267707
8667,228,1,0,0,16,93.35182463531311
8668,228,0,0,0,16,93.39897461314023
8669,228,0,0,2,15,93.28420583772512
8670,228,0,0,0,15,93.3562253174472
8671,228,0,0,2,15,93.3014618543045
8672,229,1,0,0,16,92.90992893385663
8673,228,0,1,1,16,93.26061494866643
8674,228,0,0,0,15,93.25798188528839
8675,227,0,1,0,15,93.66842046542911
8676,229,2,0,1,19,92.85139643689699
8677,229,0,0,0,18,92.92838057467205
8678,229,0,0,0,18,92.85054305856335
8679,229,0,0,1,19,92.91468791308392
8680,230,1,0,1,20,92.54323583838875
8681,230,1,1,0,21,92.59862426196594
8682,230,0,0,2,19,92.63739882272017
8683,231,1,0,0,21,92.25808351745238
8684,230,0,1,1,19,92.67147507018252
8685,228,0,2,0,18,93.36899534048248
8686,228,0,0,0,17,93.28907207568353
8687,228,0,0,0,17,93.37394096966595
8688,226,0,2,0,17,94.20609945668646
8689,226,0,0,0,14,94.26363814447588
8690,227,1,0,0,15,93.90237844275407
8691,228,1,0,0,16,93.45708920519371
8692,228,0,0,0,16,93.46693802267843
8693,229,1,0,0,18,93.09216726878999
8694,227,0,2,1,18,93.81182883116244
8695,227,0,0,0,16,93.85528686683158
8696,226,0,1,1,15,94.30035968069188
8697,226,0,0,0,15,94.28982367292721
8698,227,1,0,1,16,93.85441641378847
8699,228,1,0,0,18,93.54126677712458
8700,228,0,0,1,18,93.49871737586099
8701,227,0,1,0,18,93.94641102980786
8702,227,0,0,0,17,94.01129954706633
8703,227,0,0,1,15,93.92479505812297
8704,227,0,0,0,15,93.8964403684879
8705,226,0,1,0,15,94.30471374588744
8706,225,0,1,0,13,94.73221044192226
8707,225,0,0,1,12,94.73494616072408
8708,225,0,0,0,12,94.75054836585433
8709,226,1,0,0,13,94.2685146687889
8710,227,1,0,0,14,94.02973489307861
8711,226,0,1,0,14,94.4030778319412
8712,227,1,0,0,13,94.06790998877908
8713,227,0,0,0,13,94.00305620988624
8714,227,0,0,0,13,94.11836084766271
8715,227,0,0,0,13,94.16497058008736
8716,227,0,0,0,13,94.0765694308037
8717,227,0,0,0,13,94.05481529896349
8718,227,0,0,0,13,94.14804976341712
8719,227,0,0,0,13,94.20284290514074
8720,227,0,0,0,13,94.17211008602371
8721,228,1,0,1,15,93.77761106510019
8722,228,0,0,0,15,93.87061378526923
8723,228,0,0,0,15,93.86183267520133
8724,228,0,0,2,16,93.89131628251849
8725,228,0,0,0,16,93.89630345889147
8726,227,0,1,0,16,94.2899316421536
8727,226,0,1,0,14,94.62433453504586
8728,227,1,0,0,14,94.1446832002241
8729,225,0,2,0,14,95.10197098220097
8730,225,0,0,0,10,95.0908165837759
8731,225,0,0,0,10,95.0554376950566
8732,225,0,0,1,10,95.1027844264644
8733,225,0,0,0,10,95.13307483041149
8734,225,0,0,0,10,95.07724542787699
8735,226,1,0,0,11,94.76573192384012
8736,227,1,0,2,11,94.38679665197171
8737,228,1,0,0,12,94.01736465236631
8738,229,1,0,0,13,93.61466724161035
8739,228,0,1,0,13,94.00243077107342
8740,230,2,0,0,15,93.202665426189
8741,230,0,0,0,15,93.27785601096426
8742,230,0,0,0,15,93.35852018252743
8743,230,0,0,0,15,93.39778951116233
8744,230,0,0,0,15,93.436972983035
8745,231,1,0,0,17,92.97461737927947
8746,230,0,1,0,17,93.43581784546204
8747,230,0,0,1,15,93.41892888352538
8748,230,0,0,2,15,93.35284810427736
8749,229,0,1,0,15,93.80111918877517
8750,229,0,0,0,13,93.76388089515252
8751,228,0,1,1,13,94.23898833972916
8752,228,0,0,0,12,94.13155429192005
8753,227,0,1,0,12,94.5741934537977
8754,227,0,0,0,11,94.6786251588662
8755,227,0,0,0,11,94.6631613646784
8756,227,0,0,2,10,94.82709727892122
8757,227,0,0,0,10,94.73846061441822
8758,227,0,0,0,10,94.69643697569784
8759,227,0,0,0,10,94.69607329202968
8760,227,0,0,0,10,94.68498529709287
8761,227,0,0,0,10,94.7075700238831
8762,227,0,0,0,10,94.81820563280782
8763,227,1,1,0,11,94.7910006103206
8764,227,0,0,1,10,94.87105683737546
8765,227,0,0,1,10,94.87572158649446
8766,227,0,0,1,10,94.88986168543154
8767,228,1,0,0,13,94.49357879085115
8768,228,0,0,0,13,94.54008033054112
8769,228,0,0,0,13,94.55662641494173
8770,229,1,0,1,15,94.09396716898277
8771,229,0,0,0,15,94.14119650275612
8772,229,0,0,0,15,94.14209602577058
8773,228,0,1,0,15,94.55488542771074
8774,228,0,0,0,12,94.4747586110768
8775,229,1,0,1,13,94.06142832793948
8776,229,1,1,0,14,94.08734869747812
8777,230,1,0,0,13,93.74668920799427
8778,230,0,0,0,13,93.78826109896612
8779,230,0,0,0,13,93.83056744094883
8780,231,1,0,1,14,93.44344171263205
8781,232,1,0,0,16,93.04551503945729
8782,231,0,1,0,16,93.4391263534804
8783,230,0,1,0,15,93.80480964713256
8784,230,0,0,0,14,93.8569711431078
8785,231,1,0,0,15,93.47856883321569
8786,231,0,0,2,15,93.48892315862697
8787,231,0,0,0,15,93.34439198407014
8788,232,1,0,0,17,93.06063028153233
8789,233,1,0,0,18,92.74974632948424
8790,233,0,0,0,18,92.76005977764477
8791,233,0,0,0,18,92.80445340020972
8792,233,0,0,0,18,92.80870515784508
8793,232,0,1,0,18,93.20596664444696
8794,232,0,0,0,16,93.17845537149195
8795,231,0,1,0,16,93.5938459792843
8796,231,0,0,0,15,93.56572624525262
8797,231,0,0,1,15,93.56449803938844
8798,228,0,3,1,15,94.82440238087838
8799,228,0,0,0,11,94.77813128556302
8800,228,1,1,0,12,94.83561946781195
8801,228,0,0,0,11,94.86699159338869
8802,228,0,0,0,11,94.8138802336684
8803,228,0,0,0,11,94.78801184338458
8804,229,1,0,0,12,94.36993683272325
8805,230,1,0,0,14,93.97052669024804
8806,228,0,2,0,14,94.8437827586243
8807,228,0,0,0,12,94.82746718931143
8808,228,0,0,0,12,94.8337970410273
8809,227,0,1,0,12,95.26060998615992
8810,225,0,2,0,10,96.17141429869106
8811,225,0,0,0,8,96.1508304525567
8812,225,0,0,0,8,96.23290915986274
8813,226,1,0,1,9,95.77239238362846
8814,227,1,0,0,11,95.39045143211463
8815,228,1,0,0,12,94.97846952643248
8816,228,0,0,0,12,95.09591033281673
8817,228,0,0,3,12,95.01879650693482
8818,228,0,0,0,12,94.92613248385575
8819,228,0,0,1,12,94.9680467159039
8820,230,2,0,0,14,94.16090772841146
8821,231,1,0,0,16,93.75288660371882
8822,231,0,0,0,16,93.71385150801756
8823,231,0,0,0,16,93.68807918054759
8824,231,0,0,0,16,93.74758623495515
8825,230,1,2,1,17,94.17889901094613
8826,230,0,0,0,14,94.15387314102358
8827,229,0,1,0,14,94.61242766749405
8828,229,0,0,1,13,94.59393324700706
8829,227,0,2,0,13,95.43631611070302
8830,227,0,0,0,11,95.37074545435685
8831,227,0,0,0,11,95.30411306576949
8832,227,0,0,0,11,95.25269155740071
8833,227,0,0,1,11,95.29117374568231
8834,227,0,0,0,11,95.21918434612506
8835,227,0,0,0,11,95.21460105024754
8836,227,0,0,0,11,95.31925889572565
8837,227,0,0,0,11,95.3988328331676
8838,228,1,0,1,12,94.96641959198054
8839,229,1,0,0,14,94.48480251495836
8840,230,1,0,0,15,94.20193369430069
8841,230,0,0,0,15,94.21936468106449
8842,230,0,0,1,15,94.19226147563677
8843,229,0,1,0,15,94.57125626356942
8844,229,0,0,1,14,94.49134322323648
8845,229,1,1,0,16,94.48104048188935
8846,230,1,0,0,17,94.12555716367312
8847,228,0,2,0,17,94.97787513965193
8848,228,0,0,0,14,94.87937514112636
8849,227,1,2,0,16,95.31899969739307
8850,227,0,0,0,13,95.28227088598842
8851,226,0,1,0,13,95.70747215582314
8852,227,1,0,0,12,95.16619242978635
8853,227,0,0,0,12,95.2440032626841
8854,227,0,0,0,12,95.21227699384542
8855,227,0,0,0,12,95.31893807372988
8856,227,0,0,0,12,95.33554458350659
8857,227,0,0,0,12,95.36034767485711
8858,228,1,0,0,13,94.96856768167041
8859,229,1,0,0,14,94.65371682567145
8860,229,0,0,0,14,94.58161224972217
8861,229,0,0,1,14,94.58348983911533
8862,229,1,1,0,16,94.61112441187424
8863,229,1,1,0,16,94.54838439674226
8864,229,0,0,1,15,94.5099591262949
8865,227,0,2,1,15,95.25457931437406
8866,227,0,0,1,13,95.28325483774964
8867,226,0,1,0,13,95.73660148999527
8868,226,0,0,1,12,95.64469788989639
8869,226,0,0,0,12,95.57943509128265
8870,224,0,2,0,12,96.52693480444991
8871,225,1,0,0,10,96.10032466117772
8872,225,0,0,0,10,96.209322514445
8873,225,0,0,0,10,96.12833097881713
8874,225,1,1,0,11,96.07281480528522
8875,225,0,0,1,9,96.10883627305606
8876,225,0,0,0,9,96.06600863026681
8877,226,1,0,0,10,95.609575693907
8878,226,0,0,0,10,95.61769310278673
8879,225,0,1,1,10,96.14777434631529
8880,225,0,0,0,9,96.13143464071486
8881,226,1,0,1,11,95.68414786405964
8882,226,0,0,0,11,95.58595147542998
8883,226,0,0,1,11,95.60509232599983
8884,226,1,1,0,12,95.67983888551773
8885,225,0,1,2,11,96.03917091769242
8886,224,0,1,0,10,96.49379313194689
8887,224,0,0,0,8,96.46759902371517
8888,225,1,0,0,9,96.04941698171689
8889,225,0,0,0,9,96.13080054417777
8890,225,0,0,1,10,96.0952323017147
8891,225,0,0,0,9,95.99838648062244
8892,226,1,0,0,10,95.66905706411086
8893,226,0,0,1,11,95.74003880114702
8894,227,1,0,0,14,95.31639735200919
8895,227,1,1,0,16,95.35546132996254
8896,227,0,0,0,13,95.34260757802288
8897,227,0,0,0,13,95.29830515593504
8898,226,1,2,1,14,95.71994755830296
8899,226,0,0,0,10,95.74121137845597
8900,226,0,0,2,10,95.7723536140885
8901,226,0,0,0,10,95.76922646169561
8902,226,0,0,0,10,95.76970176546993
8903,226,0,0,0,10,95.64322773608924
8904,226,0,0,0,10,95.65582854161396
8905,226,0,0,1,10,95.71839140496489
8906,225,0,1,0,10,96.12226063245161
8907,224,0,1,0,9,96.56638164903381
8908,224,0,0,1,8,96.52916308399973
8909,225,1,0,1,9,96.12481167718391
8910,225,0,0,0,9,96.20609208220499
8911,226,1,0,0,11,95.74387528240585
8912,226,0,0,1,11,95.76661792948275
8913,226,0,0,1,11,95.78502867984811
8914,227,1,0,1,12,95.36393218718182
8915,227,0,0,0,12,95.37834560360774
8916,227,0,0,0,12,95.37703446641585
8917,228,1,0,1,13,94.96520812881758
8918,230,2,0,0,16,94.19746803822687
8919,230,0,0,0,16,94.18959147339096
8920,230,0,0,0,16,94.2376695660346
8921,230,0,0,1,16,94.1383647722116
8922,232,2,0,1,19,93.33837684605577
8923,233,1,0,0,20,92.98492817469796
8924,233,1,1,0,22,92.96690064829687
8925,233,0,0,1,21,92.94980925210838
8926,232,0,1,1,21,93.38273053896249
8927,232,0,0,0,19,93.39112463109895
8928,233,1,0,0,20,93.04137283154746
8929,233,0,0,0,20,93.0076512934545
8930,233,0,0,0,20,93.01026412061304
8931,232,0,1,0,20,93.40630234655767
8932,233,1,0,0,19,93.03391235299611
8933,234,1,0,0,20,92.70216374312604
8934,234,1,1,0,21,92.70653708459551
8935,234,0,0,2,20,92.75727993489811
8936,235,1,0,0,22,92.30973469198416
8937,235,0,0,1,22,92.43632823554434
8938,234,0,1,1,20,92.75276675733215
8939,235,1,0,0,20,92.40089785124917
8940,235,0,0,0,20,92.3567982708438
8941,235,0,0,0,20,92.33585907295826
8942,236,1,0,1,22,91.88575287689139
8943,237,1,0,0,23,91.52878207615731
8944,236,0,1,1,23,92.00101493266814
8945,235,0,1,0,21,92.44231279008726
8946,235,0,0,0,20,92.49328611632069
8947,236,1,0,0,21,92.12596258660633
8948,237,1,0,0,22,91.78580493619042
8949,237,0,0,0,22,91.78637451916947
8950,237,0,0,3,21,91.81398124691484
8951,238,1,0,0,22,91.4408894780056
8952,237,0,1,0,22,91.83778369002584
8953,237,0,0,0,19,91.74306868292433
8954,238,1,0,0,20,91.3407178332296
8955,236,0,2,0,20,92.18614102494651
8956,236,0,0,0,18,92.13735019724284
8957,234,0,2,0,18,92.9148669785321
8958,234,0,0,1,16,92.93105686704119
8959,234,0,0,1,16,92.97783982244647
8960,234,0,0,0,16,92.92843958430402
8961,232,0,2,0,16,93.71904134779801
8962,233,1,0,0,16,93.32234920276777
8963,234,1,0,0,17,92.97381733722415
8964,234,0,0,2,17,92.97508711259552
8965,234,0,0,0,17,93.06227477224981
8966,231,0,3,0,17,94.25586816437001
8967,231,0,0,0,13,94.20609548439236
8968,232,1,0,0,15,93.84297476233371
8969,232,0,0,0,15,93.83561957428603
8970,232,0,0,0,15,93.8554727367255
8971,232,0,0,0,15,93.86324024451561
8972,234,2,0,0,19,93.10388339740976
8973,234,0,0,0,19,93.15219796471958
8974,233,0,1,1,19,93.53753948768687
8975,233,0,0,1,18,93.55473089505577
8976,233,0,0,0,18,93.60499925295873
8977,233,2,2,0,20,93.58486772808912
8978,233,0,0,0,17,93.59015465208545
8979,231,0,2,1,17,94.40130251095076
8980,231,0,0,0,14,94.34105044283892
8981,231,0,0,0,14,94.44526908768931
8982,231,0,0,0,14,94.44955837724052
8983,232,1,0,0,15,94.05396941490899
8984,232,0,0,1,15,94.08640213644308
8985,233,1,0,0,16,93.70442931882408
8986,235,3,1,0,19,92.98215774254122
8987,235,0,0,0,17,93.12590031856405
8988,235,0,0,0,17,93.03561833026643
8989,235,1,1,0,18,93.00929995090888
8990,235,0,0,1,17,93.04617046764147
8991,237,2,0,2,20,92.29451908284871
8992,238,1,0,0,22,91.97768972602378
8993,240,2,0,0,26,91.23691820376376
8994,240,0,0,0,25,91.19117256149384
8995,241,1,0,0,27,90.89154663872728
8996,241,1,1,0,28,90.88172742284613
8997,242,2,1,1,31,90.49723066861354
8998,241,0,1,1,29,90.94905574747848
8999,242,2,1,0,29,90.62635786078562
9000,241,0,1,1,28,91.00686755740996
9001,242,1,0,0,27,90.65192089104269
9002,242,1,1,0,28,90.66125370961892
9003,242,0,0,0,25,90.6832158578044
9004,242,0,0,0,25,90.59377080685097
9005,241,0,1,0,25,91.06130878195903
9006,240,0,1,0,23,91.5250018928713
9007,239,0,1,1,22,91.9057543611027
9008,238,0,1,0,21,92.42518763843428
9009,238,0,0,0,19,92.37269302459437
9010,238,0,0,0,19,92.36260087687965
9011,238,0,0,0,19,92.20878733925863
9012,239,1,0,0,20,91.8876258616128
9013,237,0,2,0,20,92.71704062794325
9014,236,0,1,0,18,93.17114384184156
9015,236,0,0,1,17,93.11737934607987
9016,236,0,0,1,17,93.13773348393522
9017,236,0,0,0,17,93.09982167085577
9018,236,0,0,0,17,93.12590055280681
9019,236,0,0,0,17,93.16567032473655
9020,237,1,0,1,19,92.83135065844054
9021,237,0,0,1,19,92.7974306929759
9022,237,0,0,0,19,92.70782060076385
9023,237,0,0,0,19,92.81717590037829
9024,235,0,2,1,19,93.64662808561388
9025,235,0,0,0,16,93.59255765665837
9026,235,0,0,1,16,93.63535288240665
9027,235,0,0,0,16,93.53583107414775
9028,235,0,0,0,16,93.55306008203536
9029,235,1,1,2,17,93.48356787467115
9030,236,1,0,0,16,93.09870963549399
9031,236,0,0,0,16,93.13842943940922
9032,237,2,1,0,20,92.78225372383298
9033,238,2,1,0,24,92.3659803163817
9034,237,0,1,1,22,92.78828466676954
9035,237,0,0,2,20,92.70151733907684
9036,237,1,1,1,21,92.83847164617055
9037,238,1,0,0,22,92.4684843385969
9038,236,0,2,0,21,93.22656649733305
9039,236,0,0,2,16,93.22155407526235
9040,238,3,1,0,20,92.53847155230339
9041,238,0,0,0,19,92.54394935804682
9042,238,0,0,0,19,92.48230519730565
9043,237,0,1,0,20,92.77796376508438
9044,237,1,1,2,20,92.81376670214564
9045,238,1,0,0,19,92.42534855499653
9046,238,0,0,0,19,92.42247320824062
9047,236,0,2,0,19,93.20384035608821
9048,236,0,0,1,16,93.32343399017151
9049,236,0,0,0,16,93.29897474751263
9050,236,0,0,0,16,93.21052564634526
9051,236,0,0,1,16,93.24934714123168
9052,236,0,0,0,16,93.27453106693169
9053,236,0,0,0,16,93.27996855767275
9054,236,0,0,1,16,93.3118763007678
9055,236,0,0,1,16,93.18246558444795
9056,235,0,1,1,15,93.68663204676083
9057,235,0,0,0,13,93.66875854445092
9058,236,1,0,0,14,93.24174173207787
9059,236,0,0,0,14,93.3310711787174
9060,235,0,1,0,14,93.70924940834922
9061,236,1,0,0,14,93.3857494562654
9062,237,1,0,1,16,93.06076375210748
9063,237,0,0,1,16,92.9937275534591
9064,238,1,0,0,17,92.59064621758517
9065,239,2,1,0,20,92.30019262683832
9066,238,1,2,0,20,92.75576533909577
9067,237,0,1,0,18,93.1811492922481
9068,238,1,0,0,18,92.87052923232027
9069,240,2,0,0,22,92.05432564515851
9070,240,0,0,0,22,92.0500739441505
9071,241,1,0,1,24,91.67544538599444
9072,242,2,1,0,28,91.31074197713305
9073,244,2,0,0,29,90.51932678848448
9074,245,1,0,0,29,90.23983331710035
9075,245,0,0,0,30,90.32439845605978
9076,245,0,0,0,29,90.31580739209896
9077,243,0,2,0,30,91.03683580284606
9078,243,0,0,0,25,90.92774770884097
9079,243,0,0,0,25,90.97587656214624
9080,241,0,2,0,26,91.7025358205037
9081,240,1,2,0,23,92.18105678534252
9082,240,0,0,0,21,92.16326969611099
9083,242,2,0,0,26,91.44751304351507
9084,242,0,0,0,26,91.37602903948603
9085,240,0,2,1,26,92.10473130036989
9086,241,1,0,0,25,91.7973600200902
9087,241,0,0,0,25,91.85599993506804
9088,241,0,0,0,25,91.75123681110112
9089,240,0,1,0,25,92.21184165307041
9090,239,0,1,0,22,92.59676956757319
9091,239,0,0,0,21,92.49341570517339
9092,239,0,0,0,21,92.56191643520523
9093,238,0,1,1,21,92.93382807041698
9094,236,0,2,0,20,93.74043125421393
9095,236,0,0,0,18,93.73776938747578
9096,235,0,1,0,18,94.12471553796506
9097,236,1,0,0,18,93.70106731614008
9098,235,0,1,0,18,94.06212748855843
9099,235,0,0,0,16,94.08321243839562
9100,235,0,0,1,16,94.0372371740984
9101,235,0,0,0,16,94.03164891178496
9102,234,0,1,0,16,94.42386832057275
9103,233,0,1,0,15,94.78525619418856
9104,233,0,0,1,14,94.86393419854032
9105,233,0,0,0,14,94.88553086244984
9106,232,0,1,0,14,95.28508660831154
9107,232,0,0,1,12,95.23008900367884
9108,231,0,1,0,12,95.58179534459138
9109,231,0,0,2,10,95.58741638197014
9110,230,0,1,0,10,96.03434542951234
9111,230,0,0,0,9,96.04375462362371
9112,230,0,0,0,9,96.0441824109094
9113,231,2,1,0,12,95.69626802574602
9114,231,0,0,0,11,95.76296494373912
9115,231,0,0,0,11,95.72024689659597
9116,231,0,0,0,11,95.70711513797303
9117,232,1,0,0,12,95.34101106745527
9118,233,1,0,0,13,94.94986949144307
9119,233,0,0,0,13,95.05050074847576
9120,233,0,0,0,13,95.01480081544008
9121,235,2,0,0,17,94.21889165017446
9122,236,1,0,0,18,93.91255682038128
9123,236,0,0,0,18,93.82997064398907
9124,236,0,0,0,18,93.8974086108878
9125,236,0,0,1,18,93.84495530228669
9126,235,0,1,0,18,94.25254859546547
9127,234,0,1,0,17,94.69368122223302
9128,234,0,0,0,15,94.77925696975915
9129,234,0,0,1,15,94.6881395370599
9130,234,0,0,0,15,94.66344058971295
9131,236,2,0,0,17,93.86718055333665
9132,236,0,0,0,17,93.85654994916062
9133,236,0,0,0,17,93.92140642426601
9134,236,0,0,1,17,93.86780180869856
9135,237,1,0,0,18,93.50050371491358
9136,238,1,0,0,19,93.12029450367947
9137,238,0,0,0,19,93.17721433547504
9138,238,0,0,0,19,93.08097400963638
9139,238,0,0,0,19,93.16531966936083
9140,239,1,0,0,20,92.78817590291204
9141,238,0,1,1,21,93.20955785284922
9142,239,1,0,0,21,92.76376416971809
9143,239,0,0,0,21,92.79407887470785
9144,239,0,0,0,21,92.78966711187464
9145,240,1,0,0,23,92.42953623460002
9146,240,0,0,0,23,92.3661649255817
9147,240,0,0,0,23,92.46135891931027
9148,240,0,0,0,23,92.54536602904449
9149,243,3,0,0,28,91.41458474515046
9150,242,0,1,1,28,91.76797174649859
9151,242,0,0,1,26,91.70633535423677
9152,242,0,0,0,25,91.70920962509064
9153,242,0,0,0,25,91.73235116287884
9154,242,0,0,0,26,91.6364986860493
9155,242,2,2,0,28,91.66177617745736
9156,241,0,1,0,25,92.12038267223248
9157,241,1,1,0,25,92.08042603340552
9158,243,2,0,0,26,91.45331036974265
9159,243,0,0,0,26,91.48207260621984
9160,243,0,0,1,26,91.36072745880729
9161,241,0,2,1,26,92.05763745834176
9162,241,0,0,0,22,92.05210716145321
9163,241,0,0,0,22,92.07496691543625
9164,241,0,0,2,22,92.08783525170102
9165,241,0,0,0,22,92.10340003803901
9166,242,1,0,0,24,91.71975312905023
9167,241,0,1,0,24,92.14059695015159
9168,240,0,1,0,23,92.43528470137613
9169,239,0,1,0,21,92.73126019144381
9170,237,0,2,0,20,93.50766317527055
9171,238,1,0,0,18,93.13899361982101
9172,238,0,0,1,18,93.0607316364929
9173,238,0,0,0,18,93.0327995599696
9174,237,0,1,0,18,93.54184661863101
9175,238,1,0,0,17,93.17952501133624
9176,238,0,0,1,18,93.13491468899093
9177,239,1,0,0,20,92.79424754893911
9178,238,0,1,0,20,93.14609923514998
9179,237,0,1,0,18,93.58794410668474
9180,238,1,0,0,18,93.15204420979562
9181,238,0,0,0,18,93.18532167998636
9182,238,0,0,0,18,93.22957034287748
9183,238,0,0,0,18,93.17348378927143
9184,239,1,0,0,19,92.76002417751879
9185,239,0,0,0,19,92.82957678106584
9186,240,1,0,0,21,92.385852417927
9187,240,0,0,0,21,92.44063285324381
9188,240,0,0,0,21,92.45086019188928
9189,241,1,0,2,22,92.14594380959164
9190,241,1,1,0,24,92.05383854645474
9191,241,0,0,0,22,92.04880289717032
9192,240,1,2,0,24,92.35830390228816
9193,240,1,1,0,23,92.39919011541309
9194,240,1,1,1,24,92.47437435505937
9195,239,0,1,1,23,92.74684186700028
9196,239,0,0,0,21,92.68367224174402
9197,238,0,1,0,21,93.10257195952892
9198,237,0,1,0,19,93.55416195653734
9199,237,0,0,0,17,93.55945340789255
9200,238,2,1,0,20,93.19050788096462
9201,238,0,0,0,19,93.14510527244387
9202,239,1,0,1,20,92.71210552690432
9203,239,0,0,1,20,92.79744876315976
9204,239,0,0,0,20,92.71972062963471
9205,239,0,0,1,20,92.73188634296557
9206,240,1,0,1,22,92.35812007210065
9207,241,1,0,0,23,91.99564074715104
9208,239,0,2,0,23,92.74980941099594
9209,238,0,1,0,20,93.17153535968683
9210,237,0,1,0,19,93.53548953203595
9211,236,0,1,0,18,93.92389094249326
9212,236,0,0,0,16,93.87540074724832
9213,236,0,0,0,16,93.86213936844787
9214,235,0,1,1,16,94.27018563698574
9215,236,1,0,1,15,93.94315339622264
9216,236,0,0,1,15,93.94184280630165
9217,235,0,1,1,14,94.34903020191038
9218,235,0,0,0,12,94.37861321706697
9219,234,0,1,2,12,94.7341295603719
9220,234,0,0,1,11,94.75744516318424
9221,234,0,0,0,11,94.71009087147766
9222,234,0,0,0,11,94.6260803150554
9223,233,0,1,0,11,95.09785622763654
9224,233,0,0,0,10,94.97866728218135
9225,233,1,1,2,11,95.04602102596344
9226,232,0,1,0,10,95.45667633008104
9227,232,0,0,0,9,95.43563599223569
9228,232,0,0,0,9,95.47109773042344
9229,233,1,0,0,10,95.13762757992305
9230,234,1,0,0,11,94.63285475635365
9231,235,1,0,0,12,94.22186197358312
9232,235,0,0,0,12,94.20591555530834
9233,235,0,0,0,12,94.28813949428371
9234,234,0,1,0,12,94.70371483321615
9235,234,0,0,0,11,94.63681690255937
9236,234,0,0,1,11,94.6365695476808
9237,234,0,0,0,11,94.6365184954362
9238,233,0,1,0,11,95.05889419417329
9239,233,0,0,0,10,95.05871671069532
9240,233,0,0,0,10,95.02722811909398
9241,232,0,1,0,10,95.43110535294763
9242,231,0,1,1,9,95.81200678785184
9243,231,0,0,1,8,95.88033197781714
9244,231,0,0,1,8,95.87628649790891
9245,231,0,0,0,8,95.8356480518446
9246,231,0,0,0,8,95.81066660447601
9247,232,1,0,0,10,95.45985032222359
9248,229,0,3,1,10,96.68228994586222
9249,230,1,0,0,8,96.2579057333293
9250,230,0,0,0,8,96.30975108157074
9251,230,0,0,0,8,96.30892310598068
9252,230,0,0,0,8,96.32671403838562
9253,231,1,0,0,9,95.97025434725921
9254,231,0,0,0,9,95.92727762879805
9255,230,0,1,0,9,96.35020804446869
9256,231,1,0,0,9,95.97752905750532
9257,233,2,0,1,12,95.14480140271121
9258,233,0,0,1,12,95.17070766959355
9259,233,0,0,0,12,95.1843115870607
9260,234,1,0,0,13,94.767512528612
9261,235,1,0,0,14,94.32192793833927
9262,235,0,0,0,14,94.44307246172644
9263,236,1,0,0,16,94.077220802681
9264,236,0,0,0,16,94.12855395910702
9265,235,0,1,2,16,94.46017391406092
9266,234,0,1,0,14,94.91166538782092
9267,234,0,0,0,13,94.87552429939275
9268,234,0,0,0,13,94.86272072474063
9269,233,0,1,0,13,95.20117714038818
9270,233,0,0,1,10,95.18455852364205
9271,233,0,0,1,10,95.19575415543258
9272,232,0,1,0,10,95.70979888033254
9273,232,0,0,0,9,95.67824682449663
9274,234,2,0,0,11,94.75432419155892
9275,233,0,1,0,11,95.26164016889898
9276,233,0,0,0,10,95.26863198184557
9277,233,0,0,1,10,95.27646566230771
9278,232,0,1,2,10,95.68988649688444
9279,232,0,0,2,9,95.65233007292746
9280,232,0,0,0,9,95.6089035513239
9281,232,1,1,0,10,95.67775175387985
9282,232,0,0,0,9,95.69484210919731
9283,232,0,0,0,9,95.5949296263646
9284,231,0,1,0,9,95.97871170006493
9285,233,2,0,1,11,95.25084855003063
9286,232,0,1,0,11,95.72299310213698
9287,232,0,0,0,9,95.7230937046516
9288,232,0,0,0,9,95.74043475904425
9289,232,0,0,0,10,95.67707333166086
9290,232,1,1,0,11,95.656678724398
9291,232,0,0,0,10,95.63542938729664
9292,232,0,0,1,10,95.67177344069196
9293,232,0,0,0,10,95.61962377849679
9294,232,0,0,0,9,95.68235550928628
9295,231,0,1,0,9,96.1076875372606
9296,231,0,0,0,8,96.15698604632755
9297,230,0,1,0,7,96.51088972787119
9298,230,0,0,0,6,96.55210855069743
9299,230,0,0,0,7,96.48778104395777
9300,230,0,0,0,7,96.48929526750085
9301,230,0,0,0,7,96.58524526859752
9302,230,0,0,0,7,96.7007350642206
9303,230,0,0,0,7,96.70333879072197
9304,230,0,0,0,7,96.61205270362076
9305,230,0,0,0,7,96.57041331221512
9306,230,0,0,1,6,96.64337443388335
9307,230,0,0,0,6,96.6370036355966
9308,230,0,0,0,7,96.63321798983937
9309,231,1,0,1,8,96.32028152243365
9310,231,0,0,0,8,96.36798311127296
9311,231,0,0,0,8,96.445551712638
9312,231,0,0,1,8,96.44078811099241
9313,231,0,0,0,8,96.46446440886842
9314,231,0,0,1,8,96.41640096292731
9315,231,0,0,0,8,96.42446172091161
9316,231,0,0,0,8,96.396359662756
9317,231,0,0,0,8,96.44350640386527
9318,231,0,0,0,8,96.48166063779327
9319,231,0,0,1,8,96.56410453227879
9320,231,0,0,0,8,96.52382824543166
9321,231,0,0,0,8,96.49301579701961
9322,231,0,0,0,8,96.48157695326105
9323,231,0,0,0,8,96.45294205700236
9324,230,0,1,0,8,96.84441129282247
9325,230,0,0,1,6,96.91009245560431
9326,231,1,0,0,8,96.56570782327934
9327,231,0,0,0,8,96.51540176769419
9328,231,1,1,0,9,96.43308375677398
9329,231,0,0,0,8,96.52411062936412
9330,230,0,1,0,8,96.91300213968704
9331,230,1,1,0,9,97.00228823454869
9332,230,0,0,1,8,97.07367815922007
9333,230,0,0,1,8,96.99226988294656
9334,230,0,0,0,8,97.05443073125292
9335,230,0,0,0,8,97.03624339323633
9336,230,0,0,0,8,97.00565022081769
9337,230,0,0,0,8,97.06682122839837
9338,230,0,0,0,8,97.00648175733014
9339,229,0,1,0,8,97.37650613452999
9340,229,0,0,0,5,97.33910602516318
9341,228,0,1,1,5,97.74267485385991
9342,229,1,0,0,5,97.30264774862019
9343,229,0,0,0,5,97.40775408277706
9344,229,0,0,0,5,97.4102383682864
9345,229,0,0,0,5,97.38572126629055
9346,230,1,0,0,6,96.99839616950597
9347,230,0,0,1,6,96.91459470995854
9348,230,0,0,0,6,96.9823032534927
9349,230,0,0,0,6,97.00835140787967
9350,231,1,0,0,8,96.75891591631441
9351,231,0,0,0,8,96.6831242583032
9352,231,0,0,0,8,96.716433734059
9353,231,0,0,0,8,96.74421460306074
9354,232,1,0,0,9,96.3361667129661
9355,232,0,0,0,9,96.31138775672498
9356,232,0,0,1,9,96.24755402828853
9357,232,0,0,0,9,96.26502496951395
9358,232,0,0,0,9,96.27419816909479
9359,232,0,0,0,9,96.18308338894532
9360,233,1,0,0,10,95.8196020497349
9361,233,0,0,0,10,95.7438548531137
9362,234,1,0,0,11,95.42067672918103
9363,233,0,1,0,11,95.8378711783988
9364,233,0,0,0,9,95.80963639197306
9365,233,1,1,0,10,95.78924506672212
9366,233,0,0,0,9,95.87236557011776
9367,233,0,0,0,9,95.90630020460952
9368,234,1,0,0,10,95.46745659825018
9369,234,0,0,1,11,95.4755236673483
9370,234,0,0,0,11,95.44507082715968
9371,234,1,1,0,12,95.51161227068911
9372,235,1,0,1,12,95.08094977432368
9373,235,0,0,0,12,95.08455845904786
9374,235,0,0,2,12,95.10709911792763
9375,235,0,0,1,12,95.09772808079376
9376,234,1,2,0,13,95.42464068458598
9377,235,1,0,0,12,95.00556022058825
9378,237,2,0,0,16,94.28560273805041
9379,237,1,1,0,18,94.30331223167624
9380,237,0,0,0,16,94.31176519564573
9381,236,0,1,0,16,94.69582170520627
9382,236,0,0,0,14,94.71488116295707
9383,236,0,0,0,14,94.7690941938432
9384,236,0,0,0,14,94.76512418264416
9385,237,1,0,0,15,94.44940995234128
9386,236,0,1,0,15,94.78130581552065
9387,236,0,0,0,14,94.70021758585759
9388,235,0,1,0,14,95.03806499025706
9389,234,0,1,0,12,95.42433648403258
9390,234,0,0,0,10,95.4166627684504
9391,234,0,0,0,10,95.40552297502974
9392,234,0,0,0,10,95.46156030005969
9393,234,0,0,0,10,95.39890417585374
9394,234,0,0,0,10,95.4797671111318
9395,234,0,0,0,10,95.47996090941619
9396,234,0,0,0,10,95.46347447862698
9397,235,2,1,0,13,95.06139781685145
9398,235,0,0,0,12,95.0767425907924
9399,235,0,0,0,12,95.16393279081389
9400,238,3,0,0,16,93.94191535432665
9401,238,0,0,1,16,93.91486525033959
9402,240,2,0,0,21,93.22955308997865
9403,241,1,0,0,23,92.82647561521676
9404,242,1,0,1,24,92.4316537558141
9405,242,0,0,0,24,92.40896176103617
9406,240,0,2,1,24,93.17591309451345
9407,240,1,1,0,22,93.2150884153179
9408,240,0,0,0,21,93.21739949090723
9409,240,0,0,1,21,93.16863540975345
9410,239,0,1,0,21,93.53383737864223
9411,239,0,0,0,20,93.51890479084695
9412,238,0,1,1,20,93.9410666095294
9413,238,0,0,0,19,93.95825071458127
9414,239,1,0,0,21,93.55202557031132
9415,239,0,0,0,21,93.53491237718082
9416,239,0,0,0,21,93.59391550644372
9417,238,0,1,0,21,93.8680692458675
9418,239,1,0,0,20,93.54238150097962
9419,238,0,1,0,20,93.93340771478364
9420,238,0,0,1,18,93.9806195479964
9421,237,1,2,0,19,94.28330377613909
9422,237,0,0,1,15,94.31179775019051
9423,237,0,0,1,15,94.2303130048687
9424,236,1,2,0,18,94.58208348365591
9425,235,0,1,1,15,95.10036964290647
9426,236,1,0,0,16,94.70835415926614
9427,235,0,1,0,16,95.06464579434703
9428,234,0,1,0,15,95.36861497604103
9429,233,0,1,0,13,95.76092768947917
9430,235,2,0,0,12,95.03712949198406
9431,235,0,0,0,12,95.15106803813809
9432,235,0,0,0,12,95.13156112801498
9433,235,0,0,0,12,95.09658416883272
9434,235,1,1,1,13,95.06712051250616
9435,235,0,0,0,12,95.18083918075615
9436,234,0,1,1,12,95.52890696062074
9437,235,1,0,0,14,95.12996146046548
9438,235,0,0,0,14,95.17301673609921
9439,235,0,0,0,14,95.1513115534031
9440,234,0,1,0,14,95.52749244889502
9441,237,3,0,0,17,94.36053835721144
9442,237,0,0,0,18,94.34486173896576
9443,237,0,0,0,18,94.29653656793009
9444,237,0,0,0,18,94.34298096124964
9445,237,0,0,0,18,94.34647113183631
9446,238,1,0,0,19,93.89741395242389
9447,238,0,0,0,19,93.89843972962642
9448,236,0,2,0,19,94.74753711210269
9449,237,1,0,1,15,94.2939347420783
9450,237,0,0,1,15,94.28748035474565
9451,237,1,1,1,17,94.31315964550063
9452,236,1,2,0,17,94.74417747106625
9453,234,0,2,0,14,95.53913232819409
9454,234,0,0,1,12,95.50335101211714
9455,233,0,1,0,12,95.8122818296827
9456,234,1,0,0,12,95.46523271827132
9457,233,0,1,0,12,95.94142197135693
9458,232,0,1,0,10,96.28145138097942
9459,232,0,0,0,9,96.2760898938693
9460,232,0,0,0,9,96.24390401157054
9461,231,0,1,0,9,96.68381731867949
9462,231,0,0,0,8,96.66481563048042
9463,231,0,0,0,8,96.69284124948959
9464,231,0,0,0,8,96.60185024873479
9465,231,0,0,0,8,96.62556696659803
9466,232,1,0,0,9,96.29530569626198
9467,232,0,0,0,9,96.30953823035593
9468,232,0,0,0,9,96.26849252156121
9469,232,0,0,0,9,96.31171798822558
9470,232,0,0,0,9,96.19397650694773
9471,232,0,0,0,9,96.18876467541276
9472,232,1,1,0,10,96.21876767392827
9473,232,0,0,1,9,96.27168123698942
9474,231,0,1,0,9,96.67984804250621
9475,231,0,0,0,8,96.5724177448629
9476,231,0,0,1,8,96.58205856701093
9477,233,2,0,0,11,95.80409257233033
9478,233,0,0,0,11,95.78526795574736
9479,232,0,1,0,10,96.28642663486153
9480,232,0,0,0,9,96.1604263763546
9481,232,0,0,0,9,96.18482821816687
9482,233,1,0,0,11,95.82009801160028
9483,232,0,1,0,11,96.31163702994031
9484,232,0,0,0,9,96.27917240640271
9485,232,0,0,0,9,96.19197722675369
9486,232,0,0,0,9,96.3213237139
9487,235,3,0,0,13,95.17376751286312
9488,235,0,0,0,13,95.16123731225629
9489,235,0,0,0,13,95.12353631488571
9490,234,0,1,1,13,95.54825089014264
9491,234,0,0,0,11,95.4865772946723
9492,234,0,0,0,11,95.5182120492866
9493,234,0,0,0,11,95.51477681557235
9494,235,1,0,0,12,95.147710621005
9495,235,0,0,0,12,95.11650748252163
9496,235,0,0,0,12,95.13945187391361
9497,234,0,1,0,12,95.53046256606535
9498,235,1,0,0,12,95.12979376483771
9499,236,2,1,2,14,94.75705625958553
9500,235,0,1,0,13,95.10265101028659
9501,235,0,0,0,12,94.97263907670407
9502,234,1,2,0,13,95.4754538796118
9503,234,0,0,0,11,95.49615251845398
9504,233,0,1,2,11,95.88236600722063
9505,233,0,0,0,10,95.87694297710499
9506,232,0,1,1,10,96.26234838224852
9507,235,3,0,1,12,95.11712839038019
9508,236,1,0,0,14,94.70542062304077
9509,236,0,0,0,14,94.72024421078987
9510,236,0,0,0,14,94.76454485357019
9511,236,0,0,0,14,94.69757963465939
9512,236,1,1,0,15,94.70557863301921
9513,237,1,0,1,16,94.3906139913165
9514,237,0,0,0,16,94.3534750086336
9515,237,0,0,0,16,94.34964845389548
9516,236,0,1,0,16,94.79667912124447
9517,236,0,0,0,15,94.77426670378811
9518,235,0,1,0,15,95.12870562323745
9519,235,0,0,0,14,95.08215934335547
9520,236,1,0,1,15,94.68687557918123
9521,235,0,1,0,15,95.09443793003042
9522,234,1,2,0,16,95.47855455177522
9523,234,0,0,0,12,95.50213230794058
9524,234,0,0,0,12,95.46628433258111
9525,234,0,0,0,12,95.43010407067615
9526,235,1,0,0,13,95.02615868694795
9527,235,1,1,0,14,95.05775327063724
9528,235,0,0,0,13,95.06954336289633
9529,235,0,0,1,13,95.06928285222173
9530,236,1,0,0,16,94.65173468911473
9531,235,0,1,0,16,95.15428854053906
9532,237,2,0,0,17,94.4252323889379
9533,238,1,0,0,19,94.05198805576781
9534,238,0,0,0,19,93.97738822896562
9535,239,1,0,0,20,93.60013660378091
9536,240,1,0,1,20,93.19002644986348
9537,239,0,1,0,20,93.58201859008682
9538,240,1,0,1,20,93.2476140568177
9539,240,0,0,0,20,93.31336744545251
9540,240,0,0,0,19,93.30959985118355
9541,240,0,0,1,19,93.24907352872256
9542,238,0,2,0,18,94.0685889736789
9543,238,0,0,0,14,94.0404489474508
9544,238,0,0,0,14,93.98308319471779
9545,239,1,0,0,16,93.65917907142216
9546,239,1,1,0,17,93.61604665084447
9547,238,0,1,0,16,94.08283427202755
9548,236,0,2,0,15,94.89356091906107
9549,236,0,0,0,11,94.90343379140289
9550,237,1,0,1,12,94.49169825309164
9551,238,1,0,1,13,94.13001095557064
9552,238,0,0,0,13,94.14334847379949
9553,238,0,0,0,13,94.16496593467063
9554,238,0,0,0,13,94.20521201958843
9555,239,1,0,1,14,93.77592735159709
9556,239,0,0,0,14,93.95688844357917
9557,239,0,0,0,14,93.78874963887554
9558,239,0,0,0,14,93.79009786688498
9559,238,0,1,0,14,94.25471743549596
9560,238,0,0,0,13,94.33388366582518
9561,238,0,0,0,13,94.30735420983753
9562,238,0,0,1,13,94.2716955886557
9563,239,1,0,0,14,93.97053167897329
9564,239,0,0,0,14,94.03857692629732
9565,239,0,0,1,14,94.03225038632002
9566,239,0,0,0,14,94.14562269991364
9567,239,1,1,1,15,94.13851234943162
9568,238,0,1,1,13,94.51683535734998
9569,239,1,0,0,13,94.09719386852734
9570,239,0,0,1,13,94.08191437538986
9571,240,1,0,0,14,93.65687212586735
9572,240,0,0,1,14,93.64941480146315
9573,240,0,0,0,14,93.62618518212011
9574,239,0,1,0,14,94.0495125321234
9575,238,0,1,1,13,94.43065943888591
9576,239,1,0,1,13,94.04795162928716
9577,240,1,0,1,14,93.74236991354948
9578,241,1,0,0,15,93.34417973967943
9579,241,0,0,0,15,93.45164675881693
9580,241,0,0,0,15,93.48145250427768
9581,241,0,0,0,15,93.45061661627712
9582,241,0,0,0,15,93.49853356936552
9583,240,0,1,1,15,93.85355163958776
9584,239,0,1,0,14,94.20971727038518
9585,239,0,0,0,13,94.171726218987
9586,239,0,0,1,13,94.20270047453812
9587,239,0,0,2,13,94.28338848103728
9588,239,0,0,0,13,94.32861178381827
9589,239,0,0,0,13,94.31333383530644
9590,240,1,0,2,15,93.83146160771754
9591,240,0,0,0,15,93.80835164304202
9592,240,0,0,0,15,93.86737268715348
9593,239,0,1,0,15,94.28744655367541
9594,239,0,0,0,14,94.30110084845779
9595,239,0,0,0,14,94.28467047715924
9596,239,0,0,0,14,94.2730294994493
9597,239,0,0,0,14,94.24113471878844
9598,239,1,1,0,15,94.31097990565614
9599,238,0,1,1,14,94.76714970806691
9600,237,0,1,0,13,95.16962236746613
9601,237,0,0,0,12,95.14465558538217
9602,237,0,0,1,12,95.07902191309307
9603,237,0,0,0,12,95.03378968495343
9604,237,0,0,0,12,95.07081182552855
9605,237,0,0,0,12,95.12936327556142
9606,238,1,0,2,13,94.72858138281585
9607,237,0,1,0,13,95.09760197603833
9608,236,0,1,0,12,95.5668040942037
9609,236,0,0,1,11,95.48647417328328
9610,235,0,1,0,11,95.93836594624686
9611,235,0,0,0,10,95.9293165870491
9612,235,0,0,0,10,95.85531103519891
9613,234,0,1,0,10,96.25223700818987
9614,234,0,0,0,8,96.13236452816972
9615,234,0,0,0,8,96.25468508424872
9616,234,0,0,0,8,96.20086043498617
9617,237,3,0,0,13,95.06314584391363
9618,237,0,0,0,13,95.10955791747708
9619,237,0,0,0,12,95.19411366650793
9620,238,1,0,1,14,94.85379391711625
9621,238,0,0,0,15,94.816135353536
9622,237,0,1,1,14,95.07910594077852
9623,236,0,1,0,14,95.41096136573226
9624,235,0,1,0,12,95.83902021481731
9625,235,0,0,0,10,95.91486569821899
9626,235,0,0,0,9,95.87317970418856
9627,235,0,0,0,9,95.97060794569029
9628,235,0,0,0,10,95.9833830087917
9629,235,0,0,0,10,95.97011278700526
9630,235,0,0,0,10,95.87267469558454
9631,237,2,0,0,13,95.05018982035298
9632,237,0,0,0,13,95.14749895890758
9633,237,0,0,0,12,95.18884837589093
9634,237,0,0,0,13,95.16277354719963
9635,237,0,0,0,13,95.11600899358827
9636,238,1,0,0,14,94.78540539381538
9637,238,0,0,0,13,94.8511467431686
9638,238,0,0,0,13,94.8344860802428
9639,238,0,0,1,14,94.75071588642204
9640,238,0,0,0,14,94.7053200135791
9641,238,0,0,0,14,94.67962188315416
9642,239,2,1,0,16,94.35697636431817
9643,239,0,0,0,14,94.31862314388826
9644,240,1,0,0,16,94.01474816146745
9645,240,0,0,0,16,93.99850191578919
9646,240,0,0,2,15,94.0120445623856
9647,241,1,0,0,16,93.56420836038859
9648,239,0,2,0,17,94.43969546798482
9649,239,0,0,0,14,94.39758236250717
9650,239,0,0,0,14,94.46207323876001
9651,239,0,0,0,15,94.36165199858053
9652,239,0,0,1,15,94.37606384657427
9653,238,0,1,0,15,94.77680932985841
9654,239,1,0,0,14,94.45229464210422
9655,239,0,0,0,15,94.37667275296218
9656,240,1,0,0,16,94.07868913859542
9657,240,1,1,0,17,94.02778223963149
9658,240,0,0,0,16,94.05477002052645
9659,240,0,0,0,16,93.99346399353519
9660,239,0,1,0,16,94.3793148022395
9661,239,0,0,1,14,94.43577826322623
9662,239,0,0,0,14,94.42706847729562
9663,239,0,0,0,14,94.358508603563
9664,238,0,1,0,14,94.76618123560414
9665,238,0,0,0,12,94.75823263454535
9666,238,0,0,0,12,94.78874868791522
9667,239,1,0,0,13,94.38762834807966
9668,239,1,1,0,15,94.3803322386816
9669,239,0,0,1,14,94.34503591334214
9670,240,1,0,0,15,94.02381455859339
9671,241,1,0,0,16,93.57273290315604
9672,241,0,0,0,16,93.64458649621933
9673,241,0,0,0,16,93.68100500021886
9674,241,0,0,1,15,93.61020401066179
9675,241,0,0,0,15,93.6582126233326
9676,241,0,0,1,15,93.5909332693539
9677,241,0,0,0,15,93.57710049659906
9678,241,1,1,0,16,93.55192429174855
9679,240,0,1,1,15,93.94835835119439
9680,239,0,1,1,14,94.32120275763211
9681,239,0,0,0,13,94.32647504340639
9682,239,0,0,0,13,94.35806286185108
9683,239,0,0,0,13,94.31538696147813
9684,239,0,0,0,13,94.30310181272239
9685,238,0,1,1,13,94.71560576685916
9686,238,0,0,2,11,94.76045063772524
9687,238,0,0,1,11,94.70278823132766
9688,238,0,0,0,11,94.79660749709369
9689,239,1,0,0,12,94.4391800292927
9690,239,0,0,1,12,94.4838076682123
9691,238,0,1,0,12,94.78843009076449
9692,238,0,0,0,11,94.88171920841519
9693,238,0,0,0,11,94.8408892378295
9694,238,0,0,0,11,94.79489229203296
9695,238,0,0,0,11,94.87025745518547
9696,238,0,0,0,11,94.86370634670314
9697,239,1,0,0,12,94.43950081942342
9698,239,0,0,1,12,94.50446592736286
9699,239,0,0,1,11,94.5560575379259
9700,239,0,0,0,11,94.5220235978957
9701,239,0,0,1,11,94.5031947004607
9702,240,1,0,0,12,94.18423738947362
9703,241,1,0,0,13,93.85052155462729
9704,241,0,0,1,13,93.84027286191841
9705,241,0,0,0,13,93.80114089820734
9706,240,0,1,0,13,94.08095604043864
9707,241,1,0,1,12,93.73114396874486
9708,241,0,0,0,12,93.73574861038047
9709,241,0,0,0,12,93.78816895477182
9710,241,0,0,0,12,93.82570036873001
9711,241,0,0,0,12,93.81043412833674
9712,242,2,1,0,14,93.53071447914884
9713,242,0,0,0,13,93.51575345070651
9714,242,0,0,0,13,93.58542476002779
9715,242,0,0,1,13,93.63598819550475
9716,243,1,0,0,15,93.23255718360883
9717,243,0,0,0,15,93.2760255241273
9718,243,0,0,0,15,93.21052571391398
9719,243,0,0,0,15,93.19664844553007
9720,242,0,1,0,15,93.61809798654586
9721,243,1,0,1,15,93.3251573275161
9722,242,0,1,1,15,93.69064304493646
9723,242,0,0,0,13,93.7116000351048
9724,242,0,0,0,13,93.696818983868
9725,242,0,0,0,13,93.71384052504563
9726,242,0,0,0,13,93.6564291415828
9727,242,0,0,0,13,93.75105126252897
9728,242,0,0,0,13,93.69847570150768
9729,242,0,0,2,14,93.60874765356381
9730,242,1,1,0,16,93.63603271693647
9731,242,0,0,2,15,93.70867643331266
9732,242,0,0,1,15,93.67226017473467
9733,242,0,0,1,15,93.75327782898955
9734,242,0,0,0,15,93.69888449097631
9735,240,0,2,0,15,94.45867339518888
9736,240,0,0,0,11,94.56607466959998
9737,240,0,0,0,11,94.54171539572899
9738,240,0,0,1,11,94.51571713041287
9739,239,0,1,0,11,94.95172164177819
9740,239,0,0,0,10,95.04118751074725
9741,239,0,0,0,10,95.0276234799043
9742,239,0,0,1,10,95.01563412767796
9743,240,1,0,1,11,94.70808197142459
9744,240,0,0,0,11,94.72036633135988
9745,239,0,1,0,11,95.16565376352882
9746,239,0,0,0,10,95.1760685326532
9747,240,1,0,0,12,94.78677742659563
9748,240,0,0,1,12,94.81366148331296
9749,240,0,0,0,12,94.77107497519414
9750,239,0,1,1,12,95.19627245844724
9751,239,0,0,0,11,95.2335575571877
9752,240,1,0,0,14,94.84313032960019
9753,239,1,2,0,15,95.15805193586282
9754,238,0,1,1,12,95.57817620742573
9755,237,0,1,0,11,96.04503810086617
9756,238,1,0,0,11,95.75729993082157
9757,239,1,0,0,13,95.39449085609938
9758,239,0,0,0,13,95.34393919893928
9759,239,0,0,0,14,95.34198658928692
9760,239,0,0,0,14,95.391627735994
9761,239,0,0,0,13,95.36654430120211
9762,239,0,0,1,14,95.34605624585288
9763,239,0,0,0,14,95.30836757826306
9764,239,0,0,1,14,95.43231579086239
9765,238,0,1,0,14,95.81098890267664
9766,238,1,1,0,11,95.7623194133867
9767,239,1,0,0,13,95.39100801666417
9768,240,1,0,0,15,95.05046629375549
9769,241,1,0,0,17,94.68495072996772
9770,241,0,0,1,17,94.69136349026235
9771,242,1,0,0,18,94.321732236937
9772,243,1,0,0,19,93.95379135378721
9773,243,0,0,0,19,93.92284217143225
9774,242,0,1,0,19,94.28181349784121
9775,241,0,1,0,17,94.6792926469023
9776,241,1,1,0,17,94.68457475146016
9777,241,0,0,1,15,94.76624033373665
9778,241,0,0,0,15,94.75414708882374
9779,240,1,2,1,17,95.14090114048265
9780,240,1,1,0,16,95.15441337294142
9781,241,1,0,0,15,94.84990461231533
9782,241,0,0,1,15,94.82631435588345
9783,242,1,0,0,16,94.46968865921241
9784,241,0,1,0,16,94.83747305243622
9785,241,0,0,0,14,94.726165169124
9786,241,0,0,0,14,94.73446076720678
9787,241,0,0,0,14,94.69887240796592
9788,240,0,1,0,14,95.08464351751938
9789,240,0,0,0,13,95.0584342658386
9790,240,0,0,0,13,95.10744551341678
9791,241,1,0,0,14,94.75572241587857
9792,240,0,1,0,14,95.16013342628655
9793,240,0,0,1,12,95.08921337295826
9794,240,1,1,0,14,95.07877232675202
9795,240,0,0,0,13,95.10413919856634
9796,241,1,0,0,15,94.76877693470351
9797,240,0,1,1,15,95.23767757190036
9798,240,0,0,0,13,95.20199582238287
9799,238,1,3,1,14,95.99317761001926
9800,238,0,0,0,10,95.9771662671158
9801,239,1,0,1,11,95.60773300552198
9802,239,0,0,0,11,95.54418472117366
9803,238,0,1,0,11,95.94344228848993
9804,238,0,0,0,9,95.97118067803602
9805,237,0,1,0,9,96.36115823738008
9806,237,0,0,0,8,96.30154025877981
9807,237,1,1,1,9,96.34708563546695
9808,237,0,0,0,8,96.34311940397316
9809,236,0,1,1,8,96.6711933832895
9810,237,1,0,1,8,96.21369279933508
9811,237,0,0,0,8,96.28054735629114
9812,237,0,0,0,8,96.33736728813177
9813,238,1,0,0,9,95.91237139328176
9814,238,0,0,0,9,95.89158014336445
9815,238,0,0,1,9,95.92263551211983
9816,238,0,0,1,9,95.89451922823177
9817,238,0,0,0,9,95.8584574270944
9818,237,0,1,1,9,96.30389621246617
9819,237,0,0,1,8,96.2479604849164
9820,238,1,0,1,9,95.85087865464622
9821,238,0,0,0,9,95.87933843231338
9822,239,1,0,0,10,95.52130366385914
9823,239,0,0,0,10,95.60836170701417
9824,240,1,0,2,11,95.21243297326446
9825,240,0,0,0,11,95.24732808128512
9826,241,1,0,0,12,94.9024735172444
9827,242,1,0,0,13,94.49120777834351
9828,243,1,0,0,15,94.13331521667239
9829,244,1,0,1,18,93.68103245227857
9830,244,0,0,0,17,93.6791632903655
9831,244,0,0,0,17,93.66707701077429
9832,244,0,0,0,17,93.5186753509211
9833,244,0,0,0,17,93.5855752038597
9834,244,0,0,0,18,93.61316882880347
9835,243,0,1,0,17,94.00094958095946
9836,244,1,0,0,17,93.6065192267221
9837,245,1,0,0,19,93.33561383186552
9838,246,1,0,0,22,93.05036186240484
9839,246,0,0,0,22,93.05464598259292
9840,246,1,1,0,23,92.9672619601299
9841,246,0,0,0,21,93.0208637510387
9842,246,0,0,0,21,92.93049566565163
9843,247,1,0,1,23,92.62765745829452
9844,247,0,0,0,23,92.6308659447274
9845,247,1,1,0,24,92.63030792433963
9846,246,0,1,0,23,92.99346124945876
9847,247,1,0,2,21,92.62623531878967
9848,248,1,0,0,23,92.23326702810833
9849,247,0,1,0,23,92.65345823864523
9850,246,0,1,0,21,93.10198271770227
9851,245,0,1,0,20,93.40044427889664
9852,244,0,1,0,18,93.74526410671717
9853,243,0,1,0,16,94.14233999364491
9854,244,1,0,1,15,93.76403908373142
9855,245,1,0,0,16,93.42544742429034
9856,245,0,0,0,17,93.45607130768056
9857,246,1,0,0,18,93.1407564463612
9858,246,0,0,0,18,93.05323268237538
9859,245,0,1,0,18,93.42822677750831
9860,245,0,0,0,16,93.35647779640011
9861,245,0,0,0,16,93.23674869850049
9862,243,0,2,0,16,94.03155641391415
9863,243,0,0,0,14,94.05075851319059
9864,244,1,0,0,15,93.70461546745577
9865,244,0,0,0,15,93.65868914395959
9866,244,0,0,0,15,93.74471801677929
9867,244,0,0,0,15,93.6855312563617
9868,244,0,0,1,15,93.62749084174855
9869,246,2,0,0,17,92.90754925614065
9870,246,0,0,0,17,92.9097560240139
9871,247,1,0,0,19,92.60585015115464
9872,247,0,0,0,19,92.58571251471513
9873,247,0,0,0,19,92.56896839592812
9874,245,0,2,0,19,93.33624878547388
9875,244,0,1,0,17,93.66695774798289
9876,245,1,0,1,18,93.2784744019566
9877,245,1,1,0,19,93.3768460244884
9878,245,0,0,1,17,93.40175125577784
9879,245,0,0,0,17,93.29937706426466
9880,244,0,1,0,17,93.67404101398502
9881,244,1,1,1,18,93.713986087189
9882,244,0,0,0,17,93.74852511066564
9883,244,1,1,0,19,93.74137188635142
9884,244,0,0,0,18,93.6946981427786
9885,245,1,0,1,19,93.36980052573367
9886,244,0,1,0,19,93.7520487249014
9887,245,1,0,0,19,93.41287980883016
9888,245,0,0,0,19,93.38965099589615
9889,245,0,0,0,19,93.32868038743499
9890,243,1,3,0,20,94.14903224967823
9891,244,1,0,0,17,93.81970979866091
9892,245,1,0,1,17,93.52346044195161
9893,245,1,1,0,19,93.54146983389668
9894,245,0,0,0,18,93.54264577039368
9895,246,1,0,0,19,93.2076270339926
9896,246,0,0,1,19,93.1519571913483
9897,246,0,0,1,19,93.04898483689361
9898,246,0,0,0,19,93.1065708937038
9899,245,0,1,0,19,93.469994643795
9900,246,1,0,0,18,93.1661108144246
9901,248,2,0,0,22,92.37909287917067
9902,248,0,0,1,22,92.41432542282722
9903,248,0,0,1,22,92.42933878584181
9904,247,0,1,0,22,92.66039542250869
9905,247,1,1,0,22,92.65981616352238
9906,245,0,2,0,21,93.42196043216055
9907,245,0,0,0,19,93.42691894807679
9908,245,1,1,0,20,93.39857177575146
9909,246,1,0,0,21,93.06429238105306
9910,246,1,1,0,22,93.19815137912835
9911,247,1,0,0,21,92.86076510534255
9912,247,0,0,1,21,92.89219879394805
9913,245,0,2,0,21,93.5843133815267
9914,245,0,0,0,17,93.57524186022243
9915,244,0,1,0,17,93.98469120896962
9916,244,0,0,1,14,93.9835657879829
9917,244,0,0,1,14,94.00559529114332
9918,244,0,0,0,14,93.94809464309428
9919,243,1,2,0,15,94.29692144882412
9920,243,0,0,1,13,94.34524568271569
9921,242,0,1,0,13,94.72409318727145
9922,242,0,0,1,12,94.66788026088324
9923,243,1,0,2,13,94.3103091218368
9924,244,1,0,0,14,93.99796604009055
9925,244,0,0,0,14,94.00247676976811
9926,244,0,0,1,14,94.03963162207846
9927,245,1,0,0,15,93.74882107984388
9928,245,0,0,1,15,93.8002036681795
9929,245,0,0,0,15,93.74980413307566
9930,246,1,0,0,16,93.34395728590742
9931,246,0,0,0,16,93.36856312253661
9932,246,0,0,0,16,93.37968964720145
9933,246,0,0,0,16,93.33558797056439
9934,246,0,0,0,16,93.42099728472334
9935,247,1,0,0,18,92.97021382971704
9936,247,0,0,0,18,92.99245771120982
9937,248,1,0,0,21,92.64467073613783
9938,248,0,0,1,21,92.67966551917743
9939,247,0,1,1,21,93.00090305454935
9940,247,0,0,0,20,93.00428962303936
9941,247,0,0,0,20,92.96326969852177
9942,248,1,0,0,22,92.62576339151734
9943,248,1,1,1,23,92.64875986617166
9944,248,0,0,0,22,92.57757308424056
9945,246,0,2,0,22,93.29617982120243
9946,248,2,0,0,20,92.61460990295865
9947,248,0,0,0,20,92.63461887729825
9948,249,1,0,0,22,92.31750237797723
9949,248,0,1,0,22,92.64033135954259
9950,246,0,2,0,21,93.32377742900994
9951,247,1,0,0,20,92.90277350947797
9952,247,0,0,0,20,93.04582294801948
9953,247,0,0,1,20,93.09015041253556
9954,247,0,0,0,20,92.9916576168159
9955,246,0,1,0,20,93.39202721788085
9956,246,0,0,0,19,93.35046573892511
9957,246,1,1,0,20,93.30611351395805
9958,243,0,3,1,19,94.40993419272611
9959,243,0,0,0,15,94.41434080663603
9960,242,0,1,0,15,94.89362778359776
9961,242,0,0,1,14,94.92767324901587
9962,242,0,0,1,14,94.81647122402123
9963,243,1,0,0,15,94.45340630143487
9964,243,0,0,0,15,94.3957284876996
9965,244,2,1,0,17,94.0472496196428
9966,247,3,0,0,21,93.00027464847597
9967,247,0,0,1,21,92.97905487660024
9968,247,0,0,1,21,93.05188483139605
9969,247,1,1,1,22,93.0278852798877
9970,246,0,1,2,19,93.35231024013761
9971,247,1,0,0,19,93.04094661904863
9972,248,2,1,1,23,92.67419341478146
9973,248,0,0,0,21,92.71837796126691
9974,249,1,0,0,22,92.34232345645613
9975,248,0,1,0,22,92.68647446440818
9976,248,0,0,0,21,92.72113790846598
9977,247,0,1,1,21,93.04674516241086
9978,247,0,0,0,20,93.0229957061752
9979,247,0,0,0,20,93.01095685390813
9980,247,0,0,0,20,93.04413902561741
9981,247,1,1,1,21,92.99985658975412
9982,247,0,0,0,19,93.01926570442316
9983,248,1,0,0,22,92.68089450665869
9984,248,1,1,1,24,92.5558848748142
9985,248,0,0,0,23,92.6036657291505
9986,248,0,0,0,23,92.53662318558901
9987,248,0,0,0,23,92.5632982164551
9988,247,0,1,0,23,93.00458462012803
9989,246,0,1,0,22,93.39654478023736
9990,245,0,1,0,19,93.76172417915643
9991,245,0,0,1,17,93.69679197786901
9992,246,1,0,0,18,93.3114354355175
9993,246,0,0,0,18,93.34426141089162
9994,246,1,1,0,19,93.47126933076075
9995,247,1,0,0,19,93.097238760314
9996,246,0,1,0,19,93.46062420674718
9997,246,0,0,0,17,93.46099031338699
9998,246,0,0,0,17,93.40221583991148
9999,245,0,1,0,17,93.78598907159348
10000,244,1,2,0,16,94.13607406683111
