tick,population,births,deaths,moves,attacks,mean_internal_energy
1,20,0,0,0,0,26.65
2,20,0,0,1,0,28.840107638330075
3,20,0,0,0,0,30.22061730226751
4,20,0,0,0,0,31.456744680584798
5,20,0,0,0,0,33.245878310765555
6,20,0,0,0,0,33.445718662262344
7,20,0,0,0,0,33.49571866226235
8,20,0,0,0,0,33.842575816642785
9,20,0,0,2,0,33.72873113593196
10,20,0,0,0,0,33.87873113593196
11,20,0,0,0,0,34.267439065977115
12,20,0,0,0,0,34.1712067331971
13,20,0,0,0,0,33.7212067331971
14,20,0,0,0,0,33.271206733197104
15,20,0,0,0,0,32.82120673319711
16,20,0,0,2,0,32.321206733197116
17,20,0,0,1,0,32.04620673319711
18,20,0,0,0,0,31.796206733197113
19,20,0,0,2,0,31.596206733197118
20,20,0,0,1,0,31.426332525332924
21,20,0,0,0,0,31.47633252533293
22,20,0,0,1,0,31.50133252533293
23,20,0,0,0,0,31.342019431378827
24,20,0,0,0,0,31.092019431378827
25,20,0,0,0,0,31.042019431378833
26,20,0,0,0,0,30.792019431378833
27,20,0,0,0,0,30.742019431378832
28,20,0,0,0,0,30.49201943137884
29,20,0,0,0,0,30.04201943137884
30,20,0,0,0,0,30.092019431378837
31,20,0,0,0,0,29.84696497220357
32,20,0,0,0,0,29.39696497220357
33,20,0,0,0,0,29.14696497220357
34,20,0,0,1,0,28.97196497220357
35,20,0,0,0,0,29.321964972203574
36,20,0,0,0,0,28.871964972203575
37,20,0,0,0,0,28.621964972203575
38,20,0,0,0,0,28.871964972203575
39,20,0,0,1,0,28.396964972203573
40,20,0,0,0,0,28.446964972203574
41,20,0,0,0,0,28.296964972203575
42,20,0,0,0,0,28.34696497220358
43,20,0,0,0,0,27.89696497220358
44,20,0,0,0,0,27.941201848899944
45,20,0,0,2,0,27.641201848899943
46,20,0,0,1,0,27.46620184889995
47,20,0,0,1,0,27.391201848899946
48,20,0,0,0,0,27.941201848899947
49,20,0,0,0,0,28.265223347020527
50,20,0,0,0,0,28.475159025120018
51,20,0,0,0,0,28.52515902512002
52,20,0,0,0,0,28.975159025120018
53,20,0,0,0,0,28.925159025120017
54,20,0,0,0,0,29.071726042239554
55,20,0,0,0,0,29.221726042239556
56,20,0,0,0,0,29.571726042239554
57,20,0,0,0,0,29.321726042239554
58,20,0,0,0,0,29.371726042239555
59,20,0,0,0,0,29.21264538203939
60,20,0,0,0,0,29.162645382039397
61,20,0,0,0,0,28.912645382039397
62,20,0,0,0,0,28.662645382039397
63,20,0,0,0,0,28.612645382039396
64,20,0,0,0,0,28.5626453820394
65,20,0,0,1,0,28.287645382039397
66,20,0,0,1,0,28.5126453820394
67,20,0,0,0,0,28.362645382039396
68,19,0,1,0,0,29.910002494339903
69,19,0,0,0,0,30.3021077574978
70,19,0,0,1,0,30.77316038907675
71,19,0,0,0,0,31.327578813229724
72,19,0,0,1,0,31.48625756534212
73,19,0,0,0,0,31.983625986394756
74,20,1,0,0,0,30.956944687075016
75,20,0,0,0,0,31.10694468707502
76,20,0,0,0,0,31.2047099412214
77,19,0,1,0,0,33.01628267297573
78,20,1,0,1,0,31.812968539326942
79,21,1,0,0,0,31.012350989835184
80,21,0,0,0,0,30.943303370787568
81,21,0,0,0,0,31.33905397588408
82,21,0,0,0,0,31.65095873778884
83,21,0,0,0,0,32.534292071122174
84,21,0,0,2,0,32.6081015949317
85,21,0,0,0,0,33.015244452074555
86,20,0,1,0,0,35.00748057405592
87,20,0,0,0,0,34.95748057405592
88,20,0,0,0,0,35.30748057405592
89,20,0,0,0,0,35.657480574055924
90,20,0,0,0,0,36.30748057405592
91,20,0,0,1,0,36.728369939206004
92,19,0,1,0,0,39.26107732757469
93,19,0,0,0,0,39.54791943283785
94,19,0,0,1,0,39.80844574862732
95,19,0,0,0,0,40.095287853890476
96,19,0,0,0,0,41.01370890652206
97,19,0,0,0,0,40.98476153810101
98,19,0,0,0,0,41.3768668012589
99,19,0,0,0,0,42.59203110675975
100,19,0,0,0,0,42.352557422549225
101,19,0,0,0,0,42.113083738338695
102,19,0,0,0,0,42.926812803522104
103,19,0,0,0,0,43.163448177528565
104,19,0,0,0,0,42.71344817752857
105,19,0,0,0,0,43.6687113354233
106,19,0,0,0,0,43.955553440686465
107,19,0,0,0,0,44.02134291437068
108,19,0,0,0,0,44.623974493318045
109,20,1,0,0,0,42.764737619961686
110,20,0,0,0,0,43.31473761996169
111,20,0,0,0,0,44.264737619961686
112,20,0,0,0,0,44.81473761996169
113,19,0,1,0,0,48.40258523953133
114,19,0,0,1,0,48.347322081636584
115,19,0,0,0,0,49.468768349721444
116,20,1,0,0,0,47.267829932235365
117,20,0,0,0,0,48.417829932235364
118,20,0,0,0,0,48.61532993223537
119,20,0,0,0,0,49.165329932235366
120,20,0,0,0,0,49.76032993223537
121,20,0,0,0,0,49.91032993223537
122,20,0,0,0,0,50.88782993223538
123,20,0,0,0,0,50.63782993223538
124,20,0,0,0,0,50.787829932235375
125,20,0,0,0,0,51.405329932235375
126,20,0,0,1,0,51.22032993223538
127,20,0,0,0,0,51.770329932235384
128,20,0,0,1,0,51.49532993223538
129,20,0,0,1,0,52.62032993223538
130,20,0,0,0,0,53.47032993223538
131,20,0,0,0,0,53.35782993223538
132,20,0,0,0,0,54.35466931732883
133,20,0,0,0,0,54.92240787709517
134,20,0,0,0,0,54.89490787709516
135,20,0,0,1,0,55.13240787709517
136,20,0,0,0,0,56.02990787709517
137,20,0,0,0,0,55.77990787709517
138,20,0,0,0,0,56.43509738703053
139,20,0,0,0,0,56.407597387030535
140,20,0,0,0,0,56.36026361465771
141,20,0,0,0,0,57.29026361465772
142,19,0,1,0,0,60.564534755331145
143,19,0,0,1,0,61.560625132211214
144,19,0,0,0,0,61.181677763790155
145,19,0,0,0,0,61.59746723747437
146,19,0,0,2,0,61.16588829010595
147,19,0,0,0,0,61.8869409216849
148,19,0,0,0,0,62.67904618484279
149,19,0,0,0,0,63.3869409216849
150,19,0,0,0,0,63.67378302694806
151,19,0,0,1,0,64.72378302694806
152,19,0,0,0,0,65.23430934273753
153,19,0,0,0,0,66.46851986905332
154,19,0,0,0,0,67.25683682952561
155,19,0,0,0,0,67.55830124169124
156,19,0,0,0,0,68.2793538732702
157,19,0,0,0,0,68.76882755748072
158,19,0,0,0,0,69.02409071537546
159,19,0,0,0,0,69.46356439958599
160,19,0,0,0,0,69.71619597853335
161,19,0,0,0,0,69.85303808379652
162,19,0,0,0,0,70.43461703116493
163,19,0,0,0,0,70.40566966274389
164,19,0,0,0,0,71.17409071537546
165,19,0,0,0,0,71.00566966274388
166,19,0,0,0,0,71.5195368623998
167,19,0,0,0,0,71.30374738871559
168,19,0,0,0,0,71.44058949397876
169,19,0,0,1,0,71.27216844134718
170,19,0,0,0,0,71.75901054661034
171,20,1,0,0,0,68.66606001927981
172,20,0,0,0,0,69.28606001927982
173,20,0,0,0,0,69.34856001927982
174,20,0,0,0,0,69.18856001927982
175,20,0,0,0,0,69.13856001927982
176,20,0,0,0,0,70.35856001927982
177,20,0,0,0,0,71.34696939689579
178,20,0,0,0,0,71.78946939689578
179,20,0,0,0,0,72.53946939689578
180,21,1,0,0,0,69.36616133037694
181,21,0,0,0,0,69.9185422827579
182,21,0,0,0,0,70.21139942561504
183,22,1,0,0,0,67.20860854263255
184,22,0,0,0,0,67.6290630880871
185,22,0,0,0,0,67.66542672445073
186,22,0,0,0,0,67.59951763354162
187,22,0,0,0,0,68.03231138956806
188,22,0,0,0,0,68.3095841168408
189,22,0,0,1,0,68.44594775320444
190,22,0,0,0,0,68.70503866229534
191,22,0,0,0,0,68.94822048047716
192,22,0,0,0,0,69.28685684411352
193,22,1,1,0,0,70.00437751569275
194,22,0,0,0,0,70.68846842478366
195,22,0,0,0,0,71.06801387932911
196,22,0,0,1,0,71.20210478842002
197,23,1,0,0,0,68.8846219715322
198,23,0,0,0,0,69.57592631935827
199,24,1,0,0,0,67.55192938938502
200,24,0,0,0,0,67.76859605605169
201,24,0,0,0,0,68.48526272271836
202,24,0,0,0,0,69.10192938938502
203,24,0,0,0,0,69.86859605605169
204,23,0,1,0,1,72.6954915367496
205,24,1,0,0,0,70.09776272271836
206,24,0,0,0,0,69.90817938938503
207,26,2,0,0,0,65.3306271286631
208,26,0,0,0,0,65.5306271286631
209,26,0,0,0,0,66.06908866712463
210,26,0,0,0,0,66.7133194363554
211,26,0,0,0,0,67.01716559020156
212,26,0,0,0,0,67.45755020558617
213,27,1,0,0,0,65.58875204982373
214,26,0,1,0,1,67.91379647072712
215,26,0,0,0,0,68.38687339380404
216,26,0,0,0,0,68.60610416303481
217,26,0,0,0,0,69.52533493226558
218,25,0,1,0,1,72.1315483295562
219,26,1,0,1,0,69.75852740501657
220,26,0,0,0,0,70.20083509732426
221,26,0,0,0,0,70.38352740501657
222,26,0,0,0,0,70.1946099710703
223,26,0,0,0,0,70.40230227876262
224,26,0,0,0,0,70.5142966357858
225,26,0,0,0,0,70.78352740501657
226,26,0,0,0,0,70.98929663578579
227,27,1,0,0,0,68.80821157520114
228,27,0,0,0,0,69.21561898260855
229,27,0,0,0,0,69.95265601964559
230,28,1,0,0,0,68.04541830465824
231,28,0,0,0,0,68.18291830465824
232,28,0,0,2,0,68.52398973322967
233,28,0,0,0,0,68.58648973322967
234,28,0,0,0,0,69.0293468760868
235,28,0,0,1,0,69.37220401894396
236,28,0,0,0,0,69.4650611618011
237,28,0,0,1,0,69.81327544751538
238,28,0,0,0,0,70.07934687608682
239,28,0,0,0,0,70.65434687608682
240,28,0,0,0,0,71.24541830465824
241,28,0,0,0,0,71.23794263619395
242,28,0,0,0,0,71.83794263619394
243,28,0,0,0,0,72.21472835047966
244,28,0,0,2,0,72.52365692190823
245,28,0,0,1,0,73.17008549333681
246,30,2,0,0,0,69.11707979378102
247,30,0,0,0,0,69.85932468069042
248,30,0,0,0,0,70.2034127587406
249,29,0,1,0,1,71.8345649228351
250,29,0,0,0,0,71.97249595731786
251,29,0,0,0,0,72.30525457800752
252,29,0,0,0,0,72.39318561249027
253,29,0,0,0,0,71.9742200952489
254,29,0,0,0,0,73.00008216421442
255,29,0,0,0,0,73.3190476814558
256,29,0,0,0,0,73.88284078490406
257,29,0,0,0,0,74.15525457800751
258,30,1,0,1,0,72.36674609207394
259,30,0,0,0,0,72.6434127587406
260,30,0,0,0,0,72.81674609207394
261,30,0,0,0,0,72.76674609207393
262,30,0,0,0,0,72.72159657197693
263,30,0,0,0,0,73.37051983534496
264,30,0,0,1,0,74.19718650201163
265,30,0,0,0,0,74.5788531686783
266,30,0,0,0,0,75.03718650201162
267,29,0,1,0,1,75.7164161227858
268,29,0,0,1,0,75.83365750209614
269,29,0,0,0,0,76.48882991588926
270,29,0,0,0,0,76.97503681244098
271,29,0,0,0,0,77.61641612278581
272,29,0,0,1,0,77.77848508830306
273,29,0,0,1,0,77.94227819175133
274,29,0,0,0,0,78.24400232968236
275,29,0,0,0,0,78.7508988814065
276,29,0,0,0,0,79.17676095037203
277,29,0,0,1,0,79.30779543313064
278,29,0,0,0,0,79.62848508830305
279,30,1,0,0,0,77.58586891869295
280,31,1,0,0,0,75.42987314712221
281,31,0,0,0,0,75.56213121163833
282,31,0,0,1,0,75.69116346970286
283,31,0,0,1,0,76.21051830841253
284,31,0,0,0,0,76.64833919245942
285,31,0,0,0,0,76.66446822471748
286,31,0,0,2,0,77.07575854729812
287,32,1,0,0,0,75.29550085359426
288,32,0,0,0,0,75.55956335359426
289,32,0,0,0,0,75.87673871530234
290,32,0,0,0,0,76.41423871530233
291,32,0,0,1,0,76.73455121530233
292,33,1,0,0,0,75.0062314815053
293,35,2,0,1,0,71.63517970171259
294,35,0,0,0,0,71.88660827314116
295,35,0,0,0,0,71.87089398742688
296,36,1,0,0,0,70.58420248777614
297,37,1,0,0,0,69.4670618799984
298,38,1,0,0,0,68.19161288315634
299,38,0,0,0,0,68.21003393578792
300,38,0,0,1,0,68.61398130420896
301,38,0,0,0,0,68.97187604105108
302,38,0,0,0,0,69.27187604105107
303,38,0,0,0,0,69.74687604105107
304,37,0,1,1,1,72.0183948182957
305,37,1,1,1,1,72.30244887234977
306,37,0,0,0,0,72.96223435036262
307,37,0,0,0,0,73.1987208368491
308,36,0,1,0,1,74.67646308231714
309,36,0,0,0,0,74.89590752676159
310,36,0,0,0,0,75.50489678714752
311,37,1,0,0,0,73.80341309019758
312,37,0,0,0,0,74.05071038749489
313,37,0,0,0,0,74.16223435036262
314,39,2,0,0,0,71.09622233239531
315,40,1,0,0,0,69.55806290682844
316,40,0,0,0,0,70.07681290682844
317,41,1,0,0,0,68.65176868958872
318,41,0,0,0,0,69.1566467383692
319,41,0,0,0,0,69.29201259202775
320,41,0,0,1,0,69.62250039690578
321,41,0,0,0,0,70.11030527495457
322,42,1,0,0,0,68.869583720789
323,42,1,1,0,1,67.4595680166479
324,41,0,1,1,1,69.11150869998079
325,41,0,0,0,0,69.72980138290761
326,42,1,0,0,0,68.53742515950505
327,42,0,0,0,0,68.77432992140982
328,42,0,0,0,0,69.32671087379077
329,43,1,0,0,0,68.17314340260319
330,43,0,0,0,0,68.26151549562645
331,43,0,0,0,0,68.64291084446364
332,43,0,0,1,0,68.79291084446366
333,43,0,0,0,0,69.2138410770218
334,44,1,0,1,0,67.69908622756219
335,44,0,0,2,0,68.2956771366531
336,44,0,0,1,0,68.72635895483492
337,45,1,0,0,0,67.49466208917191
338,46,1,0,0,0,66.64803900027688
339,47,1,0,0,0,66.06191051090929
340,47,0,0,0,0,66.58957008537737
341,47,0,0,1,0,66.8310594470795
342,47,0,0,0,0,66.7906339151646
343,50,3,0,0,0,63.57807652937849
344,51,1,0,0,0,62.924584832724015
345,49,0,2,1,2,64.72313931569234
346,49,0,0,1,0,64.89864951977398
347,50,1,0,0,0,64.3856765293785
348,50,0,0,0,0,64.6856765293785
349,51,1,0,0,0,63.714388754292635
350,51,0,0,0,0,64.53618863992196
351,51,0,0,0,0,64.95971805168666
352,51,0,0,1,0,65.39795334580431
353,53,2,0,0,0,63.750860766717366
354,53,0,0,0,0,64.45086076671737
355,53,0,0,0,0,64.95180416294377
356,53,0,0,1,0,65.15557774784943
357,53,0,0,0,0,65.68104944596264
358,53,0,0,1,0,66.13010604973623
359,54,1,0,0,0,65.27491890066705
360,54,0,0,0,0,65.24714112288926
361,54,0,0,0,0,65.58880778955593
362,53,0,1,0,1,67.22010604973623
363,53,0,0,0,0,67.7861437855853
364,53,0,0,0,0,67.87576642709472
365,53,0,0,0,0,67.92104944596264
366,53,0,0,0,0,68.20312491766076
367,54,1,0,0,0,67.67621519696334
368,54,0,0,0,0,67.92621519696334
369,54,0,0,0,0,68.06973371548186
370,54,0,0,1,0,67.92436334511149
371,54,0,0,0,0,68.7391781599263
372,54,0,0,0,0,69.41880778955593
373,55,1,0,0,0,68.83937492065492
374,55,0,0,0,0,69.15392037520037
375,55,0,0,0,0,69.37846582974582
376,55,0,0,0,0,69.99664764792765
377,56,1,0,0,0,68.85612809340299
378,57,1,0,1,0,68.04461707422047
379,57,1,1,0,1,67.97058198650117
380,57,0,0,2,0,68.1679504075538
381,55,0,2,0,2,70.36983790896947
382,55,0,0,0,0,70.49438336351493
383,55,0,0,1,0,71.06347427260584
384,55,0,0,0,0,71.38529245442403
385,54,0,1,1,1,73.31964972209855
386,54,0,0,0,0,73.89158938191268
387,54,1,1,0,1,73.41103382635713
388,54,0,0,0,0,73.32492271524602
389,53,0,1,1,1,74.20520427591103
390,53,0,0,1,0,74.4089778608167
391,53,0,0,1,0,74.70520427591103
392,53,0,0,0,0,75.16652503062802
393,53,0,0,0,0,75.51180804949595
394,55,2,0,1,0,72.922287756787
395,55,0,0,2,0,73.50174230224155
396,54,0,1,1,1,74.92807086339417
397,53,0,1,1,1,75.55086465326953
398,54,1,0,0,0,74.39066345598677
399,54,0,0,0,0,74.71010790043121
400,53,0,1,0,1,75.78973257779782
401,53,0,0,0,0,76.24727974760916
402,52,0,1,2,1,78.0453043581401
403,53,1,0,2,0,76.587845785345
404,53,0,0,0,0,76.81614767213745
405,53,0,0,2,0,77.14144432600503
406,53,2,2,0,2,75.58312880421292
407,53,0,0,0,0,75.46143069100538
408,53,0,0,0,0,75.87102651066424
409,51,0,2,0,2,76.86400794245499
410,51,0,0,0,0,76.93851774637655
411,51,0,0,0,0,77.42479225618048
412,52,1,0,1,0,76.41950778971547
413,52,0,0,1,0,76.64835394356163
414,51,0,1,1,1,78.3332236287295
415,51,0,0,0,0,78.86569358056894
416,51,0,0,0,0,79.26765436488267
417,51,0,0,0,0,79.5353014237062
418,51,0,0,1,0,79.81863475703953
419,51,0,0,0,0,80.0853014237062
420,50,0,1,0,1,81.63232032270595
421,51,1,0,1,0,80.35717678696662
422,50,0,1,0,1,81.69632032270594
423,51,1,0,2,0,80.44184748957258
424,52,1,0,1,0,79.3256902682079
425,52,0,0,0,0,79.81319026820789
426,52,0,0,0,0,79.72472872974635
427,54,2,0,1,0,77.26177581382983
428,54,0,0,0,0,77.97455162544459
429,52,0,2,2,2,80.80569026820791
430,53,1,0,0,0,79.81784705560021
431,52,0,1,0,1,81.45761334513098
432,54,2,0,0,0,79.20992396197798
433,54,0,0,0,0,79.62566470271871
434,55,1,0,1,0,78.463379889942
435,54,0,1,1,1,80.21124658342393
436,55,2,1,0,1,78.80649664554349
437,54,0,1,1,1,78.77631268311423
438,55,1,0,0,0,78.13128881614851
439,54,0,1,0,1,79.24964601644754
440,54,0,0,0,0,79.59223860904014
441,55,1,0,2,0,78.07056154342123
442,55,0,0,1,0,78.21965245251215
443,56,1,0,1,0,77.55144437300301
444,57,1,0,0,0,76.31545412084505
445,57,0,0,0,0,76.36633131382752
446,57,1,1,2,1,76.48738394540645
447,57,1,1,2,1,76.21995290359459
448,56,0,1,0,1,77.8703092054445
449,56,0,0,1,0,78.59173777687306
450,57,1,0,0,0,77.35065465798056
451,58,1,0,1,0,76.72305716387744
452,58,0,0,0,0,77.04891923284295
453,58,0,0,1,0,77.45064337077399
454,57,0,1,0,1,78.7497774649981
455,56,0,1,0,1,79.07895842818947
456,56,0,0,0,0,79.58145842818945
457,57,1,0,0,0,78.61511705225631
458,55,0,2,2,2,78.69730312688381
459,54,1,2,1,2,79.99541514131688
460,54,0,0,0,0,80.32319291909465
461,54,0,0,0,0,80.42226699316873
462,55,1,0,0,0,79.63458941147475
463,55,0,0,0,0,80.03549850238385
464,56,1,0,4,0,78.938436029127
465,55,0,1,0,1,80.50567604080013
466,56,1,0,0,0,79.33861039721441
467,56,0,0,0,0,79.72878896864299
468,56,1,1,0,1,79.75825325435726
469,56,0,0,1,0,79.90450745769841
470,55,0,1,1,1,81.39186213874748
471,55,0,0,0,0,81.82458941147476
472,55,0,0,1,0,82.25277122965659
473,55,1,1,1,1,82.33586213874749
474,57,2,0,0,0,79.85302487072126
475,57,0,0,0,0,80.26969153738793
476,59,2,0,0,0,78.05738180197784
477,60,1,0,1,0,76.78725877194488
478,62,2,0,0,0,74.57476655349504
479,62,1,1,0,1,74.59895641991336
480,63,2,1,0,1,72.8545285402322
481,63,0,0,2,0,72.96325869896233
482,61,0,2,1,2,75.25811963991194
483,62,1,0,0,0,74.72812300090352
484,61,0,1,0,1,74.52776436157407
485,61,0,0,0,0,75.02940370583637
486,61,0,0,1,0,75.17189358566094
487,62,1,0,0,0,74.0974778396132
488,61,0,1,0,1,75.69825616485276
489,61,0,0,0,0,75.97366600091834
490,62,1,0,0,0,75.23860687187127
491,62,0,0,0,0,75.11360687187127
492,62,0,0,0,0,75.65473590412932
493,62,0,0,2,0,75.97247783961319
494,62,0,0,1,0,76.59263912993579
495,62,0,0,0,0,76.96360687187128
496,62,0,0,0,0,77.69021977509706
497,63,1,0,1,0,76.88958136596855
498,64,1,0,0,0,76.23083790712529
499,64,1,1,1,1,76.1745879071253
500,64,0,0,2,0,76.01521290712529
501,65,1,0,0,0,75.36265302628411
502,65,0,0,0,0,75.85496071859181
503,65,0,0,0,0,76.26649918013027
504,67,2,0,1,0,74.53093204042489
505,67,1,1,1,1,74.88182756281294
506,67,0,0,1,0,74.84078278669355
507,67,0,0,0,0,75.36391711505176
508,66,0,1,0,1,76.37412798043134
509,67,1,0,0,0,75.54093204042489
510,67,0,0,0,0,75.782723085201
511,67,0,0,1,0,76.01108129415623
512,68,1,0,0,0,75.96238892218335
513,69,1,0,1,0,75.04844125664447
514,70,1,0,1,0,74.35949141553685
515,70,0,0,0,0,74.56513587682045
516,70,0,0,1,0,74.97155271614994
517,70,0,0,1,0,75.2786955732928
518,70,0,0,1,0,75.81083843043565
519,70,0,0,2,0,76.15514099254352
520,70,0,0,0,0,76.16728384968637
521,70,1,1,1,1,76.4944299680016
522,70,0,0,1,0,76.7237156822873
523,70,0,0,1,0,76.92800139657302
524,70,0,0,0,0,77.54300139657302
525,69,0,1,0,1,78.65594344579871
526,70,1,0,1,0,78.08800139657303
527,71,1,0,0,0,77.60952455523984
528,71,0,0,0,0,77.99684849890181
529,72,1,0,0,0,77.46355893641707
530,74,2,0,0,0,75.84765193813553
531,74,0,0,0,0,76.14089518137877
532,73,0,1,2,1,77.13981155372642
533,73,0,0,0,0,77.65488004687711
534,74,1,0,0,0,77.04353155182021
535,73,0,1,0,1,77.60371691554377
536,73,0,0,0,0,77.85782650458486
537,73,0,0,1,0,78.00851143609172
538,74,1,0,0,0,77.22326128154995
539,74,0,0,1,0,77.40627790610169
540,73,0,1,2,1,78.10067772108025
541,74,1,0,1,0,77.51891180593051
542,75,1,0,1,0,76.80865964851812
543,75,0,0,0,0,77.15732631518478
544,75,0,0,1,0,77.62799298185145
545,75,0,0,0,0,78.05999298185144
546,75,0,0,0,0,78.43332631518477
547,75,1,1,0,1,78.31665964851811
548,75,0,0,2,0,78.57199298185145
549,75,0,0,0,0,78.90132631518478
550,75,0,0,1,0,79.32748209583967
551,74,0,1,0,1,80.7105561782159
552,75,1,0,1,0,79.868415429173
553,75,0,0,0,0,80.33108209583968
554,75,0,0,0,0,80.48308209583968
555,75,0,0,1,0,80.59306854902822
556,75,0,0,0,0,80.71373521569488
557,76,1,0,0,0,80.0747386996989
558,77,1,0,0,0,79.41857326204047
559,77,1,1,0,1,79.59636546983266
560,79,2,0,1,0,77.92493849591285
561,80,1,0,0,0,77.40150176471394
562,80,0,0,0,0,77.96587676471395
563,80,0,0,2,0,77.97462676471395
564,79,0,1,1,1,78.98468533135589
565,79,0,0,1,0,79.29164735667234
566,79,0,0,0,0,79.65873596426728
567,79,0,0,0,0,79.8853182427483
568,77,1,3,0,3,80.37935248281968
569,77,0,0,1,0,80.7988330023002
570,77,0,0,0,0,81.11311871658592
571,77,0,0,3,0,81.2527291061963
572,76,1,2,0,2,81.36259093368797
573,76,0,0,0,0,81.77180146000376
574,76,0,0,0,0,82.06719619684587
575,75,0,1,2,1,82.21941039770815
576,74,0,1,1,1,82.2581862138934
577,75,1,0,0,0,81.4004770643748
578,75,0,0,0,0,81.72178795038658
579,73,0,2,0,2,82.6271794010821
580,74,1,0,1,0,81.74370400377018
581,75,1,0,1,0,80.59912128371991
582,77,2,0,0,0,78.80888436725965
583,76,0,1,1,1,78.77150126682885
584,76,0,0,0,0,79.1629486352499
585,77,2,1,0,1,78.67329995167525
586,77,0,0,1,0,79.07719605557133
587,77,0,0,0,0,79.40446878284406
588,77,0,0,0,0,79.84667657505186
589,77,0,0,0,0,80.339533717909
590,79,2,0,0,0,79.0189126111265
591,80,1,0,0,0,78.51617620348742
592,79,0,1,1,1,78.62397590226574
593,78,0,1,0,1,78.70377046511531
594,78,0,0,0,0,78.82748841383325
595,79,1,0,0,0,78.3809379275822
596,80,1,0,0,0,77.49992620348742
597,81,1,0,3,0,76.91350736146906
598,82,1,0,1,0,76.60846458876821
599,82,1,1,0,1,76.32858653998773
600,83,1,0,0,0,75.76137465396377
601,83,1,1,1,1,75.67992887083125
602,82,0,1,1,1,76.53456214974382
603,82,0,0,1,0,76.79553775949992
604,84,2,0,2,0,75.5500658413695
605,83,0,1,0,1,76.62946422500046
606,85,2,0,0,0,75.31418271382398
607,86,1,0,0,0,74.99775054285928
608,88,2,0,0,0,73.8956125822852
609,88,1,1,0,1,73.90072621864884
610,88,0,0,0,0,74.23412602820552
611,88,0,0,1,0,74.44435330093279
612,88,0,0,1,0,74.60514875547825
613,88,0,0,0,0,75.13526239184188
614,88,0,0,2,0,75.39048966456916
615,89,1,0,2,0,74.97374258968635
616,90,1,0,1,0,74.21903433868985
617,89,0,1,1,1,75.19846169080995
618,88,2,3,0,3,75.89895653206199
619,88,1,1,0,1,76.17282016842562
620,89,1,0,0,0,75.91357499799388
621,88,0,1,0,1,77.15509289569835
622,88,0,0,2,0,77.46077471388017
623,89,1,0,0,0,76.96964241372422
624,89,0,0,2,0,77.07020421147702
625,90,1,0,2,0,76.54331305357172
626,91,1,0,0,0,76.12745247056544
627,91,0,0,1,0,76.43294697605994
628,93,2,0,0,0,75.1644965034565
629,93,0,0,0,0,75.53546424539199
630,94,1,0,1,0,75.29363457360239
631,93,0,1,0,1,76.5053940851465
632,92,0,1,3,1,77.32447445563722
633,93,1,0,0,0,76.6032435475121
634,93,0,0,1,0,76.979049999125
635,95,2,0,0,0,75.75422789388026
636,95,0,0,0,0,75.609491051775
637,93,1,3,0,3,77.15980268729705
638,94,1,0,1,0,76.71706814534487
639,92,0,2,1,2,77.49073532520244
640,91,1,2,2,2,77.37568846064423
641,91,1,1,0,1,77.74920494416071
642,90,0,1,3,1,78.80519611020694
643,90,0,0,0,0,79.30352944354027
644,90,0,0,0,0,79.5107516657625
645,89,0,1,0,1,80.18222078560252
646,89,0,0,0,0,80.48615177482628
647,92,3,0,0,0,78.35888595608195
648,92,0,0,2,0,78.6007337821689
649,93,1,0,1,0,78.2367473974144
650,93,0,0,0,0,78.29040331139291
651,92,1,2,0,2,79.2878076952124
652,93,1,0,0,0,79.10030438666172
653,94,1,0,0,0,78.62583306339937
654,93,0,1,1,1,79.52772374150044
655,94,1,0,0,0,79.23423183462066
656,95,1,0,0,0,78.63281886794043
657,96,1,0,0,0,78.12778950473272
658,97,1,0,1,0,77.66461641705506
659,97,0,0,1,0,78.04090507684887
660,97,1,1,2,1,78.41093228762001
661,97,0,0,0,0,78.56814878246537
662,96,0,1,1,1,79.57771283228271
663,96,0,0,0,0,79.96625449894938
664,96,0,0,2,0,80.15583783228271
665,96,1,1,3,1,79.81781699894938
666,98,2,0,0,0,78.89653501937899
667,98,0,0,2,0,79.26184114182796
668,98,0,0,1,0,79.33710918333082
669,98,0,0,0,0,79.70404795884102
670,98,0,0,0,0,80.18160042781128
671,99,2,1,3,1,79.69364120748524
672,99,0,0,0,0,79.90309941338893
673,101,2,0,0,0,78.47432516757925
674,102,1,0,0,0,78.2003925678971
675,100,0,2,2,2,78.58040041925504
676,100,0,0,0,0,78.90340041925504
677,101,1,0,0,0,78.390000415104
678,99,0,2,1,2,79.95646506995459
679,100,1,0,0,0,79.74165786295018
680,100,1,1,1,1,79.75865786295017
681,100,0,0,1,0,79.96915786295018
682,100,0,0,1,0,80.50955168657985
683,101,2,1,1,1,79.31935810552461
684,101,0,0,0,0,79.43965513522758
685,100,0,1,0,1,80.49205168657986
686,101,1,0,1,0,79.98371454116818
687,101,1,1,0,1,80.105496719386
688,102,1,0,2,0,79.42259969272536
689,103,1,0,0,0,78.91995309376685
690,104,1,0,0,0,78.39572277555756
691,103,0,1,1,1,79.31568124910666
692,104,2,1,1,1,78.8193766217114
693,104,1,1,0,1,79.32697277555755
694,104,0,0,1,0,79.60644780647434
695,103,0,1,1,1,79.91971429003235
696,104,1,0,0,0,79.51965676736589
697,104,0,0,1,0,79.78648369044282
698,104,0,0,1,0,80.36388753659665
699,106,2,0,0,0,79.54522928118918
700,107,1,0,0,0,79.2116290075332
701,108,1,0,1,0,78.78878906913596
702,109,1,0,1,0,78.33063504097875
703,109,0,0,0,0,78.6191671510705
704,108,0,1,1,1,79.39990018024709
705,107,0,1,0,1,79.5240499647089
706,107,0,0,0,0,79.56513898249236
707,106,0,1,0,1,80.86528180308191
708,107,1,0,0,0,80.41467169277273
709,106,0,1,1,1,80.40254595402531
710,104,0,2,0,2,81.52086414544888
711,106,2,0,1,0,80.54311199176117
712,107,2,1,1,1,80.22728851520264
713,108,1,0,2,0,80.06398028821003
714,109,1,0,3,0,79.49733826721727
715,107,0,2,0,2,80.84541935632414
716,108,2,1,1,1,80.12948265515897
717,109,1,0,0,0,79.69297363997403
718,110,1,0,1,0,79.26485569779246
719,110,0,0,1,0,79.60667387961063
720,111,1,0,1,0,79.24535249330782
721,111,0,0,1,0,79.27569254414387
722,113,3,1,0,1,78.18559179115016
723,110,0,3,1,3,79.21556247636336
724,109,0,1,0,1,80.1390997467887
725,110,1,0,0,0,80.04510793090881
726,110,0,0,1,0,80.32328974909062
727,110,1,1,2,1,80.33056247636337
728,111,1,0,1,0,79.94758595145898
729,111,0,0,0,0,80.5264147802878
730,113,3,1,0,1,79.7367437222296
731,113,0,0,0,0,80.063292394796
732,113,1,1,1,1,80.06860212930926
733,113,0,0,0,0,80.44205345674288
734,114,1,0,0,0,79.99343895273637
735,115,1,0,1,0,79.76436557053867
736,115,1,1,0,1,79.87834179619819
737,116,3,2,0,2,79.26335609105855
738,115,0,1,0,1,80.13616788315471
739,117,2,0,0,0,79.21290005609224
740,118,1,0,0,0,78.84923141154908
741,117,0,1,1,1,79.743532835763
742,116,0,1,1,1,80.00804604986442
743,117,1,0,0,0,79.53960121183137
744,116,0,1,1,1,80.61330467055406
745,115,0,1,0,1,80.78950731986323
746,112,0,3,1,3,80.85538698021672
747,113,2,1,1,1,80.04852514853337
748,114,1,0,0,0,79.84809948933572
749,114,0,0,0,0,80.14766089284448
750,116,2,0,0,0,79.14425294641613
751,117,1,0,0,0,78.92378924601941
752,117,0,0,1,0,79.23076330395548
753,116,0,1,2,1,80.01766643588614
754,117,1,0,1,0,79.72819920139139
755,119,2,0,0,0,78.78864963498144
756,119,0,0,0,0,78.97646476103186
757,119,0,0,1,0,79.43150677783859
758,121,2,0,0,0,78.69280418646935
759,122,2,1,2,1,78.06776480789173
760,121,1,2,1,2,78.94877719514005
761,122,1,0,0,0,78.625426562393
762,121,0,1,1,1,78.82646314555328
763,121,0,0,0,0,79.02750588669534
764,120,0,1,0,1,79.49690176908446
765,122,2,0,1,0,78.44803661186339
766,121,0,1,1,1,79.21248319543253
767,122,2,1,0,1,77.96115136596175
768,122,0,0,1,0,78.20254480858472
769,122,1,1,1,1,78.42016775940438
770,121,0,1,0,1,79.18066501361433
771,121,1,1,0,1,79.02281377394492
772,119,0,2,1,2,80.51143249283474
773,119,1,1,1,1,80.6702560222465
774,118,0,1,2,1,81.23398700548589
775,118,0,0,0,0,81.5299019113058
776,118,1,1,0,1,81.76168157232276
777,118,2,2,0,2,81.78710530113632
778,117,1,2,1,2,81.18101218405201
779,118,1,0,2,0,80.69600360622105
780,116,0,2,0,2,81.90317608219038
781,119,4,1,1,1,79.45015483642088
782,117,1,3,0,3,79.15178141482123
783,116,1,2,1,2,79.3408484959835
784,117,1,0,1,0,79.27297799601781
785,115,0,2,1,2,80.42478630899204
786,115,0,0,1,0,80.44130804812248
787,115,0,0,0,0,80.77000370029639
788,115,1,1,2,1,80.90609065681814
789,115,0,0,0,0,81.09696022203552
790,114,0,1,3,1,81.76491601345688
791,113,1,2,0,2,81.53991527021314
792,113,1,1,1,1,81.11248164189455
793,117,4,0,0,0,78.83769594473577
794,116,0,1,1,1,79.30526228908694
795,119,3,0,0,0,77.84941534062256
796,119,2,2,2,2,77.89756660112675
797,120,1,0,0,0,77.83851387735584
798,123,3,0,1,0,76.2164363031114
799,122,0,1,1,1,76.8946351934796
800,122,0,0,0,0,77.32660240659435
801,122,0,0,0,0,77.70652043938124
802,121,0,1,1,1,78.60285531904555
803,120,0,1,0,1,78.79036244670426
804,119,0,1,2,1,79.79750834961774
805,120,2,1,0,1,79.06744578003759
806,120,0,0,0,0,79.50702911337092
807,122,2,0,0,0,78.68289748856157
808,123,2,1,0,1,78.35498775288221
809,124,2,1,3,1,77.26059269035896
810,124,1,1,1,1,77.19728623874606
811,124,1,1,0,1,77.47873785164929
812,124,1,1,1,1,77.75156043229444
813,125,1,0,0,0,77.62434794883609
814,126,1,0,2,0,77.2598689968612
815,126,2,2,1,2,77.36304360003581
816,125,0,1,2,1,77.44114794883609
817,126,1,0,0,0,77.32574201273421
818,126,1,1,0,1,77.5380436000358
819,126,1,1,0,1,77.89542455241676
820,126,1,1,2,1,77.74621820321042
821,126,1,1,1,1,77.83312296511517
822,126,1,1,2,1,77.92240867940089
823,129,3,0,1,0,76.82128582522326
824,131,2,0,1,0,76.09424329354046
825,133,2,0,0,0,75.21199903348722
826,130,0,3,0,3,76.39189131887538
827,130,0,0,1,0,76.78919901118307
828,131,2,1,0,1,76.34874711033434
829,131,0,0,0,0,76.71554100346412
830,131,1,1,0,1,76.9266097057542
831,133,2,0,0,0,76.02357798085563
832,134,2,1,0,1,75.95511844368508
833,133,0,1,1,1,76.52072083799848
834,135,2,0,0,0,75.65856201076889
835,136,2,1,2,1,74.94139711622846
836,135,1,2,0,2,75.8332593170894
837,135,0,0,3,0,76.18325931708941
838,137,2,0,1,0,75.29445261173043
839,136,0,1,1,1,75.76720593975787
840,134,0,2,0,2,76.99611946124679
841,132,0,2,0,2,77.52678408026377
842,130,0,2,0,2,78.79988845072936
843,129,0,1,1,1,79.56490056745956
844,128,1,2,1,2,80.27478260314284
845,127,0,1,0,1,80.81001711182901
846,127,1,1,0,1,80.79426908033295
847,127,1,1,0,1,80.36474152127784
848,127,0,0,0,0,80.558048607892
849,127,0,0,0,0,80.81678876537232
850,127,0,0,0,0,81.24710372600224
851,127,1,1,1,1,80.89631632442745
852,126,0,1,2,1,81.69284781652522
853,126,1,1,0,1,81.3343229248326
854,125,0,1,0,1,81.91558424938087
855,125,0,0,1,0,82.09598424938088
856,126,1,0,3,0,81.75046056486198
857,126,0,0,2,0,81.95244469184611
858,127,1,0,0,0,81.55006323757961
859,127,1,1,0,1,81.75281914309143
860,126,1,2,0,2,81.46395262835406
861,127,1,0,1,0,81.06266166277646
862,126,0,1,0,1,81.69569866010008
863,126,0,0,1,0,81.89847643787785
864,128,2,0,0,0,81.02606976517717
865,125,0,3,2,3,81.21389543954142
866,124,0,1,0,1,82.01263356934979
867,122,0,2,1,2,82.81325051310961
868,120,0,2,0,2,84.03972135499477
869,119,1,2,2,2,83.37408876133927
870,120,1,0,1,0,82.95714108285564
871,119,0,1,0,1,83.13997420119897
872,119,0,0,1,0,83.24963806674518
873,119,0,0,0,0,83.42904983145107
874,117,0,2,1,2,83.55561478583485
875,119,2,0,0,0,82.61350361296368
876,119,0,0,0,0,82.87064647010652
877,119,0,0,0,0,83.38900548129257
878,117,0,2,0,2,84.20377480575911
879,118,1,0,0,0,83.77492925655775
880,118,0,0,2,0,83.81942078198149
881,118,0,0,0,0,84.1723868836764
882,117,0,1,1,1,84.89840696944276
883,118,1,0,1,0,84.54206453749833
884,117,0,1,0,1,85.26977449081029
885,118,2,1,0,1,84.45816623241359
886,117,0,1,0,1,85.15310782414362
887,118,1,0,0,0,84.73020013071867
888,119,1,0,0,0,84.40431609600675
889,118,0,1,2,1,84.8954543680068
890,119,1,0,2,0,84.41944214642692
891,120,1,0,0,0,84.05386346187336
892,122,2,0,0,0,83.04232471659674
893,122,0,0,0,0,83.56349970282713
894,120,1,3,0,3,84.90997469787426
895,120,1,1,0,1,84.99205803120758
896,120,0,0,0,0,85.15039136454091
897,120,0,0,0,0,85.51164136454092
898,121,2,1,3,1,84.25038813012321
899,121,0,0,0,0,84.59253689045381
900,122,1,0,1,0,84.1610406864337
901,122,1,1,1,1,83.71999893504913
902,122,1,1,0,1,84.21205961062215
903,122,1,1,0,1,84.23214157783526
904,123,1,0,1,0,83.80342497964149
905,123,0,0,0,0,84.12814042679595
906,124,1,0,2,0,83.67226832657985
907,126,2,0,1,0,82.61898202604995
908,127,3,2,1,2,82.21725775812828
909,124,0,3,0,3,84.39606238130881
910,123,0,1,2,1,85.00001410798612
911,122,0,1,2,1,85.83239127280568
912,122,1,1,2,1,85.89058799411717
913,122,1,1,0,1,86.29058799411716
914,122,0,0,0,0,86.53648963346141
915,123,1,0,0,0,86.19510838359184
916,126,3,0,2,0,84.34284389826821
917,127,2,1,1,1,83.78313646599838
918,127,1,1,2,1,83.35282150536847
919,127,1,1,1,1,83.58038056048657
920,126,1,2,1,2,83.60641532683964
921,126,0,0,0,0,83.63660107366898
922,125,1,2,0,2,83.08049388225834
923,125,1,1,0,1,82.6897925502878
924,123,0,2,0,2,83.56361031533314
925,123,0,0,0,0,83.74043958362583
926,123,1,1,1,1,83.95060218525184
927,123,1,1,0,1,84.06743145354451
928,123,0,0,2,0,84.19828873032392
929,122,0,1,1,1,84.61604986699636
930,119,1,4,1,4,84.01587320958744
931,119,0,0,0,0,83.97658152851413
932,119,0,0,1,0,84.424480688178
933,120,1,0,0,0,83.93886001577651
934,121,1,0,1,0,83.42490249498498
935,121,0,0,1,0,83.67729234484162
936,120,0,1,0,1,84.27094088609236
937,121,2,1,0,1,83.57903228372797
938,120,0,1,0,1,83.62510755275903
939,117,0,3,0,3,83.69156330197507
940,117,1,1,0,1,83.02746073787252
941,116,0,1,1,1,83.61304229595761
942,115,0,1,1,1,84.69950353331377
943,115,0,0,1,0,84.91080788113985
944,115,1,1,0,1,84.13254701157463
945,115,1,1,3,1,84.4428948376616
946,114,0,1,0,1,84.54458689764108
947,113,0,1,2,1,84.57197262239897
948,113,0,0,3,0,84.87551244540782
949,112,0,1,1,1,84.80699023509897
950,113,1,0,0,0,84.39011421531933
951,113,1,1,0,1,84.11400802062906
952,113,1,1,0,1,84.27976023301844
953,112,1,2,0,2,85.10877594938468
954,113,1,0,0,0,84.70345132743364
955,113,2,2,1,2,84.58265486725664
956,114,1,0,1,0,83.93368421052632
957,114,0,0,1,0,84.33325873246552
958,114,0,0,1,0,84.59159206579885
959,114,0,0,1,0,84.81703066229008
960,115,1,0,2,0,84.55805475897466
961,116,2,1,0,1,84.05341635588006
962,115,0,1,0,1,84.28605475897469
963,116,1,0,0,0,83.97850256277663
964,117,2,1,0,1,83.56287433574434
965,116,1,2,1,2,83.64445083863869
966,114,0,2,1,2,84.92944120422884
967,117,3,0,1,0,83.26116493403494
968,116,0,1,0,1,84.08220945932834
969,117,1,0,0,0,83.69518202805205
970,115,0,2,2,2,84.99161997636598
971,114,0,1,2,1,85.11128330949201
972,114,0,0,0,0,85.35294997615867
973,114,0,0,0,0,85.65251137966744
974,114,1,1,0,1,84.97794997615867
975,113,0,1,1,1,84.98040971046095
976,115,2,0,1,0,83.96466345462686
977,115,0,0,0,0,84.18745604204283
978,116,2,1,1,1,83.60825383478384
979,116,0,0,2,0,83.94423926333506
980,115,0,1,0,1,84.75313571299156
981,116,1,0,2,0,84.1324190258106
982,117,1,0,0,0,83.77402228200025
983,117,0,0,0,0,84.05219057506059
984,116,0,1,0,1,84.77712201923998
985,116,0,0,0,0,85.11255428691456
986,117,1,0,2,0,84.69261792548792
987,118,1,0,0,0,84.18945146979063
988,117,0,1,2,1,85.07739549944696
989,118,1,0,0,0,84.6470785884347
990,120,2,0,0,0,83.56337727862746
991,119,0,1,0,1,84.38525439861593
992,122,3,0,1,0,82.8367729285417
993,121,0,1,1,1,83.88501072133958
994,120,0,1,0,1,84.6319691440174
995,121,2,1,1,1,83.4114570023313
996,122,1,0,1,0,83.06013358427941
997,122,0,0,0,0,83.56710079739416
998,122,0,0,1,0,83.85175996309397
999,122,0,0,0,0,84.21651406145462
1000,120,0,2,0,2,85.11578929581219
1001,121,1,0,3,0,84.59458442559887
1002,122,3,2,0,2,83.31061242211035
1003,121,0,1,0,1,84.05380093980533
1004,120,0,1,0,1,84.48674928097037
1005,118,0,2,1,2,84.72847384505461
1006,118,0,0,1,0,84.91745689590208
1007,117,0,1,1,1,84.94410182663627
1008,117,0,0,0,0,85.20435823689269
1009,116,0,1,0,1,86.21689580790039
1010,116,0,0,0,0,86.44663718721073
1011,116,0,0,1,0,86.8906027044521
1012,117,1,0,0,0,86.46855814154519
1013,118,1,0,0,0,86.21882459797277
1014,119,1,0,0,0,85.57286808874612
1015,119,2,2,0,2,85.52177565177132
1016,119,1,1,0,1,85.4513554837041
1017,118,0,1,0,1,86.48975680136262
1018,118,0,0,1,0,86.72026527593887
1019,118,0,0,0,0,86.90670595390498
1020,118,0,0,2,0,86.91941781831176
1021,119,1,0,0,0,86.4696748114352
1022,117,0,2,0,2,87.50282355724833
1023,118,1,0,0,0,86.87153646237955
1024,118,0,0,0,0,87.14343880997016
1025,118,1,1,3,1,87.24454050488542
1026,118,0,0,1,0,87.41742186081761
1027,120,2,0,1,0,86.19963149647066
1028,121,1,0,0,0,85.55678762446932
1029,121,0,0,2,0,85.58158101289908
1030,121,0,0,1,0,85.98984547570899
1031,121,1,1,0,1,86.19439093025444
1032,120,1,2,1,2,85.61101085467322
1033,120,1,1,2,1,85.84551085467324
1034,121,1,0,0,0,85.44224216992387
1035,121,0,0,0,0,85.65381241785775
1036,121,1,1,0,1,85.89265539306436
1037,120,0,1,1,1,86.31134418800657
1038,119,0,1,1,1,87.18177565177133
1039,119,0,0,0,0,87.6120151853758
1040,120,1,0,2,0,87.15545524927853
1041,120,0,0,0,0,87.27128858261186
1042,121,1,0,0,0,86.77524487531755
1043,121,1,1,0,1,86.28433578440847
1044,121,0,0,1,0,86.40706305713574
1045,121,0,0,1,0,86.72152586705309
1046,122,1,0,0,0,86.3508576222412
1047,123,1,0,3,0,85.83133845458069
1048,124,2,1,0,1,85.289069596076
1049,123,0,1,0,1,85.70824902368638
1050,124,1,0,2,0,85.10777927349537
1051,124,1,1,1,1,84.92650170724234
1052,126,2,0,1,0,83.91814453728611
1053,126,1,1,0,1,84.1222715214131
1054,126,0,0,1,0,84.27901755315912
1055,128,2,0,0,0,83.37309540389101
1056,127,0,1,1,1,83.61500954092953
1057,127,0,0,1,0,83.87135716861006
1058,126,0,1,0,1,84.84470127312284
1059,125,0,1,0,1,85.74425888330782
1060,124,1,2,0,2,86.47703516462482
1061,124,0,0,1,0,86.5014706484958
1062,123,0,1,0,1,87.32619805214209
1063,123,0,0,1,0,87.55546634482502
1064,124,2,1,2,1,86.35380935817321
1065,123,0,1,2,1,87.03229561311771
1066,124,1,0,1,0,86.68042226139902
1067,125,1,0,1,0,86.04257888330783
1068,124,0,1,0,1,86.86590613236676
1069,124,0,0,0,0,87.2197771001087
1070,125,1,0,2,0,86.74641888330783
1071,126,1,0,0,0,86.1456827770042
1072,126,0,0,0,0,86.5597806382022
1073,127,1,0,1,0,86.29868000325574
1074,127,0,0,1,0,86.50616031821637
1075,126,0,1,0,1,87.15620920963079
1076,126,0,0,0,0,87.45541555883713
1077,126,0,0,0,0,87.58716159058316
1078,126,0,0,0,0,87.90105047947206
1079,126,1,1,3,1,87.52890762232919
1080,126,0,0,2,0,87.53327270169427
1081,126,0,0,0,0,87.77414571756728
1082,127,1,0,0,0,87.37868000325574
1083,129,2,0,0,0,86.26423419920968
1084,129,0,0,1,0,86.49330396665155
1085,128,0,1,2,1,86.70360460034644
1086,128,0,0,0,0,86.90555772534644
1087,127,0,1,0,1,87.70772747121532
1088,127,0,0,1,0,87.81638888853814
1089,127,0,0,1,0,88.11777429605041
1090,127,1,1,0,1,88.27076642203465
1091,128,2,1,0,1,87.12220863764807
1092,128,0,0,0,0,87.36435418436251
1093,131,3,0,0,0,85.60333843968246
1094,131,2,2,0,2,85.35066668395727
1095,132,2,1,2,1,84.86755557271518
1096,131,2,3,0,3,84.88539950838475
1097,130,0,1,0,1,85.17451796614156
1098,129,0,1,0,1,86.03633593487133
1099,129,0,0,1,0,86.25649097363103
1100,128,0,1,1,1,87.09388543436252
1101,128,1,1,0,1,86.52083855936252
1102,128,0,0,0,0,86.79661980936251
1103,129,1,0,1,0,86.62300260153799
1104,130,2,1,0,1,85.86735343656967
1105,129,0,1,1,1,86.6457825329772
1106,130,2,1,0,1,86.20681497503122
1107,131,1,0,1,0,85.75694656488551
1108,132,1,0,2,0,85.37886363636363
1109,130,1,3,0,3,86.05276923076923
1110,129,0,1,2,1,86.9611341954087
1111,130,1,0,1,0,86.62884615384617
1112,130,0,0,1,0,86.75923076923077
1113,132,2,0,1,0,85.81780303030304
1114,131,1,2,0,2,85.8930534351145
1115,133,2,0,2,0,85.08714285714287
1116,133,0,0,3,0,85.22812030075188
1117,133,1,1,0,1,85.56180451127821
1118,132,0,1,0,1,86.23083333333334
1119,132,0,0,0,0,86.63022727272728
1120,132,0,0,0,0,87.02227272727274
1121,131,0,1,0,1,87.79412213740459
1122,129,0,2,0,2,88.45099370369788
1123,129,0,0,2,0,88.6622340137754
1124,130,1,0,2,0,88.1823076923077
1125,131,2,1,0,1,87.1263358778626
1126,132,2,1,1,1,86.67651515151516
1127,131,0,1,1,1,86.83625954198475
1128,132,1,0,0,0,86.37727272727274
1129,130,0,2,3,2,87.41230769230769
1130,132,2,0,1,0,86.13522727272728
1131,132,0,0,0,0,86.27613636363637
1132,132,0,0,2,0,86.66780303030305
1133,132,0,0,0,0,86.98030303030303
1134,134,2,0,0,0,85.82462686567165
1135,134,0,0,0,0,86.06865671641792
1136,135,1,0,1,0,85.63925925925926
1137,136,1,0,0,0,85.26176470588236
1138,137,1,0,2,0,84.83211678832117
1139,138,2,1,2,1,84.5736231884058
1140,137,0,1,1,1,85.3930616155598
1141,138,1,0,1,0,84.95651769080936
1142,140,2,0,1,0,83.97555319680677
1143,141,2,1,2,1,83.69423721668758
1144,141,0,0,0,0,84.06232232307055
1145,142,2,1,0,1,83.61293977149964
1146,141,0,1,2,1,83.96366984080105
1147,142,2,1,0,1,83.61779892642922
1148,141,0,1,0,1,84.39272630304079
1149,141,0,0,0,0,84.56116601935284
1150,142,1,0,1,0,84.24418597696302
1151,142,0,0,0,0,84.53573527273768
1152,143,1,0,0,0,84.22569516593532
1153,142,1,2,1,2,83.6033409065405
1154,141,0,1,0,1,83.72925112573581
1155,141,0,0,2,0,83.93988942360815
1156,140,0,1,0,1,84.08838863377679
1157,142,2,0,1,0,83.25010146992078
1158,142,0,0,1,0,83.4542666106755
1159,143,3,2,1,2,82.90213887213932
1160,141,0,2,1,2,83.59685006181506
1161,142,1,0,0,0,83.3731393553533
1162,139,0,3,0,3,84.36040186126563
1163,139,1,1,2,1,84.53486229292031
1164,137,0,2,1,2,85.5915026183644
1165,137,0,0,1,0,85.79259750887536
1166,137,1,1,1,1,85.8936923993863
1167,137,1,1,1,1,85.43602816580966
1168,138,1,0,1,0,85.12417288924581
1169,139,1,0,0,0,84.63371121378363
1170,138,0,1,1,1,85.22939028055016
1171,138,0,0,1,0,85.34426737347914
1172,137,0,1,0,1,85.67123282876001
1173,138,1,0,1,0,85.25984708362407
1174,140,2,0,1,0,84.31149212528658
1175,140,1,1,2,1,83.74220641100086
1176,141,2,1,1,1,83.28375104638384
1177,140,0,1,0,1,83.92245367444202
1178,142,2,0,3,0,82.95910925649213
1179,146,4,0,2,0,80.89344872891701
1180,144,0,2,1,2,82.01419107237419
1181,145,2,1,0,1,81.77664492704747
1182,147,3,1,1,1,80.3385273089924
1183,146,0,1,1,1,81.2089281809718
1184,144,2,4,1,4,81.62849662792974
1185,143,1,2,1,2,81.58645814281037
1186,144,1,0,1,0,81.28481607237418
1187,143,0,1,2,1,82.0714231777754
1188,144,1,0,0,0,81.58030218348529
1189,143,0,1,1,1,82.53680779316001
1190,143,0,0,2,0,82.88149310784533
1191,146,3,0,0,0,81.50961311247865
1192,147,1,0,2,0,81.09437764912845
1193,144,0,3,0,3,81.59231607237419
1194,142,1,3,0,3,81.93403883395692
1195,145,3,0,0,0,80.55712768566815
1196,147,2,0,0,0,80.0094116627339
1197,147,0,0,0,0,80.47390145865225
1198,146,0,1,1,1,81.21292527396423
1199,147,1,0,1,0,80.82882374148829
1200,147,1,1,2,1,81.041340748291
1201,149,2,0,0,0,80.39783281878375
1202,149,2,2,2,2,80.74917510066295
1203,148,0,1,0,1,81.5126830405323
1204,147,0,1,0,1,82.12426591835904
1205,148,1,0,0,0,81.5926830405323
1206,148,0,0,0,0,81.9436965540458
1207,147,0,1,1,1,82.65032034012775
1208,149,2,0,0,0,81.94400731542805
1209,147,0,2,1,2,83.09044616294729
1210,148,2,1,1,1,82.80126412161339
1211,149,2,1,0,1,81.80729590603208
1212,149,0,0,2,0,81.97306771811262
1213,148,0,1,1,1,82.79504790539717
1214,147,0,1,0,1,83.48698700679442
1215,146,1,2,0,2,83.90728151070438
1216,146,0,0,0,0,84.30077466138931
1217,146,2,2,1,2,83.72474726412904
1218,146,0,0,0,0,83.92696983364966
1219,148,2,0,1,0,83.20826796777803
1220,148,0,0,0,0,83.51063283264288
1221,146,0,2,0,2,84.09399766596678
1222,146,1,1,0,1,84.23510725500786
1223,146,1,1,0,1,84.61455930980239
1224,146,0,0,4,0,84.90291547418595
1225,146,0,0,1,0,85.3340798577476
1226,149,4,1,0,1,83.38124762283609
1227,150,1,0,3,0,82.99721146541225
1228,149,0,1,2,1,83.6933672470593
1229,148,0,1,1,1,84.51872783656647
1230,150,2,0,2,0,83.78314479874557
1231,150,0,0,0,0,84.06914479874557
1232,152,2,0,0,0,83.23369552507788
1233,152,0,0,1,0,83.4215244724463
1234,152,2,2,0,2,83.29948499876208
1235,154,2,0,2,0,82.61215402475217
1236,154,1,1,0,1,82.5816345442327
1237,154,2,2,3,2,81.63812805072621
1238,155,1,0,3,0,81.46659174072153
1239,155,1,1,0,1,81.66659174072153
1240,155,0,0,1,0,82.23368851491507
1241,155,1,1,2,1,82.39478528910861
1242,157,2,0,2,0,81.77638038096711
1243,158,1,0,1,0,81.69520075830276
1244,157,0,1,0,1,82.54644407523462
1245,156,0,1,2,1,83.29161358853742
1246,156,1,1,0,1,83.58969051161434
1247,156,0,0,2,0,83.7760366654605
1248,157,2,1,1,1,83.00771796058494
1249,157,0,0,1,0,83.19606190962952
1250,158,1,0,0,0,83.02456784691036
1251,157,0,1,0,1,83.68765542865687
1252,157,1,1,2,1,83.38898860552503
1253,155,0,2,1,2,84.11400781333825
1254,156,2,1,3,1,83.42000776325276
1255,155,0,1,0,1,84.09497555527373
1256,154,2,3,3,3,84.3367356195933
1257,154,0,0,4,0,84.57359633396231
1258,155,1,0,1,0,84.29333120757282
1259,155,0,0,0,0,84.73946023983088
1260,154,1,2,1,2,84.92802816346615
1261,154,1,1,1,1,85.21807685344282
1262,152,0,2,1,2,86.39614365414602
1263,152,0,0,0,0,86.65699891730391
1264,153,1,0,1,0,86.3134891204588
1265,155,2,0,0,0,85.36897947335214
1266,157,2,0,0,0,84.64803705967886
1267,154,0,3,4,3,85.26436245694532
1268,153,0,1,0,1,85.5626588320915
1269,153,0,0,0,0,85.81848104373022
1270,152,0,1,1,1,86.32247425123875
1271,152,1,1,2,1,85.86643017357487
1272,155,3,0,2,0,84.49514442827987
1273,157,2,0,0,0,83.72291328906611
1274,157,0,0,0,0,83.96954040379366
1275,157,2,2,2,2,83.36577735678267
1276,158,1,0,1,0,83.1688420570562
1277,159,2,1,0,1,82.96220712582536
1278,160,1,0,1,0,82.61088083128895
1279,158,1,3,0,3,82.94487932282426
1280,159,1,0,0,0,82.54639650952755
1281,158,0,1,2,1,83.31776610768911
1282,160,2,0,1,0,82.639106531343
1283,161,2,1,0,1,81.67302512431603
1284,161,1,1,1,1,81.32271456530981
1285,161,0,0,3,0,81.57613071437814
1286,162,1,0,0,0,81.22041385811654
1287,163,1,0,1,0,80.94544199395632
1288,163,1,1,1,1,80.81599414119557
1289,163,1,1,0,1,80.91077941726921
1290,162,1,2,0,2,81.4875743519437
1291,163,1,0,0,0,81.48562604303608
1292,162,0,1,0,1,82.27928067554312
1293,163,1,0,0,0,82.04505195974224
1294,165,2,0,0,0,81.44511193598778
1295,163,0,2,0,2,82.67263440028816
1296,163,0,0,0,0,82.89011906286484
1297,165,2,0,0,0,82.38448125604224
1298,168,3,0,1,0,81.40946075742244
1299,170,2,0,2,0,80.84552592498217
1300,171,1,0,0,0,80.7806398084618
1301,171,1,1,1,1,80.90531817103492
1302,170,0,1,0,1,81.5381729838057
1303,170,1,1,0,1,81.9398439378705
1304,167,0,3,0,3,83.07828424813164
1305,165,0,2,0,2,83.27377860265446
1306,166,2,1,1,1,83.0730329484216
1307,167,1,0,0,0,82.97020041579631
1308,167,0,0,1,0,83.17798484693404
1309,166,0,1,1,1,83.88026186408425
1310,166,0,0,1,0,84.27755102071075
1311,167,1,0,1,0,84.05373334992805
1312,168,2,1,2,1,83.8495444609404
1313,167,1,2,0,2,84.38912257148493
1314,168,2,1,2,1,83.69222303236896
1315,170,2,0,1,0,82.92996158492932
1316,169,0,1,1,1,83.91966549963304
1317,170,1,0,1,0,83.79572629081167
1318,171,1,0,1,0,83.56224251133325
1319,173,3,1,1,1,82.77712988114442
1320,173,1,1,2,1,82.74447092160685
1321,169,0,4,1,4,83.577949803575
1322,168,1,2,0,2,83.65442569526294
1323,166,0,2,0,2,84.31291275183237
1324,166,0,0,0,0,84.37496094460347
1325,167,1,0,1,0,84.31403303475554
1326,168,1,0,2,0,84.13031855240581
1327,168,0,0,0,0,84.41394950478676
1328,170,2,0,0,0,83.56937362825985
1329,173,3,0,2,0,82.48291050175824
1330,173,0,0,2,0,82.6912920046484
1331,174,2,1,1,1,82.40427308508147
1332,173,0,1,0,1,82.71672553065997
1333,171,0,2,1,2,83.89019567943475
1334,171,0,0,1,0,84.22031263849908
1335,168,0,3,2,3,84.65621079653067
1336,170,3,1,0,1,83.62264484297141
1337,170,2,2,1,2,83.75764484297142
1338,171,2,1,0,1,83.42818525687703
1339,171,1,1,0,1,83.62233730366066
1340,171,0,0,0,0,83.82993964284195
1341,171,2,2,1,2,84.03005660190627
1342,173,2,0,0,0,83.33144323078598
1343,173,1,1,1,1,83.60895768165302
1344,175,2,0,1,0,83.02891245100555
1345,176,3,2,1,2,82.87741341693314
1346,176,0,0,2,0,83.01119995228315
1347,176,2,2,1,2,83.11688177046496
1348,178,2,0,2,0,82.5200628741676
1349,177,1,2,1,2,82.64108017854143
1350,178,1,0,1,0,82.44225388540356
1351,178,0,0,0,0,82.79197298652716
1352,178,0,0,2,0,83.15096175057211
1353,178,1,1,2,1,83.45426136679718
1354,178,0,0,2,0,83.82841867016798
1355,181,3,0,0,0,82.69507471430883
1356,183,2,0,0,0,82.44786078300491
1357,182,0,1,0,1,82.65725294940843
1358,183,2,1,1,1,82.50497287864664
1359,183,0,0,1,0,82.91207670378326
1360,181,1,3,1,3,83.26098362868693
1361,181,1,1,1,1,83.35324882205708
1362,180,0,1,1,1,83.93660020440186
1363,180,1,1,1,1,84.07465575995741
1364,181,2,1,0,1,84.05102978677131
1365,182,1,0,1,0,83.85789226047036
1366,182,1,1,1,1,83.92026393841942
1367,183,1,0,1,0,83.69229364799523
1368,182,0,1,1,1,84.20378976694026
1369,184,2,0,1,0,83.57120509556047
1370,182,0,2,2,2,83.66731723946774
1371,181,1,2,2,2,83.99089357780733
1372,180,0,1,3,1,84.30219737830633
1373,180,0,0,1,0,84.54366129154923
1374,180,1,1,3,1,84.321439069327
1375,179,0,1,0,1,84.47538385592031
1376,178,1,2,1,2,85.04367252926818
1377,178,0,0,1,0,85.20013320342548
1378,177,0,1,0,1,85.92838254355783
1379,177,0,0,1,0,86.3634107921454
1380,179,3,1,0,1,85.48923860452366
1381,179,1,1,1,1,85.25432240340635
1382,178,1,2,0,2,84.86513320342549
1383,179,1,0,1,0,84.92873581122757
1384,178,0,1,2,1,85.63732421466143
1385,180,3,1,1,1,84.62357616783187
1386,178,0,2,0,2,85.62547028207717
1387,177,0,1,1,1,86.17278932321885
1388,177,1,1,0,1,85.96233734581772
1389,177,1,1,0,1,86.25584017067646
1390,177,0,0,2,0,86.59482322152392
1391,177,1,1,2,1,86.7827328260437
1392,176,1,2,0,2,87.0526839097207
1393,176,1,1,1,1,86.93166118244797
1394,177,2,1,2,1,86.68176479158667
1395,179,3,1,3,1,85.53252719614996
1396,176,0,3,0,3,86.49342254608433
1397,177,1,0,0,0,86.37396818141718
1398,176,0,1,1,1,86.95944527335706
1399,177,1,0,2,0,86.81362919836634
1400,179,3,1,1,1,85.92800205648516
1401,179,1,1,1,1,86.18479697151457
1402,181,2,0,0,0,85.49932960166359
1403,180,1,2,1,2,85.90820485075841
1404,181,3,2,1,2,85.09125344274317
1405,181,1,1,1,1,85.37373963058847
1406,182,2,1,0,1,85.02349930294787
1407,182,0,0,0,0,85.06281545495689
1408,181,1,2,1,2,85.48388073371356
1409,179,0,2,0,2,86.41526487598969
1410,179,1,1,0,1,86.6138123620232
1411,178,0,1,3,1,87.25291380843319
1412,177,1,2,0,2,87.36225230452604
1413,181,5,1,0,1,85.58921910442601
1414,182,1,0,2,0,85.4818607576984
1415,183,1,0,0,0,85.12950086284759
1416,181,0,2,0,2,85.96866661823816
1417,181,0,0,0,0,86.36921910442601
1418,181,0,0,2,0,86.48800363481274
1419,180,0,1,1,1,87.00821476611726
1420,181,1,0,1,0,86.80485446354203
1421,182,1,0,1,0,86.71169592253356
1422,182,1,1,1,1,86.82856405440168
1423,182,0,0,0,0,87.13103658187421
1424,183,1,0,1,0,86.92895441476016
1425,184,1,0,0,0,86.78042748859298
1426,186,2,0,1,0,86.37069170914573
1427,184,0,2,2,2,86.74923183641906
1428,182,1,3,0,3,86.61219042802806
1429,183,1,0,2,0,86.54135878634484
1430,184,1,0,0,0,86.19493835815818
1431,184,0,0,2,0,86.61586227120166
1432,184,0,0,1,0,86.92222096685384
1433,184,0,0,1,0,87.09776444511472
1434,184,0,0,0,0,87.44450357554949
1435,184,1,1,0,1,87.49396009728862
1436,182,0,2,0,2,88.16422339506103
1437,183,1,0,0,0,87.9026702617547
1438,184,2,1,0,1,87.70999270598428
1439,184,1,1,0,1,87.8086340103321
1440,185,1,0,0,0,87.63101977243842
1441,185,1,1,0,1,87.76972247514112
1442,185,1,1,0,1,87.50053328595193
1443,185,0,0,1,0,87.7802249757103
1444,186,2,1,1,1,87.41178290594841
1445,187,1,0,1,0,87.21225465511446
1446,186,0,1,0,1,87.7494013865651
1447,187,1,0,1,0,87.70608907968506
1448,187,1,1,1,1,87.60956501551394
1449,187,2,2,1,2,87.60608907968506
1450,186,0,1,2,1,88.0649390209737
1451,190,4,0,1,0,86.49015083105846
1452,192,2,0,1,0,85.84442009323493
1453,191,1,2,0,2,85.79831758063408
1454,192,2,1,1,1,85.4913992599016
1455,193,2,1,1,1,85.26626247617155
1456,193,0,0,0,0,85.57792050725962
1457,192,1,2,0,2,85.20332634323493
1458,191,0,1,0,1,85.98543799948223
1459,190,0,1,2,1,86.5864139889532
1460,191,1,0,0,0,86.411092449744
1461,192,1,0,0,0,86.26181592656826
1462,193,3,2,0,2,85.99461139896373
1463,197,4,0,2,0,84.63406091370558
1464,199,2,0,2,0,84.07992485172927
1465,197,0,2,0,2,84.5371829720514
1466,196,1,2,0,2,85.10293390558228
1467,195,0,1,1,1,85.3147438230468
1468,195,0,0,3,0,85.53884638714936
1469,196,1,0,0,0,85.30446451782717
1470,197,2,1,2,1,85.10606622078237
1471,195,0,2,0,2,85.60289766920064
1472,195,0,0,0,0,85.90853869484167
1473,195,0,0,0,0,86.06597459227756
1474,197,2,0,1,0,85.41961952027475
1475,197,0,0,1,0,85.87647231215293
1476,198,1,0,2,0,85.5545204317885
1477,198,0,0,2,0,85.80502548229356
1478,198,1,1,0,1,86.10679315906124
1479,198,0,0,1,0,86.37825780552589
1480,197,0,1,1,1,86.59185302281283
1481,197,0,0,1,0,86.79784287052856
1482,198,1,0,0,0,86.56522750249559
1483,197,0,1,0,1,86.71022865733059
1484,197,0,0,2,0,86.98484794667068
1485,196,0,1,2,1,87.06793390558227
1486,197,1,0,1,0,87.07368043398033
1487,197,1,1,1,1,87.33535556088388
1488,196,1,2,1,2,87.44161800346997
1489,196,2,2,1,2,87.34870984020466
1490,196,0,0,0,0,87.63442412591895
1491,195,0,1,1,1,88.08511348041084
1492,195,0,0,0,0,88.38178014707752
1493,195,0,0,0,0,88.73178014707752
1494,194,0,1,2,1,89.25184086948514
1495,198,4,0,0,0,87.94624812464706
1496,200,2,0,1,0,87.24328564340058
1497,199,0,1,1,1,87.93752325969908
1498,198,0,1,1,1,88.13796529636421
1499,199,2,1,1,1,87.62300064663374
1500,200,1,0,2,0,87.39415022136195
1501,198,0,2,0,2,88.335404264002
1502,198,1,1,0,1,88.32629862969753
1503,202,4,0,3,0,86.92874816178275
1504,202,1,1,2,1,86.79483727069363
1505,202,1,1,2,1,87.08444123108967
1506,202,1,1,2,1,87.11587687465403
1507,201,1,2,2,2,86.89705039144334
1508,202,2,1,0,1,86.16909469643622
1509,201,1,2,1,2,86.30998571482644
1510,203,2,0,2,0,85.79849358513856
1511,203,0,0,0,0,86.06770540779867
1512,203,0,0,2,0,86.26878915164103
1513,202,0,1,1,1,86.71912969199568
1514,202,0,0,1,0,86.94338711773827
1515,199,0,3,0,3,87.90936782805592
1516,200,2,1,0,1,87.20457098891563
1517,202,2,0,1,0,86.65749602862935
1518,201,0,1,0,1,87.25255819792602
1519,201,1,1,0,1,87.03609053623447
1520,200,0,1,1,1,87.12802098891565
1521,201,1,0,0,0,87.0770358098663
1522,199,0,2,1,2,87.93057385820667
1523,197,0,2,0,2,88.73712790752856
1524,198,2,1,1,1,88.3867026701016
1525,198,2,2,1,2,88.00694804699066
1526,196,0,2,0,2,88.26195473753558
1527,197,1,0,3,0,88.01242681757789
1528,197,1,1,0,1,87.79770600539516
1529,198,1,0,2,0,87.60959342645864
1530,200,2,0,0,0,87.03649749219404
1531,201,2,1,1,1,86.52387810168563
1532,202,1,0,0,0,86.41633415068718
1533,203,1,0,0,0,86.26250984452616
1534,201,0,2,3,2,86.90850496735727
1535,201,1,1,1,1,86.62218655939705
1536,199,0,2,0,2,87.53914320823523
1537,200,1,0,0,0,87.36619749219405
1538,201,1,0,0,0,87.14372884795428
1539,200,0,1,0,1,87.66369749219405
1540,201,1,0,0,0,87.40119153452144
1541,201,1,1,0,1,87.30666417133736
1542,202,2,1,2,1,87.0850965269248
1543,202,0,0,0,0,87.31935395266737
1544,201,0,1,2,1,87.84706218128761
1545,201,1,1,3,1,87.8557686489493
1546,200,0,1,0,1,88.07504749219405
1547,202,2,0,2,0,87.43272028930105
1548,202,1,1,3,1,87.51465098237034
1549,204,2,0,1,0,86.9336249923471
1550,203,1,2,3,2,87.50635220905818
1551,204,2,1,1,1,87.32431126685691
1552,203,0,1,1,1,87.68305171644734
1553,201,0,2,3,2,88.00517163402394
1554,201,1,1,4,1,87.67457461909856
1555,200,0,1,1,1,87.69969749219405
1556,199,0,1,2,1,88.18516289071769
1557,199,0,0,1,0,88.35099203644634
1558,199,1,1,2,1,88.56224831785336
1559,198,1,2,2,2,88.76130007703445
1560,198,1,1,1,1,88.4347849255193
1561,199,1,0,0,0,88.2099870113207
1562,200,2,1,0,1,87.6466870762641
1563,202,2,0,1,0,87.05142284778626
1564,200,0,2,2,2,87.20495748871132
1565,199,2,3,0,3,87.27558541579026
1566,199,0,0,0,0,87.71159505152171
1567,197,0,2,3,2,88.35876860534427
1568,200,3,0,1,0,87.4283870762641
1569,201,2,1,0,1,86.79939012563592
1570,203,2,0,0,0,86.146194163807
1571,204,1,0,0,0,86.02832066300402
1572,203,0,1,0,1,86.13289367119617
1573,203,1,1,2,1,86.22501189779715
1574,203,1,1,0,1,86.40732716873312
1575,201,0,2,1,2,87.0869755318999
1576,201,1,1,2,1,86.74608000951184
1577,203,3,1,2,1,85.6682861177925
1578,204,1,0,1,0,85.48771895421108
1579,202,0,2,2,2,86.45086468643099
1580,204,2,0,0,0,85.93664052283853
1581,203,0,1,2,1,86.46972742196581
1582,204,2,1,0,1,86.29528127582239
1583,205,1,0,2,0,86.20112495734122
1584,202,0,3,1,3,87.07935948641064
1585,200,0,2,0,2,87.70165308127476
1586,198,0,2,1,2,88.1544475568432
1587,198,0,0,0,0,88.46925994816863
1588,197,0,1,1,1,88.90042370425071
1589,197,1,1,4,1,88.97047446567203
1590,196,0,1,1,1,89.19659933539485
1591,196,1,1,0,1,89.34695647825198
1592,197,1,0,0,0,89.15382471947915
1593,197,0,0,3,0,89.43478918648421
1594,196,0,1,0,1,89.5847115802928
1595,198,2,0,2,0,88.81415893806762
1596,197,1,2,1,2,88.80560136922533
1597,196,0,1,0,1,89.21659933539485
1598,197,1,0,0,0,89.04497580583862
1599,196,1,2,0,2,89.14699098852148
1600,196,1,1,0,1,89.27959302933779
1601,195,0,1,0,1,89.67923196794979
1602,194,0,1,0,1,90.3005166688155
1603,195,1,0,0,0,90.11207983123667
1604,198,3,0,0,0,89.0533109449048
1605,196,0,2,0,2,89.164314117812
1606,197,1,0,1,0,88.87617039132564
1607,198,3,2,0,2,88.08209882369268
1608,197,0,1,0,1,88.51271861467589
1609,194,0,3,2,3,88.6070390056245
1610,194,1,1,4,1,88.78023488191315
1611,195,1,0,0,0,88.4985413696982
1612,196,2,1,0,1,87.91019785074417
1613,197,3,2,5,2,87.58750649109572
1614,196,0,1,0,1,88.26397336094826
1615,196,0,0,2,0,88.35011588575873
1616,195,1,2,1,2,88.7908857108139
1617,195,1,1,1,1,88.9751934031216
1618,196,1,0,0,0,88.71179955922811
1619,195,0,1,4,1,88.86750109542929
1620,196,1,0,1,0,88.50312608984036
1621,195,0,1,0,1,88.59319340312159
1622,195,1,1,1,1,88.69037289030108
1623,196,1,0,0,0,88.48736078371792
1624,196,0,0,1,0,88.74399343677914
1625,196,1,1,3,1,88.40368731433016
1626,196,0,0,1,0,88.61822813065669
1627,194,0,2,0,2,88.65140574025109
1628,193,0,1,1,1,88.81462545911248
1629,193,0,0,0,0,89.12939229849073
1630,193,0,0,2,0,89.23198297206586
1631,194,3,2,4,2,88.36192120416861
1632,195,1,0,2,0,88.135449813378
1633,193,0,2,0,2,89.18970317931975
1634,194,1,0,0,0,88.97996244128203
1635,194,0,0,0,0,89.13511708045728
1636,194,0,0,0,0,89.32635419385933
1637,195,1,0,2,0,88.99852673645493
1638,194,0,1,1,1,89.1286737814882
1639,194,0,0,1,0,89.50470470932326
1640,194,1,1,0,1,89.59506553406551
1641,195,3,2,0,2,88.21519977783929
1642,193,0,2,1,2,88.72027956828322
1643,194,1,0,0,0,88.55110286947763
1644,194,1,1,1,1,88.84919565298279
1645,194,1,1,1,1,88.53347400349824
1646,192,0,2,3,2,89.09371852436801
1647,193,1,0,0,0,89.04649718486353
1648,193,1,1,1,1,88.98276661491533
1649,195,2,0,0,0,88.27140490604441
1650,196,1,0,3,0,87.97767324836052
1651,196,1,1,3,1,87.77527528917683
1652,196,2,2,2,2,87.44889773815643
1653,196,0,0,2,0,87.75246916672786
1654,195,0,1,1,1,88.17478952142902
1655,195,0,0,0,0,88.47222541886492
1656,195,0,0,1,0,88.76128842599975
1657,197,2,0,1,0,88.07513321355304
1658,197,0,0,1,0,88.19188448258858
1659,197,0,0,0,0,88.43020935568502
1660,196,0,1,0,1,88.53597572994872
1661,196,0,0,0,0,88.85102675035688
1662,197,1,0,1,0,88.66828042167488
1663,198,1,0,1,0,88.55278405590884
1664,198,1,1,1,1,88.71561233873713
1665,199,2,1,1,1,88.52538231829767
1666,199,0,0,1,0,88.66260966552272
1667,197,0,2,0,2,89.54319453522345
1668,197,0,0,1,0,89.71928672673977
1669,197,1,1,1,1,89.59517505161286
1670,197,0,0,1,0,89.87309383333874
1671,197,1,1,0,1,89.73400753892251
1672,198,1,0,1,0,89.4714620463017
1673,198,1,1,0,1,89.32146204630169
1674,198,1,1,2,1,89.51727012710977
1675,199,1,0,0,0,89.24381650838058
1676,200,2,1,0,1,89.02284490661181
1677,198,0,2,2,2,89.3095908147594
1678,198,1,1,0,1,89.05494435011295
1679,198,0,0,1,0,89.27817667334527
1680,197,1,2,0,2,89.3912131031592
1681,197,1,1,1,1,89.4143279634764
1682,198,1,0,0,0,89.13319499396388
1683,198,0,0,1,0,89.23420509497399
1684,196,0,2,0,2,89.89086214960389
1685,195,0,1,1,1,90.34953323755057
1686,196,1,0,2,0,90.14826010878757
1687,194,0,2,0,2,90.64489165630084
1688,196,2,0,0,0,89.99928051695083
1689,196,1,1,0,1,89.66356623123654
1690,195,0,1,2,1,90.43645631447366
1691,194,1,2,0,2,90.62040712021836
1692,194,1,1,1,1,90.28411846042454
1693,192,0,2,1,2,90.90452594438729
1694,192,0,0,1,0,91.2373384443873
1695,192,0,0,1,0,91.35739052772063
1696,192,1,1,0,1,91.36025511105396
1697,191,0,1,0,1,91.495649116871
1698,192,2,1,2,1,90.72004677772064
1699,194,2,0,0,0,89.96984010990909
1700,193,0,1,0,1,90.14040922964953
1701,194,1,0,0,0,89.9211287697029
1702,194,1,1,1,1,89.90509784186784
1703,195,2,1,1,1,89.80122554524287
1704,196,1,0,2,0,89.51014786388959
1705,196,0,0,1,0,89.77468868021613
1706,195,0,1,0,1,90.2717383657557
1707,196,3,2,0,2,89.15101521082838
1708,197,1,0,0,0,88.83730447371758
1709,197,0,0,1,0,89.01446183412365
1710,197,1,1,1,1,88.79035015899676
1711,197,0,0,3,0,89.04771056508812
1712,198,2,1,0,1,88.46024992508957
1713,196,1,3,0,3,89.52173206718233
1714,194,0,2,1,2,90.05236848024605
1715,195,1,0,0,0,89.82517684701402
1716,197,2,0,0,0,89.27745931557224
1717,198,1,0,2,0,89.06191659175624
1718,200,2,0,2,0,88.35704742583866
1719,201,1,0,0,0,88.17641534909322
1720,202,2,1,1,1,87.77935388696898
1721,202,0,0,0,0,88.0211855701373
1722,200,0,2,0,2,88.64039742583867
1723,197,0,3,1,3,89.52436286887176
1724,196,0,1,2,1,90.11601778146803
1725,196,1,1,0,1,90.2280075773864
1726,197,2,1,0,1,89.95247838628318
1727,196,1,2,1,2,90.34830735764176
1728,196,1,1,1,1,90.46386858213155
1729,196,1,1,0,1,90.51463388825401
1730,195,0,1,3,1,91.1072217543476
1731,195,0,0,0,0,91.18901662614248
1732,194,0,1,1,1,91.35828990772055
1733,195,1,0,0,0,91.02696534409121
1734,196,2,1,1,1,90.30004205151931
1735,195,1,2,0,2,90.90152944665529
1736,194,1,2,2,2,90.59019712421538
1737,194,0,0,3,0,90.74200124792672
1738,194,0,0,0,0,90.85076413452465
1739,193,0,1,0,1,91.2368820834082
1740,194,1,0,1,0,90.94055794895765
1741,195,1,0,1,0,90.70368329280915
1742,194,1,2,0,2,90.79535176339063
1743,192,0,2,2,2,91.2531158442593
1744,194,3,1,1,1,90.1216919695762
1745,193,0,1,1,1,90.69641576216468
1746,191,0,2,2,2,91.13795811518324
1747,192,1,0,1,0,90.93234375000002
1748,191,1,2,1,2,90.89842931937171
1749,191,0,0,1,0,91.0348167539267
1750,193,2,0,1,0,90.46865284974093
1751,193,2,2,0,2,90.06341968911919
1752,192,0,1,2,1,90.43666666666667
1753,190,0,2,0,2,90.9247894736842
1754,188,0,2,2,2,91.08234042553191
1755,188,1,1,1,1,90.86664893617021
1756,188,0,0,1,0,91.02110934630251
1757,190,2,0,2,0,90.28036082686775
1758,188,0,2,2,2,90.74371572928122
1759,188,0,0,0,0,90.92802423991954
1760,187,0,1,0,1,91.10716766060611
1761,189,2,0,1,0,90.2658219710759
1762,190,1,0,1,0,90.07600185543865
1763,189,0,1,0,1,90.6048166800706
1764,189,1,1,1,1,90.29344101869495
1765,191,2,0,2,0,89.63178950486112
1766,192,2,1,1,1,89.28891560118996
1767,193,1,0,2,0,89.01850671206464
1768,194,1,0,1,0,88.92253502798181
1769,195,2,1,0,1,88.10729125860755
1770,194,1,2,1,2,88.43954533726017
1771,192,0,2,2,2,88.76547810118996
1772,193,1,0,0,0,88.55943935455167
1773,193,1,1,2,1,88.32938754108018
1774,194,1,0,2,0,88.2129989455076
1775,192,0,2,1,2,89.16313435118997
1776,193,2,1,1,1,88.38555334418898
1777,193,3,3,0,3,88.47918028719417
1778,191,0,2,3,2,88.8716324367983
1779,191,1,1,0,1,88.84100416454697
1780,192,1,0,5,0,88.61683226785664
1781,195,3,0,0,0,87.70477843809473
1782,195,0,0,1,0,87.9314451047614
1783,197,2,0,0,0,87.28315632197194
1784,194,0,3,1,3,87.68565873932202
1785,197,3,0,1,0,86.72648627121052
1786,198,1,0,3,0,86.40683210181348
1787,197,0,1,0,1,87.05116054886581
1788,196,1,2,1,2,87.11927871493145
1789,195,0,1,2,1,87.53378783654648
1790,195,2,2,1,2,87.14019809295674
1791,196,2,1,0,1,86.58778957224014
1792,194,0,2,0,2,87.07013791834571
1793,196,2,0,3,0,86.56023855183199
1794,194,1,3,1,3,87.0718296944876
1795,195,1,0,0,0,86.79607672169536
1796,196,1,0,2,0,86.51063755474793
1797,198,2,0,2,0,85.87820687237675
1798,197,0,1,2,1,86.21388304939389
1799,201,5,1,0,1,84.87007443149551
1800,200,1,2,0,2,85.39007480365296
1801,200,2,2,1,2,85.48367480365297
1802,202,2,0,1,0,84.85611366698315
1803,200,1,3,1,3,85.35352480365299
1804,203,4,1,2,1,84.28598502822953
1805,204,1,0,0,0,84.14438706240489
1806,203,2,3,1,3,84.22647763906699
1807,204,1,0,0,0,84.03835765064018
1808,202,3,5,1,5,84.22363841945838
1809,200,0,2,0,2,84.84207480365298
1810,199,0,1,0,1,85.3525877423648
1811,196,0,3,0,3,85.42711714658466
1812,196,2,2,1,2,85.53604571801326
1813,196,0,0,2,0,85.77584163638059
1814,194,1,3,0,3,86.1828090759309
1815,194,0,0,1,0,86.39404618933295
1816,195,2,1,1,1,85.89535877297742
1817,194,0,1,0,1,86.3297678388175
1818,192,0,2,0,2,87.13497375380518
1819,190,0,2,3,2,87.71476295121366
1820,191,1,0,1,0,87.43196314518636
1821,191,0,0,0,0,87.506832255134
1822,190,0,1,1,1,87.92963663542419
1823,189,0,1,0,1,88.47767704090263
1824,190,1,0,2,0,88.31437347752946
1825,188,1,3,1,3,89.0964412804819
1826,189,1,0,1,0,88.81974053296611
1827,190,1,0,1,0,88.54332084595052
1828,189,0,1,1,1,89.02714794037352
1829,189,1,1,0,1,88.79249185571744
1830,188,0,1,1,1,89.24883489750317
1831,189,2,1,2,1,89.0049257181513
1832,192,3,0,0,0,88.00615083713852
1833,192,1,1,0,1,87.62516125380519
1834,192,1,1,1,1,87.53714042047186
1835,195,3,0,0,0,86.30118441400306
1836,195,0,0,0,0,86.35503056784923
1837,196,1,0,5,0,86.26929061597244
1838,195,0,1,0,1,86.62810749092614
1839,194,0,1,1,1,87.19763381819894
1840,193,0,1,0,1,87.32093762036578
1841,195,3,1,2,1,86.24738954220818
1842,194,0,1,3,1,86.97144825118865
1843,193,0,1,1,1,87.44202570326733
1844,193,1,1,0,1,87.54523813850051
1845,194,1,0,0,0,87.3537678388175
1846,193,1,2,1,2,87.5917818070011
1847,194,1,0,2,0,87.49390664304748
1848,193,1,2,0,2,87.66188045606536
1849,194,1,0,1,0,87.4806336495908
1850,194,1,1,1,1,87.49815942278667
1851,195,1,0,0,0,87.28534834882366
1852,195,0,0,0,0,87.58278424625956
1853,196,2,1,1,1,87.31320251423092
1854,196,1,1,0,1,87.12029435096561
1855,196,0,0,1,0,87.39042310214599
1856,196,2,2,2,2,87.05236187765621
1857,196,1,1,0,1,87.34032106132967
1858,196,0,0,0,0,87.49741289806437
1859,195,0,1,1,1,88.07816886164419
1860,195,0,0,1,0,88.42227142574674
1861,197,2,0,0,0,87.820522477262
1862,198,2,1,1,1,87.62067135363947
1863,198,0,0,0,0,87.89693397990209
1864,197,0,1,0,1,88.3292026803077
1865,199,2,0,1,0,87.78348205035485
1866,199,0,0,0,0,88.01815541718902
1867,200,2,1,1,1,87.60281464010308
1868,201,1,0,0,0,87.40926829861003
1869,202,1,0,0,0,87.30625211891393
1870,202,1,1,0,1,87.38041053475551
1871,202,0,0,0,0,87.41382637633967
1872,202,0,0,2,0,87.57224221792383
1873,202,0,0,0,0,87.93932142584464
1874,201,0,1,1,1,88.53419367174436
1875,200,0,1,0,1,89.12811464010309
1876,201,1,0,2,0,88.87125834836128
1877,201,0,0,0,0,89.02523844786376
1878,202,1,0,1,0,88.87590558426047
1879,201,0,1,3,1,89.47553695532645
1880,202,1,0,1,0,89.27417291099314
1881,202,0,0,0,0,89.47887588129016
1882,202,1,1,1,1,89.67417291099314
1883,203,1,0,0,0,89.4489306799045
1884,201,1,3,1,3,90.02290013940605
1885,200,0,1,1,1,90.65876464010307
1886,200,0,0,1,0,90.82326464010308
1887,201,1,0,0,0,90.77271553445654
1888,203,2,0,4,0,90.12756562771311
1889,206,3,0,0,0,89.15968845837749
1890,208,2,0,0,0,88.58459530012387
1891,206,0,2,1,2,89.38449894588054
1892,206,0,0,0,0,89.61959603325917
1893,208,2,0,1,0,88.86372045591719
1894,210,2,0,1,0,88.26882788014657
1895,208,0,2,0,2,88.75107622514795
1896,209,1,0,2,0,88.41159739153483
1897,210,1,0,0,0,88.16320883252752
1898,212,2,0,0,0,87.77204648505084
1899,213,1,0,0,0,87.64729509310224
1900,215,2,0,1,0,87.18732025502686
1901,215,0,0,1,0,87.47243653409664
1902,215,1,1,0,1,87.7008086271199
1903,215,0,0,0,0,87.94987839456175
1904,213,0,2,1,2,88.9655444151438
1905,211,0,2,1,2,89.38038369869966
1906,210,0,1,0,1,89.53671885916967
1907,211,1,0,1,0,89.42493346173285
1908,212,1,0,2,0,89.30783471898881
1909,212,0,0,2,0,89.72481585106429
1910,214,2,0,1,0,89.35706056273659
1911,216,2,0,3,0,88.747041483452
1912,216,1,1,1,1,88.68361555752607
1913,217,3,2,1,2,88.13627170703056
1914,220,3,0,1,0,87.19291345648013
1915,219,2,3,3,3,86.86320073253712
1916,220,1,0,0,0,86.62291345648012
1917,220,1,1,1,1,86.73322727272728
1918,219,0,1,0,1,87.30324200913242
1919,216,0,3,1,3,87.49680555555557
1920,215,0,1,2,1,87.99553488372094
1921,215,1,1,1,1,88.20911627906976
1922,213,0,2,3,2,88.80572769953051
1923,214,1,0,1,0,88.61621495327103
1924,213,1,2,0,2,88.9229847195351
1925,213,1,1,1,1,88.60581210226404
1926,212,1,2,1,2,88.63083951784076
1927,211,0,1,0,1,89.10894776200114
1928,213,2,0,3,0,88.486798017757
1929,211,0,2,2,2,89.20468235915753
1930,212,1,0,1,0,88.93825471698113
1931,213,1,0,0,0,88.92375586854462
1932,211,0,2,1,2,89.51341232227489
1933,211,1,1,0,1,89.61137440758294
1934,213,3,1,2,1,89.0830985915493
1935,211,0,2,1,2,89.51104265402844
1936,213,2,0,0,0,88.93089201877933
1937,213,1,1,1,1,88.56258215962443
1938,212,0,1,0,1,89.15665094339622
1939,212,0,0,0,0,89.30169811320755
1940,210,1,3,1,3,89.2162380952381
1941,207,0,3,2,3,89.87951690821257
1942,207,0,0,1,0,89.93154589371981
1943,207,1,1,1,1,89.64024154589372
1944,208,2,1,3,1,89.04365384615386
1945,208,1,1,2,1,88.80230769230769
1946,211,3,0,1,0,87.89303317535546
1947,212,2,1,0,1,87.61216981132075
1948,209,1,4,0,4,88.22267942583733
1949,210,1,0,0,0,88.15775842989895
1950,210,1,1,2,1,87.93323462037515
1951,208,1,3,1,3,88.41018879941723
1952,208,0,0,1,0,88.6229291840326
1953,208,1,1,0,1,88.7956214917249
1954,209,2,1,1,1,88.5064079917645
1955,208,0,1,1,1,88.66052533787875
1956,208,1,1,0,1,88.7677368763403
1957,208,1,1,0,1,88.85663110710954
1958,208,1,1,4,1,88.58288461538463
1959,209,1,0,0,0,88.29325358851675
1960,208,0,1,0,1,88.5283173076923
1961,207,1,2,0,2,89.0557004830918
1962,207,1,1,0,1,89.34323671497584
1963,206,0,1,2,1,89.50121359223301
1964,205,0,1,0,1,89.94951219512195
1965,204,1,2,1,2,89.71794117647059
1966,203,0,1,0,1,90.29586206896552
1967,203,0,0,1,0,90.56290640394089
1968,203,0,0,0,0,90.8439408866995
1969,203,1,1,2,1,90.72571428571429
1970,204,2,1,0,1,89.93245098039216
1971,203,0,1,0,1,90.55847290640395
1972,200,0,3,0,3,90.53
1973,200,0,0,3,0,90.76550000000002
1974,200,1,1,0,1,90.72050000000002
1975,200,1,1,1,1,90.41950000000001
1976,199,0,1,4,1,90.77864321608041
1977,198,0,1,1,1,91.24267676767677
1978,199,2,1,1,1,90.40201005025126
1979,198,0,1,2,1,90.3699494949495
1980,198,0,0,0,0,90.6070707070707
1981,198,1,1,2,1,90.6540404040404
1982,197,1,2,2,2,91.07969543147209
1983,198,1,0,1,0,90.89974747474749
1984,197,0,1,1,1,91.20329949238578
1985,199,2,0,1,0,90.45603015075378
1986,199,0,0,1,0,90.55904522613065
1987,200,1,0,1,0,90.22325000000001
1988,201,1,0,0,0,90.00049751243782
1989,202,1,0,0,0,89.71856435643565
1990,202,1,1,0,1,89.90579207920793
1991,199,0,3,0,3,90.79683417085427
1992,199,1,1,0,1,90.71417085427136
1993,200,1,0,0,0,90.43035
1994,201,1,0,0,0,90.0966169154229
1995,201,2,2,0,2,89.8792039800995
1996,203,2,0,1,0,89.27448275862069
1997,203,1,1,0,1,89.04985221674876
1998,203,0,0,0,0,89.29935960591133
1999,202,1,2,1,2,89.4879702970297
2000,200,1,3,1,3,90.34915000000001
2001,200,1,1,1,1,90.59135
2002,200,0,0,0,0,90.7394
2003,200,1,1,2,1,90.81115
2004,199,0,1,1,1,90.94437185929648
2005,199,0,0,1,0,91.06748743718593
2006,199,1,1,3,1,91.2272864321608
2007,198,0,1,0,1,91.83101010101011
2008,199,1,0,0,0,91.78437185929648
2009,200,1,0,2,0,91.609
2010,200,0,0,1,0,91.82800000000002
2011,201,1,0,2,0,91.44417910447761
2012,200,0,1,1,1,92.01265
2013,200,0,0,1,0,92.20285
2014,201,2,1,0,1,91.45572139303482
2015,202,2,1,0,1,91.09044554455446
2016,200,0,2,0,2,91.62485000000001
2017,200,0,0,0,0,91.70385
2018,200,2,2,0,2,90.93035
2019,197,0,3,1,3,92.1474111675127
2020,199,2,0,1,0,91.29417085427136
2021,200,1,0,1,0,90.93844999999999
2022,202,2,0,0,0,90.32742574257425
2023,202,1,1,0,1,90.510099009901
2024,202,1,1,0,1,90.24400990099011
2025,203,3,2,0,2,89.58270935960591
2026,207,5,1,0,1,88.05285024154588
2027,207,1,1,1,1,88.19801932367149
2028,206,0,1,1,1,88.85796116504854
2029,206,1,1,0,1,89.12980582524271
2030,206,0,0,2,0,89.18563106796115
2031,206,0,0,0,0,89.54800970873787
2032,209,3,0,1,0,88.54086124401914
2033,209,0,0,1,0,88.71980861244019
2034,209,0,0,1,0,88.89885167464115
2035,211,2,0,1,0,88.39838862559242
2036,211,1,1,0,1,88.18369668246444
2037,210,1,2,0,2,88.28666666666668
2038,209,0,1,2,1,88.89473684210526
2039,208,0,1,2,1,88.96562499999999
2040,209,2,1,1,1,88.76315789473684
2041,206,0,3,2,3,89.61621359223301
2042,205,0,1,2,1,90.21921951219511
2043,206,2,1,0,1,89.96742718446602
2044,205,0,1,3,1,89.98653658536585
2045,205,2,2,1,2,89.27214634146343
2046,205,1,1,0,1,88.92995121951219
2047,203,0,2,1,2,89.53757722743845
2048,203,1,1,1,1,89.68191220280791
2049,203,0,0,2,0,89.77274964123154
2050,204,2,1,0,1,89.04445184887257
2051,202,0,2,0,2,90.08296127311884
2052,202,0,0,0,0,90.40177315430695
2053,202,0,0,0,0,90.63370384737627
2054,202,1,1,0,1,90.59187216420794
2055,204,3,1,0,1,89.3431283194608
2056,203,0,1,0,1,89.78377755092238
2057,202,1,2,1,2,89.94741011305565
2058,201,0,1,0,1,90.58023304894151
2059,202,1,0,3,0,90.43251572856437
2060,202,0,0,0,0,90.5703870156931
2061,202,0,0,3,0,90.65583926928264
2062,201,0,1,1,1,91.15253498704027
2063,201,0,0,0,0,91.37357976315967
2064,200,0,1,1,1,91.82819766197547
2065,202,2,0,0,0,91.06702738809453
2066,203,2,1,1,1,90.47279890231529
2067,204,1,0,3,0,90.36974596651963
2068,205,1,0,1,0,90.15160086424393
2069,205,1,1,0,1,90.36355208375613
2070,203,0,2,1,2,90.92393190724141
2071,203,0,0,0,0,91.08353781857144
2072,204,1,0,0,0,90.89734400573532
2073,204,2,2,2,2,90.91665773122551
2074,204,0,0,0,0,91.22572635867648
2075,204,0,0,1,0,91.35249106455885
2076,205,1,0,1,0,91.0993081813171
2077,205,0,0,1,0,91.39077159595124
2078,205,2,2,2,2,91.0644301325366
2079,205,1,1,0,1,90.72564964473173
2080,205,1,1,1,1,90.9341862300976
2081,205,0,0,2,0,91.10857647400003
2082,205,2,2,1,2,91.27516183985368
2083,203,0,2,0,2,91.99755130110967
2084,203,1,1,1,1,92.17072993679805
2085,203,0,0,2,0,92.24930136536948
2086,203,0,0,1,0,92.38575456733993
2087,201,0,2,0,2,92.68810038393038
2088,201,1,1,1,1,92.6696426724876
2089,200,0,1,0,1,93.24449088585003
2090,201,1,0,0,0,92.94476705059704
2091,200,0,1,0,1,93.51664088585002
2092,200,0,0,0,0,93.68439088585002
2093,200,0,0,1,0,93.80539088585003
2094,202,2,0,0,0,93.05574440429298
2095,201,0,1,0,1,93.35030034660289
2096,200,0,1,0,1,93.8799518483359
2097,200,0,0,0,0,94.0957018483359
2098,202,2,0,1,0,93.34599192904545
2099,201,1,2,0,2,93.42765262273633
2100,201,0,0,1,0,93.55227948840799
2101,203,2,0,0,0,92.8263949614286
2102,204,1,0,1,0,92.49734400573531
2103,203,0,1,0,1,92.83627759354484
2104,202,0,1,0,1,93.30066510638417
2105,202,0,0,0,0,93.43888292816634
2106,203,1,0,2,0,93.05125296300295
2107,202,0,1,1,1,93.1472987697505
2108,202,1,1,0,1,93.19507104697821
2109,204,2,0,1,0,92.50649191906668
2110,204,0,0,0,0,92.62051152690981
2111,205,1,0,2,0,92.44967976336392
2112,204,0,1,2,1,92.5281095661255
2113,205,1,0,2,0,92.25846025116878
2114,205,0,0,4,0,92.33309439751025
2115,205,0,0,0,0,92.5965090316566
2116,204,2,3,0,3,92.35261937004707
2117,203,0,1,1,1,92.78386380044138
2118,203,2,2,1,2,92.38435641127883
2119,202,0,1,0,1,92.46769480935446
2120,202,2,2,2,2,92.29368490836437
2121,200,1,3,1,3,93.19822175744801
2122,201,2,1,0,1,92.76335498253532
2123,200,1,2,2,2,92.88217175744799
2124,201,1,0,0,0,92.67181269397811
2125,201,0,0,1,0,92.88653906213732
2126,201,2,2,0,2,92.72061866412737
2127,200,0,1,2,1,92.85572175744801
2128,201,2,1,1,1,92.15668831586866
2129,198,0,3,0,3,93.09416339136162
2130,197,1,2,0,2,93.06037741872895
2131,198,1,0,0,0,92.67224419944243
2132,197,0,1,0,1,93.09443833243452
2133,196,0,1,1,1,93.5571650586204
2134,195,1,2,2,2,93.67027872558769
2135,194,2,3,1,3,93.28816676025568
2136,195,2,1,2,1,92.41438128969027
2137,196,1,0,1,0,92.11606212841839
2138,194,0,2,1,2,92.75024833592785
2139,193,0,1,0,1,93.11916153974096
2140,192,0,1,2,1,93.21955706836665
2141,193,1,0,1,0,92.97657086616582
2142,194,1,0,0,0,92.65194936685569
2143,196,2,0,0,0,91.94223559780615
2144,195,0,1,0,1,92.41963167779488
2145,192,0,3,0,3,93.26238633942711
2146,192,0,0,2,0,93.23712592276043
2147,192,0,0,1,0,93.4748863394271
2148,191,1,2,0,2,93.91988574434558
2149,193,2,0,0,0,93.13263304233162
2150,194,2,1,1,1,92.23287720190724
2151,194,0,0,0,0,92.35865039778352
2152,194,1,1,0,1,92.27308338747424
2153,193,0,1,2,1,92.9639283791192
2154,194,1,0,0,0,92.5300936967526
2155,195,2,1,1,1,92.03199065215385
2156,196,1,0,0,0,91.74789886311227
2157,196,0,0,1,0,92.03942947535717
2158,196,1,1,1,1,91.82412335290817
2159,195,1,2,2,2,91.98065731882053
2160,195,0,0,1,0,92.09117013933334
2161,194,0,1,1,1,92.52772256273198
2162,194,2,2,0,2,92.42164008850517
2163,194,1,1,0,1,92.08968132561857
2164,193,1,2,0,2,91.660094182228
2165,193,0,0,0,0,91.75128589207256
2166,192,0,1,0,1,92.33853217276044
2167,191,0,1,1,1,92.62564490664924
2168,192,2,1,3,1,92.25493842276045
2169,193,2,1,2,1,91.79719262782386
2170,193,1,1,1,1,91.85579366409327
2171,190,1,4,3,4,91.96999040615792
2172,192,2,0,0,0,91.46170925609376
2173,192,0,0,1,0,91.61327175609377
2174,193,1,0,0,0,91.40698537393784
2175,192,1,2,0,2,91.95233425609376
2176,191,0,1,1,1,92.3117705610995
2177,191,0,0,0,0,92.40627317890053
2178,192,2,1,0,1,91.60988633942709
2179,193,1,0,1,0,91.39791801642488
2180,195,3,1,0,1,90.486195780359
2181,198,4,1,0,1,89.20267676767678
2182,199,2,1,0,1,88.94562814070352
2183,199,0,0,1,0,89.28733668341708
2184,200,2,1,0,1,89.0852
2185,199,1,2,1,2,89.16688442211054
2186,199,0,0,1,0,89.38874371859296
2187,200,2,1,1,1,89.07705
2188,200,1,1,0,1,89.27625
2189,198,0,2,1,2,90.19914141414142
2190,197,1,2,1,2,90.15598984771573
2191,197,1,1,0,1,90.18908629441624
2192,197,0,0,1,0,90.34593908629442
2193,200,3,0,0,0,89.257
2194,196,0,4,0,4,90.2375
2195,195,2,3,2,3,90.59051282051283
2196,197,2,0,2,0,89.9964467005076
2197,196,1,2,1,2,90.4313775510204
2198,198,2,0,2,0,89.70808080808081
2199,197,0,1,2,1,90.26142131979695
2200,196,0,1,1,1,90.7642857142857
2201,196,0,0,0,0,90.98336734693876
2202,194,1,3,1,3,91.53211340206185
2203,194,0,0,0,0,91.72737113402061
2204,195,1,0,0,0,91.4354358974359
2205,197,2,0,1,0,90.75106598984772
2206,197,1,1,1,1,90.95131979695431
2207,197,0,0,0,0,91.03989847715737
2208,197,0,0,2,0,91.2845685279188
2209,198,1,0,0,0,91.02075757575759
2210,199,1,0,1,0,90.6151256281407
2211,199,2,2,0,2,90.4113567839196
2212,201,3,1,2,1,89.746815920398
2213,201,0,0,0,0,89.94776119402985
2214,199,0,2,0,2,90.40221105527638
2215,199,0,0,0,0,90.51407035175879
2216,200,2,1,0,1,90.24225
2217,199,1,2,0,2,90.74012534602649
2218,201,2,0,1,0,90.00241265601628
2219,199,0,2,0,2,90.72801479326267
2220,199,1,1,0,1,90.72399469276016
2221,198,0,1,2,1,90.8948229487842
2222,200,2,0,0,0,90.20787471929636
2223,198,0,2,2,2,91.10335830231955
2224,199,1,0,0,0,90.78123087366468
2225,199,0,0,1,0,90.94454745657926
2226,201,2,0,0,0,90.11052210875259
2227,200,1,2,0,2,90.58267471929635
2228,201,1,0,1,0,90.27007434755856
2229,200,0,1,1,1,90.83592471929636
2230,200,0,0,0,0,91.12717471929636
2231,199,1,2,0,2,91.37072836110187
2232,201,2,0,0,0,90.62106937243418
2233,200,0,1,1,1,91.13167471929636
2234,200,1,1,1,1,91.21217471929636
2235,200,1,1,0,1,91.25942471929636
2236,201,1,0,0,0,91.00514897442423
2237,203,3,1,1,1,89.8541130239373
2238,203,1,1,0,1,90.01495046236094
2239,204,1,0,2,0,89.82394580323172
2240,204,1,1,2,1,90.2033575679376
2241,203,0,1,0,1,90.69253666925749
2242,204,1,0,0,0,90.44894580323172
2243,202,0,2,0,2,91.39027199930332
2244,202,1,1,2,1,91.08655912801619
2245,200,1,3,2,3,91.51117471929636
2246,200,1,1,0,1,91.78667471929637
2247,202,2,0,3,0,91.0875492270261
2248,202,0,0,0,0,91.40487595969937
2249,203,1,0,1,0,91.10189627516883
2250,205,2,0,0,0,90.54529240906962
2251,205,1,1,2,1,90.21017045785011
2252,207,4,2,0,2,89.56562774811243
2253,208,1,0,1,0,89.33478338393881
2254,206,0,2,0,2,90.04507254300617
2255,207,1,0,1,0,89.81514465632499
2256,207,1,1,0,1,90.01442001864383
2257,207,1,1,0,1,90.15195625052789
2258,208,2,1,0,1,89.86136992240034
2259,207,0,1,2,1,90.41156977709792
2260,207,0,0,1,0,90.64021712009311
2261,207,0,0,0,0,90.82379199932016
2262,206,0,1,1,1,91.33220846533628
2263,205,1,2,0,2,91.73431679931352
2264,204,0,1,2,1,91.8008575679376
2265,204,1,1,1,1,91.59669090127095
2266,205,1,0,0,0,91.36695094565499
2267,204,0,1,1,1,91.91727913656506
2268,204,0,0,0,0,92.22985294117647
2269,204,0,0,1,0,92.38450980392156
2270,202,1,3,0,3,92.44326732673268
2271,201,0,1,2,1,92.95094527363183
2272,204,3,0,0,0,91.79333333333334
2273,207,3,0,1,0,90.69415458937198
2274,207,1,1,0,1,90.72830917874397
2275,207,1,1,0,1,90.88309178743961
2276,205,0,2,1,2,91.36146341463416
2277,205,1,1,0,1,91.60219512195123
2278,205,0,0,0,0,91.91146341463416
2279,206,1,0,0,0,91.64902912621359
2280,205,0,1,1,1,91.86121951219512
2281,207,2,0,1,0,91.24855072463768
2282,207,0,0,0,0,91.35265700483092
2283,206,0,1,0,1,91.39830097087378
2284,205,0,1,0,1,91.48975609756098
2285,206,1,0,0,0,91.26407766990292
2286,206,1,1,1,1,91.4542718446602
2287,206,1,1,2,1,91.15436893203884
2288,207,1,0,0,0,90.92874396135265
2289,207,0,0,2,0,91.04782608695653
2290,205,0,2,0,2,91.9380487804878
2291,207,2,0,0,0,91.1635265700483
2292,208,1,0,1,0,90.9247596153846
2293,208,0,0,1,0,91.12163461538461
2294,207,0,1,1,1,91.25531400966183
2295,206,0,1,1,1,91.6881067961165
2296,206,0,0,0,0,91.85291262135922
2297,207,1,0,0,0,91.5147195498788
2298,208,1,0,0,0,91.31706730769231
2299,208,0,0,1,0,91.45745192307693
2300,208,0,0,1,0,91.67644230769231
2301,207,0,1,0,1,91.91787439613526
2302,209,2,0,0,0,91.24569377990431
2303,211,2,0,1,0,90.60450236966824
2304,212,1,0,1,0,90.29811320754717
2305,211,0,1,3,1,90.79834123222749
2306,210,0,1,1,1,91.08928571428571
2307,212,2,0,0,0,90.51721698113208
2308,211,1,2,0,2,90.97488151658769
2309,211,0,0,0,0,91.18222748815167
2310,214,3,0,0,0,90.01775700934579
2311,214,0,0,1,0,90.34485981308411
2312,215,1,0,1,0,90.16255813953488
2313,216,2,1,0,1,89.53842592592592
2314,216,1,1,1,1,89.71166666666667
2315,213,1,4,3,4,90.17981220657276
2316,214,2,1,0,1,89.75789719626168
2317,213,0,1,1,1,90.28009389671361
2318,213,0,0,2,0,90.56906103286384
2319,213,1,1,0,1,90.34957746478872
2320,212,0,1,1,1,90.84606207411757
2321,213,2,1,0,1,90.25593971696209
2322,215,2,0,1,0,89.63058213819964
2323,214,0,1,0,1,90.15782784912581
2324,215,1,0,1,0,90.00725361379033
2325,215,1,1,1,1,90.22292803239498
2326,215,0,0,0,0,90.40695423122291
2327,217,2,0,0,0,89.77278875443744
2328,216,1,2,5,2,89.81363499867095
2329,214,1,3,1,3,90.30165962482675
2330,215,2,1,4,1,89.69304725447871
2331,215,2,2,0,2,89.61560539401361
2332,217,2,0,2,0,89.14242009084298
2333,217,1,1,0,1,88.97652147333146
2334,218,1,0,1,0,88.91906036565562
2335,218,2,2,2,2,88.99681265923361
2336,218,2,2,1,2,88.76080348492168
2337,217,0,1,1,1,88.7882726254052
2338,217,1,1,0,1,88.91799612770933
2339,218,1,0,4,0,88.63832642070149
2340,217,1,2,0,2,88.99739704936832
2341,218,1,0,0,0,88.85039064088498
2342,219,1,0,1,0,88.67253497585811
2343,221,2,0,0,0,88.15558895797703
2344,221,2,2,1,2,88.37782476266702
2345,219,2,4,1,4,88.67186882442654
2346,221,3,1,0,1,87.62314078206556
2347,224,5,2,2,2,86.69207193230575
2348,223,1,2,0,2,87.07849377953582
2349,221,1,3,1,3,87.22472449247279
2350,221,0,0,2,0,87.36205480921488
2351,220,0,1,3,1,87.92506414925677
2352,220,0,0,0,0,88.17710960380222
2353,220,1,1,0,1,87.9830186947113
2354,220,0,0,3,0,88.32260960380222
2355,220,3,3,4,3,88.26488233107494
2356,220,0,0,2,0,88.52715505834767
2357,221,1,0,1,0,88.49535797663569
2358,222,1,0,0,0,88.33202702702702
2359,222,2,2,0,2,87.97684684684685
2360,222,0,0,1,0,88.23495495495496
2361,219,1,4,1,4,88.96009132420092
2362,219,0,0,0,0,89.2075799086758
2363,219,0,0,1,0,89.45917808219178
2364,220,1,0,1,0,89.20822727272729
2365,220,3,3,0,3,89.11386363636363
2366,221,1,0,0,0,88.96380090497738
2367,221,1,1,0,1,89.01357466063348
2368,220,1,2,0,2,89.39068181818182
2369,221,1,0,0,0,89.10746606334841
2370,221,0,0,0,0,89.34076923076924
2371,220,1,2,2,2,89.0870909090909
2372,220,0,0,2,0,89.30186363636363
2373,220,1,1,0,1,89.05754545454545
2374,220,0,0,1,0,89.16231818181818
2375,220,0,0,1,0,89.30115181542288
2376,218,0,2,0,2,89.71724770642201
2377,218,0,0,2,0,89.95967889908256
2378,217,1,2,0,2,89.82654377880185
2379,216,0,1,0,1,89.86833333333334
2380,215,1,2,2,2,90.31023255813953
2381,214,0,1,3,1,90.4551401869159
2382,214,0,0,1,0,90.853738317757
2383,214,0,0,1,0,90.96728971962617
2384,214,1,1,1,1,91.06406542056074
2385,212,1,3,2,3,91.16183962264151
2386,213,1,0,1,0,90.85281690140846
2387,215,2,0,0,0,90.27139534883722
2388,216,3,2,1,2,90.02092592592592
2389,218,2,0,0,0,89.4262385321101
2390,219,1,0,1,0,89.18821917808219
2391,219,0,0,1,0,89.30442922374431
2392,219,0,0,2,0,89.62657534246576
2393,218,0,1,1,1,89.83380733944955
2394,220,2,0,2,0,89.14077272727273
2395,220,1,1,2,1,89.23531818181819
2396,217,0,3,1,3,89.97958525345622
2397,219,2,0,0,0,89.37520547945206
2398,220,1,0,0,0,89.17713636363636
2399,220,2,2,1,2,89.09486363636366
2400,219,0,1,1,1,89.62136986301371
2401,220,1,0,0,0,89.55536363636364
2402,219,0,1,0,1,90.1115890410959
2403,218,0,1,3,1,90.34008256880735
2404,218,1,1,1,1,90.15338532110093
2405,219,1,0,0,0,89.98875799086758
2406,219,1,1,0,1,89.82414611872147
2407,219,0,0,0,0,90.18670319634704
2408,219,1,1,0,1,90.3373881278539
2409,216,0,3,0,3,91.1342037037037
2410,217,1,0,1,0,90.82989861751152
2411,216,0,1,1,1,91.22841666666666
2412,214,0,2,0,2,91.72414953271029
2413,215,1,0,1,0,91.46380465116279
2414,215,0,0,0,0,91.67961860465117
2415,215,2,2,0,2,91.23738604651163
2416,217,2,0,0,0,90.61215668202765
2417,216,0,1,0,1,91.28962037037037
2418,219,3,0,0,0,90.21533333333333
2419,221,2,0,1,0,89.59980995475114
2420,221,3,3,1,3,88.96691402714933
2421,221,2,2,0,2,88.44202714932128
2422,221,1,1,0,1,88.64379185520363
2423,219,0,2,0,2,89.68117808219178
2424,218,0,1,2,1,90.13177981651376
2425,218,1,1,0,1,89.91039765361975
2426,217,0,1,2,1,90.37933957829081
2427,217,0,0,3,0,90.640860315618
2428,217,0,0,0,0,90.9019202234521
2429,217,0,0,0,0,90.94754234326777
2430,217,1,1,1,1,90.60440870271478
2431,217,0,0,0,0,90.80187414050279
2432,218,2,1,0,1,90.65981049765645
2433,219,3,2,0,2,90.45972003876305
2434,219,1,1,0,1,90.19173515981736
2435,218,0,1,0,1,90.47472477064221
2436,221,3,0,1,0,89.57099547511314
2437,219,0,2,1,2,90.36616438356164
2438,219,1,1,1,1,90.38899543378994
2439,221,3,1,2,1,89.68506787330317
2440,222,2,1,2,1,89.14144144144144
2441,222,1,1,0,1,89.26959459459461
2442,220,0,2,1,2,89.47795454545455
2443,221,1,0,0,0,89.32194570135748
2444,223,2,0,2,0,88.79170403587443
2445,224,2,1,0,1,88.27879464285715
2446,227,3,0,0,0,87.42533039647577
2447,226,0,1,1,1,88.00442477876106
2448,226,0,0,0,0,88.11128318584072
2449,225,0,1,0,1,88.85537777777778
2450,223,0,2,2,2,88.99937219730943
2451,223,1,1,2,1,89.12224215246636
2452,223,1,1,0,1,89.02156950672646
2453,222,0,1,1,1,89.48445945945946
2454,222,0,0,0,0,89.73806306306307
2455,224,2,0,1,0,89.159375
2456,223,0,1,2,1,89.3847533632287
2457,222,0,1,1,1,89.95788288288288
2458,221,0,1,1,1,90.389592760181
2459,221,0,0,0,0,90.5371040723982
2460,221,1,1,3,1,90.69072398190046
2461,222,2,1,1,1,90.40698198198199
2462,222,0,0,1,0,90.6873873873874
2463,222,0,0,1,0,90.93468468468468
2464,223,1,0,1,0,90.75560538116592
2465,223,1,1,0,1,90.76188340807175
2466,223,0,0,1,0,91.04775784753365
2467,223,1,1,2,1,90.84260089686099
2468,222,0,1,0,1,90.95405405405405
2469,221,0,1,2,1,91.57420814479639
2470,220,0,1,0,1,91.63795454545456
2471,222,2,0,3,0,91.0945945945946
2472,221,0,1,1,1,91.68687782805429
2473,220,0,1,0,1,92.2215909090909
2474,221,1,0,0,0,91.97104072398191
2475,223,2,0,1,0,91.27668161434978
2476,220,0,3,0,3,91.89163636363637
2477,220,1,1,3,1,91.58345454545454
2478,221,1,0,0,0,91.41995475113123
2479,221,1,1,1,1,91.73307692307694
2480,220,0,1,1,1,92.17686363636363
2481,221,1,0,1,0,91.93285067873303
2482,220,0,1,1,1,92.3739090909091
2483,221,3,2,1,2,92.00665158371041
2484,223,2,0,0,0,91.31982062780268
2485,221,0,2,0,2,91.89579185520363
2486,222,1,0,2,0,91.68545045045046
2487,222,0,0,2,0,91.89333333333333
2488,222,1,1,1,1,92.15977477477477
2489,221,0,1,1,1,92.31610859728507
2490,220,0,1,1,1,92.74045454545455
2491,221,2,1,0,1,92.11105575166889
2492,219,0,2,0,2,92.437899543379
2493,219,0,0,2,0,92.75205479452055
2494,219,0,0,0,0,93.03009132420091
2495,219,0,0,0,0,93.2262100456621
2496,219,0,0,1,0,93.39630136986301
2497,219,0,0,1,0,93.55041095890411
2498,219,0,0,1,0,93.63214611872145
2499,220,1,0,1,0,93.42313636363636
2500,220,0,0,0,0,93.67768181818182
2501,220,1,1,3,1,93.44063636363636
2502,219,0,1,1,1,93.64584474885844
2503,219,0,0,2,0,93.80315068493151
2504,219,0,0,0,0,94.10817351598173
2505,219,0,0,1,0,94.1289497716895
2506,221,2,0,0,0,93.52936651583711
2507,222,1,0,0,0,93.3317117117117
2508,221,0,1,1,1,93.49203619909503
2509,218,1,4,1,4,93.6854128440367
2510,218,1,1,1,1,93.28587155963302
2511,219,1,0,0,0,92.95762557077626
2512,221,2,0,1,0,92.39601809954752
2513,221,0,0,1,0,92.52090497737557
2514,222,1,0,1,0,92.35076576576576
2515,222,0,0,0,0,92.50594594594594
2516,221,0,1,0,1,92.67090497737557
2517,222,1,0,0,0,92.42058558558558
2518,224,2,0,0,0,91.76415178571428
2519,223,1,2,0,2,92.0417937219731
2520,223,1,1,0,1,92.22354260089685
2521,223,0,0,2,0,92.40336322869956
2522,222,0,1,1,1,92.92385431322143
2523,221,1,2,0,2,93.30043283952558
2524,223,2,0,0,0,92.75192825112107
2525,223,0,0,1,0,92.94609865470852
2526,224,1,0,1,0,92.73763392857143
2527,224,1,1,2,1,92.82196428571429
2528,224,0,0,0,0,92.9899107142857
2529,225,1,0,2,0,92.78395555555555
2530,223,0,2,0,2,93.41587443946187
2531,225,2,0,1,0,92.72684444444445
2532,223,1,3,1,3,92.4391928251121
2533,223,0,0,0,0,92.67955156950673
2534,224,1,0,0,0,92.49638392857142
2535,223,0,1,0,1,92.78224215246637
2536,223,0,0,1,0,92.94860986547086
2537,224,1,0,0,0,92.69571428571429
2538,224,1,1,0,1,92.50799107142858
2539,223,0,1,0,1,93.0406726457399
2540,222,1,2,0,2,93.2813963963964
2541,223,1,0,0,0,93.12318385650225
2542,224,1,0,0,0,92.85723214285714
2543,224,0,0,3,0,93.09183035714285
2544,224,0,0,1,0,93.21316964285714
2545,224,0,0,0,0,93.36785714285715
2546,223,1,2,0,2,92.98565022421525
2547,223,0,0,0,0,93.12443946188341
2548,221,0,2,1,2,94.00244343891403
2549,221,1,1,0,1,93.72552036199095
2550,223,2,0,0,0,92.9957399103139
2551,221,1,3,0,3,93.34695716143726
2552,222,1,0,0,0,93.01548438143077
2553,221,0,1,2,1,93.1899888356454
2554,221,1,1,1,1,92.85446847365445
2555,222,1,0,0,0,92.57336726431366
2556,223,1,0,0,0,92.34164812859925
2557,222,0,1,2,1,92.90210600305241
2558,222,0,0,2,0,92.9870159129623
2559,221,1,2,2,2,92.76252277229699
2560,223,2,0,0,0,92.10882301649163
2561,224,1,0,1,0,91.98543541373942
2562,224,0,0,0,0,92.15597112802514
2563,224,0,0,1,0,92.25660714285713
2564,224,0,0,1,0,92.34098214285714
2565,224,1,1,0,1,92.53785714285713
2566,224,1,1,0,1,92.57745311246616
2567,224,1,1,1,1,92.68997096960902
2568,223,0,1,0,1,93.16921076233184
2569,224,1,0,1,0,92.8035
2570,224,1,1,2,1,92.85015178571429
2571,225,1,0,0,0,92.50437333333333
2572,224,0,1,0,1,92.89791964285713
2573,225,2,1,1,1,92.44215111111112
2574,226,2,1,1,1,91.7623185840708
2575,225,1,2,2,2,92.00970666666667
2576,227,2,0,0,0,91.42592070484582
2577,226,1,2,1,2,91.50245132743363
2578,228,2,0,0,0,90.8741403508772
2579,228,0,0,0,0,91.21098245614034
2580,226,0,2,1,2,91.26616814159291
2581,228,2,0,1,0,90.73883333333335
2582,229,4,3,0,3,89.89739737991266
2583,228,1,2,0,2,90.36006140350878
2584,228,1,1,0,1,90.45622807017544
2585,228,1,1,0,1,90.65381578947368
2586,229,1,0,1,0,90.58502183406114
2587,229,1,1,1,1,90.7096943231441
2588,229,0,0,0,0,90.91200873362445
2589,229,0,0,0,0,91.15021834061136
2590,229,0,0,0,0,91.27751091703057
2591,230,1,0,0,0,91.01847826086957
2592,231,1,0,0,0,90.8930735930736
2593,232,2,1,1,1,90.41831896551724
2594,233,1,0,0,0,90.27638145774186
2595,234,1,0,1,0,90.06259350279424
2596,233,1,2,2,2,90.44698231611096
2597,233,1,1,1,1,90.57809819593929
2598,234,1,0,0,0,90.39614051134126
2599,233,2,3,0,3,90.4896861787719
2600,232,0,1,1,1,90.9562796536804
2601,230,0,2,0,2,91.69911686806024
2602,228,0,2,1,2,91.90831964760463
2603,227,1,2,0,2,92.32862061521521
2604,226,0,1,0,1,92.85839327280468
2605,225,1,2,1,2,93.1377639095727
2606,223,1,3,3,3,93.26971694912042
2607,222,0,1,0,1,93.9666526110534
2608,221,1,2,1,2,94.0941035278455
2609,220,0,1,0,1,94.21066763479025
2610,219,1,2,0,2,94.16779397102216
2611,218,0,1,0,1,94.75067375988006
2612,217,0,1,0,1,94.95228976799011
2613,217,1,1,0,1,94.55367225646937
2614,216,0,1,1,1,94.89259259259259
2615,214,1,3,4,3,94.8196261682243
2616,213,0,1,0,1,95.26267605633804
2617,215,2,0,1,0,94.58255813953488
2618,217,3,1,1,1,93.54447004608295
2619,217,0,0,1,0,93.65023041474653
2620,214,0,3,1,3,94.11995327102802
2621,214,0,0,1,0,94.20289719626167
2622,213,0,1,0,1,94.24985915492958
2623,215,2,0,1,0,93.45451162790698
2624,215,0,0,0,0,93.60093023255814
2625,215,1,1,0,1,93.27511627906978
2626,214,0,1,0,1,93.3857476635514
2627,212,0,2,0,2,93.72193396226415
2628,214,2,0,0,0,93.06915887850467
2629,215,1,0,2,0,92.77279069767442
2630,217,2,0,1,0,92.16958525345622
2631,217,0,0,0,0,92.20921658986174
2632,217,1,1,1,1,92.27465437788018
2633,221,4,0,1,0,90.86900452488688
2634,219,0,2,1,2,91.31780821917808
2635,222,3,0,0,0,90.4036036036036
2636,222,2,2,1,2,90.49265765765766
2637,223,1,0,0,0,90.2644394618834
2638,224,2,1,1,1,90.00879464285713
2639,222,0,2,1,2,90.96148648648649
2640,222,0,0,1,0,91.14436936936937
2641,224,2,0,0,0,90.54977678571427
2642,223,0,1,0,1,91.09686098654709
2643,224,1,0,1,0,90.73839285714284
2644,223,0,1,0,1,91.34470852017937
2645,224,1,0,0,0,91.29495535714285
2646,222,0,2,1,2,92.1545945945946
2647,223,1,0,1,0,91.77811659192825
2648,223,0,0,0,0,91.86780269058296
2649,225,2,0,0,0,91.24888888888889
2650,225,1,1,0,1,90.9628
2651,223,0,2,0,2,91.76946188340807
2652,224,1,0,0,0,91.62897321428571
2653,227,3,0,2,0,90.59312775330396
2654,225,0,2,2,2,91.23311111111111
2655,224,0,1,1,1,91.74883928571428
2656,227,3,0,3,0,90.83740088105726
2657,228,1,0,0,0,90.48701754385965
2658,230,3,1,1,1,89.93539130434782
2659,228,0,2,0,2,90.3802192982456
2660,228,1,1,4,1,90.4925
2661,228,1,1,0,1,90.2205701754386
2662,230,3,1,2,1,89.32021739130434
2663,231,2,1,1,1,88.99264069264069
2664,231,1,1,0,1,89.24848484848485
2665,230,1,2,0,2,89.39956521739131
2666,232,2,0,2,0,88.8728448275862
2667,233,3,2,1,2,88.29656652360515
2668,232,0,1,1,1,88.7551724137931
2669,231,0,1,0,1,89.16190476190476
2670,232,1,0,3,0,89.11206896551724
2671,231,0,1,0,1,89.30909090909091
2672,227,0,4,0,4,90.91474008810573
2673,228,1,0,1,0,90.7641052631579
2674,227,1,2,0,2,90.87121585903084
2675,227,0,0,2,0,91.04412334801762
2676,228,2,1,1,1,90.88493859649122
2677,230,2,0,1,0,90.29050434782609
2678,229,0,1,2,1,90.83063755458515
2679,230,1,0,2,0,90.71941739130435
2680,231,1,0,3,0,90.45158441558442
2681,232,1,0,0,0,90.37679310344828
2682,230,2,4,0,4,90.60559130434783
2683,229,0,1,1,1,90.78692041491877
2684,227,1,3,0,3,91.54473469170219
2685,227,0,0,1,0,91.64561574897091
2686,227,0,0,1,0,91.7149990088828
2687,226,0,1,1,1,92.24161404874512
2688,227,1,0,2,0,92.08460253311189
2689,228,1,0,0,0,91.92173146937016
2690,228,0,0,0,0,92.07831041673857
2691,228,0,0,0,0,92.23401217112455
2692,228,0,0,2,0,92.3208542763877
2693,230,3,1,2,1,91.87741206528868
2694,230,0,0,0,0,92.04406423920173
2695,231,2,1,0,1,91.4416397186857
2696,231,1,1,2,1,91.49653149357748
2697,230,0,1,0,1,91.98195119572347
2698,230,1,1,0,1,91.87369032615825
2699,230,2,2,0,2,91.98521206528869
2700,231,1,0,0,0,91.80865270569868
2701,230,1,2,1,2,92.28369032615825
2702,229,0,1,2,1,92.81244006557378
2703,228,0,1,0,1,93.38639813603683
2704,227,1,2,0,2,93.30307830403699
2705,229,2,0,1,0,92.79759290400173
2706,230,1,0,1,0,92.61542945659302
2707,230,0,0,0,0,92.87521206528868
2708,230,0,0,1,0,92.99195119572347
2709,229,1,2,0,2,93.21331342801919
2710,230,1,0,1,0,92.97325554354954
2711,229,0,1,0,1,93.46410480349344
2712,230,1,0,0,0,93.21708695652174
2713,229,1,2,1,2,93.62480349344979
2714,229,0,0,0,0,93.86475982532751
2715,230,1,0,0,0,93.55578260869567
2716,231,1,0,0,0,93.32415584415585
2717,231,0,0,0,0,93.46809523809524
2718,231,1,1,0,1,93.34385281385282
2719,231,1,1,1,1,93.58129870129869
2720,231,0,0,0,0,93.79341991341991
2721,233,2,0,1,0,93.12210300429184
2722,231,0,2,0,2,93.51116883116885
2723,235,5,1,1,1,91.86331914893617
2724,234,1,2,2,2,91.90235042735043
2725,233,0,1,1,1,92.39613733905578
2726,233,1,1,0,1,92.48884120171674
2727,235,2,0,0,0,91.97148936170213
2728,235,1,1,0,1,91.81263829787234
2729,235,0,0,1,0,91.91817021276596
2730,235,1,1,1,1,91.97859574468086
2731,235,0,0,0,0,92.13242553191489
2732,237,2,0,2,0,91.58257383966244
2733,238,1,0,1,0,91.42282764205122
2734,238,0,0,1,0,91.638163776505
2735,239,2,1,3,1,90.96603756823511
2736,239,0,0,0,0,91.11729279836064
2737,240,2,1,1,1,90.78701241170079
2738,239,1,2,0,2,91.24407104103845
2739,238,0,1,1,1,91.355756302521
2740,236,0,2,1,2,91.95601694915254
2741,235,0,1,1,1,92.202
2742,235,0,0,1,0,92.32221276595745
2743,237,2,0,2,0,91.75978902953587
2744,237,0,0,4,0,91.9431223628692
2745,236,0,1,0,1,92.42521186440678
2746,236,0,0,2,0,92.64237288135593
2747,236,1,1,1,1,92.2978813559322
2748,235,1,2,2,2,92.38744680851063
2749,235,0,0,0,0,92.55851063829788
2750,235,0,0,1,0,92.81595744680851
2751,237,2,0,0,0,92.31940928270042
2752,237,0,0,0,0,92.45696202531646
2753,236,0,1,1,1,92.48199152542372
2754,237,2,1,1,1,92.08502109704642
2755,239,2,0,0,0,91.50543933054394
2756,239,0,0,0,0,91.69435146443514
2757,239,0,0,0,0,91.83410041841003
2758,237,0,2,1,2,92.28776371308017
2759,237,0,0,1,0,92.37025316455696
2760,231,0,6,0,6,93.62614718614718
2761,229,0,2,1,2,93.62205240174673
2762,228,0,1,0,1,94.16293859649123
2763,229,3,2,0,2,93.56288209606987
2764,230,1,0,0,0,93.44521739130435
2765,231,1,0,1,0,93.1482683982684
2766,233,2,0,1,0,92.51587982832618
2767,234,1,0,1,0,92.3363247863248
2768,234,0,0,0,0,92.51004273504273
2769,235,1,0,1,0,92.34054993902758
2770,237,2,0,0,0,91.79725738396625
2771,236,0,1,0,1,92.25063559322035
2772,233,0,3,1,3,93.32703862660945
2773,235,2,0,1,0,92.65595744680851
2774,234,0,1,1,1,93.10448717948718
2775,235,2,1,0,1,92.65957446808511
2776,235,0,0,0,0,92.8683829787234
2777,234,0,1,0,1,93.23782051282052
2778,234,0,0,0,0,93.2965811965812
2779,235,1,0,4,0,93.09404255319149
2780,236,2,1,1,1,92.45317796610169
2781,237,1,0,1,0,92.27658227848102
2782,239,2,0,0,0,91.75123611465081
2783,242,3,0,0,0,90.98161157024794
2784,241,0,1,1,1,91.30539419087137
2785,237,0,4,1,4,92.33966244725738
2786,238,2,1,1,1,91.95781512605042
2787,239,1,0,1,0,91.8471129707113
2788,239,1,1,2,1,91.98560669456067
2789,242,3,0,0,0,91.1657438016529
2790,242,2,2,2,2,90.95293388429752
2791,241,1,2,0,2,91.00730290456431
2792,238,1,4,1,4,91.68945378151261
2793,237,1,2,0,2,92.15097046413501
2794,238,1,0,1,0,92.0118907563025
2795,239,1,0,0,0,91.87062761506277
2796,240,1,0,3,0,91.65345833333335
2797,241,2,1,2,1,91.48539419087136
2798,242,2,1,0,1,91.20115702479339
2799,242,1,1,1,1,91.05012396694215
2800,241,0,1,0,1,91.10302904564314
2801,240,0,1,1,1,91.59625
2802,238,0,2,0,2,92.02100840336135
2803,238,0,0,0,0,92.19558823529411
2804,237,0,1,2,1,92.75590717299579
2805,235,0,2,0,2,93.11787234042554
2806,236,1,0,0,0,93.0146186440678
2807,237,1,0,1,0,92.79894514767932
2808,236,0,1,1,1,93.19436440677966
2809,236,0,0,0,0,93.22296443714787
2810,235,2,3,0,3,92.8194451368804
2811,235,0,0,1,0,92.90072173262509
2812,235,0,0,1,0,93.0660425531915
2813,232,0,3,1,3,93.86689655172414
2814,234,3,1,1,1,92.82123931623933
2815,234,0,0,2,0,92.87594017094018
2816,235,1,0,0,0,92.62638297872341
2817,236,2,1,1,1,92.46059322033899
2818,235,0,1,0,1,92.91310638297873
2819,234,0,1,0,1,93.02
2820,236,3,1,0,1,92.2861440677966
2821,237,1,0,1,0,92.07839662447257
2822,236,0,1,1,1,92.38487288135595
2823,236,0,0,2,0,92.49737288135594
2824,235,1,2,0,2,92.15906382978724
2825,235,2,2,0,2,92.28565957446808
2826,235,1,1,1,1,92.12012765957446
2827,235,1,1,1,1,91.82268085106384
2828,235,1,1,0,1,91.87736170212766
2829,234,1,2,2,2,92.2981623931624
2830,235,1,0,0,0,92.07136170212766
2831,235,0,0,3,0,92.20136170212766
2832,236,1,0,0,0,92.06576271186441
2833,235,0,1,1,1,92.60748936170214
2834,235,0,0,1,0,92.6896170212766
2835,235,0,0,0,0,92.83578723404256
2836,235,0,0,0,0,92.9687659574468
2837,235,1,1,2,1,93.1164255319149
2838,237,2,0,0,0,92.61084388185654
2839,238,1,0,0,0,92.39987394957984
2840,237,0,1,2,1,92.4642194092827
2841,238,1,0,1,0,92.3055462184874
2842,238,1,1,1,1,92.59705882352941
2843,239,1,0,0,0,92.25083682008369
2844,238,0,1,1,1,92.7340756302521
2845,237,0,1,1,1,92.90658227848101
2846,239,2,0,0,0,92.366359832636
2847,240,1,0,1,0,92.180875
2848,241,2,1,1,1,92.09049792531121
2849,242,1,0,1,0,91.96657024793389
2850,242,1,1,1,1,92.08809917355372
2851,240,0,2,2,2,92.54575
2852,241,1,0,1,0,92.38165975103735
2853,240,0,1,2,1,92.912
2854,238,2,4,0,4,92.78521008403362
2855,241,3,0,2,0,91.87522821576763
2856,241,2,2,0,2,91.60257261410788
2857,240,1,2,0,2,92.109875
2858,239,0,1,0,1,92.64966527196653
2859,239,0,0,0,0,92.85677824267782
2860,240,1,0,1,0,92.71820833333332
2861,240,0,0,1,0,92.81570833333333
2862,241,2,1,2,1,92.46809128630706
2863,242,1,0,4,0,92.29239669421489
2864,241,0,1,2,1,92.44775933609958
2865,241,2,2,1,2,92.09589211618257
2866,240,1,2,0,2,92.12087500000001
2867,239,1,2,0,2,91.85129707112971
2868,239,0,0,0,0,91.94690376569038
2869,241,3,1,1,1,91.28759336099586
2870,241,2,2,0,2,91.05116182572615
2871,239,0,2,2,2,91.8044769874477
2872,240,2,1,0,1,91.61925
2873,239,1,2,2,2,91.83564853556486
2874,238,1,2,0,2,91.9363025210084
2875,240,2,0,1,0,91.35016666666667
2876,240,0,0,0,0,91.65100000000001
2877,241,1,0,0,0,91.45809128630707
2878,240,0,1,2,1,91.72916666666667
2879,239,0,1,0,1,91.96351464435146
2880,241,2,0,0,0,91.45800829875519
2881,240,0,1,1,1,91.65616666666666
2882,238,0,2,3,2,91.93836134453782
2883,235,0,3,2,3,92.69565957446808
2884,234,1,2,0,2,92.75739316239316
2885,234,1,1,1,1,92.92871794871795
2886,234,1,1,1,1,93.0334188034188
2887,235,2,1,0,1,92.55242553191489
2888,236,1,0,1,0,92.3106779661017
2889,236,0,0,2,0,92.46774489027828
2890,235,0,1,1,1,92.51787234042554
2891,234,1,2,0,2,92.27115384615385
2892,233,1,2,1,2,91.9236051502146
2893,235,2,0,2,0,91.33085106382978
2894,235,0,0,1,0,91.68153191489361
2895,236,1,0,1,0,91.56974576271186
2896,236,1,1,0,1,91.74813559322034
2897,239,3,0,0,0,90.91531380753139
2898,240,1,0,0,0,90.68043960291848
2899,238,0,2,0,2,91.50947691050602
2900,236,0,2,1,2,92.425
2901,234,0,2,1,2,92.80435897435898
2902,234,0,0,0,0,92.95542735042734
2903,235,2,1,0,1,92.3483829787234
2904,236,1,0,0,0,92.1157627118644
2905,235,0,1,0,1,92.44731914893616
2906,233,0,2,1,2,92.95557939914164
2907,232,0,1,0,1,93.44935344827586
2908,231,0,1,0,1,93.94393939393939
2909,230,2,3,1,3,93.20060869565218
2910,231,2,1,1,1,92.62484848484848
2911,231,0,0,0,0,93.0352380952381
2912,232,1,0,0,0,92.8673275862069
2913,230,0,2,1,2,93.5864347826087
2914,229,0,1,2,1,93.63419213973799
2915,228,0,1,3,1,93.92469298245615
2916,226,0,2,0,2,94.11738938053097
2917,229,3,0,1,0,93.06161572052402
2918,227,0,2,2,2,93.79136563876652
2919,228,1,0,1,0,93.64030701754386
2920,226,0,2,0,2,93.7008407079646
2921,227,1,0,2,0,93.42748898678414
2922,230,3,0,1,0,92.34734782608696
2923,231,2,1,1,1,92.14670995670996
2924,231,1,1,2,1,92.17160173160173
2925,233,3,1,0,1,91.5677253218884
2926,234,1,0,0,0,91.61290598290597
2927,235,2,1,0,1,91.08604255319149
2928,235,2,2,0,2,90.83995744680851
2929,235,1,1,1,1,90.84017021276595
2930,234,2,3,1,3,91.02555555555556
2931,238,5,1,0,1,89.55411764705883
2932,238,0,0,1,0,89.78647058823529
2933,240,2,0,0,0,89.34058333333333
2934,239,0,1,2,1,89.85560669456066
2935,239,1,1,1,1,90.07004184100417
2936,238,0,1,0,1,90.71802521008404
2937,238,0,0,0,0,90.79911764705882
2938,236,0,2,0,2,91.54233050847456
2939,237,2,1,0,1,91.00734177215189
2940,236,0,1,1,1,91.4264406779661
2941,236,0,0,0,0,91.5025
2942,235,0,1,0,1,91.96740425531915
2943,236,1,0,0,0,91.79105932203389
2944,237,4,3,1,3,91.31700421940928
2945,237,1,1,0,1,91.53050632911392
2946,235,0,2,2,2,92.02174468085107
2947,235,1,1,0,1,92.18753191489361
2948,235,2,2,2,2,91.87412765957446
2949,236,1,0,0,0,91.70750000000001
2950,237,1,0,1,0,91.46215189873418
2951,238,2,1,0,1,91.29579831932774
2952,238,2,2,0,2,90.96722689075631
2953,238,1,1,0,1,91.07247899159664
2954,237,1,2,0,2,91.02628691983122
2955,239,2,0,1,0,90.5036820083682
2956,239,1,1,1,1,90.43108786610878
2957,239,0,0,0,0,90.63012552301255
2958,237,1,3,0,3,90.75274261603376
2959,236,1,2,0,2,91.1697033898305
2960,237,2,1,0,1,90.83485232067511
2961,236,1,2,2,2,90.69305084745763
2962,235,0,1,1,1,90.91578723404255
2963,237,2,0,0,0,90.34413502109705
2964,238,1,0,0,0,90.27419240667497
2965,238,0,0,1,0,90.4481512605042
2966,240,2,0,0,0,89.78795833333334
2967,241,1,0,0,0,89.67116182572614
2968,242,2,1,1,1,89.54475206611569
2969,242,1,1,2,1,89.68648760330579
2970,242,0,0,0,0,89.84247933884298
2971,242,0,0,0,0,90.17739669421488
2972,241,0,1,0,1,90.60626556016598
2973,240,0,1,1,1,90.70645833333333
2974,240,0,0,2,0,90.810625
2975,240,0,0,0,0,90.996875
2976,240,1,1,0,1,90.77270833333334
2977,240,1,1,1,1,90.91895833333334
2978,242,2,0,1,0,90.46103305785124
2979,242,0,0,1,0,90.66685950413223
2980,241,0,1,2,1,91.10738589211618
2981,242,2,1,3,1,90.939173553719
2982,243,2,1,0,1,90.59156378600824
2983,245,3,1,1,1,90.03591836734694
2984,244,0,1,2,1,90.40573770491804
2985,242,0,2,3,2,90.94647619385461
2986,242,1,1,1,1,90.64895553269758
2987,243,3,2,0,2,89.77406271157538
2988,245,2,0,0,0,89.39096001093846
2989,244,0,1,1,1,89.94711983160991
2990,244,0,0,0,0,90.19035753652794
2991,246,2,0,0,0,89.70791560533665
2992,246,0,0,2,0,89.82498877606837
2993,245,0,1,0,1,89.97244897959183
2994,246,2,1,1,1,89.73280487804878
2995,246,0,0,1,0,89.98056910569106
2996,247,1,0,2,0,89.73914979757085
2997,248,2,1,0,1,89.65020161290323
2998,243,0,5,0,5,90.74769547325103
2999,242,1,2,1,2,90.56752066115702
3000,241,0,1,1,1,90.80298755186722
3001,238,0,3,1,3,91.56991596638655
3002,238,1,1,0,1,91.8886974789916
3003,238,0,0,0,0,92.06915966386555
3004,236,0,2,1,2,92.4702966101695
3005,236,0,0,0,0,92.58474576271186
3006,236,0,0,1,0,92.67987288135593
3007,234,0,2,0,2,93.1491452991453
3008,237,3,0,0,0,92.25907172995781
3009,238,1,0,0,0,92.04411764705883
3010,239,1,0,2,0,91.8723849372385
3011,239,0,0,1,0,92.01548117154812
3012,240,1,0,0,0,91.92
3013,241,1,0,0,0,91.62240663900415
3014,243,2,0,0,0,91.1335390946502
3015,244,2,1,0,1,91.03504098360655
3016,245,1,0,0,0,90.8334693877551
3017,244,0,1,1,1,91.04590163934427
3018,244,1,1,0,1,90.88299180327868
3019,243,0,1,1,1,91.26707818930042
3020,242,0,1,1,1,91.52272727272727
3021,241,0,1,1,1,92.03049792531121
3022,240,0,1,0,1,92.50825
3023,240,0,0,0,0,92.68179166666667
3024,240,1,1,0,1,92.62845833333334
3025,240,0,0,0,0,92.76950000000001
3026,240,0,0,0,0,92.89220833333334
3027,243,3,0,2,0,91.90691358024692
3028,244,1,0,2,0,91.69180327868852
3029,242,0,2,1,2,92.440826446281
3030,244,2,0,0,0,91.91877049180329
3031,242,1,3,0,3,92.61090909090909
3032,241,0,1,0,1,92.69850622406639
3033,240,0,1,1,1,92.856
3034,240,0,0,2,0,93.04433333333333
3035,236,0,4,2,4,93.4432627118644
3036,236,0,0,0,0,93.50597457627119
3037,237,1,0,0,0,93.35995780590717
3038,238,1,0,1,0,93.04534745174611
3039,239,2,1,0,1,92.7820920502092
3040,239,2,2,0,2,92.70510460251046
3041,239,1,1,1,1,92.48062761506276
3042,240,1,0,1,0,92.18404166666667
3043,240,2,2,3,2,92.14404166666667
3044,238,0,2,0,2,92.67785714285715
3045,238,1,1,0,1,92.77071428571429
3046,238,0,0,0,0,92.77848739495798
3047,238,0,0,1,0,92.85222689075631
3048,241,4,1,0,1,91.56174273858922
3049,240,1,2,0,2,92.10445833333333
3050,241,1,0,0,0,91.97826731716917
3051,246,5,0,0,0,90.2815545668202
3052,246,1,1,1,1,90.47895294080395
3053,244,1,3,0,3,91.04090163934426
3054,244,1,1,0,1,90.8044262295082
3055,245,1,0,0,0,90.64032653061224
3056,246,1,0,0,0,90.45357723577237
3057,243,0,3,1,3,91.45979423868313
3058,242,1,2,0,2,91.75590909090909
3059,244,2,0,0,0,90.98290983606559
3060,243,1,2,0,2,90.97069958847737
3061,244,1,0,0,0,90.73967213114754
3062,244,1,1,0,1,90.99995901639345
3063,243,0,1,0,1,91.46954732510288
3064,244,1,0,0,0,91.41659836065574
3065,242,0,2,1,2,92.15814049586777
3066,243,1,0,0,0,92.00213991769547
3067,243,0,0,1,0,92.19432098765432
3068,242,0,1,0,1,92.41504132231404
3069,242,1,1,0,1,92.52739669421489
3070,240,1,3,0,3,93.21933333333332
3071,240,0,0,2,0,93.38895833333335
3072,242,2,0,2,0,92.79235537190083
3073,240,0,2,0,2,93.29720833333334
3074,240,1,1,1,1,93.19262499999999
3075,240,0,0,0,0,93.3395
3076,239,0,1,0,1,93.67836820083683
3077,240,1,0,0,0,93.60012499999999
3078,239,0,1,1,1,94.12146443514644
3079,238,0,1,0,1,94.53151260504201
3080,237,0,1,0,1,94.60620253164558
3081,238,1,0,0,0,94.34924369747898
3082,239,1,0,0,0,94.06995815899582
3083,240,1,0,2,0,93.74591666666667
3084,240,0,0,1,0,93.83675
3085,241,1,0,0,0,93.5108713692946
3086,237,0,4,2,4,93.88848101265823
3087,239,2,0,3,0,93.30175732217573
3088,238,0,1,1,1,93.35785714285714
3089,239,1,0,1,0,93.23962343096234
3090,239,0,0,1,0,93.34338912133892
3091,238,0,1,1,1,93.7963025210084
3092,238,1,1,1,1,93.50617647058824
3093,238,0,0,0,0,93.68453781512605
3094,237,0,1,0,1,93.7648523206751
3095,236,0,1,1,1,93.83927966101695
3096,236,0,0,1,0,94.02796610169491
3097,237,1,0,2,0,93.74451476793249
3098,238,1,0,3,0,93.5859243697479
3099,237,0,1,0,1,94.04071729957806
3100,235,0,2,0,2,94.16446808510639
3101,235,1,1,0,1,94.22744680851063
3102,236,2,1,1,1,93.5353813559322
3103,238,2,0,0,0,92.8533613445378
3104,236,0,2,1,2,93.27762711864408
3105,234,0,2,0,2,93.69713675213676
3106,234,0,0,0,0,93.86423076923077
3107,233,0,1,1,1,94.26128755364807
3108,232,0,1,0,1,94.63250000000001
3109,230,0,2,1,2,94.91669565217391
3110,230,0,0,0,0,95.07082608695653
3111,231,1,0,1,0,94.74346320346321
3112,230,1,2,1,2,94.68245917792497
3113,229,0,1,1,1,94.73873362445416
3114,229,0,0,0,0,94.7771615720524
3115,229,0,0,0,0,94.91973799126637
3116,228,0,1,0,1,94.92925438596491
3117,228,1,1,1,1,94.76543859649124
3118,226,0,2,2,2,95.13495575221239
3119,224,0,2,1,2,95.60915178571429
3120,224,1,1,0,1,95.75714285714285
3121,224,1,1,1,1,95.5078125
3122,225,1,0,0,0,95.16773333333335
3123,225,0,0,0,0,95.33404444444444
3124,227,2,0,0,0,94.71105726872247
3125,227,0,0,1,0,94.86678414096917
3126,228,2,1,0,1,94.71736842105264
3127,228,0,0,0,0,94.78600877192981
3128,227,0,1,1,1,94.92356828193833
3129,227,1,1,1,1,94.9557268722467
3130,228,1,0,0,0,94.66337719298245
3131,227,0,1,0,1,94.7931718061674
3132,227,0,0,1,0,94.8237885462555
3133,227,0,0,0,0,94.85616740088105
3134,224,0,3,1,3,95.45133928571428
3135,224,0,0,1,0,95.59642857142856
3136,227,3,0,1,0,94.4887665198238
3137,228,1,0,0,0,94.22412280701754
3138,229,1,0,1,0,93.9622270742358
3139,227,1,3,1,3,94.7557268722467
3140,228,1,0,1,0,94.38925438596492
3141,229,1,0,1,0,94.02227074235807
3142,230,1,0,1,0,93.76782608695652
3143,234,4,0,1,0,92.34444444444443
3144,234,1,1,1,1,92.52824786324787
3145,234,0,0,2,0,92.77333333333333
3146,235,1,0,0,0,92.44217021276596
3147,235,0,0,1,0,92.55663829787234
3148,235,1,1,0,1,92.65663829787235
3149,236,1,0,1,0,92.37271186440678
3150,237,1,0,1,0,92.15679324894515
3151,236,0,1,0,1,92.2218220338983
3152,236,1,1,0,1,91.96186440677967
3153,236,0,0,0,0,92.0614406779661
3154,238,2,0,0,0,91.4388655462185
3155,236,1,3,2,3,91.88177966101695
3156,235,0,1,0,1,92.27297872340425
3157,236,1,0,0,0,92.03813559322033
3158,236,1,1,1,1,91.78368644067797
3159,235,0,1,0,1,91.94574468085106
3160,236,1,0,1,0,91.6457627118644
3161,236,1,1,1,1,91.70275423728813
3162,237,1,0,0,0,91.48270042194093
3163,240,3,0,1,0,90.45854166666666
3164,241,2,1,0,1,90.07116182572615
3165,240,0,1,2,1,90.31375
3166,240,0,0,0,0,90.48104166666667
3167,240,0,0,0,0,90.76458333333333
3168,242,2,0,0,0,90.14504132231404
3169,239,1,4,2,4,90.88456066945606
3170,239,0,0,0,0,90.95334728033473
3171,238,0,1,0,1,91.4544117647059
3172,238,0,0,1,0,91.5611344537815
3173,237,0,1,2,1,92.00400843881857
3174,237,0,0,0,0,92.1753164556962
3175,238,1,0,0,0,92.0126050420168
3176,238,1,1,0,1,92.11386554621848
3177,238,1,1,1,1,92.04495798319329
3178,239,1,0,2,0,91.84518828451883
3179,239,1,1,1,1,91.8755230125523
3180,239,1,1,0,1,92.06506276150627
3181,239,2,2,3,2,91.87615062761508
3182,239,0,0,0,0,92.06799163179916
3183,239,1,1,0,1,91.67154811715481
3184,237,1,3,2,3,92.17848101265822
3185,237,0,0,0,0,92.3896624472574
3186,237,0,0,0,0,92.52552742616034
3187,237,0,0,0,0,92.6295358649789
3188,239,2,0,1,0,91.96987447698744
3189,241,2,0,3,0,91.47634854771783
3190,240,0,1,1,1,91.84283333333333
3191,240,0,0,0,0,91.94908333333333
3192,240,1,1,0,1,92.17491666666666
3193,241,3,2,1,2,91.83145228215768
3194,241,0,0,1,0,92.08269709543569
3195,240,0,1,0,1,92.53679166666667
3196,239,0,1,0,1,93.01142259414226
3197,241,2,0,1,0,92.4144398340249
3198,241,0,0,0,0,92.53663900414938
3199,241,1,1,1,1,92.24784232365145
3200,240,0,1,1,1,92.50262500000001
3201,239,0,1,0,1,92.63234309623431
3202,238,0,1,2,1,92.93079831932772
3203,237,0,1,0,1,93.38518987341773
3204,241,4,0,0,0,92.05597510373444
3205,239,0,2,0,2,92.91753138075315
3206,240,1,0,0,0,92.75433333333334
3207,239,1,2,0,2,92.61878661087866
3208,239,0,0,3,0,92.68887029288703
3209,239,0,0,1,0,92.88531380753138
3210,240,2,1,0,1,92.30412500000001
3211,241,2,1,2,1,92.08199170124482
3212,239,0,2,0,2,92.89518828451884
3213,240,1,0,1,0,92.65666666666668
3214,238,0,2,2,2,93.0405462184874
3215,238,0,0,0,0,93.30336134453782
3216,238,0,0,0,0,93.41714285714286
3217,236,0,2,0,2,94.00457627118645
3218,236,0,0,1,0,94.08338983050848
3219,235,1,2,1,2,93.86608510638298
3220,236,1,0,1,0,93.5403813559322
3221,237,1,0,0,0,93.35919831223629
3222,235,0,2,0,2,93.84642553191489
3223,237,2,0,1,0,93.17957805907173
3224,236,0,1,1,1,93.73203389830509
3225,236,1,1,0,1,93.81072033898306
3226,234,0,2,0,2,94.1765811965812
3227,235,1,0,0,0,93.9579574468085
3228,236,1,0,1,0,93.91292372881357
3229,237,1,0,1,0,93.74915611814346
3230,238,1,0,1,0,93.47928571428571
3231,239,1,0,0,0,93.35251046025104
3232,240,2,1,0,1,93.003125
3233,240,0,0,0,0,93.14179219282406
3234,238,0,2,0,2,93.89256355578895
3235,238,0,0,1,0,94.08437027847803
3236,238,1,1,0,1,93.76084086671332
3237,238,0,0,0,0,93.9198744801587
3238,240,2,0,0,0,93.26908385949072
3239,239,0,1,0,1,93.50744822710365
3240,241,2,0,0,0,92.94058143683722
3241,242,1,0,1,0,92.72574432346187
3242,242,0,0,1,0,92.87272727272727
3243,244,2,0,0,0,92.35225409836066
3244,245,1,0,1,0,92.3208163265306
3245,244,0,1,0,1,92.6483606557377
3246,245,1,0,2,0,92.42775510204082
3247,246,1,0,0,0,92.21341463414635
3248,246,3,3,1,3,91.91483739837398
3249,245,0,1,0,1,92.31114285714285
3250,244,0,1,0,1,92.6247131147541
3251,242,0,2,1,2,93.29706611570248
3252,243,1,0,4,0,93.02382716049384
3253,242,0,1,1,1,93.28673553719008
3254,241,2,3,0,3,92.87381742738589
3255,240,0,1,2,1,92.97745833333333
3256,241,2,1,1,1,92.65659751037343
3257,239,1,3,1,3,93.07351464435146
3258,239,1,1,0,1,93.1091365739858
3259,239,0,0,2,0,93.20510460251046
3260,240,2,1,0,1,93.09883333333333
3261,240,0,0,0,0,93.10216666666666
3262,240,0,0,1,0,93.31675
3263,242,2,0,1,0,92.81119834710745
3264,241,0,1,0,1,93.32141078838174
3265,240,0,1,3,1,93.46149999999999
3266,239,1,2,1,2,93.51548117154812
3267,239,1,1,1,1,93.36213389121339
3268,239,0,0,0,0,93.56046025104602
3269,236,0,3,1,3,94.23381355932203
3270,237,1,0,2,0,93.90603375527427
3271,237,0,0,1,0,94.03535864978903
3272,239,2,0,0,0,93.35807531380752
3273,239,1,1,1,1,93.11790794979079
3274,239,0,0,2,0,93.21230125523012
3275,239,1,1,3,1,93.42569037656902
3276,236,0,3,1,3,94.11330508474576
3277,237,1,0,0,0,93.91852320675105
3278,237,0,0,1,0,94.08012658227847
3279,237,0,0,2,0,94.21789029535864
3280,236,0,1,2,1,94.59699152542373
3281,237,1,0,0,0,94.29856540084387
3282,239,2,0,0,0,93.59188284518828
3283,241,2,0,0,0,93.07804979253113
3284,242,1,0,2,0,92.93661157024793
3285,240,0,2,0,2,93.33108333333332
3286,242,2,0,0,0,92.69177685950413
3287,243,2,1,0,1,92.48584362139918
3288,243,1,1,1,1,92.56995884773663
3289,243,2,2,0,2,92.2514403292181
3290,246,3,0,0,0,91.31869918699188
3291,245,0,1,0,1,91.53306122448978
3292,243,0,2,1,2,92.22868312757201
3293,242,1,2,1,2,92.37446280991735
3294,240,0,2,0,2,92.56154166666667
3295,237,0,3,2,3,93.37042194092827
3296,237,1,1,0,1,93.37556962025316
3297,238,1,0,0,0,93.15466386554623
3298,240,2,0,1,0,92.56795833333334
3299,241,1,0,0,0,92.38614107883818
3300,242,1,0,1,0,92.16822314049587
3301,241,2,3,0,3,92.41941908713692
3302,240,0,1,1,1,92.79154166666667
3303,240,0,0,0,0,92.87716666666667
3304,241,1,0,0,0,92.73390041493775
3305,241,0,0,0,0,92.920622406639
3306,242,1,0,1,0,92.72512396694215
3307,240,1,3,0,3,92.66033333333333
3308,239,0,1,0,1,92.88589958158995
3309,239,1,1,0,1,92.83874476987447
3310,239,0,0,0,0,93.00527196652719
3311,239,0,0,0,0,93.12263598326359
3312,239,0,0,0,0,93.21280334728034
3313,240,1,0,0,0,92.92233333333334
3314,240,0,0,1,0,92.97191666666666
3315,240,1,1,1,1,92.82254166666667
3316,241,2,1,0,1,92.65170124481327
3317,243,2,0,0,0,92.10975308641974
3318,242,0,1,0,1,92.47330578512397
3319,244,3,1,1,1,91.8772131147541
3320,246,2,0,0,0,91.32434959349594
3321,247,1,0,0,0,91.26473684210526
3322,248,2,1,2,1,90.91391129032259
3323,245,0,3,0,3,92.05161632653062
3324,246,1,0,0,0,91.91990243902438
3325,247,1,0,0,0,91.7103076923077
3326,246,1,2,1,2,91.81063414634147
3327,249,3,0,2,0,90.90809638554217
3328,251,5,3,1,3,90.00914741035857
3329,249,0,2,1,2,90.53492369477911
3330,246,0,3,0,3,91.58178861788618
3331,247,2,1,1,1,91.07821862348177
3332,246,0,1,2,1,91.10882113821138
3333,247,2,1,1,1,90.85858299595142
3334,248,1,0,1,0,90.73637096774193
3335,248,0,0,1,0,90.98322580645161
3336,247,0,1,1,1,91.40178137651823
3337,247,0,0,1,0,91.46777327935223
3338,247,0,0,0,0,91.59368421052632
3339,246,0,1,0,1,91.73085365853659
3340,246,0,0,1,0,91.87211382113821
3341,248,3,1,1,1,91.30923387096773
3342,249,1,0,0,0,91.23550200803213
3343,250,1,0,1,0,91.02436
3344,251,1,0,0,0,90.78661354581673
3345,254,3,0,1,0,89.94641732283465
3346,255,1,0,0,0,89.81270588235294
3347,256,1,0,0,0,89.6251171875
3348,256,1,1,0,1,89.7008203125
3349,256,1,1,0,1,89.8453125
3350,257,2,1,1,1,89.77743190661478
3351,256,0,1,2,1,89.9296875
3352,256,1,1,1,1,89.79453125
3353,257,1,0,0,0,89.70719844357977
3354,258,1,0,2,0,89.63158914728683
3355,258,0,0,2,0,89.78492248062017
3356,258,0,0,1,0,90.18511627906977
3357,257,0,1,1,1,90.36813229571985
3358,256,0,1,0,1,90.62210937500001
3359,254,0,2,2,2,91.26854330708662
3360,254,2,2,0,2,90.70476377952757
3361,254,2,2,0,2,90.39090551181103
3362,252,0,2,2,2,90.71039682539683
3363,253,1,0,3,0,90.60936758893281
3364,253,0,0,0,0,90.90660079051383
3365,253,0,0,2,0,91.14766798418972
3366,252,0,1,1,1,91.71420634920635
3367,252,0,0,2,0,91.89257936507937
3368,254,2,0,0,0,91.45681102362205
3369,254,0,0,2,0,91.48181102362206
3370,254,1,1,2,1,91.36055118110237
3371,255,1,0,1,0,91.23384313725491
3372,253,0,2,0,2,91.74280632411067
3373,254,3,2,2,2,91.48862204724409
3374,255,1,0,1,0,91.43149019607844
3375,255,1,1,2,1,91.21972549019608
3376,256,2,1,0,1,90.711640625
3377,256,0,0,1,0,91.0501171875
3378,255,1,2,0,2,91.16933333333334
3379,252,0,3,0,3,91.85587301587302
3380,253,1,0,1,0,91.59418972332017
3381,253,1,1,0,1,91.61620553359684
3382,253,1,1,1,1,91.84810276679842
3383,253,0,0,1,0,91.92754940711463
3384,255,2,0,0,0,91.46823529411765
3385,252,0,3,0,3,91.8638888888889
3386,252,0,0,1,0,92.10515873015873
3387,252,0,0,0,0,92.33432539682539
3388,254,3,1,4,1,91.74153543307088
3389,252,1,3,0,3,92.2468253968254
3390,253,2,1,1,1,91.93181818181819
3391,253,0,0,0,0,92.19486166007904
3392,251,0,2,0,2,92.65617529880478
3393,254,3,0,0,0,91.78129921259843
3394,253,1,2,1,2,91.78430830039525
3395,252,0,1,0,1,91.94119047619047
3396,252,0,0,0,0,92.11777777777777
3397,250,0,2,0,2,92.66656
3398,249,0,1,1,1,93.17064257028113
3399,252,3,0,1,0,92.17535714285715
3400,251,1,2,0,2,92.3388047808765
3401,251,1,1,0,1,92.23023904382471
3402,252,1,0,2,0,92.02313492063493
3403,255,3,0,0,0,91.19109803921569
3404,254,0,1,1,1,91.55011811023621
3405,253,1,2,1,2,91.53814229249012
3406,253,1,1,0,1,91.57608695652173
3407,253,2,2,0,2,91.26695652173913
3408,251,0,2,1,2,91.76282868525897
3409,248,0,3,1,3,92.65229838709678
3410,248,1,1,0,1,92.43862903225806
3411,251,3,0,0,0,91.49892430278884
3412,251,0,0,0,0,91.62362549800797
3413,251,0,0,1,0,91.82302788844622
3414,250,0,1,3,1,92.32928
3415,249,0,1,0,1,92.40939759036144
3416,245,0,4,0,4,93.27240816326531
3417,245,0,0,0,0,93.35791836734694
3418,245,0,0,2,0,93.44036734693877
3419,246,1,0,0,0,93.13471544715446
3420,247,1,0,1,0,92.92303643724696
3421,247,0,0,0,0,93.1542105263158
3422,248,1,0,2,0,92.88221774193549
3423,247,0,1,0,1,92.96736842105263
3424,246,0,1,0,1,93.2810569105691
3425,246,0,0,1,0,93.44975609756098
3426,246,0,0,3,0,93.66215447154471
3427,246,0,0,0,0,93.84813008130081
3428,248,2,0,0,0,93.25217741935484
3429,248,0,0,3,0,93.44451612903227
3430,248,0,0,2,0,93.69774193548388
3431,248,0,0,0,0,93.88685483870967
3432,247,1,2,0,2,93.9855060728745
3433,248,1,0,1,0,93.78072580645161
3434,247,0,1,2,1,93.89122613607618
3435,249,3,1,2,1,93.30997130767396
3436,247,0,2,0,2,94.16024291497976
3437,246,0,1,0,1,94.30337398373985
3438,246,1,1,0,1,94.08528455284552
3439,246,1,1,0,1,93.91577235772357
3440,247,2,1,2,1,93.68514170040486
3441,247,0,0,1,0,93.88554655870445
3442,245,0,2,2,2,94.49489795918367
3443,246,1,0,0,0,94.40365853658537
3444,243,0,3,0,3,94.71300411522634
3445,245,2,0,1,0,94.11310204081633
3446,246,1,0,0,0,93.8069512195122
3447,244,0,2,2,2,93.85729508196721
3448,245,2,1,0,1,93.25461224489797
3449,245,1,1,0,1,93.07534693877551
3450,246,2,1,0,1,92.83703252032521
3451,246,1,1,2,1,92.95686991869918
3452,245,0,1,1,1,93.45865306122448
3453,244,1,2,1,2,93.69204918032787
3454,244,1,1,1,1,93.7777049180328
3455,247,3,0,0,0,92.84761133603239
3456,246,0,1,0,1,93.37260162601626
3457,246,0,0,2,0,93.58325250631034
3458,245,0,1,1,1,94.07534693877551
3459,246,1,0,0,0,93.87605691056912
3460,247,1,0,1,0,93.6714979757085
3461,246,0,1,1,1,94.00313008130081
3462,245,0,1,0,1,94.51583673469388
3463,245,1,1,0,1,94.27032653061224
3464,244,0,1,1,1,94.38127049180328
3465,241,0,3,0,3,94.82248962655602
3466,241,0,0,2,0,94.86190871369296
3467,241,0,0,0,0,95.01688796680497
3468,242,2,1,0,1,94.38665289256198
3469,240,0,2,1,2,94.99320833333333
3470,241,1,0,1,0,94.64676348547718
3471,240,0,1,1,1,94.69800000000001
3472,241,1,0,0,0,94.51647302904564
3473,241,0,0,0,0,94.66917012448133
3474,240,0,1,1,1,94.77695833333334
3475,244,4,0,0,0,93.42856557377048
3476,244,1,1,1,1,93.49372950819672
3477,245,1,0,0,0,93.40620408163265
3478,244,0,1,0,1,93.56184426229508
3479,245,1,0,1,0,93.35057142857143
3480,242,0,3,0,3,94.09876033057851
3481,241,0,1,0,1,94.19439834024895
3482,239,0,2,0,2,94.50857740585774
3483,239,0,0,3,0,94.6663179916318
3484,240,1,0,0,0,94.383125
3485,239,0,1,1,1,94.68389121338913
3486,239,2,2,0,2,94.36464435146443
3487,239,1,1,4,1,94.00690376569038
3488,240,1,0,0,0,93.91645833333334
3489,241,1,0,2,0,93.62572614107883
3490,240,1,2,1,2,94.05691666666667
3491,240,0,0,0,0,94.25395833333333
3492,240,0,0,2,0,94.31375
3493,238,1,3,0,3,94.48109243697479
3494,238,0,0,0,0,94.4439075630252
3495,237,0,1,1,1,94.8139240506329
3496,236,1,2,1,2,95.13563559322033
3497,236,1,1,1,1,95.25046610169491
3498,237,1,0,1,0,94.96945147679324
3499,236,0,1,0,1,95.05533898305083
3500,236,0,0,0,0,95.22016949152543
3501,235,0,1,1,1,95.32493617021277
3502,235,0,0,0,0,95.51897872340425
3503,234,0,1,0,1,95.93978632478633
3504,235,1,0,0,0,95.6487659574468
3505,232,0,3,0,3,96.36771551724138
3506,231,1,2,3,2,96.45567099567099
3507,231,0,0,1,0,96.54264069264069
3508,232,1,0,1,0,96.19698275862069
3509,232,0,0,1,0,96.2991379310345
3510,233,1,0,2,0,95.91781115879827
3511,233,1,1,1,1,95.64613733905578
3512,232,0,1,2,1,95.66293103448275
3513,230,0,2,0,2,96.08043478260869
3514,230,0,0,0,0,96.195
3515,231,1,0,3,0,95.93838855521638
3516,232,2,1,1,1,95.19792136316802
3517,230,0,2,1,2,95.27616415763036
3518,230,1,1,0,1,95.00377285328253
3519,229,0,1,0,1,95.41514304041478
3520,228,0,1,1,1,95.78336735199554
3521,225,0,3,2,3,95.78936780557771
3522,225,0,0,0,0,95.82959002779992
3523,226,1,0,1,0,95.68675998342913
3524,227,1,0,0,0,95.30686236235675
3525,228,1,0,0,0,94.98446384322361
3526,231,3,0,2,0,94.03514180196962
3527,230,0,1,0,1,94.14442502719558
3528,228,0,2,2,2,94.17134980813589
3529,229,1,0,0,0,93.95968452513094
3530,230,1,0,0,0,93.63529459241296
3531,230,1,1,1,1,93.716946766326
3532,229,0,1,0,1,93.87357098801303
3533,231,2,0,0,0,93.22986041668823
3534,231,0,0,0,0,93.40864829547611
3535,231,1,1,0,1,93.20453574136356
3536,232,1,0,1,0,92.97800757006458
3537,232,0,0,0,0,93.19460239765078
3538,233,2,1,0,1,92.82831655045057
3539,235,2,0,1,0,92.16850109044672
3540,235,1,1,1,1,92.44233087768079
3541,236,2,1,0,1,92.1173633739618
3542,236,0,0,1,0,92.20825320447027
3543,238,3,1,0,1,91.19158721115538
3544,239,1,0,0,0,91.07907010985348
3545,239,1,1,2,1,91.27078559102503
3546,241,2,0,1,0,90.83804048238582
3547,240,0,1,0,1,90.89361565106243
3548,240,0,0,1,0,91.0359073177291
3549,241,1,0,2,0,90.76542637450201
3550,242,1,0,0,0,90.49118907543381
3551,243,1,0,0,0,90.23711010804519
3552,244,2,1,0,1,90.00990883711057
3553,244,0,0,3,0,90.26175309940567
3554,246,2,0,0,0,89.70921852136172
3555,247,1,0,1,0,89.58448484313757
3556,246,1,2,0,2,90.17425917176821
3557,245,0,1,1,1,90.63611329083666
3558,243,1,3,0,3,91.23604014919746
3559,243,1,1,0,1,91.28421584881308
3560,244,3,2,0,2,90.8027231609081
3561,246,2,0,0,0,90.3155058994373
3562,247,2,1,0,1,89.74560506583633
3563,245,0,2,1,2,90.39434469902685
3564,245,1,1,3,1,90.50838551535338
3565,245,1,1,0,1,90.79928347453705
3566,243,0,2,0,2,91.50586193934805
3567,243,0,0,3,0,91.64104712453323
3568,243,0,0,0,0,91.91615000519168
3569,243,1,1,0,1,91.75689074593241
3570,243,0,0,0,0,91.86182901753736
3571,243,1,1,1,1,91.87828992288715
3572,243,0,0,0,0,92.04166440848385
3573,241,0,2,1,2,92.77827573137584
3574,240,1,2,1,2,92.6738102135899
3575,239,1,2,0,2,92.57897259942082
3576,240,1,0,2,0,92.35260188025657
3577,239,0,1,1,1,92.86495586301915
3578,242,3,0,0,0,91.90051426141147
3579,243,1,0,0,0,91.67582078708467
3580,241,0,2,1,2,92.43109730813933
3581,239,0,2,0,2,92.48261276678484
3582,240,1,0,1,0,92.24372688025657
3583,239,0,1,4,1,92.46713159523672
3584,238,1,2,1,2,92.55520204061584
3585,238,1,1,2,1,92.34322725069987
3586,238,0,0,0,0,92.63999195658224
3587,240,2,0,1,0,92.09320035694404
3588,241,1,0,0,0,91.90194226417664
3589,240,0,1,0,1,92.45278369027737
3590,240,0,0,1,0,92.56945035694405
3591,239,1,2,0,2,93.08873676011117
3592,239,1,1,0,1,93.11384136262163
3593,238,1,2,0,2,93.24730288095196
3594,238,0,0,1,0,93.41873145238056
3595,237,0,1,1,1,93.84721657979573
3596,240,3,0,0,0,92.94537637254828
3597,241,1,0,0,0,92.65514659506883
3598,241,0,0,0,0,92.79394327556676
3599,239,1,3,2,3,92.86690514398154
3600,238,0,1,0,1,93.1518768697756
3601,237,0,1,0,1,93.38774976796032
3602,237,0,0,0,0,93.41201137133585
3603,235,0,2,1,2,94.20113487236848
3604,237,3,1,1,1,93.51863584390966
3605,237,0,0,0,0,93.62956411395187
3606,235,0,2,0,2,94.0770497659855
3607,235,0,0,1,0,94.2339008298153
3608,237,2,0,0,0,93.66926875530208
3609,237,0,0,0,0,93.74751054852321
3610,238,2,1,0,1,93.42693277310924
3611,237,0,1,0,1,93.69181434599156
3612,237,2,2,0,2,93.34590717299578
3613,241,4,0,1,0,92.01692946058091
3614,243,2,0,1,0,91.51637860082305
3615,244,1,0,2,0,91.3605737704918
3616,244,0,0,2,0,91.4433606557377
3617,241,0,3,0,3,92.36622406639003
3618,241,0,0,0,0,92.58045643153527
3619,239,0,2,2,2,93.00769874476987
3620,240,1,0,0,0,92.84370833333332
3621,240,0,0,0,0,92.89141666666666
3622,240,0,0,2,0,92.96558333333333
3623,239,0,1,0,1,93.47129707112971
3624,238,1,2,0,2,93.51117647058824
3625,238,0,0,0,0,93.64331932773109
3626,238,1,1,0,1,93.67210084033613
3627,238,1,1,1,1,93.6981512605042
3628,239,2,1,0,1,93.10192468619248
3629,238,0,1,0,1,93.46533613445378
3630,237,0,1,0,1,93.99641350210972
3631,238,1,0,0,0,93.68949579831933
3632,236,0,2,1,2,94.56474576271187
3633,236,0,0,1,0,94.62406779661016
3634,235,0,1,2,1,95.07799999999999
3635,234,0,1,0,1,95.60760683760684
3636,233,0,1,0,1,95.68339055793992
3637,232,0,1,1,1,95.82340517241379
3638,233,1,0,2,0,95.62630901287554
3639,233,1,1,1,1,95.30622317596566
3640,233,1,1,0,1,95.32244635193133
3641,232,0,1,0,1,95.44775862068965
3642,234,2,0,2,0,94.73239316239317
3643,234,0,0,0,0,94.9467094017094
3644,234,0,0,1,0,95.03431623931624
3645,234,1,1,1,1,94.69115384615384
3646,234,1,1,1,1,94.82277777777777
3647,234,1,1,0,1,94.4890170940171
3648,233,2,3,0,3,94.64540772532189
3649,233,0,0,0,0,94.65763948497855
3650,235,2,0,1,0,94.11608510638297
3651,235,0,0,2,0,94.19417021276597
3652,237,3,1,1,1,93.19759493670885
3653,239,2,0,1,0,92.54510460251045
3654,237,1,3,0,3,92.93746835443038
3655,237,0,0,1,0,93.06645569620254
3656,237,0,0,0,0,93.27362869198312
3657,237,1,1,1,1,93.39984105216627
3658,237,0,0,0,0,93.66819548254601
3659,238,1,0,0,0,93.43975768640085
3660,240,2,0,0,0,92.85249999999999
3661,240,1,1,0,1,92.59333333333333
3662,239,0,1,0,1,92.97489539748953
3663,239,0,0,1,0,93.25334728033472
3664,239,0,0,1,0,93.37301255230126
3665,239,0,0,1,0,93.52510460251047
3666,240,1,0,2,0,93.23
3667,240,0,0,1,0,93.34458333333333
3668,241,1,0,0,0,93.09004149377594
3669,240,1,2,1,2,93.25770833333333
3670,242,2,0,0,0,92.79648760330579
3671,243,1,0,0,0,92.55884773662551
3672,243,0,0,2,0,92.72736625514403
3673,243,2,2,1,2,92.60864197530864
3674,242,0,1,0,1,93.01198347107439
3675,243,1,0,2,0,92.89814814814815
3676,241,0,2,0,2,93.23240663900414
3677,240,0,1,0,1,93.71170833333333
3678,242,2,0,0,0,93.11243801652893
3679,243,1,0,2,0,92.83213991769547
3680,241,0,2,0,2,93.45792531120333
3681,242,2,1,0,1,93.11801652892562
3682,242,0,0,3,0,93.23842391746675
3683,242,0,0,0,0,93.37024209928494
3684,242,0,0,1,0,93.58941565300395
3685,243,2,1,2,1,93.24119341563787
3686,245,2,0,1,0,92.64004081632653
3687,244,0,1,0,1,93.04204918032788
3688,245,1,0,1,0,92.70677551020408
3689,245,2,2,0,2,92.50502040816326
3690,246,2,1,2,1,91.97634146341464
3691,248,2,0,0,0,91.46625
3692,248,0,0,0,0,91.56967741935483
3693,248,1,1,2,1,91.69318548387096
3694,248,0,0,0,0,91.94217741935483
3695,248,0,0,1,0,92.00185483870968
3696,246,0,2,1,2,92.43674796747968
3697,246,0,0,0,0,92.73939024390243
3698,246,1,1,1,1,92.85565040650407
3699,245,0,1,1,1,92.96795918367347
3700,243,0,2,0,2,93.34650205761316
3701,244,2,1,2,1,92.77418032786886
3702,245,1,0,1,0,92.64387755102041
3703,245,0,0,0,0,92.80836734693877
3704,245,0,0,0,0,92.86102040816327
3705,246,1,0,1,0,92.77012195121951
3706,246,0,0,0,0,93.03117886178863
3707,248,2,0,1,0,92.41358870967741
3708,248,0,0,0,0,92.56983870967741
3709,249,1,0,2,0,92.3504016064257
3710,246,0,3,0,3,92.80170731707318
3711,246,0,0,0,0,92.86186991869918
3712,247,1,0,1,0,92.6365182186235
3713,248,1,0,0,0,92.51560483870968
3714,247,0,1,0,1,92.73611336032388
3715,247,0,0,0,0,92.95757085020243
3716,247,0,0,1,0,93.04724696356276
3717,246,0,1,0,1,93.18910569105691
3718,246,2,2,0,2,92.64682926829268
3719,245,0,1,1,1,92.97273469387756
3720,245,0,0,0,0,93.14885714285715
3721,245,0,0,0,0,93.37130612244898
3722,245,1,1,0,1,93.16457142857142
3723,244,0,1,0,1,93.45909836065574
3724,246,2,0,1,0,92.81573170731708
3725,246,0,0,0,0,93.00800813008131
3726,245,0,1,0,1,93.47844897959185
3727,244,0,1,0,1,93.55602459016394
3728,244,1,1,0,1,93.35233606557378
3729,243,0,1,0,1,93.98053497942387
3730,243,1,1,2,1,93.81057613168724
3731,244,1,0,0,0,93.54639344262294
3732,244,0,0,0,0,93.70418032786885
3733,244,0,0,1,0,93.79024590163934
3734,244,1,1,1,1,93.82377049180327
3735,246,2,0,1,0,93.1928861788618
3736,245,0,1,0,1,93.23204081632653
3737,246,1,0,0,0,93.15548780487805
3738,244,1,3,0,3,93.26741803278688
3739,244,0,0,3,0,93.44487704918032
3740,247,3,0,0,0,92.4821862348178
3741,246,0,1,1,1,92.78252032520325
3742,246,0,0,0,0,93.0479674796748
3743,247,1,0,0,0,92.75850202429149
3744,245,0,2,3,2,93.06673469387755
3745,245,1,1,1,1,92.95367346938777
3746,243,0,2,0,2,93.73164609053498
3747,243,1,1,0,1,93.51600823045267
3748,243,0,0,1,0,93.64172839506172
3749,243,0,0,0,0,93.83246913580247
3750,243,0,0,0,0,93.98493827160493
3751,243,1,1,1,1,94.00925925925925
3752,245,2,0,0,0,93.57571428571428
3753,244,0,1,1,1,94.01045081967213
3754,244,0,0,0,0,94.10266393442623
3755,245,1,0,0,0,93.83020408163266
3756,247,2,0,0,0,93.26417004048584
3757,247,0,0,2,0,93.3914979757085
3758,248,1,0,0,0,93.16229838709677
3759,247,0,1,0,1,93.41315789473684
3760,250,3,0,1,0,92.4128
3761,246,0,4,0,4,93.38422764227643
3762,246,1,1,0,1,93.10556910569106
3763,246,2,2,0,2,93.24022764227642
3764,245,1,2,0,2,93.66957551020407
3765,245,0,0,1,0,93.90671836734694
3766,245,0,0,1,0,94.02406530612245
3767,244,0,1,2,1,94.41182786885246
3768,244,0,0,0,0,94.51860655737705
3769,243,0,1,0,1,94.66152263374485
3770,243,1,1,0,1,94.37572016460905
3771,244,1,0,1,0,94.09262295081966
3772,244,1,1,1,1,94.17090163934427
3773,244,0,0,0,0,94.37540983606557
3774,244,1,1,0,1,94.40184426229509
3775,244,1,1,0,1,94.19016393442624
3776,246,2,0,0,0,93.48556910569106
3777,246,0,0,0,0,93.65304878048781
3778,246,1,1,2,1,93.30020325203252
3779,244,0,2,1,2,93.4280737704918
3780,245,1,0,0,0,93.12428571428572
3781,245,1,1,0,1,92.87775510204081
3782,246,1,0,1,0,92.70934959349593
3783,245,0,1,0,1,92.82530612244898
3784,246,1,0,0,0,92.69776422764228
3785,247,3,2,0,2,91.9921052631579
3786,246,1,2,0,2,92.15142276422765
3787,247,2,1,0,1,91.86072874493927
3788,246,0,1,0,1,92.39552845528455
3789,247,2,1,0,1,92.18765182186235
3790,246,0,1,0,1,92.72532520325204
3791,246,0,0,0,0,92.84707317073172
3792,249,3,0,3,0,91.93915662650602
3793,246,0,3,0,3,92.71788617886179
3794,246,0,0,1,0,92.84085365853657
3795,246,1,1,0,1,92.9020325203252
3796,250,4,0,0,0,91.69139999999999
3797,250,0,0,0,0,91.9388
3798,250,1,1,0,1,91.87780000000001
3799,250,2,2,1,2,91.604
3800,246,0,4,0,4,93.01349593495935
3801,245,1,2,0,2,93.32742857142857
3802,246,2,1,0,1,92.8650406504065
3803,246,0,0,1,0,93.06686991869918
3804,245,0,1,2,1,93.46244897959184
3805,246,1,0,1,0,93.2630081300813
3806,244,0,2,1,2,94.01311475409837
3807,245,1,0,2,0,93.68938775510205
3808,245,0,0,1,0,93.78632653061226
3809,246,1,0,0,0,93.69756097560975
3810,247,1,0,0,0,93.49898785425101
3811,248,1,0,0,0,93.19354838709677
3812,249,2,1,0,1,92.99767068273093
3813,248,1,2,1,2,93.11096774193548
3814,249,1,0,0,0,92.87578313253012
3815,249,0,0,1,0,93.01935742971888
3816,249,0,0,0,0,93.28883534136547
3817,248,0,1,0,1,93.6807258064516
3818,247,0,1,1,1,94.07032388663967
3819,247,0,0,0,0,94.31323886639676
3820,248,1,0,2,0,94.07326612903226
3821,249,1,0,1,0,93.83220883534138
3822,251,2,0,0,0,93.31940239043826
3823,253,2,0,0,0,92.76035573122529
3824,253,0,0,1,0,92.95482213438736
3825,255,2,0,0,0,92.40705882352941
3826,251,0,4,0,4,93.05195219123506
3827,251,2,2,0,2,92.7083266932271
3828,250,1,2,3,2,93.12632
3829,250,1,1,0,1,93.31372
3830,248,0,2,0,2,93.64225806451613
3831,248,0,0,0,0,93.80032258064516
3832,247,0,1,0,1,94.18230769230769
3833,249,2,0,0,0,93.60578313253012
3834,248,1,2,1,2,94.08544354838709
3835,248,0,0,1,0,94.20161290322581
3836,247,0,1,0,1,94.68773279352226
3837,250,3,0,0,0,93.66088
3838,250,0,0,1,0,93.79308
3839,251,1,0,0,0,93.57876494023904
3840,250,0,1,2,1,93.63748
3841,248,0,2,0,2,94.29322580645162
3842,249,1,0,0,0,94.10228915662651
3843,247,0,2,1,2,94.65412955465587
3844,248,1,0,0,0,94.4041129032258
3845,251,3,0,2,0,93.54589641434264
3846,251,0,0,2,0,93.58992031872509
3847,249,0,2,0,2,94.36955823293172
3848,251,2,0,0,0,93.82637450199202
3849,251,0,0,0,0,94.04410358565737
3850,250,0,1,1,1,94.45208
3851,250,0,0,0,0,94.61828
3852,250,1,1,1,1,94.72608
3853,252,2,0,3,0,94.05285714285714
3854,251,0,1,2,1,94.11482071713148
3855,255,4,0,2,0,92.87333333333333
3856,256,1,0,0,0,92.7521484375
3857,256,1,1,0,1,92.9220703125
3858,256,0,0,0,0,93.019140625
3859,256,0,0,0,0,93.121484375
3860,256,1,1,1,1,92.88984375
3861,256,1,1,0,1,92.7306640625
3862,256,0,0,0,0,92.8474609375
3863,255,0,1,2,1,92.96627450980392
3864,254,0,1,1,1,93.3631496062992
3865,254,0,0,1,0,93.43618110236221
3866,254,0,0,0,0,93.61492125984252
3867,254,2,2,0,2,93.6633464566929
3868,254,1,1,1,1,93.74228346456694
3869,253,0,1,1,1,94.03276679841898
3870,253,0,0,1,0,94.10490118577076
3871,254,1,0,0,0,93.93027559055119
3872,254,0,0,0,0,94.04877952755905
3873,255,2,1,1,1,93.7344705882353
3874,255,2,2,0,2,93.488
3875,256,1,0,0,0,93.3884765625
3876,256,0,0,1,0,93.5849609375
3877,256,0,0,0,0,93.7533203125
3878,257,1,0,1,0,93.61945525291829
3879,258,1,0,1,0,93.38720930232559
3880,256,0,2,2,2,93.7400390625
3881,255,0,1,0,1,93.96803921568628
3882,256,1,0,0,0,93.7158203125
3883,256,0,0,0,0,93.810546875
3884,257,1,0,1,0,93.58677042801556
3885,261,4,0,1,0,92.39425287356322
3886,261,1,1,0,1,92.47042145593869
3887,263,2,0,0,0,92.01228136882129
3888,264,1,0,1,0,91.9230303030303
3889,263,0,1,1,1,92.20847908745246
3890,263,1,1,1,1,92.20961977186312
3891,266,3,0,0,0,91.37962406015038
3892,268,2,0,0,0,90.92585820895523
3893,266,0,2,0,2,91.70800751879699
3894,266,1,1,0,1,91.71139097744361
3895,266,1,1,0,1,91.89635338345865
3896,265,0,1,2,1,91.98181132075472
3897,265,0,0,1,0,92.18879245283019
3898,265,0,0,1,0,92.33350943396226
3899,266,2,1,0,1,92.1175939849624
3900,266,1,1,1,1,91.91646616541352
3901,266,0,0,2,0,92.17706766917293
3902,266,1,1,0,1,92.34135338345864
3903,265,1,2,1,2,92.49626415094339
3904,265,0,0,0,0,92.61966037735849
3905,264,0,1,0,1,93.13223484848484
3906,264,1,1,2,1,93.0960606060606
3907,262,0,2,2,2,93.20366412213741
3908,261,0,1,0,1,93.43701149425287
3909,262,2,1,1,1,93.05633587786261
3910,262,0,0,0,0,93.27790076335879
3911,262,0,0,0,0,93.47389312977099
3912,262,0,0,1,0,93.59675572519085
3913,261,0,1,2,1,93.59444444444445
3914,261,0,0,1,0,93.68831417624521
3915,260,1,2,0,2,93.45442307692308
3916,262,2,0,0,0,92.99980916030535
3917,262,1,1,0,1,93.02519083969464
3918,261,0,1,0,1,93.51800766283525
3919,260,0,1,0,1,93.68807692307693
3920,259,0,1,0,1,93.97374517374517
3921,259,0,0,0,0,94.15386100386101
3922,259,0,0,1,0,94.30135135135134
3923,260,1,0,1,0,94.13
3924,260,1,1,1,1,93.94615384615385
3925,261,1,0,1,0,93.76149425287356
3926,261,0,0,0,0,93.89980842911878
3927,262,1,0,3,0,93.67013682990115
3928,262,0,0,0,0,93.90372461616069
3929,260,0,2,2,2,94.41763788243885
3930,260,0,0,0,0,94.57552249782346
3931,259,1,2,1,2,94.38469439935946
3932,260,1,0,1,0,94.18302249782346
3933,261,1,0,2,0,94.0064591932341
3934,261,0,0,0,0,94.21124846526475
3935,261,0,0,0,0,94.47389214342569
3936,260,0,1,0,1,94.52894557474654
3937,262,2,0,1,0,93.92910629555
3938,260,0,2,1,2,94.319984036285
3939,261,1,0,2,0,94.14155497867472
3940,259,1,3,0,3,94.40847818314325
3941,259,0,0,0,0,94.51870984337492
3942,261,2,0,1,0,93.96109520855977
3943,262,2,1,1,1,93.45513682990115
3944,263,1,0,0,0,93.38629600545285
3945,263,0,0,0,0,93.52583973168859
3946,263,0,0,1,0,93.67317813473042
3947,263,1,1,3,1,93.73758878111826
3948,264,1,0,0,0,93.5247570054322
3949,264,1,1,0,1,93.33460549028068
3950,264,0,0,0,0,93.46646155088675
3951,264,0,0,1,0,93.5586963993716
3952,264,1,1,0,1,93.73843124785644
3953,263,0,1,1,1,94.20625798263917
3954,264,1,0,1,0,93.96115852058371
3955,265,2,1,1,1,93.60281452616641
3956,267,2,0,0,0,93.05223164582061
3957,268,2,1,2,1,92.5749845128138
3958,268,1,1,0,1,92.37181287102277
3959,266,0,2,1,2,93.12340544900039
3960,266,0,0,0,0,93.20817988509062
3961,264,0,2,0,2,93.67850700543221
3962,263,0,1,1,1,94.1210108343502
3963,263,0,0,0,0,94.2978169180004
3964,263,1,1,2,1,94.42766482674563
3965,263,1,1,1,1,94.20846330583309
3966,263,0,0,1,0,94.27245570127035
3967,263,0,0,1,0,94.4194138761753
3968,262,0,1,1,1,94.60899179173322
3969,260,0,2,0,2,95.08040711320808
3970,261,1,0,0,0,94.88335574495825
3971,262,1,0,0,0,94.68838110471032
3972,262,0,0,0,0,94.79334293677138
3973,263,1,0,0,0,94.5848891613464
3974,262,0,1,1,1,94.66727423448131
3975,262,0,0,0,0,94.89590018867978
3976,264,2,0,1,0,94.26856060606062
3977,264,0,0,1,0,94.44204545454545
3978,264,1,1,1,1,94.15246212121212
3979,265,2,1,2,1,93.61830188679245
3980,263,1,3,0,3,93.89114068441064
3981,262,0,1,1,1,93.98080152671756
3982,262,1,1,1,1,93.66820610687023
3983,262,2,2,0,2,93.46687022900763
3984,261,0,1,1,1,93.62498084291187
3985,262,1,0,2,0,93.38748091603054
3986,262,1,1,2,1,93.25618320610687
3987,262,1,1,0,1,92.97545801526718
3988,264,2,0,0,0,92.49306818181817
3989,264,0,0,0,0,92.69458333333333
3990,264,0,0,1,0,92.8196015140014
3991,266,2,0,0,0,92.31607067555028
3992,264,0,2,2,2,92.70388181703171
3993,263,0,1,1,1,93.05492319276188
3994,262,0,1,1,1,93.25148854961832
3995,261,0,1,1,1,93.32314176245211
3996,259,0,2,0,2,94.04366795366796
3997,259,0,0,1,0,94.12474903474904
3998,259,1,1,2,1,93.90640926640926
3999,259,1,1,2,1,93.63146718146717
4000,259,0,0,3,0,93.6465250965251
4001,258,0,1,0,1,94.09410852713178
4002,258,1,1,2,1,93.94992248062015
4003,258,0,0,0,0,94.07627906976744
4004,257,0,1,1,1,94.56373540856032
4005,256,0,1,0,1,94.659296875
4006,256,1,1,1,1,94.77570312499999
4007,257,1,0,2,0,94.60303501945525
4008,259,2,0,0,0,94.13274131274132
4009,259,0,0,0,0,94.24857142857144
4010,258,0,1,0,1,94.70031007751938
4011,260,2,0,0,0,94.1251923076923
4012,259,0,1,1,1,94.28069498069499
4013,259,0,0,1,0,94.35366795366795
4014,259,1,1,1,1,94.47509652509652
4015,259,0,0,4,0,94.46872586872585
4016,259,0,0,2,0,94.66949806949806
4017,260,1,0,1,0,94.38576923076923
4018,261,2,1,0,1,94.11321839080459
4019,262,1,0,0,0,94.05496183206105
4020,261,0,1,0,1,94.155938697318
4021,261,0,0,4,0,94.34521072796935
4022,260,1,2,0,2,94.38557692307693
4023,261,2,1,0,1,93.92547892720306
4024,261,0,0,1,0,94.03429118773947
4025,261,0,0,0,0,94.1323754789272
4026,260,0,1,1,1,94.27653846153845
4027,259,1,2,0,2,94.78223938223938
4028,259,0,0,0,0,94.77007722007723
4029,259,0,0,1,0,94.87818532818532
4030,259,1,1,2,1,94.69961389961391
4031,259,0,0,1,0,94.67528957528958
4032,259,1,1,0,1,94.69961389961391
4033,259,0,0,0,0,94.78629343629345
4034,257,0,2,0,2,94.95836575875487
4035,257,0,0,1,0,95.03832684824903
4036,256,0,1,1,1,95.1271484375
4037,255,0,1,1,1,95.24372549019608
4038,254,0,1,1,1,95.63484251968504
4039,256,2,0,0,0,95.030078125
4040,258,3,1,1,1,94.09941860465116
4041,260,2,0,0,0,93.5351923076923
4042,259,0,1,0,1,93.95868725868725
4043,259,0,0,0,0,94.06988071561098
4044,259,0,0,0,0,94.2795332252635
4045,262,3,0,0,0,93.39121795932536
4046,262,0,0,0,0,93.52671414253147
4047,262,0,0,1,0,93.67633246314216
4048,260,0,2,0,2,93.76403502055095
4049,260,0,0,0,0,93.8930734820894
4050,262,3,1,0,1,92.97327902802766
4051,258,0,4,0,4,93.03449265636918
4052,259,1,0,1,0,92.8411162368465
4053,259,1,1,1,1,92.69420503993531
4054,258,0,1,0,1,93.11588800520639
4055,259,3,2,0,2,92.85134789707817
4056,259,1,1,3,1,92.51698496271524
4057,259,0,0,0,0,92.73628998202025
4058,257,0,2,0,2,93.50602764724998
4059,255,0,2,0,2,94.26607492291468
4060,256,2,1,0,1,93.94296525524706
4061,256,1,1,0,1,93.73573869274705
4062,257,1,0,1,0,93.48248679121886
4063,257,2,2,0,2,93.46618328927333
4064,258,1,0,1,0,93.27096552458623
4065,258,0,0,1,0,93.42232211373351
4066,259,2,1,1,1,92.98343283916311
4067,260,1,0,1,0,92.79926578978171
4068,259,0,1,1,1,93.08293090866118
4069,260,1,0,1,0,92.88530425132018
4070,262,2,0,0,0,92.31404238680628
4071,263,1,0,1,0,92.170642986096
4072,263,1,1,1,1,92.02330458305417
4073,264,1,0,0,0,91.90522388387593
4074,263,0,1,0,1,92.42779467680607
4075,263,0,0,0,0,92.57342205323195
4076,262,0,1,2,1,93.01606870229007
4077,263,1,0,1,0,92.87095057034222
4078,263,0,0,0,0,93.0287452471483
4079,262,1,2,1,2,93.26583969465649
4080,264,2,0,1,0,92.75579545454545
4081,264,0,0,0,0,92.9605303030303
4082,263,0,1,3,1,92.9387072243346
4083,264,1,0,0,0,92.7605303030303
4084,262,0,2,1,2,93.4123282442748
4085,264,2,0,1,0,93.01261363636362
4086,264,0,0,0,0,93.07094696969696
4087,264,0,0,0,0,93.20655303030303
4088,263,1,2,0,2,93.5055133079848
4089,261,0,2,0,2,94.09367816091954
4090,262,1,0,0,0,93.92595419847328
4091,261,0,1,1,1,94.28015325670498
4092,260,1,2,0,2,93.97411538461539
4093,260,0,0,2,0,94.08873076923076
4094,261,1,0,1,0,93.96704980842912
4095,260,0,1,0,1,94.03057692307692
4096,260,0,0,1,0,94.23403846153846
4097,260,1,1,2,1,93.91884615384616
4098,261,1,0,0,0,93.78563218390805
4099,261,1,1,1,1,93.5992337164751
4100,262,1,0,1,0,93.48358778625955
4101,262,0,0,0,0,93.71049618320612
4102,263,1,0,1,0,93.54923954372624
4103,263,0,0,0,0,93.6796577946768
4104,263,1,1,0,1,93.38174904942966
4105,264,1,0,1,0,93.20852272727272
4106,265,1,0,2,0,93.07169811320755
4107,266,1,0,1,0,92.83609022556392
4108,265,1,2,0,2,92.76830188679244
4109,265,0,0,1,0,92.85754716981133
4110,265,0,0,1,0,92.91641509433961
4111,264,1,2,0,2,92.80454545454546
4112,264,0,0,0,0,93.02859848484849
4113,264,0,0,0,0,93.11401515151515
4114,263,0,1,0,1,93.10988593155894
4115,264,1,0,0,0,92.8498106060606
4116,263,0,1,0,1,93.00494296577946
4117,263,1,1,1,1,93.00209125475286
4118,264,2,1,0,1,92.81685606060607
4119,264,0,0,0,0,92.89166666666665
4120,264,1,1,1,1,93.08939393939393
4121,264,0,0,0,0,93.30587121212122
4122,262,0,2,0,2,93.95904580152671
4123,262,0,0,0,0,93.95064885496183
4124,263,2,1,0,1,93.51756653992395
4125,263,0,0,2,0,93.6219391634981
4126,264,1,0,0,0,93.40840909090909
4127,265,1,0,0,0,93.17007547169811
4128,264,0,1,1,1,93.6996590909091
4129,267,3,0,0,0,92.91464419475655
4130,264,1,4,2,4,93.61352272727274
4131,264,1,1,1,1,93.75689393939393
4132,265,2,1,0,1,93.19622641509434
4133,268,4,1,0,1,92.44686567164179
4134,270,2,0,0,0,91.92096296296296
4135,269,1,2,0,2,92.2367657992565
4136,267,0,2,0,2,92.67895131086142
4137,264,0,3,1,3,93.17094696969697
4138,266,2,0,0,0,92.66721804511278
4139,264,0,2,1,2,92.86450757575757
4140,264,1,1,1,1,92.66015151515151
4141,261,0,3,0,3,93.03272030651341
4142,259,1,3,2,3,93.21328185328186
4143,258,0,1,1,1,93.73182170542636
4144,258,0,0,0,0,93.89461240310078
4145,258,0,0,1,0,94.01011627906976
4146,257,1,2,0,2,94.12844357976653
4147,257,1,1,2,1,94.15295719844359
4148,256,0,1,1,1,94.1941796875
4149,259,3,0,0,0,93.31200772200772
4150,260,1,0,0,0,93.18484615384615
4151,260,0,0,1,0,93.26734615384615
4152,260,0,0,0,0,93.48946153846153
4153,260,1,1,2,1,93.3211923076923
4154,261,1,0,3,0,93.1077011494253
4155,260,0,1,0,1,93.29023076923076
4156,261,1,0,2,0,93.14448275862068
4157,260,0,1,2,1,93.48696153846154
4158,261,1,0,0,0,93.25827586206897
4159,261,1,1,2,1,93.34448275862069
4160,263,3,1,0,1,92.7477566539924
4161,262,0,1,0,1,93.07923664122137
4162,263,1,0,0,0,92.83920152091254
4163,262,2,3,0,3,92.3133969465649
4164,261,0,1,1,1,92.67187739463601
4165,259,0,2,0,2,93.00776061776061
4166,259,0,0,0,0,93.17861003861003
4167,258,2,3,0,3,93.24403100775193
4168,255,1,4,2,4,93.72509803921568
4169,256,1,0,0,0,93.6525
4170,254,0,2,1,2,94.42602362204724
4171,254,0,0,1,0,94.54807086614173
4172,256,2,0,0,0,94.031875
4173,256,0,0,0,0,94.1125390625
4174,256,0,0,1,0,94.225234375
4175,256,1,1,0,1,94.20234375
4176,256,0,0,0,0,94.2763671875
4177,257,1,0,0,0,94.02782101167315
4178,257,0,0,0,0,94.18793774319066
4179,257,0,0,1,0,94.16770428015563
4180,256,0,1,1,1,94.57578125
4181,255,0,1,0,1,94.83960784313724
4182,255,0,0,1,0,95.0256862745098
4183,255,0,0,0,0,95.14647058823529
4184,256,1,0,1,0,94.905859375
4185,255,0,1,1,1,94.97647058823529
4186,257,2,0,0,0,94.328093385214
4187,257,1,1,0,1,94.43665369649806
4188,259,3,1,0,1,93.72864864864866
4189,259,0,0,0,0,93.89351351351351
4190,260,1,0,1,0,93.66373076923077
4191,260,0,0,1,0,93.89988461538462
4192,262,2,0,0,0,93.25675572519084
4193,262,2,2,3,2,93.08538167938931
4194,264,2,0,0,0,92.49704545454546
4195,264,2,2,1,2,92.20708333333333
4196,263,1,2,1,2,92.57931558935361
4197,264,1,0,2,0,92.43166666666666
4198,264,1,1,1,1,92.32522727272728
4199,264,1,1,0,1,92.4805303030303
4200,264,2,2,0,2,92.26075757575758
4201,264,0,0,1,0,92.36928030303031
4202,264,0,0,1,0,92.52344696969696
4203,262,0,2,0,2,93.3283969465649
4204,262,0,0,0,0,93.482786259542
4205,262,1,1,1,1,93.17553435114503
4206,262,1,1,3,1,93.213893129771
4207,262,0,0,0,0,93.29652671755724
4208,264,3,1,0,1,92.7698484848485
4209,264,0,0,0,0,93.04295454545455
4210,264,0,0,1,0,93.12287878787879
4211,262,0,2,0,2,93.37248091603054
4212,262,0,0,0,0,93.53587786259543
4213,263,1,0,0,0,93.23041825095056
4214,261,0,2,0,2,93.67432950191571
4215,260,0,1,0,1,93.78038461538462
4216,260,2,2,1,2,93.51192307692307
4217,260,2,2,0,2,93.57096153846155
4218,260,1,1,1,1,93.70807692307692
4219,261,1,0,0,0,93.42950191570881
4220,259,0,2,0,2,94.24992277992278
4221,259,0,0,1,0,94.31864864864865
4222,259,1,1,0,1,94.47135135135136
4223,261,2,0,0,0,93.86819923371647
4224,262,1,0,0,0,93.68025589756978
4225,261,0,1,0,1,94.15837948338422
4226,261,0,0,2,0,94.24995036461027
4227,260,0,1,0,1,94.69071940447417
4228,259,0,1,0,1,95.15207353344897
4229,256,0,3,1,3,95.63647283266907
4230,256,0,0,0,0,95.71147283266907
4231,255,0,1,0,1,95.73426292220894
4232,253,0,2,1,2,96.16216223384697
4233,252,0,1,0,1,96.27332160779079
4234,252,1,1,0,1,96.0419724014416
4235,252,1,1,0,1,95.8061507936508
4236,254,2,0,0,0,95.28208661417324
4237,254,1,1,1,1,95.26003937007874
4238,256,2,0,1,0,94.7416015625
4239,254,1,3,0,3,94.87480314960631
4240,253,0,1,0,1,95.29074356343281
4241,253,0,0,0,0,95.36228506540908
4242,254,1,0,0,0,95.14373276200197
4243,254,1,1,0,1,94.99491386436416
4244,253,0,1,2,1,95.39876727884781
4245,256,3,0,1,0,94.50073484979882
4246,256,2,2,1,2,94.60198484979882
4247,256,0,0,1,0,94.71839109979882
4248,255,0,1,0,1,95.00238479038627
4249,255,0,0,1,0,95.1635612609745
4250,254,0,1,0,1,95.62286662026968
4251,252,0,2,0,2,95.74407984741467
4252,251,2,3,2,3,95.08509211772311
4253,250,0,1,0,1,95.529232486194
4254,250,0,0,1,0,95.61203248619398
4255,250,0,0,1,0,95.72963248619399
4256,251,1,0,2,0,95.45043076314144
4257,251,1,1,0,1,95.17433514561154
4258,252,1,0,1,0,94.85578619662103
4259,252,1,1,1,1,94.78435762519246
4260,252,1,1,0,1,94.63475445058927
4261,251,0,1,0,1,94.75760207788247
4262,251,0,0,0,0,94.85640685875896
4263,251,0,0,1,0,94.95521163963545
4264,251,1,1,2,1,95.04644669939641
4265,248,0,3,0,3,95.99793597398588
4266,248,1,1,0,1,95.67797629656653
4267,249,1,0,1,0,95.48589607047589
4268,250,1,0,1,0,95.21735248619399
4269,249,1,2,1,2,95.02232177328715
4270,250,1,0,1,0,94.713432486194
4271,252,2,0,0,0,94.0678893712242
4272,253,1,0,2,0,93.80773961086363
4273,253,1,1,0,1,93.95576332627866
4274,251,0,2,1,2,94.22158614162748
4275,252,1,0,0,0,94.05443699027182
4276,251,0,1,0,1,94.15548212418271
4277,251,0,0,0,0,94.24329928903784
4278,254,3,0,0,0,93.43215795885236
4279,255,2,1,1,1,93.21128675117059
4280,256,5,4,0,4,92.85741453729882
4281,256,1,1,0,1,92.63198484979883
4282,254,1,3,2,3,93.34959890373425
4283,253,0,1,1,1,93.56007162667392
4284,251,0,2,0,2,93.9926219982012
4285,251,0,0,1,0,94.1657295679223
4286,252,1,0,0,0,93.94602429185913
4287,252,0,0,1,0,94.05396079979562
4288,252,1,1,1,1,93.98927826011308
4289,252,1,1,0,1,93.79602429185911
4290,252,0,0,1,0,94.0460639743988
4291,252,0,0,2,0,94.21987349820833
4292,252,0,0,1,0,94.37098460931945
4293,253,2,1,1,1,94.01694909702964
4294,250,0,3,0,3,94.366872486194
4295,250,1,1,2,1,94.13279248619399
4296,249,0,1,0,1,94.41336358792631
4297,250,1,0,1,0,94.134152486194
4298,251,1,0,0,0,93.88302040457569
4299,250,2,3,0,3,93.50455248619399
4300,250,0,0,1,0,93.600952486194
4301,251,1,0,1,0,93.44835904999402
4302,251,0,0,1,0,93.62704430895816
4303,249,1,3,1,3,93.6850928576245
4304,249,2,2,1,2,93.56822538774497
4305,249,0,0,0,0,93.84593623111847
4306,249,2,2,1,2,93.58107679336746
4307,250,1,0,0,0,93.36855248619399
4308,251,1,0,1,0,93.23202438863945
4309,251,0,0,1,0,93.30154630099003
4310,252,2,1,1,1,92.68348460931945
4311,250,0,2,1,2,93.140552486194
4312,250,0,0,0,0,93.24855248619399
4313,250,1,1,2,1,92.97855248619399
4314,250,0,0,3,0,93.161752486194
4315,250,1,1,1,1,93.211152486194
4316,249,0,1,0,1,93.37244225521486
4317,250,1,0,1,0,93.233232486194
4318,249,0,1,0,1,93.66710088975302
4319,250,1,0,0,0,93.529232486194
4320,250,0,0,1,0,93.64151624086062
4321,249,1,2,1,2,94.02742594463918
4322,250,1,0,0,0,93.84691624086062
4323,250,0,0,2,0,93.94151624086062
4324,248,0,2,0,2,94.25798008151273
4325,248,0,0,0,0,94.29991556538369
4326,248,1,1,0,1,94.09971395248047
4327,249,2,1,1,1,93.91577935829379
4328,250,1,0,1,0,93.66211624086061
4329,249,1,2,0,2,93.90071911732994
4330,250,1,0,0,0,93.76208375466662
4331,249,1,2,1,2,93.9792005568942
4332,248,0,1,0,1,94.22609249462361
4333,247,0,1,0,1,94.45899165452087
4334,245,0,2,0,2,94.83967730068022
4335,246,1,0,2,0,94.65557292140916
4336,248,2,0,1,0,94.06076991397846
4337,249,1,0,0,0,93.85972264524761
4338,248,0,1,1,1,94.05996346236554
4339,247,0,1,0,1,94.10555035897431
4340,249,2,0,1,0,93.43944152074963
4341,249,2,2,1,2,93.29305597858094
4342,248,0,1,2,1,93.46782636559135
4343,249,2,1,3,1,92.93401983400264
4344,248,0,1,1,1,93.25714088172037
4345,248,0,0,0,0,93.44403604301071
4346,245,0,3,1,3,94.19747321904757
4347,246,1,0,0,0,93.99179243360429
4348,247,1,0,0,0,93.7029592658569
4349,246,0,1,1,1,94.12837779945795
4350,248,2,0,1,0,93.4765360430107
4351,247,0,1,1,1,93.61465967071521
4352,245,0,2,0,2,94.28233036190471
4353,244,0,1,1,1,94.37693007650269
4354,243,1,2,0,2,94.30173225788748
4355,242,0,1,2,1,94.77384685399444
4356,242,0,0,0,0,95.02818569696966
4357,246,5,1,0,1,93.35821519783194
4358,244,0,2,0,2,94.32774974863383
4359,243,1,2,0,2,94.15440715500681
4360,241,0,2,0,2,94.58182962102346
4361,241,0,0,0,0,94.67000389488238
4362,240,0,1,1,1,95.11612891111106
4363,240,0,0,1,0,95.21342057777773
4364,240,0,0,1,0,95.50800391111106
4365,240,1,1,0,1,95.33154557777773
4366,241,1,0,3,0,95.02809518118943
4367,241,1,1,0,1,94.81440223513134
4368,240,0,1,0,1,95.29237891111106
4369,240,0,0,1,0,95.3650872444444
4370,240,0,0,1,0,95.43467057777774
4371,241,1,0,0,0,95.21460970401101
4372,241,0,0,0,0,95.360252857538
4373,241,0,0,0,0,95.43763874965417
4374,240,0,1,0,1,95.56800391111106
4375,242,2,0,0,0,94.9529790853994
4376,241,1,2,1,2,94.60900804425998
4377,241,0,0,0,0,94.73547717842324
4378,242,1,0,1,0,94.62479338842975
4379,242,0,0,1,0,94.699173553719
4380,242,0,0,0,0,94.7944214876033
4381,242,1,1,0,1,94.8859090909091
4382,241,0,1,0,1,94.93439834024896
4383,242,1,0,0,0,94.66731404958678
4384,242,0,0,0,0,94.7290909090909
4385,244,2,0,0,0,94.10282786885246
4386,245,1,0,0,0,93.8412244897959
4387,247,2,0,0,0,93.28056680161943
4388,248,1,0,0,0,93.11975806451613
4389,249,3,2,0,2,92.86220883534136
4390,246,0,3,0,3,93.60967479674797
4391,246,0,0,0,0,93.70479674796748
4392,246,1,1,1,1,93.86556910569105
4393,246,0,0,1,0,94.08878048780488
4394,246,0,0,0,0,94.09650406504065
4395,246,0,0,0,0,94.1069105691057
4396,244,0,2,1,2,94.56229508196722
4397,246,2,0,1,0,93.99573170731708
4398,246,1,1,0,1,93.82825203252033
4399,247,2,1,0,1,93.65263157894738
4400,246,0,1,1,1,93.81036585365852
4401,245,1,2,0,2,94.08224489795919
4402,246,1,0,0,0,93.84634146341463
4403,247,2,1,1,1,93.47510121457489
4404,248,1,0,1,0,93.22177419354838
4405,248,0,0,0,0,93.32036290322581
4406,250,2,0,1,0,92.82939999999999
4407,250,1,1,0,1,92.65180000000001
4408,250,0,0,0,0,92.8862
4409,252,3,1,0,1,92.04027777777777
4410,251,0,1,0,1,92.38764940239044
4411,252,1,0,0,0,92.18769841269841
4412,255,3,0,2,0,91.26313725490195
4413,256,1,0,0,0,91.03828125
4414,257,1,0,0,0,90.87801556420233
4415,257,1,1,0,1,90.95603112840467
4416,256,0,1,1,1,91.0462890625
4417,253,0,3,0,3,91.83612648221344
4418,252,0,1,0,1,92.42460317460318
4419,252,0,0,1,0,92.60734126984127
4420,251,1,2,3,2,92.29980079681275
4421,249,1,3,1,3,92.62028112449799
4422,250,1,0,1,0,92.36460000000001
4423,250,0,0,0,0,92.52
4424,249,0,1,2,1,93.00783132530121
4425,249,2,2,0,2,92.81907630522089
4426,247,0,2,1,2,92.95182186234817
4427,247,0,0,0,0,93.11396761133604
4428,247,1,1,2,1,92.87024291497976
4429,248,1,0,0,0,92.6516129032258
4430,248,0,0,0,0,92.81068548387097
4431,249,1,0,1,0,92.53333333333333
4432,250,1,0,1,0,92.44460000000001
4433,249,0,1,0,1,92.79538152610442
4434,250,2,1,0,1,92.495
4435,250,1,1,0,1,92.3786
4436,250,0,0,1,0,92.5126
4437,252,2,0,2,0,91.98730158730159
4438,251,0,1,0,1,92.48167330677292
4439,252,2,1,0,1,92.19642857142857
4440,253,1,0,1,0,92.04486166007905
4441,254,2,1,0,1,91.78822834645669
4442,254,1,1,0,1,91.60555118110237
4443,254,1,1,1,1,91.79748031496064
4444,252,0,2,0,2,92.09607142857142
4445,251,0,1,0,1,92.53390438247011
4446,252,1,0,1,0,92.3159126984127
4447,252,0,0,2,0,92.51313492063493
4448,253,1,0,0,0,92.32335968379446
4449,252,0,1,0,1,92.56412698412699
4450,252,1,1,0,1,92.67234126984127
4451,252,0,0,2,0,92.89297619047619
4452,253,2,1,0,1,92.45169960474308
4453,254,1,0,0,0,92.2420472440945
4454,254,0,0,1,0,92.4446062992126
4455,253,0,1,1,1,92.62719367588933
4456,249,1,5,0,5,93.25373493975904
4457,249,0,0,1,0,93.48706827309236
4458,250,1,0,1,0,93.31192
4459,249,1,2,0,2,93.10253012048193
4460,249,0,0,0,0,93.26056224899598
4461,248,0,1,1,1,93.34165322580645
4462,248,0,0,0,0,93.54407258064516
4463,248,1,1,0,1,93.56504032258064
4464,249,1,0,0,0,93.3762248995984
4465,249,0,0,0,0,93.58056224899599
4466,249,0,0,1,0,93.81726907630522
4467,250,1,0,1,0,93.60239999999999
4468,250,0,0,1,0,93.7616
4469,249,0,1,0,1,93.83935742971887
4470,250,1,0,1,0,93.58619999999999
4471,250,1,1,1,1,93.328
4472,251,1,0,0,0,93.15637450199203
4473,251,1,1,0,1,92.93187250996017
4474,251,1,1,1,1,93.03685258964144
4475,252,1,0,1,0,92.91805555555555
4476,254,2,0,1,0,92.39921259842521
4477,252,0,2,0,2,93.25718253968255
4478,252,0,0,1,0,93.39626984126984
4479,252,0,0,1,0,93.59825396825396
4480,250,0,2,0,2,94.15576
4481,250,0,0,0,0,94.16756
4482,250,0,0,0,0,94.29036
4483,250,0,0,0,0,94.42256
4484,249,1,2,0,2,94.4826907630522
4485,248,0,1,0,1,94.5753629032258
4486,247,1,2,1,2,94.32647773279352
4487,247,0,0,1,0,94.46619433198381
4488,247,1,1,0,1,94.29372469635628
4489,247,1,1,0,1,94.07854251012147
4490,246,1,2,0,2,94.10256097560975
4491,245,0,1,1,1,94.59040816326531
4492,245,2,2,0,2,94.14979591836735
4493,244,0,1,0,1,94.27745901639345
4494,245,1,0,1,0,94.06693877551021
4495,245,0,0,0,0,94.23510204081632
4496,246,3,2,0,2,93.85142276422765
4497,248,2,0,1,0,93.38911290322581
4498,247,1,2,0,2,93.48036437246964
4499,248,1,0,0,0,93.23548387096774
4500,246,0,2,0,2,94.20121951219512
4501,244,0,2,0,2,94.76127049180327
4502,246,2,0,2,0,94.17825203252032
4503,249,3,0,0,0,93.25220883534136
4504,252,3,0,2,0,92.35833333333333
4505,251,0,1,0,1,92.91693227091633
4506,251,1,1,1,1,92.99780876494025
4507,252,1,0,0,0,92.80694444444444
4508,255,3,0,2,0,91.90901960784313
4509,255,0,0,0,0,92.16215686274509
4510,256,2,1,0,1,91.582421875
4511,256,1,1,0,1,91.7603515625
4512,255,1,2,1,2,92.12137254901961
4513,254,0,1,1,1,92.18602362204724
4514,253,1,2,3,2,92.52955995139419
4515,251,0,2,0,2,93.25115537848606
4516,250,1,2,1,2,93.27956
4517,250,0,0,0,0,93.49875999999999
4518,250,0,0,0,0,93.66575999999999
4519,249,0,1,0,1,93.93389558232933
4520,249,0,0,0,0,94.10156626506024
4521,248,0,1,0,1,94.14955645161291
4522,249,1,0,0,0,94.00417670682731
4523,250,1,0,0,0,93.81336
4524,250,1,1,3,1,93.81356
4525,249,0,1,0,1,93.88409638554216
4526,249,0,0,2,0,93.96301204819278
4527,250,1,0,0,0,93.76780000000001
4528,249,0,1,0,1,93.88012048192772
4529,247,0,2,0,2,93.9336032388664
4530,247,0,0,1,0,94.0757085020243
4531,245,1,3,1,3,94.20714285714286
4532,246,1,0,2,0,93.97676452429566
4533,246,0,0,0,0,94.07696777632819
4534,247,1,0,1,0,93.94143349383293
4535,247,0,0,0,0,93.96673713755763
4536,249,2,0,0,0,93.36499627701501
4537,247,0,2,0,2,93.43394361529043
4538,247,0,0,2,0,93.55540110516897
4539,249,2,0,0,0,93.01559868665356
4540,249,0,0,2,0,93.1489320199869
4541,250,1,0,0,0,92.90073629190694
4542,250,1,1,0,1,92.91513629190693
4543,250,0,0,0,0,93.08393629190694
4544,248,0,2,1,2,93.48582287490619
4545,247,0,1,0,1,93.90499624686937
4546,246,0,1,0,1,94.20278078445828
4547,246,0,0,1,0,94.36213037795422
4548,247,1,0,1,0,94.10985454646452
4549,247,0,0,0,0,94.35904482986533
4550,246,0,1,1,1,94.37656127226316
4551,246,0,0,1,0,94.57513850803551
4552,246,1,1,1,1,94.30217102836072
4553,247,2,1,1,1,93.80843754241593
4554,248,1,0,0,0,93.5844115845836
4555,248,0,0,1,0,93.72937126200297
4556,246,0,2,2,2,94.48465070315747
4557,246,0,0,0,0,94.62456940234445
4558,246,0,0,0,0,94.74143932104364
4559,246,1,1,0,1,94.75485395518999
4560,249,3,0,1,0,93.87989587540858
4561,249,1,1,1,1,93.73290792360135
4562,250,1,0,0,0,93.59517629190694
4563,252,2,0,1,0,93.03668282927276
4564,250,1,3,0,3,93.78425629190694
4565,249,0,1,0,1,94.24266695974593
4566,249,1,1,2,1,94.32318904809934
4567,249,0,0,0,0,94.4191729838423
4568,246,0,3,0,3,95.24920354868591
4569,246,0,0,0,0,95.32074826413307
4570,246,0,0,0,0,95.43416289827941
4571,249,4,1,0,1,94.44788784328006
4572,249,0,0,0,0,94.65069908825998
4573,247,0,2,1,2,95.22884240071554
4574,245,0,2,0,2,95.71479213459891
4575,245,0,0,1,0,95.87601662439484
4576,247,2,0,2,0,95.19361972865075
4577,247,0,0,1,0,95.27863997156572
4578,248,1,0,0,0,95.15110513297071
4579,248,0,0,2,0,95.25420997168038
4580,249,1,0,0,0,94.97246615653307
4581,251,2,0,1,0,94.46471742221807
4582,250,0,1,1,1,94.61017629190694
4583,250,0,0,0,0,94.64117629190694
4584,251,1,0,0,0,94.44459790030572
4585,251,0,0,2,0,94.5106935178356
4586,251,1,1,2,1,94.64515566923002
4587,251,1,1,0,1,94.69137080867225
4588,252,1,0,1,0,94.52890505149497
4589,252,0,0,1,0,94.57539682539682
4590,251,0,1,0,1,94.65737051792829
4591,250,0,1,2,1,94.81819999999999
4592,250,0,0,1,0,94.835
4593,249,0,1,1,1,95.23433734939758
4594,251,2,0,0,0,94.68366533864541
4595,250,0,1,0,1,95.02240850750356
4596,249,0,1,0,1,95.10362299950157
4597,249,1,1,1,1,95.01066772285253
4598,249,1,1,0,1,94.75484442967984
4599,251,2,0,0,0,94.17990543024015
4600,251,1,1,1,1,94.14126001191346
4601,250,0,1,0,1,94.25062505196112
4602,251,1,0,0,0,93.99743531071823
4603,250,0,1,2,1,94.0394250519611
4604,250,0,0,0,0,94.16122505196111
4605,248,0,2,0,2,94.30708170560597
4606,248,0,0,0,0,94.47663815721887
4607,248,0,0,1,0,94.54800912496081
4608,248,2,2,0,2,94.58974299592855
4609,246,0,2,1,2,94.59900919914747
4610,247,1,0,2,0,94.377960578908
4611,246,0,1,0,1,94.73884659752146
4612,245,0,1,0,1,95.17859699179705
4613,244,0,1,1,1,95.63814042209131
4614,243,0,1,2,1,95.71360602053613
4615,241,0,2,2,2,95.89192587599332
4616,244,3,0,0,0,94.85903334473109
4617,243,0,1,0,1,95.29651907866003
4618,242,0,1,2,1,95.60621543848922
4619,241,0,1,0,1,95.6705565813875
4620,241,0,0,0,0,95.76682214155348
4621,241,0,0,1,0,95.85935326188542
4622,241,0,0,0,0,96.06080554404309
4623,241,0,0,0,0,96.08756902952028
4624,242,1,0,0,0,95.85972783518342
4625,242,0,0,2,0,95.93183527319995
4626,241,0,1,0,1,96.12657317889787
4627,241,2,2,1,2,95.43819143615929
4628,241,0,0,0,0,95.53383458968625
4629,241,0,0,0,0,95.62781799217588
4630,242,1,0,0,0,95.2962980831173
4631,243,1,0,0,0,95.03746558071764
4632,242,1,2,1,2,95.19340552113384
4633,243,1,0,1,0,94.98890590993575
4634,242,1,2,1,2,95.19939725667103
4635,245,3,0,0,0,94.23001688209953
4636,246,2,1,0,1,93.93335014680645
4637,246,0,0,0,0,93.98091112241622
4638,246,1,1,1,1,93.95794364274141
4639,246,0,0,1,0,94.0158704720097
4640,244,0,2,0,2,94.89304973817372
4641,244,0,0,1,0,95.09612350866551
4642,244,0,0,2,0,95.2496071152229
4643,244,1,1,0,1,95.15493498407535
4644,242,1,3,1,3,95.56406667815862
4645,242,0,0,1,0,95.73018238063797
4646,239,0,3,0,3,96.43349010926522
4647,239,0,0,0,0,96.51445245236147
4648,238,1,2,0,2,96.54308460552264
4649,239,1,0,1,0,96.26236040215225
4650,240,1,0,0,0,95.93645833333333
4651,239,0,1,0,1,96.00020920502092
4652,239,1,1,0,1,96.03878661087866
4653,239,1,1,0,1,95.85531380753137
4654,236,0,3,1,3,96.19372881355933
4655,235,1,2,0,2,96.26008510638297
4656,233,0,2,0,2,96.68356223175965
4657,235,2,0,2,0,95.92178723404255
4658,234,0,1,0,1,96.04688034188035
4659,234,0,0,0,0,96.0359829059829
4660,237,3,0,0,0,94.93637130801687
4661,236,0,1,0,1,95.08165254237288
4662,236,0,0,1,0,95.09372881355932
4663,236,0,0,2,0,95.21788135593219
4664,236,1,1,1,1,94.93949152542373
4665,235,1,2,1,2,94.92476595744681
4666,235,0,0,1,0,95.18051063829786
4667,234,0,1,0,1,95.64376068376068
4668,234,0,0,1,0,95.65230769230769
4669,236,2,0,1,0,94.99550847457627
4670,237,1,0,0,0,94.8459493670886
4671,236,0,1,2,1,95.28152542372881
4672,237,1,0,1,0,94.99700421940929
4673,237,0,0,2,0,95.09911392405063
4674,234,0,3,0,3,95.51747863247863
4675,236,2,0,0,0,94.92919491525424
4676,236,1,1,0,1,94.9586440677966
4677,235,1,2,0,2,94.70251063829787
4678,234,0,1,1,1,95.05059829059829
4679,233,0,1,0,1,95.05896995708153
4680,231,0,2,1,2,95.3843722943723
4681,233,2,0,1,0,94.68665236051501
4682,233,0,0,0,0,94.7724034334764
4683,232,0,1,0,1,95.23327586206896
4684,234,2,0,2,0,94.55435897435898
4685,234,0,0,1,0,94.67735042735043
4686,236,2,0,0,0,94.00127118644068
4687,236,1,1,0,1,93.73008474576271
4688,237,2,1,3,1,93.49308016877637
4689,237,1,1,0,1,93.16670886075948
4690,236,0,1,1,1,93.67737288135594
4691,236,0,0,0,0,93.85279661016949
4692,237,1,0,0,0,93.70497849493445
4693,236,0,1,0,1,93.83542372881355
4694,237,1,0,0,0,93.60700421940929
4695,236,0,1,0,1,94.03012711864407
4696,235,2,3,0,3,93.63429787234043
4697,236,1,0,1,0,93.30618644067796
4698,235,0,1,0,1,93.45706382978723
4699,234,1,2,0,2,93.09042735042735
4700,234,0,0,0,0,93.25555555555555
4701,234,0,0,0,0,93.2957264957265
4702,234,1,1,0,1,93.33568376068376
4703,235,1,0,1,0,93.03425531914894
4704,235,1,1,0,1,93.04063829787233
4705,232,0,3,0,3,93.94461206896553
4706,233,1,0,0,0,93.63927038626609
4707,234,1,0,2,0,93.45170940170941
4708,234,0,0,0,0,93.55448717948718
4709,236,2,0,2,0,93.07436440677965
4710,233,0,3,1,3,93.72381974248928
4711,232,0,1,0,1,94.27176724137931
4712,233,1,0,0,0,93.91094420600858
4713,235,2,0,0,0,93.34106382978725
4714,234,0,1,1,1,93.41196581196581
4715,235,2,1,1,1,93.19702127659575
4716,236,1,0,1,0,92.98368644067797
4717,236,1,1,0,1,93.1167372881356
4718,235,0,1,0,1,93.71893617021277
4719,233,0,2,1,2,94.12660944206009
4720,233,0,0,0,0,94.28798283261801
4721,234,2,1,0,1,93.95773504273504
4722,235,1,0,2,0,93.81025531914894
4723,233,1,3,0,3,93.77124463519314
4724,233,1,1,0,1,93.69549356223176
4725,235,2,0,0,0,93.02170212765957
4726,235,0,0,0,0,93.15957446808511
4727,235,0,0,1,0,93.27574468085106
4728,237,2,0,0,0,92.6295358649789
4729,237,0,0,0,0,92.78881856540085
4730,238,1,0,1,0,92.62647058823529
4731,238,1,1,1,1,92.84915966386554
4732,239,1,0,1,0,92.64100418410042
4733,238,0,1,2,1,93.25995798319327
4734,236,0,2,0,2,94.04936440677967
4735,235,1,2,2,2,94.38493617021277
4736,235,0,0,1,0,94.55110638297872
4737,235,0,0,0,0,94.80770212765958
4738,236,1,0,4,0,94.54516949152543
4739,236,1,1,0,1,94.21783898305085
4740,235,1,2,0,2,93.91897872340425
4741,234,0,1,2,1,94.02824786324787
4742,236,2,0,1,0,93.48372881355932
4743,236,0,0,2,0,93.67885593220339
4744,235,1,2,0,2,93.5864255319149
4745,236,1,0,0,0,93.4225
4746,237,1,0,0,0,93.08337552742616
4747,238,1,0,0,0,92.8746218487395
4748,238,1,1,1,1,92.7013025210084
4749,238,0,0,0,0,92.85802521008404
4750,240,2,0,0,0,92.398375
4751,240,1,1,0,1,92.48795833333334
4752,241,1,0,1,0,92.32016597510373
4753,241,1,1,0,1,92.09278008298756
4754,240,0,1,2,1,92.62679166666666
4755,240,1,1,0,1,92.79883333333333
4756,240,0,0,0,0,93.001125
4757,240,0,0,0,0,93.18466666666667
4758,240,0,0,1,0,93.47733333333333
4759,239,0,1,1,1,94.00757322175733
4760,238,1,2,0,2,94.18680672268907
4761,236,0,2,1,2,94.29983050847457
4762,235,0,1,0,1,94.73791489361702
4763,234,0,1,1,1,95.03448717948717
4764,235,1,0,0,0,94.80029787234042
4765,234,0,1,1,1,94.89239316239316
4766,235,1,0,1,0,94.53391489361702
4767,235,0,0,0,0,94.62263829787234
4768,235,0,0,0,0,94.69731914893616
4769,235,0,0,0,0,94.82540425531916
4770,235,0,0,0,0,94.95285106382978
4771,234,0,1,0,1,95.11824786324786
4772,234,0,0,1,0,95.30021367521367
4773,234,0,0,0,0,95.46260683760684
4774,234,0,0,0,0,95.69700854700854
4775,235,1,0,0,0,95.48148936170213
4776,238,3,0,0,0,94.43550420168067
4777,238,1,1,0,1,94.51323529411765
4778,238,1,1,1,1,94.30840336134455
4779,237,0,1,0,1,94.38839662447258
4780,238,1,0,0,0,94.2094537815126
4781,238,0,0,2,0,94.3483193277311
4782,237,0,1,0,1,94.76286919831223
4783,237,0,0,1,0,94.84472573839663
4784,234,0,3,0,3,95.59444444444443
4785,233,0,1,1,1,95.71974248927039
4786,234,1,0,0,0,95.41688034188034
4787,234,0,0,1,0,95.53034188034188
4788,234,0,0,1,0,95.57457264957266
4789,235,1,0,0,0,95.27659574468085
4790,236,1,0,1,0,95.0832627118644
4791,237,1,0,0,0,94.80822784810127
4792,237,0,0,0,0,94.93628691983123
4793,239,2,0,1,0,94.33995815899581
4794,240,1,0,0,0,94.01166666666667
4795,240,0,0,2,0,94.17229166666667
4796,240,0,0,0,0,94.16291666666666
4797,240,0,0,0,0,94.35416666666667
4798,239,0,1,0,1,94.73280334728034
4799,239,1,1,1,1,94.82686192468618
4800,239,1,1,0,1,94.5094979079498
4801,239,0,0,0,0,94.72230125523014
4802,240,1,0,1,0,94.47033333333334
4803,238,0,2,0,2,94.92983193277311
4804,239,1,0,1,0,94.70125523012551
4805,238,0,1,2,1,95.10579831932773
4806,238,0,0,0,0,95.16105042016805
4807,240,2,0,0,0,94.53033333333333
4808,241,1,0,0,0,94.17336099585062
4809,241,1,1,1,1,94.14414937759335
4810,241,0,0,0,0,94.39311203319501
4811,241,0,0,0,0,94.52340248962655
4812,243,2,0,1,0,93.85777777777777
4813,243,0,0,1,0,94.00139917695473
4814,243,0,0,1,0,94.06925925925925
4815,244,1,0,0,0,93.83639344262295
4816,246,2,0,0,0,93.37186991869919
4817,246,0,0,1,0,93.46882113821137
4818,244,0,2,0,2,94.30225409836065
4819,243,0,1,1,1,94.32551440329217
4820,243,1,1,2,1,94.43736625514403
4821,243,0,0,1,0,94.52502057613168
4822,242,0,1,1,1,94.94752066115703
4823,243,2,1,0,1,94.69028806584362
4824,243,0,0,0,0,94.82720164609053
4825,244,1,0,0,0,94.54102459016393
4826,244,0,0,1,0,94.66532786885246
4827,245,2,1,0,1,94.31832653061224
4828,244,0,1,0,1,94.54237704918033
4829,244,0,0,0,0,94.65590163934426
4830,244,0,0,0,0,94.80713114754097
4831,245,1,0,2,0,94.51812244897958
4832,245,0,0,2,0,94.6689387755102
4833,246,1,0,0,0,94.44467479674796
4834,246,0,0,0,0,94.53983739837398
4835,247,1,0,0,0,94.26477732793524
4836,248,1,0,0,0,93.97782258064517
4837,249,1,0,0,0,93.8550200803213
4838,249,0,0,2,0,93.95843373493976
4839,248,0,1,0,1,94.44677419354838
4840,251,3,0,0,0,93.43207171314741
4841,252,2,1,0,1,93.13154761904762
4842,251,1,2,1,2,93.27509960159362
4843,251,2,2,1,2,93.11533864541833
4844,252,1,0,1,0,92.86805555555556
4845,251,0,1,0,1,93.33286852589642
4846,252,1,0,4,0,93.25039682539682
4847,249,0,3,0,3,93.91180722891566
4848,248,0,1,1,1,94.42092741935484
4849,247,0,1,0,1,94.46716599190283
4850,247,0,0,1,0,94.4755060728745
4851,248,1,0,0,0,94.2405241935484
4852,249,2,1,1,1,94.0640562248996
4853,249,1,1,1,1,93.78321342967094
4854,250,1,0,0,0,93.5914
4855,252,2,0,1,0,92.96626984126983
4856,253,1,0,2,0,92.87806324110673
4857,253,1,1,1,1,93.06569169960474
4858,251,0,2,0,2,93.83410358565737
4859,252,2,1,1,1,93.24646825396826
4860,253,1,0,0,0,93.01249011857708
4861,251,0,2,1,2,93.7366533864542
4862,250,0,1,1,1,94.3112
4863,250,0,0,0,0,94.3528
4864,251,1,0,0,0,94.16892430278885
4865,251,1,1,0,1,94.16772908366534
4866,251,0,0,2,0,94.32629482071714
4867,251,0,0,1,0,94.56175298804781
4868,251,1,1,1,1,94.52171314741037
4869,250,0,1,0,1,94.72460000000001
4870,251,1,0,0,0,94.61852589641434
4871,251,0,0,1,0,94.76852589641435
4872,252,1,0,1,0,94.55674603174603
4873,252,0,0,3,0,94.67103174603174
4874,252,0,0,0,0,94.84305555555555
4875,252,0,0,0,0,94.9790873015873
4876,252,0,0,0,0,95.12373015873015
4877,255,3,0,3,0,94.21933333333334
4878,255,0,0,0,0,94.37286274509805
4879,255,0,0,0,0,94.50972549019608
4880,257,2,0,1,0,93.93677042801556
4881,258,1,0,0,0,93.7298449612403
4882,260,2,0,0,0,93.22326923076923
4883,261,2,1,0,1,93.06264367816091
4884,260,1,2,0,2,93.43553846153847
4885,260,0,0,0,0,93.60092307692308
4886,261,2,1,0,1,93.23003831417626
4887,260,0,1,1,1,93.40284615384616
4888,260,0,0,0,0,93.56823076923078
4889,259,0,1,1,1,93.91135135135136
4890,258,0,1,1,1,93.98891472868218
4891,258,0,0,0,0,94.17748062015504
4892,258,0,0,0,0,94.3175968992248
4893,258,0,0,0,0,94.43941860465115
4894,260,2,0,0,0,93.97161538461538
4895,261,1,0,0,0,93.7847509578544
4896,261,0,0,0,0,93.96616858237549
4897,261,0,0,1,0,93.9949042145594
4898,264,4,1,0,1,93.13625
4899,265,1,0,1,0,92.9345283018868
4900,264,0,1,1,1,93.09602272727273
4901,264,0,0,1,0,93.27632575757576
4902,267,3,0,0,0,92.36835205992509
4903,268,2,1,1,1,92.07608208955223
4904,266,0,2,1,2,92.28003759398497
4905,267,1,0,1,0,92.12846441947565
4906,268,1,0,0,0,92.00205223880597
4907,265,0,3,1,3,92.7386037735849
4908,264,0,1,1,1,93.23511363636364
4909,262,0,2,0,2,93.56019083969466
4910,262,1,1,1,1,93.71858778625955
4911,262,0,0,1,0,93.84721374045802
4912,262,0,0,0,0,94.03251908396946
4913,260,0,2,1,2,94.36046153846155
4914,257,0,3,1,3,95.10182879377432
4915,257,0,0,1,0,95.31486381322956
4916,257,0,0,0,0,95.41447470817121
4917,256,0,1,0,1,95.3725390625
4918,255,0,1,1,1,95.52537254901961
4919,255,1,1,0,1,95.54294117647059
4920,253,0,2,0,2,95.81482213438736
4921,253,0,0,0,0,95.86166007905139
4922,253,1,1,2,1,95.60197628458498
4923,253,1,1,0,1,95.41956521739131
4924,255,2,0,0,0,94.87960784313725
4925,256,1,0,3,0,94.6630859375
4926,256,0,0,0,0,94.7943359375
4927,255,1,2,1,2,94.82901960784314
4928,255,0,0,0,0,95.00588235294117
4929,255,0,0,1,0,95.10738899776224
4930,256,1,0,2,0,94.8837890625
4931,257,1,0,0,0,94.73443579766537
4932,257,1,1,0,1,94.52140077821012
4933,256,0,1,0,1,95.0016796875
4934,257,1,0,2,0,94.75828793774319
4935,257,1,1,0,1,94.51587548638133
4936,255,0,2,0,2,94.75443137254902
4937,255,0,0,0,0,94.82776470588236
4938,255,1,1,0,1,94.6495294117647
4939,257,2,0,0,0,93.99077821011673
4940,257,0,0,1,0,94.02268482490271
4941,258,1,0,0,0,93.81395348837209
4942,257,0,1,0,1,93.97101167315175
4943,256,0,1,1,1,94.119140625
4944,256,0,0,0,0,94.2197265625
4945,257,1,0,0,0,94.01206225680933
4946,257,0,0,2,0,94.0577821011673
4947,256,0,1,0,1,94.3923828125
4948,256,0,0,3,0,94.5716796875
4949,256,0,0,0,0,94.7333984375
4950,256,0,0,1,0,94.8140625
4951,257,1,0,0,0,94.59357976653696
4952,257,0,0,0,0,94.63813229571984
4953,257,0,0,0,0,94.70972762645916
4954,258,1,0,1,0,94.52480620155039
4955,259,2,1,1,1,94.2146718146718
4956,260,1,0,1,0,94.03692307692307
4957,259,0,1,1,1,94.15328185328185
4958,259,1,1,0,1,94.23030888030888
4959,260,1,0,0,0,94.05346153846155
4960,261,1,0,0,0,93.81226053639847
4961,261,0,0,0,0,93.93927203065135
4962,261,0,0,0,0,93.91379310344827
4963,259,0,2,0,2,93.98841698841699
4964,259,1,1,1,1,93.77471042471043
4965,258,0,1,2,1,93.92112403100776
4966,258,0,0,0,0,94.11124031007752
4967,258,0,0,1,0,94.22112403100775
4968,258,0,0,0,0,94.37015503875969
4969,258,0,0,2,0,94.40658914728682
4970,257,0,1,0,1,94.49416342412451
4971,257,0,0,0,0,94.75797665369649
4972,257,0,0,1,0,94.83171206225681
4973,258,1,0,1,0,94.59379844961241
4974,259,1,0,0,0,94.38069498069497
4975,259,1,1,0,1,94.20250965250966
4976,259,0,0,1,0,94.3988416988417
4977,256,0,3,0,3,95.021640625
4978,256,0,0,1,0,95.2093359375
4979,255,0,1,0,1,95.55243137254901
4980,255,0,0,0,0,95.70419607843137
4981,255,0,0,0,0,95.75105882352942
4982,255,0,0,1,0,95.80796078431372
4983,256,1,0,1,0,95.4829296875
4984,256,0,0,1,0,95.6122265625
4985,257,1,0,0,0,95.4275486381323
4986,258,1,0,0,0,95.22957364341084
4987,257,0,1,0,1,95.39972762645914
4988,258,2,1,0,1,95.20186046511628
4989,258,1,1,0,1,94.92976744186046
4990,257,0,1,0,1,95.18805447470818
4991,256,0,1,0,1,95.1884765625
4992,252,0,4,0,4,95.91555555555556
4993,254,2,0,0,0,95.20972440944882
4994,251,0,3,0,3,95.81581673306773
4995,252,1,0,0,0,95.50924603174604
4996,251,0,1,0,1,95.96167330677291
4997,252,2,1,0,1,95.43900793650793
4998,252,0,0,0,0,95.47174603174604
4999,251,0,1,1,1,95.84533864541832
5000,250,0,1,0,1,96.23892
5001,251,1,0,0,0,95.94235059760956
5002,251,0,0,1,0,96.04633466135459
5003,251,1,1,0,1,95.79533864541833
5004,251,1,1,1,1,95.77051792828686
5005,253,2,0,1,0,95.15553359683794
5006,253,0,0,0,0,95.33339920948616
5007,252,0,1,0,1,95.75992063492063
5008,250,0,2,0,2,96.51147999999999
5009,251,1,0,1,0,96.11362549800798
5010,249,0,2,0,2,96.8432530120482
5011,249,0,0,1,0,96.92979919678714
5012,249,0,0,0,0,97.11775100401606
5013,249,0,0,1,0,97.06955823293173
5014,248,0,1,0,1,97.43717741935482
5015,249,1,0,0,0,97.15248995983936
5016,249,1,1,0,1,96.83803212851404
5017,247,0,2,0,2,97.19866396761134
5018,248,1,0,0,0,96.91862903225807
5019,248,0,0,1,0,96.99403225806452
5020,248,0,0,0,0,97.11016129032258
5021,248,0,0,0,0,97.23375
5022,248,1,1,1,1,96.84504032258064
5023,247,1,2,1,2,96.84028340080971
5024,247,0,0,1,0,96.92105263157895
5025,247,0,0,0,0,97.04878542510122
5026,247,0,0,0,0,97.05910931174088
5027,246,0,1,0,1,97.16166666666666
5028,244,0,2,0,2,97.50573770491802
5029,243,0,1,0,1,97.85226337448559
5030,243,1,1,0,1,97.92543209876544
5031,242,0,1,2,1,98.29805785123968
5032,241,0,1,0,1,98.2864315352697
5033,241,0,0,2,0,98.3086307053942
5034,241,0,0,0,0,98.4163070539419
5035,240,0,1,1,1,98.39054166666666
5036,241,1,0,1,0,98.13269709543569
5037,243,2,0,1,0,97.30835390946503
5038,244,1,0,0,0,97.03188524590163
5039,246,2,0,0,0,96.38365853658536
5040,246,0,0,2,0,96.44260162601626
5041,248,2,0,1,0,95.79427419354839
5042,249,1,0,0,0,95.51907630522088
5043,250,1,0,0,0,95.2748
5044,250,0,0,1,0,95.37180000000001
5045,252,2,0,1,0,94.70714285714286
5046,251,0,1,0,1,94.74780876494025
5047,249,0,2,2,2,95.44654618473895
5048,249,0,0,1,0,95.52726907630523
5049,249,1,1,0,1,95.19357429718876
5050,247,0,2,1,2,95.56923076923076
5051,245,0,2,0,2,96.3404081632653
5052,246,1,0,1,0,96.0630081300813
5053,245,0,1,0,1,96.06571428571428
5054,246,1,0,1,0,95.8520325203252
5055,248,2,0,0,0,95.20060483870968
5056,245,0,3,0,3,96.17069387755102
5057,244,1,2,0,2,96.59352459016394
5058,244,1,1,0,1,96.62036885245901
5059,244,1,1,1,1,96.23717213114753
5060,246,2,0,0,0,95.530162601626
5061,246,0,0,1,0,95.63646341463415
5062,246,1,1,1,1,95.30048780487805
5063,247,2,1,0,1,94.58145748987855
5064,246,0,1,1,1,94.68341463414633
5065,246,0,0,0,0,94.7679674796748
5066,245,0,1,0,1,94.82742857142856
5067,244,0,1,0,1,95.2002868852459
5068,244,0,0,0,0,95.19926229508197
5069,244,0,0,0,0,95.32897540983606
5070,244,0,0,2,0,95.39475409836065
5071,245,1,0,0,0,95.14620408163265
5072,245,0,0,0,0,95.17477551020409
5073,244,0,1,1,1,95.69168032786885
5074,244,0,0,1,0,95.70131147540984
5075,244,0,0,0,0,95.79004098360656
5076,244,0,0,0,0,95.8988524590164
5077,245,1,0,0,0,95.64171428571427
5078,245,0,0,0,0,95.80273469387754
5079,245,1,1,0,1,95.55069387755101
5080,244,1,2,2,2,95.19815573770491
5081,244,0,0,0,0,95.27663934426229
5082,244,1,1,1,1,95.03319672131147
5083,245,1,0,0,0,94.79285714285714
5084,250,5,0,0,0,93.022
5085,250,0,0,0,0,93.171
5086,251,1,0,0,0,93.0211155378486
5087,253,2,0,0,0,92.44110671936758
5088,251,0,2,2,2,93.17298804780876
5089,249,0,2,0,2,93.85265060240962
5090,248,0,1,2,1,94.14479838709677
5091,248,1,1,1,1,94.24415322580644
5092,250,2,0,1,0,93.6688
5093,250,0,0,1,0,93.8832
5094,250,0,0,0,0,94.0782
5095,250,0,0,2,0,94.2524
5096,250,0,0,0,0,94.2842
5097,251,2,1,1,1,93.85099601593625
5098,250,0,1,1,1,94.27052
5099,249,0,1,0,1,94.85746987951806
5100,250,1,0,0,0,94.55264
5101,250,0,0,0,0,94.65644
5102,251,1,0,0,0,94.47274900398406
5103,251,1,1,0,1,94.25346613545817
5104,250,0,1,1,1,94.63748
5105,249,0,1,0,1,94.6401606425703
5106,248,0,1,1,1,95.09818548387096
5107,248,0,0,0,0,95.23165322580645
5108,247,0,1,0,1,95.6165991902834
5109,248,1,0,0,0,95.30604838709678
5110,248,0,0,1,0,95.50221774193548
5111,248,1,1,0,1,95.43870967741935
5112,245,0,3,0,3,96.47967346938776
5113,245,0,0,1,0,96.45436734693878
5114,243,0,2,1,2,96.60851851851851
5115,242,0,1,1,1,96.64863636363637
5116,240,0,2,0,2,96.98004166666666
5117,241,1,0,0,0,96.6944398340249
5118,243,2,0,0,0,96.05991769547326
5119,244,1,0,0,0,95.78754098360656
5120,244,0,0,0,0,95.8682786885246
5121,244,0,0,0,0,96.01008196721311
5122,244,0,0,0,0,96.22045081967214
5123,244,0,0,0,0,96.32782786885247
5124,244,1,1,1,1,96.30315573770493
5125,245,1,0,1,0,96.04885714285714
5126,246,2,1,0,1,95.88951219512195
5127,247,2,1,0,1,95.64145748987853
5128,246,0,1,0,1,96.06280487804878
5129,244,0,2,2,2,96.37327868852458
5130,244,0,0,0,0,96.41897540983607
5131,245,1,0,1,0,96.1374693877551
5132,244,0,1,0,1,96.17245901639343
5133,244,0,0,0,0,96.27081967213114
5134,244,1,1,2,1,96.33168032786885
5135,244,0,0,2,0,96.41467213114754
5136,245,1,0,1,0,96.06367346938775
5137,245,0,0,1,0,96.07775510204081
5138,243,0,2,0,2,96.20082304526748
5139,244,2,1,0,1,95.88463114754097
5140,246,2,0,0,0,95.16036585365853
5141,248,2,0,0,0,94.57016129032257
5142,248,1,1,0,1,94.55274193548387
5143,246,0,2,0,2,95.30987804878049
5144,245,0,1,1,1,95.73930612244898
5145,247,2,0,0,0,95.0893927125506
5146,247,1,1,0,1,95.04425101214575
5147,247,1,1,0,1,95.207004048583
5148,247,0,0,0,0,95.26672064777327
5149,247,0,0,2,0,95.46894736842104
5150,247,0,0,0,0,95.55983805668016
5151,247,0,0,0,0,95.7227935222672
5152,246,0,1,1,1,95.769837398374
5153,246,0,0,3,0,95.85154471544715
5154,247,1,0,0,0,95.5151012145749
5155,248,1,0,1,0,95.35395161290322
5156,248,0,0,0,0,95.32471774193547
5157,248,0,0,1,0,95.36645161290323
5158,249,2,1,0,1,94.77309236947791
5159,248,0,1,1,1,95.15
5160,248,0,0,1,0,95.26875
5161,247,0,1,0,1,95.69331983805668
5162,247,0,0,0,0,95.7906882591093
5163,247,0,0,0,0,95.77712550607288
5164,247,1,1,1,1,95.72165991902834
5165,247,0,0,0,0,95.86214574898786
5166,247,0,0,2,0,95.86437246963563
5167,248,1,0,0,0,95.57217741935483
5168,247,0,1,0,1,95.99048582995951
5169,246,0,1,1,1,96.41056910569105
5170,245,0,1,1,1,96.82367346938776
5171,245,0,0,0,0,96.90469387755101
5172,245,0,0,1,0,97.06465048687622
5173,246,1,0,1,0,96.8164202003442
5174,246,0,0,1,0,96.78125759871817
5175,246,0,0,0,0,96.9654039401816
5176,247,2,1,0,1,96.27121202139544
5177,246,0,1,1,1,96.6213795499377
5178,246,0,0,0,0,96.63194865562875
5179,246,0,0,0,0,96.8049593495935
5180,247,1,0,1,0,96.50878542510121
5181,247,0,0,1,0,96.59663967611336
5182,246,0,1,0,1,97.05240708747293
5183,247,1,0,0,0,96.73894736842105
5184,247,1,1,1,1,96.37558704453441
5185,247,0,0,0,0,96.49562753036436
5186,247,0,0,1,0,96.52578947368421
5187,246,0,1,1,1,96.63422764227643
5188,246,0,0,0,0,96.64825203252033
5189,247,1,0,0,0,96.46465587044534
5190,247,0,0,1,0,96.43611336032389
5191,249,2,0,1,0,95.76726907630521
5192,247,0,2,1,2,95.83097165991903
5193,248,1,0,0,0,95.6358870967742
5194,246,1,3,2,3,95.6109756097561
5195,246,0,0,0,0,95.6489837398374
5196,245,1,2,0,2,96.12653061224489
5197,245,0,0,0,0,96.3334693877551
5198,246,1,0,1,0,96.01077235772358
5199,247,1,0,1,0,95.77327935222672
5200,247,0,0,0,0,95.73238866396761
5201,247,0,0,1,0,95.81801619433197
5202,247,0,0,1,0,95.94028340080972
5203,245,0,2,1,2,96.4575918367347
5204,243,0,2,1,2,96.71831275720164
5205,243,0,0,1,0,96.80135802469135
5206,242,0,1,2,1,96.78793388429752
5207,245,3,0,0,0,95.7878775510204
5208,243,0,2,0,2,96.22851851851851
5209,244,1,0,0,0,95.98434426229508
5210,244,1,1,0,1,96.04221311475409
5211,244,0,0,0,0,96.14282786885245
5212,244,1,1,1,1,95.78954918032788
5213,244,0,0,2,0,95.87254098360657
5214,245,1,0,0,0,95.48448979591836
5215,245,0,0,1,0,95.58469387755102
5216,244,0,1,1,1,95.99340163934426
5217,244,0,0,0,0,96.1813524590164
5218,246,2,0,0,0,95.59126016260163
5219,245,0,1,2,1,95.9694693877551
5220,246,2,1,1,1,95.26573170731707
5221,244,0,2,0,2,95.71487704918033
5222,244,0,0,0,0,95.91590163934426
5223,247,3,0,0,0,94.91712550607286
5224,247,0,0,1,0,95.01388663967612
5225,246,0,1,0,1,95.36597560975609
5226,247,1,0,1,0,95.16348178137652
5227,247,1,1,0,1,95.2563967611336
5228,247,0,0,1,0,95.32724696356274
5229,247,0,0,1,0,95.4734008097166
5230,247,0,0,0,0,95.4906072874494
5231,248,1,0,0,0,95.185
5232,248,1,1,1,1,95.10012096774193
5233,249,1,0,0,0,94.86819277108434
5234,249,0,0,1,0,94.93204819277108
5235,249,0,0,1,0,95.02361445783133
5236,249,0,0,0,0,95.20313253012047
5237,249,1,1,0,1,94.95935742971888
5238,249,0,0,0,0,95.13987951807228
5239,250,1,0,0,0,94.80712
5240,250,0,0,0,0,94.96672
5241,250,0,0,1,0,95.03652000000001
5242,250,0,0,1,0,95.33572
5243,248,0,2,0,2,95.44487903225806
5244,249,1,0,0,0,95.1129718875502
5245,248,0,1,0,1,95.50596774193548
5246,246,0,2,0,2,95.85384503961534
5247,246,0,0,0,0,95.93706714596156
5248,246,0,0,0,0,96.01145738986402
5249,245,0,1,0,1,96.1516158356954
5250,245,0,0,0,0,96.23794236630764
5251,245,1,1,0,1,95.94447297855254
5252,246,1,0,0,0,95.71360113717631
5253,245,1,2,1,2,95.99488114181784
5254,246,2,1,1,1,95.6976661778267
5255,246,0,0,0,0,95.75782877945274
5256,248,3,1,0,1,95.05232209574747
5257,246,0,2,1,2,95.32632471441208
5258,246,0,0,0,0,95.42185316969663
5259,246,0,0,0,0,95.43912959246086
5260,245,0,1,0,1,95.9129627744709
5261,243,0,2,0,2,96.75957152158588
5262,242,0,1,1,1,97.03109867663376
5263,244,2,0,0,0,96.32469622846465
5264,245,2,1,3,1,95.71275869283825
5265,244,0,1,1,1,96.23049180327868
5266,245,1,0,0,0,95.9889387755102
5267,246,1,0,0,0,95.7820731707317
5268,246,0,0,0,0,95.84630081300813
5269,247,1,0,1,0,95.46008097165992
5270,246,1,2,0,2,95.49223577235773
5271,245,0,1,0,1,95.55934693877552
5272,245,0,0,0,0,95.62424489795917
5273,246,1,0,2,0,95.36020325203252
5274,246,0,0,0,0,95.44800813008129
5275,245,0,1,0,1,95.91187755102041
5276,244,0,1,0,1,96.12709016393443
5277,244,0,0,0,0,96.23016393442623
5278,246,3,1,1,1,95.59910569105692
5279,247,1,0,1,0,95.30190283400809
5280,249,2,0,0,0,94.59184738955823
5281,247,0,2,0,2,95.09251012145748
5282,248,1,0,0,0,94.91471774193548
5283,248,0,0,0,0,94.89576612903225
5284,248,1,1,0,1,95.04048387096775
5285,246,0,2,0,2,95.37638211382114
5286,244,0,2,0,2,95.67495901639344
5287,241,0,3,1,3,96.41448132780083
5288,241,2,2,0,2,95.98688796680499
5289,241,0,0,0,0,96.17448132780083
5290,239,0,2,0,2,96.2786610878661
5291,239,0,0,1,0,96.37280334728032
5292,237,0,2,1,2,97.01962025316455
5293,239,2,0,0,0,96.2968619246862
5294,240,1,0,0,0,95.96729166666665
5295,240,0,0,1,0,96.02791666666667
5296,241,1,0,1,0,95.76016597510373
5297,241,0,0,0,0,95.80373443983403
5298,240,0,1,1,1,95.93458333333334
5299,239,0,1,0,1,95.90690376569037
5300,240,1,0,1,0,95.69041666666666
5301,240,0,0,1,0,95.75395833333333
5302,240,0,0,2,0,95.76791666666666
5303,241,1,0,0,0,95.43236514522822
5304,239,0,2,0,2,95.79669456066945
5305,239,0,0,1,0,95.80485355648536
5306,240,1,0,0,0,95.55275
5307,239,0,1,0,1,95.59878661087866
5308,240,1,0,0,0,95.328125
5309,239,0,1,0,1,95.80648535564853
5310,239,0,0,1,0,95.8592050209205
5311,239,0,0,1,0,95.92364016736401
5312,239,0,0,0,0,95.97008368200837
5313,238,0,1,1,1,96.27613445378151
5314,237,0,1,1,1,96.87940928270041
5315,236,0,1,0,1,96.89627118644069
5316,234,0,2,0,2,96.82230769230769
5317,234,0,0,0,0,96.95735042735043
5318,235,1,0,0,0,96.62285106382978
5319,235,0,0,1,0,96.64965957446807
5320,236,2,1,2,1,95.86809322033898
5321,236,1,1,0,1,95.92656779661016
5322,236,0,0,0,0,96.06300847457626
5323,235,0,1,1,1,96.37391489361701
5324,234,0,1,0,1,96.76175213675214
5325,234,1,1,0,1,96.31017094017093
5326,235,1,0,0,0,95.95182978723405
5327,235,0,0,0,0,96.10170212765956
5328,234,0,1,0,1,96.52478632478632
5329,234,0,0,1,0,96.54700854700855
5330,234,0,0,0,0,96.60384615384615
5331,234,0,0,1,0,96.67692307692307
5332,235,1,0,1,0,96.23936170212765
5333,234,0,1,0,1,96.29529914529914
5334,234,0,0,0,0,96.39594017094016
5335,236,2,0,1,0,95.74957627118643
5336,236,0,0,0,0,95.80677966101695
5337,236,0,0,1,0,95.80699152542373
5338,236,0,0,0,0,95.8010593220339
5339,237,1,0,0,0,95.53291139240505
5340,237,0,0,0,0,95.61835443037974
5341,236,0,1,3,1,95.77012711864407
5342,235,0,1,1,1,96.08851063829788
5343,235,2,2,1,2,95.64808510638298
5344,235,1,1,0,1,95.8331914893617
5345,235,1,1,0,1,95.73625531914894
5346,236,1,0,0,0,95.45771186440678
5347,235,0,1,1,1,95.87093617021276
5348,233,0,2,0,2,96.71635193133046
5349,233,0,0,0,0,96.83094420600858
5350,233,0,0,0,0,96.93030042918454
5351,234,2,1,0,1,96.24961538461538
5352,235,1,0,0,0,95.95748936170212
5353,236,2,1,0,1,95.61898305084745
5354,236,0,0,1,0,95.66733050847456
5355,236,1,1,1,1,95.73766949152542
5356,236,0,0,1,0,95.9389406779661
5357,236,0,0,2,0,96.05716101694914
5358,234,0,2,0,2,96.5247435897436
5359,236,2,0,0,0,95.79127118644067
5360,236,0,0,0,0,95.77127118644069
5361,237,1,0,2,0,95.51759493670885
5362,237,0,0,0,0,95.78278481012659
5363,237,0,0,0,0,95.83405063291139
5364,237,0,0,0,0,95.88911392405063
5365,237,0,0,0,0,95.91232067510548
5366,236,0,1,0,1,96.37148305084744
5367,236,0,0,1,0,96.5596186440678
5368,236,0,0,1,0,96.59966101694916
5369,237,1,0,0,0,96.2723628691983
5370,237,0,0,1,0,96.31350210970464
5371,237,0,0,0,0,96.45443037974684
5372,236,0,1,0,1,96.84194915254237
5373,236,0,0,0,0,96.93411016949153
5374,236,0,0,0,0,96.96101694915254
5375,237,1,0,2,0,96.67447257383965
5376,236,0,1,0,1,97.0560593220339
5377,236,0,0,0,0,97.04991525423728
5378,234,0,2,0,2,97.39136752136751
5379,235,1,0,2,0,97.01055319148936
5380,236,1,0,0,0,96.68940677966101
5381,237,1,0,0,0,96.35506329113923
5382,240,3,0,0,0,95.316875
5383,240,0,0,0,0,95.41854166666667
5384,242,2,0,0,0,94.80371900826447
5385,243,2,1,0,1,94.40185185185184
5386,243,0,0,0,0,94.49423868312756
5387,245,2,0,1,0,93.87857142857143
5388,246,1,0,0,0,93.74979674796748
5389,246,0,0,0,0,93.83150406504065
5390,245,0,1,1,1,94.20897959183674
5391,245,1,1,0,1,94.29383673469387
5392,244,1,2,1,2,94.61446721311475
5393,244,0,0,0,0,94.86409836065573
5394,245,1,0,0,0,94.53077551020408
5395,245,1,1,1,1,94.55751020408164
5396,247,3,1,1,1,93.71655870445343
5397,247,1,1,0,1,93.90700404858299
5398,246,0,1,0,1,94.29056910569105
5399,247,1,0,1,0,94.1734008097166
5400,247,0,0,1,0,94.19
5401,247,0,0,0,0,94.4065991902834
5402,247,1,1,1,1,93.99202429149797
5403,247,0,0,0,0,94.10336032388663
5404,247,0,0,1,0,94.23372469635628
5405,246,0,1,0,1,94.58609756097562
5406,246,0,0,0,0,94.75032520325202
5407,246,0,0,0,0,94.7529674796748
5408,246,1,1,0,1,94.8930081300813
5409,246,0,0,1,0,95.01373983739838
5410,245,0,1,0,1,95.04195918367347
5411,245,0,0,1,0,95.15910204081632
5412,245,0,0,1,0,95.31665306122449
5413,245,1,1,0,1,95.29979591836735
5414,244,0,1,1,1,95.68483606557376
5415,244,1,1,1,1,95.56106557377048
5416,244,0,0,0,0,95.66147540983606
5417,245,1,0,0,0,95.28693877551021
5418,245,0,0,0,0,95.37122448979592
5419,246,1,0,1,0,95.15243902439025
5420,246,0,0,0,0,95.27540650406505
5421,249,3,0,0,0,94.31204819277109
5422,249,1,1,2,1,94.3926907630522
5423,249,0,0,0,0,94.45433734939759
5424,249,1,1,1,1,94.50257028112449
5425,249,1,1,0,1,94.51751004016064
5426,248,0,1,2,1,95.06556451612903
5427,247,0,1,0,1,95.53850202429149
5428,247,0,0,0,0,95.6961943319838
5429,248,2,1,1,1,95.0980241935484
5430,247,0,1,0,1,95.1546963562753
5431,248,2,1,1,1,94.48350806451613
5432,247,0,1,0,1,94.98283400809716
5433,247,0,0,0,0,95.1365182186235
5434,247,0,0,0,0,95.2438056680162
5435,247,0,0,1,0,95.34522267206478
5436,248,1,0,0,0,95.10471774193549
5437,248,0,0,1,0,95.21298387096775
5438,249,1,0,1,0,94.89927710843372
5439,248,0,1,0,1,95.48516129032258
5440,248,0,0,3,0,95.60149193548386
5441,249,1,0,1,0,95.31353413654618
5442,249,0,0,1,0,95.47236947791164
5443,249,0,0,0,0,95.58963855421686
5444,250,1,0,0,0,95.37908
5445,250,0,0,1,0,95.51908
5446,250,2,2,0,2,95.24275999999999
5447,249,1,2,0,2,95.29192771084337
5448,250,1,0,0,0,95.09476
5449,251,1,0,1,0,94.87768924302789
5450,252,2,1,0,1,94.51964285714286
5451,249,0,3,0,3,95.27630522088353
5452,249,0,0,0,0,95.42148594377511
5453,249,0,0,0,0,95.5293172690763
5454,249,0,0,1,0,95.57409638554218
5455,250,2,1,1,1,95.3338
5456,249,1,2,0,2,95.28895582329318
5457,249,0,0,0,0,95.36546184738955
5458,249,0,0,1,0,95.51626506024095
5459,249,0,0,0,0,95.58072289156625
5460,251,2,0,2,0,94.99462151394421
5461,251,0,0,3,0,95.08466135458167
5462,251,0,0,1,0,95.09322709163345
5463,251,0,0,0,0,95.23864541832668
5464,251,0,0,0,0,95.23286852589642
5465,251,0,0,1,0,95.34183266932271
5466,251,0,0,0,0,95.41892430278884
5467,250,0,1,1,1,95.70639999999999
5468,250,0,0,0,0,95.86359999999999
5469,251,1,0,0,0,95.53486055776892
5470,252,2,1,1,1,95.16488095238095
5471,252,0,0,0,0,95.34761904761905
5472,255,3,0,0,0,94.40921568627451
5473,255,1,1,0,1,94.53823529411764
5474,255,0,0,0,0,94.67156862745098
5475,254,0,1,1,1,94.98326771653544
5476,257,3,0,0,0,94.10175097276263
5477,258,1,0,2,0,93.92965116279069
5478,259,1,0,0,0,93.86138996138996
5479,258,0,1,0,1,93.98023255813953
5480,257,1,2,0,2,94.32256809338521
5481,258,2,1,1,1,94.12151162790697
5482,258,1,1,0,1,93.98062015503876
5483,258,0,0,1,0,94.07771317829457
5484,258,0,0,0,0,94.2046511627907
5485,259,1,0,2,0,93.99150579150579
5486,260,1,0,0,0,93.81173076923076
5487,260,0,0,1,0,93.8921153846154
5488,260,1,1,0,1,93.86173076923076
5489,261,1,0,0,0,93.58620689655173
5490,261,2,2,0,2,92.99176245210728
5491,259,0,2,0,2,93.65328185328185
5492,259,0,0,2,0,93.83764478764479
5493,259,0,0,0,0,93.92335907335908
5494,259,0,0,2,0,94.0957528957529
5495,259,2,2,0,2,93.49459459459459
5496,259,0,0,1,0,93.55559845559846
5497,259,0,0,0,0,93.6926640926641
5498,257,0,2,0,2,94.04182879377431
5499,257,0,0,2,0,94.11536964980546
5500,257,0,0,0,0,94.25933852140078
5501,257,0,0,0,0,94.51945525291829
5502,258,1,0,2,0,94.18934108527131
5503,258,0,0,0,0,94.31201550387597
5504,257,0,1,0,1,94.47918287937743
5505,255,0,2,0,2,94.93470588235293
5506,256,1,0,1,0,94.59140625
5507,255,0,1,0,1,94.78
5508,255,1,1,0,1,94.55725490196077
5509,254,0,1,0,1,94.90870078740159
5510,254,0,0,1,0,95.11913385826772
5511,254,0,0,0,0,95.1159842519685
5512,255,2,1,2,1,94.82392156862744
5513,256,1,0,3,0,94.6234375
5514,256,0,0,1,0,94.6357421875
5515,256,0,0,1,0,94.72734375
5516,255,0,1,1,1,94.78980392156863
5517,255,0,0,0,0,94.99901960784314
5518,255,0,0,0,0,95.06450980392157
5519,257,3,1,0,1,94.20972762645916
5520,257,0,0,0,0,94.32315175097276
5521,256,0,1,0,1,94.8373046875
5522,256,0,0,0,0,94.874609375
5523,256,1,1,2,1,94.5802734375
5524,256,0,0,1,0,94.7314453125
5525,255,0,1,0,1,95.16019607843137
5526,253,0,2,0,2,95.72490118577076
5527,254,1,0,1,0,95.36811023622047
5528,254,0,0,0,0,95.48720472440945
5529,255,1,0,0,0,95.27078431372549
5530,255,0,0,0,0,95.46137254901961
5531,255,0,0,2,0,95.75058823529412
5532,255,0,0,0,0,95.86411764705882
5533,255,0,0,0,0,95.9364705882353
5534,254,0,1,0,1,96.26003937007874
5535,253,0,1,0,1,96.3092885375494
5536,253,0,0,0,0,96.49229249011857
5537,254,1,0,0,0,96.21279527559055
5538,252,0,2,1,2,96.61507936507937
5539,254,2,0,2,0,95.98287401574804
5540,254,1,1,0,1,95.88818897637795
5541,257,3,0,0,0,95.03988326848248
5542,256,0,1,0,1,95.2107421875
5543,256,0,0,0,0,95.3263671875
5544,257,1,0,0,0,95.0476653696498
5545,258,1,0,0,0,94.85038759689922
5546,261,3,0,0,0,93.94655172413793
5547,261,0,0,0,0,94.12452107279694
5548,263,2,0,0,0,93.65304182509506
5549,260,0,3,1,3,94.111
5550,260,2,2,1,2,94.15211538461539
5551,260,0,0,0,0,94.24884615384616
5552,260,1,1,2,1,94.08057692307693
5553,260,1,1,0,1,93.88576923076923
5554,260,0,0,0,0,93.99173076923077
5555,260,1,1,0,1,93.70288461538462
5556,259,0,1,0,1,94.17355212355213
5557,257,0,2,2,2,94.9157587548638
5558,258,1,0,0,0,94.71744186046512
5559,258,0,0,1,0,94.78197674418605
5560,258,0,0,0,0,94.94461240310078
5561,258,0,0,0,0,95.19209302325582
5562,258,0,0,3,0,95.28976744186046
5563,258,0,0,0,0,95.39131782945736
5564,258,1,1,2,1,95.12910852713179
5565,261,3,0,1,0,94.3183908045977
5566,262,1,0,0,0,94.06335877862595
5567,260,0,2,0,2,94.67923076923077
5568,260,0,0,1,0,94.78849447362796
5569,260,1,1,0,1,94.72272524285874
5570,259,0,1,1,1,95.24520680750297
5571,259,0,0,0,0,95.34810256039873
5572,261,2,0,0,0,94.84715924575967
5573,262,1,0,1,0,94.63362047001249
5574,262,0,0,1,0,94.71529985932547
5575,261,0,1,0,1,95.11328951395889
5576,261,1,1,0,1,94.88972629556808
5577,261,0,0,0,0,95.03187188943782
5578,262,1,0,0,0,94.85961283642469
5579,261,0,1,0,1,94.90236997372901
5580,261,0,0,0,0,95.05735081664088
5581,261,0,0,1,0,95.15505196606617
5582,261,0,0,0,0,95.26156537602786
5583,262,1,0,1,0,94.97182657688272
5584,262,0,0,0,0,95.10846779825675
5585,263,1,0,1,0,94.91927210320635
5586,261,1,3,0,3,95.07842361357575
5587,260,0,1,0,1,95.49449447362797
5588,260,0,0,1,0,95.54987908901258
5589,262,2,0,0,0,94.87335329443997
5590,262,0,0,0,0,94.97697924863843
5591,262,0,0,0,0,95.22984184405829
5592,262,1,1,1,1,95.26476550818042
5593,264,2,0,0,0,94.72980516342147
5594,264,0,0,0,0,94.77488092099725
5595,263,0,1,0,1,95.17668655187555
5596,261,0,2,0,2,95.48738913081714
5597,261,0,0,0,0,95.62685273234969
5598,262,1,0,0,0,95.37045253108118
5599,263,1,0,1,0,95.14527970776909
5600,261,0,2,0,2,95.93659003831418
5601,262,1,0,0,0,95.67748091603053
5602,262,1,1,1,1,95.4131679389313
5603,262,0,0,0,0,95.51354961832061
5604,262,0,0,1,0,95.6412213740458
5605,261,1,2,0,2,95.68816091954024
5606,261,1,1,0,1,95.45022988505747
5607,261,0,0,0,0,95.637969348659
5608,260,0,1,1,1,95.88926923076923
5609,261,1,0,1,0,95.57072796934865
5610,259,0,2,1,2,96.07413127413128
5611,258,0,1,0,1,96.20813953488373
5612,257,0,1,1,1,96.29163424124513
5613,257,0,0,0,0,96.39999999999999
5614,258,1,0,1,0,96.17015503875969
5615,260,2,0,0,0,95.60269230769231
5616,260,0,0,0,0,95.62923076923076
5617,260,0,0,0,0,95.71307692307691
5618,260,0,0,0,0,95.82230769230769
5619,262,2,0,1,0,95.32919847328245
5620,263,1,0,0,0,95.07224334600761
5621,263,0,0,0,0,95.15494296577947
5622,264,1,0,0,0,94.91856060606061
5623,265,1,0,0,0,94.6766037735849
5624,266,1,0,2,0,94.47368421052632
5625,266,0,0,1,0,94.49962406015037
5626,268,2,0,0,0,93.98899253731344
5627,269,1,0,0,0,93.79312267657993
5628,269,1,1,1,1,93.79739776951673
5629,270,1,0,1,0,93.42777777777778
5630,269,0,1,0,1,93.6003717472119
5631,269,0,0,0,0,93.69758364312268
5632,270,1,0,1,0,93.41166666666668
5633,268,0,2,0,2,94.12873134328358
5634,268,0,0,0,0,94.20429104477611
5635,269,1,0,1,0,94.02304832713754
5636,269,2,2,0,2,93.73918215613384
5637,271,2,0,0,0,93.26881918819187
5638,270,0,1,0,1,93.61437037037038
5639,270,0,0,2,0,93.66251851851852
5640,270,0,0,1,0,93.77603703703703
5641,269,0,1,0,1,94.34189591078068
5642,269,0,0,0,0,94.35992565055761
5643,270,1,0,2,0,94.1847037037037
5644,270,0,0,0,0,94.36729629629629
5645,271,1,0,0,0,94.21874538745386
5646,270,2,3,0,3,93.97655555555555
5647,270,0,0,1,0,94.02174074074074
5648,271,1,0,0,0,93.7650184501845
5649,272,1,0,1,0,93.57893382352941
5650,273,2,1,0,1,93.07809523809523
5651,274,2,1,0,1,92.66777372262774
5652,274,0,0,0,0,92.80992700729927
5653,274,0,0,0,0,92.91138686131387
5654,273,1,2,1,2,93.35216117216117
5655,274,1,0,2,0,93.24631386861314
5656,274,0,0,0,0,93.46605839416058
5657,274,0,0,0,0,93.6264598540146
5658,275,1,0,0,0,93.31763636363635
5659,275,0,0,1,0,93.48672727272726
5660,275,1,1,0,1,93.41763636363636
5661,273,0,2,0,2,94.16274725274725
5662,273,0,0,2,0,94.41117216117216
5663,272,0,1,1,1,94.58511029411765
5664,274,2,0,0,0,94.07372262773723
5665,274,1,1,1,1,93.92974452554745
5666,274,1,1,0,1,93.76277372262774
5667,274,1,1,0,1,93.78813868613139
5668,274,1,1,0,1,93.69598540145985
5669,273,0,1,0,1,94.12040293040293
5670,270,0,3,1,3,94.236
5671,269,0,1,0,1,94.62460966542751
5672,268,0,1,1,1,95.04914179104478
5673,268,0,0,0,0,95.20082089552238
5674,271,3,0,0,0,94.2259040590406
5675,271,0,0,0,0,94.35837638376384
5676,272,1,0,1,0,94.24216911764705
5677,268,0,4,1,4,95.0189872891471
5678,267,0,1,0,1,95.32685393258427
5679,267,0,0,1,0,95.39333333333333
5680,267,0,0,0,0,95.54913857677903
5681,266,0,1,0,1,95.70774513370993
5682,264,1,3,0,3,95.76541666666667
5683,263,0,1,1,1,95.9483650190114
5684,262,1,2,0,2,95.97736641221374
5685,263,1,0,2,0,95.73486692015209
5686,266,4,1,1,1,94.48616541353384
5687,265,0,1,1,1,94.91366037735848
5688,265,1,1,1,1,95.1668679245283
5689,264,0,1,0,1,95.16200757575757
5690,264,0,0,0,0,95.28265151515151
5691,264,0,0,0,0,95.39602272727272
5692,265,1,0,0,0,95.14716981132075
5693,265,0,0,0,0,95.38169811320755
5694,265,0,0,0,0,95.45226415094339
5695,264,0,1,1,1,95.75678030303031
5696,264,0,0,1,0,95.8353787878788
5697,264,0,0,0,0,95.84560606060606
5698,263,0,1,2,1,96.249391634981
5699,263,0,0,0,0,96.37486692015209
5700,264,2,1,1,1,96.09579545454545
5701,264,0,0,0,0,96.29503787878788
5702,265,1,0,0,0,96.00656603773584
5703,267,2,0,0,0,95.48423220973783
5704,267,0,0,0,0,95.60955056179775
5705,266,0,1,1,1,95.72819548872181
5706,266,2,2,1,2,95.55864661654135
5707,266,1,1,0,1,95.62086466165412
5708,266,0,0,0,0,95.74191729323307
5709,265,1,2,0,2,95.44622641509434
5710,266,1,0,0,0,95.20131578947368
5711,263,0,3,1,3,95.92330798479087
5712,263,0,0,0,0,95.99821292775665
5713,263,0,0,1,0,95.99688212927757
5714,265,2,0,2,0,95.45105660377358
5715,266,1,0,0,0,95.23357142857144
5716,266,0,0,0,0,95.47548872180451
5717,265,0,1,1,1,95.89528301886793
5718,265,0,0,1,0,96.00245283018867
5719,264,0,1,0,1,96.05227272727272
5720,264,0,0,0,0,96.15397727272727
5721,264,0,0,1,0,96.2405303030303
5722,263,0,1,1,1,96.54011406844106
5723,263,1,1,0,1,96.25665399239544
5724,265,2,0,1,0,95.68056603773584
5725,266,1,0,0,0,95.45375939849625
5726,265,0,1,0,1,95.50811320754717
5727,267,2,0,0,0,94.98239700374532
5728,268,1,0,1,0,94.80018656716418
5729,270,2,0,0,0,94.36777777777777
5730,271,2,1,0,1,94.13339483394834
5731,270,0,1,0,1,94.54944444444443
5732,269,0,1,0,1,94.84368029739777
5733,269,1,1,1,1,94.8592936802974
5734,269,1,1,1,1,94.67304832713755
5735,270,1,0,0,0,94.42481481481482
5736,272,2,0,1,0,93.88878676470588
5737,270,0,2,2,2,94.38518518518518
5738,273,3,0,0,0,93.535347985348
5739,273,0,0,0,0,93.65164835164836
5740,274,2,1,3,1,93.43996350364964
5741,274,1,1,0,1,93.47879562043795
5742,275,2,1,0,1,93.34723636363637
5743,272,0,3,0,3,94.43511029411764
5744,271,0,1,0,1,94.49616236162362
5745,271,0,0,0,0,94.58361623616236
5746,271,0,0,0,0,94.73822878228783
5747,272,1,0,0,0,94.5285294117647
5748,273,1,0,1,0,94.32567765567765
5749,274,1,0,0,0,94.26259244277938
5750,272,0,2,0,2,94.67591911764706
5751,271,0,1,2,1,94.97822878228781
5752,272,1,0,0,0,94.75753676470588
5753,272,2,2,0,2,94.49559323871601
5754,271,0,1,0,1,94.72988929889299
5755,271,0,0,1,0,94.87029520295202
5756,271,2,2,1,2,94.54409594095941
5757,270,1,2,0,2,94.79851851851852
5758,270,0,0,0,0,95.01370370370371
5759,270,0,0,1,0,95.14166666666667
5760,272,2,0,1,0,94.53584558823529
5761,273,1,0,0,0,94.43205128205129
5762,273,0,0,0,0,94.52417582417581
5763,270,0,3,1,3,95.0834074074074
5764,269,0,1,1,1,95.25156133828996
5765,269,1,1,0,1,94.97442379182156
5766,269,0,0,1,0,95.07572490706319
5767,268,0,1,0,1,95.37761194029851
5768,268,1,1,0,1,95.09104477611939
5769,269,1,0,0,0,94.8910780669145
5770,270,3,2,1,2,94.46037037037037
5771,271,2,1,0,1,94.11070110701107
5772,272,1,0,0,0,93.93088235294118
5773,268,0,4,1,4,94.89324626865671
5774,269,1,0,2,0,94.71799256505577
5775,269,1,1,0,1,94.81074349442379
5776,270,1,0,2,0,94.62448148148148
5777,271,1,0,2,0,94.54136531365313
5778,270,1,2,0,2,94.64429629629629
5779,270,0,0,0,0,94.76925925925926
5780,270,0,0,0,0,94.87759259259259
5781,271,1,0,2,0,94.65239852398524
5782,272,2,1,0,1,94.37150735294118
5783,272,0,0,0,0,94.4674632352941
5784,270,0,2,1,2,95.15166666666667
5785,271,1,0,0,0,95.04428044280442
5786,271,0,0,1,0,95.1490774907749
5787,269,0,2,0,2,95.81171003717472
5788,269,0,0,0,0,95.92992565055762
5789,269,0,0,0,0,96.08345724907063
5790,269,0,0,1,0,96.07044609665428
5791,269,0,0,2,0,96.18884758364312
5792,268,0,1,0,1,96.53264925373135
5793,269,1,0,0,0,96.31840148698883
5794,269,0,0,0,0,96.41933085501859
5795,269,0,0,0,0,96.482156133829
5796,269,0,0,3,0,96.54795539033456
5797,269,1,1,0,1,96.29795539033456
5798,270,1,0,2,0,95.99814814814815
5799,270,1,1,0,1,96.09148148148148
5800,270,0,0,0,0,96.12555555555555
5801,270,0,0,1,0,96.21203703703704
5802,272,3,1,0,1,95.54246323529412
5803,272,1,1,1,1,95.60275735294118
5804,272,0,0,1,0,95.67628676470588
5805,273,2,1,2,1,95.34743589743589
5806,274,1,0,1,0,95.05004099472201
5807,274,1,1,0,1,95.19047445255474
5808,274,0,0,0,0,95.317299270073
5809,274,0,0,0,0,95.44832116788321
5810,274,0,0,0,0,95.49923357664234
5811,273,0,1,0,1,95.80051282051282
5812,272,0,1,0,1,96.18966911764706
5813,272,1,1,1,1,96.21650735294118
5814,272,0,0,0,0,96.41319852941176
5815,273,3,2,0,2,95.5343956043956
5816,273,0,0,0,0,95.5737728937729
5817,274,1,0,2,0,95.34503649635037
5818,273,1,2,0,2,95.42666666666666
5819,273,1,1,0,1,95.12978021978022
5820,273,0,0,0,0,95.12703296703297
5821,272,0,1,0,1,95.18319852941175
5822,273,2,1,0,1,94.93117216117216
5823,273,1,1,0,1,95.00172161172162
5824,273,0,0,1,0,95.05959706959707
5825,274,1,0,1,0,94.80499999999999
5826,274,0,0,0,0,94.86576642335767
5827,273,1,2,0,2,94.96655677655677
5828,273,1,1,0,1,94.74036630036629
5829,273,0,0,0,0,94.86919413919414
5830,272,0,1,1,1,95.20514705882353
5831,272,0,0,1,0,95.37408088235294
5832,272,1,1,0,1,95.14889705882354
5833,270,0,2,0,2,95.5037037037037
5834,268,0,2,1,2,96.14776119402984
5835,268,0,0,0,0,96.17891791044777
5836,268,0,0,0,0,96.20242537313433
5837,267,0,1,1,1,96.28089887640449
5838,267,1,1,0,1,96.07397003745318
5839,268,2,1,1,1,95.83600746268657
5840,268,0,0,0,0,95.9910447761194
5841,268,1,1,1,1,95.93544776119403
5842,268,1,1,0,1,95.71753731343283
5843,268,0,0,0,0,95.82294776119403
5844,270,2,0,0,0,95.26240740740741
5845,270,0,0,0,0,95.38703703703703
5846,268,0,2,1,2,95.765
5847,267,0,1,0,1,96.21201935246278
5848,269,2,0,0,0,95.59891883683107
5849,269,0,0,1,0,95.62419764724
5850,269,0,0,0,0,95.80304832713755
5851,269,0,0,0,0,95.89040892193309
5852,269,0,0,0,0,96.01159851301115
5853,269,0,0,0,0,96.10527881040892
5854,269,0,0,0,0,96.15862453531598
5855,269,0,0,0,0,96.28223048327136
5856,269,0,0,1,0,96.33018587360594
5857,269,0,0,0,0,96.44486988847584
5858,270,1,0,0,0,96.21777777777777
5859,270,0,0,0,0,96.44185185185185
5860,271,1,0,0,0,96.18819188191883
5861,271,0,0,0,0,96.2190036900369
5862,271,0,0,1,0,96.28154981549815
5863,272,1,0,0,0,96.0860294117647
5864,272,0,0,0,0,96.1501838235294
5865,273,1,0,1,0,95.91886446886447
5866,274,1,0,0,0,95.72536496350365
5867,274,0,0,0,0,95.84726277372263
5868,274,0,0,0,0,95.92974452554745
5869,275,1,0,0,0,95.67127272727272
5870,275,0,0,0,0,95.74945454545454
5871,275,0,0,0,0,95.93781818181819
5872,274,0,1,0,1,95.98905109489051
5873,274,0,0,1,0,96.08047445255474
5874,274,0,0,1,0,96.10036496350365
5875,273,0,1,0,1,96.39597069597069
5876,273,1,1,1,1,96.19560439560439
5877,275,2,0,0,0,95.59290909090909
5878,277,2,0,0,0,95.11787003610108
5879,278,2,1,1,1,94.83902877697842
5880,278,0,0,0,0,94.94604316546763
5881,281,3,0,1,0,94.20996441281139
5882,281,0,0,1,0,94.34750889679715
5883,279,0,2,0,2,95.03853046594982
5884,279,0,0,0,0,95.19623655913979
5885,278,0,1,1,1,95.57482014388489
5886,279,1,0,1,0,95.40931899641578
5887,278,1,2,0,2,95.69460431654676
5888,277,0,1,0,1,96.1183393501805
5889,276,0,1,1,1,96.30644927536231
5890,277,1,0,0,0,96.07483754512636
5891,279,3,1,0,1,95.46172043010752
5892,279,0,0,0,0,95.60258064516128
5893,279,0,0,0,0,95.69971326164875
5894,280,1,0,0,0,95.43257142857142
5895,282,2,0,0,0,94.91904255319149
5896,283,1,0,1,0,94.83681978798586
5897,281,1,3,0,3,94.80330960854093
5898,281,0,0,0,0,94.92128113879004
5899,282,1,0,2,0,94.73751773049645
5900,282,1,1,0,1,94.69106382978724
5901,281,1,2,0,2,94.7970462633452
5902,281,0,0,1,0,94.9411743772242
5903,282,1,0,1,0,94.68379432624113
5904,281,0,1,1,1,94.71227758007117
5905,280,0,1,0,1,94.72410714285714
5906,279,0,1,0,1,95.12286738351254
5907,279,0,0,0,0,95.2805734767025
5908,278,0,1,0,1,95.27672661870504
5909,278,0,0,0,0,95.34309352517985
5910,277,0,1,0,1,95.48440433212997
5911,276,0,1,2,1,95.7659420289855
5912,276,0,0,1,0,95.78115942028985
5913,275,0,1,0,1,95.99981818181818
5914,274,0,1,0,1,96.24671532846715
5915,275,1,0,0,0,96.02018181818181
5916,275,0,0,0,0,96.05218181818181
5917,275,1,1,0,1,96.06872727272726
5918,275,0,0,1,0,96.10345454545455
5919,273,0,2,0,2,96.49472527472527
5920,274,1,0,0,0,96.28963503649635
5921,273,0,1,3,1,96.34871794871795
5922,274,1,0,0,0,96.0757299270073
5923,273,0,1,0,1,96.08992673992674
5924,272,0,1,0,1,96.17316176470588
5925,273,1,0,0,0,96.0102564102564
5926,273,0,0,0,0,96.15402930402931
5927,273,0,0,0,0,96.12179487179488
5928,273,0,0,1,0,96.23589743589743
5929,272,0,1,2,1,96.35624999999999
5930,271,0,1,2,1,96.45221402214023
5931,270,0,1,1,1,96.78925925925925
5932,270,0,0,2,0,96.80462962962963
5933,270,0,0,1,0,96.86648148148149
5934,270,0,0,0,0,96.89481481481481
5935,268,0,2,0,2,97.17593283582089
5936,268,1,1,0,1,97.25190298507462
5937,268,0,0,0,0,97.29164179104478
5938,268,0,0,0,0,97.2504104477612
5939,268,0,0,0,0,97.34776119402986
5940,269,1,0,0,0,97.09293680297398
5941,269,0,0,0,0,97.20501858736058
5942,269,0,0,1,0,97.28773234200743
5943,269,0,0,0,0,97.40631970260223
5944,268,0,1,0,1,97.49291044776119
5945,269,1,0,0,0,97.25743494423791
5946,269,0,0,0,0,97.31486988847584
5947,269,0,0,2,0,97.32992565055763
5948,269,1,1,0,1,97.01635687732342
5949,270,1,0,0,0,96.76018518518518
5950,270,0,0,0,0,96.88166666666666
5951,269,0,1,0,1,97.05910780669144
5952,269,0,0,0,0,97.14999999999999
5953,269,0,0,2,0,97.30669144981412
5954,269,0,0,1,0,97.36858736059479
5955,269,0,0,0,0,97.35855018587361
5956,267,0,2,0,2,97.72883895131086
5957,268,1,0,0,0,97.50279850746269
5958,267,0,1,0,1,97.61235955056179
5959,267,0,0,0,0,97.62453183520599
5960,267,1,1,0,1,97.30711610486891
5961,267,1,1,0,1,97.05973782771535
5962,268,1,0,1,0,96.83152985074626
5963,268,1,1,0,1,96.5214552238806
5964,268,0,0,0,0,96.4856343283582
5965,268,2,2,2,2,95.98227611940298
5966,268,0,0,1,0,96.02518656716418
5967,267,0,1,1,1,96.06348314606741
5968,268,1,0,0,0,95.86455223880597
5969,270,2,0,0,0,95.23759259259259
5970,270,0,0,1,0,95.2925925925926
5971,270,0,0,1,0,95.3811111111111
5972,270,1,1,0,1,95.14333333333333
5973,271,1,0,2,0,94.9221402214022
5974,271,0,0,0,0,95.03856088560886
5975,270,0,1,0,1,95.11203703703704
5976,270,0,0,1,0,95.26666666666667
5977,269,0,1,0,1,95.67118959107806
5978,268,0,1,0,1,95.63731343283582
5979,269,1,0,0,0,95.34516728624534
5980,270,1,0,1,0,95.04296296296296
5981,270,0,0,1,0,95.10462962962963
5982,272,3,1,0,1,94.4922794117647
5983,270,0,2,1,2,94.50796296296295
5984,271,1,0,1,0,94.30719557195572
5985,269,0,2,1,2,94.7275092936803
5986,270,1,0,0,0,94.49537037037037
5987,267,0,3,0,3,95.16345089470846
5988,266,0,1,0,1,95.54387740183141
5989,267,1,0,1,0,95.35767790262172
5990,266,0,1,2,1,95.75357142857143
5991,266,0,0,0,0,95.88082706766917
5992,264,0,2,1,2,96.1048106060606
5993,262,0,2,0,2,96.2806106870229
5994,259,0,3,0,3,96.98173745173746
5995,260,1,0,0,0,96.59653846153846
5996,260,0,0,1,0,96.62711538461538
5997,260,0,0,0,0,96.71557692307692
5998,260,0,0,0,0,96.775
5999,259,0,1,0,1,96.77722007722008
6000,258,0,1,0,1,97.03507751937984
6001,258,1,1,0,1,96.79554263565892
6002,259,1,0,0,0,96.59671814671815
6003,259,0,0,2,0,96.67992277992278
6004,259,0,0,0,0,96.61640926640928
6005,260,2,1,2,1,95.96192307692307
6006,260,1,1,0,1,95.98634615384616
6007,261,1,0,0,0,95.75402298850574
6008,260,0,1,1,1,96.12384615384616
6009,260,1,1,0,1,95.83557692307693
6010,261,1,0,0,0,95.53295019157088
6011,262,1,0,2,0,95.34503816793892
6012,260,0,2,0,2,95.7001923076923
6013,259,0,1,0,1,96.17953667953668
6014,260,1,0,1,0,95.8798076923077
6015,260,0,0,1,0,96.01634615384616
6016,260,0,0,0,0,96.17365384615384
6017,258,0,2,0,2,96.51763565891473
6018,257,0,1,0,1,96.91809338521401
6019,257,0,0,0,0,96.9910505836576
6020,257,0,0,1,0,96.96167315175096
6021,258,1,0,0,0,96.73178294573643
6022,258,0,0,2,0,96.80426356589147
6023,257,0,1,0,1,96.88385214007782
6024,256,0,1,0,1,97.175390625
6025,256,0,0,1,0,97.1865234375
6026,256,1,1,0,1,97.26621093749999
6027,255,0,1,0,1,97.35686274509804
6028,255,0,0,0,0,97.36686274509803
6029,255,0,0,0,0,97.52960784313726
6030,256,1,0,0,0,97.109765625
6031,257,1,0,1,0,96.8852140077821
6032,256,0,1,1,1,97.3427734375
6033,255,0,1,0,1,97.28686274509803
6034,254,0,1,0,1,97.53897637795275
6035,254,0,0,0,0,97.62775590551182
6036,254,0,0,0,0,97.70413385826771
6037,252,0,2,0,2,97.97539682539683
6038,252,0,0,0,0,97.99444444444444
6039,252,1,1,0,1,97.93507936507936
6040,253,1,0,1,0,97.68256916996047
6041,254,1,0,1,0,97.3627559055118
6042,254,0,0,0,0,97.44267716535433
6043,254,0,0,1,0,97.49566929133857
6044,254,1,1,0,1,97.14192913385827
6045,253,0,1,1,1,97.37984189723319
6046,254,1,0,0,0,97.11929133858267
6047,254,0,0,0,0,97.29074803149605
6048,254,0,0,1,0,97.45748031496063
6049,254,0,0,0,0,97.5486220472441
6050,253,0,1,0,1,97.64604743083004
6051,253,1,1,0,1,97.55750988142292
6052,252,0,1,1,1,97.87460317460317
6053,254,2,0,1,0,97.23149606299212
6054,254,0,0,0,0,97.36771653543306
6055,251,0,3,0,3,97.35856573705179
6056,251,0,0,0,0,97.38127490039841
6057,250,1,2,0,2,97.3932
6058,249,0,1,1,1,97.58192771084336
6059,249,0,0,0,0,97.54176706827309
6060,248,0,1,0,1,97.62802419354838
6061,248,1,1,0,1,97.33447580645162
6062,250,2,0,0,0,96.73519999999999
6063,249,0,1,1,1,96.77851405622489
6064,249,1,1,0,1,96.48132530120482
6065,248,1,2,0,2,96.53326612903226
6066,247,0,1,0,1,96.56336032388663
6067,248,1,0,0,0,96.27056451612903
6068,248,0,0,2,0,96.31129032258065
6069,248,0,0,0,0,96.37197580645162
6070,249,1,0,2,0,96.08273092369477
6071,249,0,0,1,0,96.16887550200804
6072,249,0,0,1,0,96.18032128514055
6073,247,0,2,2,2,96.50931174089068
6074,248,1,0,0,0,96.21189516129031
6075,249,1,0,0,0,95.88132530120482
6076,249,0,0,0,0,96.08333333333333
6077,248,0,1,0,1,96.16431451612904
6078,248,0,0,0,0,96.24112903225806
6079,248,0,0,0,0,96.2915322580645
6080,248,1,1,0,1,96.3078629032258
6081,248,0,0,0,0,96.40645161290323
6082,248,0,0,0,0,96.41169354838709
6083,247,0,1,0,1,96.73927125506073
6084,247,0,0,1,0,96.83765182186234
6085,247,1,1,0,1,96.75101214574899
6086,247,1,1,0,1,96.3591093117409
6087,246,0,1,2,1,96.47723577235772
6088,247,1,0,0,0,96.22651821862348
6089,247,1,1,0,1,96.23502024291497
6090,245,0,2,0,2,96.28224489795917
6091,243,0,2,1,2,97.00390946502058
6092,245,3,1,0,1,95.84530612244897
6093,247,2,0,0,0,95.20060728744939
6094,247,0,0,0,0,95.33198380566802
6095,246,0,1,1,1,95.67540650406504
6096,246,0,0,2,0,95.7319105691057
6097,247,1,0,0,0,95.50202429149797
6098,246,0,1,2,1,95.97093495934959
6099,247,1,0,0,0,95.62995951417004
6100,248,1,0,1,0,95.38991935483871
6101,248,0,0,1,0,95.53346774193548
6102,247,0,1,0,1,95.99595141700405
6103,248,1,0,1,0,95.76693548387097
6104,245,0,3,0,3,95.93061224489796
6105,246,1,0,0,0,95.65691056910569
6106,246,0,0,1,0,95.755081300813
6107,246,0,0,0,0,95.88353658536585
6108,246,0,0,1,0,95.95223577235772
6109,248,2,0,0,0,95.33951612903226
6110,247,0,1,0,1,95.37732793522268
6111,245,0,2,0,2,95.63551020408164
6112,245,0,0,2,0,95.73877551020408
6113,245,1,1,1,1,95.70530612244897
6114,245,0,0,0,0,95.87061224489796
6115,245,0,0,1,0,96.06734693877551
6116,245,1,1,0,1,96.08183673469388
6117,246,1,0,2,0,95.6810975609756
6118,244,0,2,0,2,96.24692622950819
6119,245,1,0,1,0,95.97081632653061
6120,244,0,1,1,1,96.37807377049181
6121,247,3,0,0,0,95.25688259109312
6122,246,1,2,0,2,95.23471544715446
6123,246,1,1,0,1,95.22772357723578
6124,246,1,1,0,1,95.3620325203252
6125,246,0,0,0,0,95.43337398373984
6126,246,0,0,0,0,95.5949593495935
6127,246,0,0,0,0,95.61081300813008
6128,245,0,1,0,1,96.02253061224489
6129,246,1,0,1,0,95.68808943089431
6130,246,0,0,1,0,95.83260162601626
6131,245,0,1,0,1,95.9917142857143
6132,243,0,2,0,2,96.15851851851852
6133,242,0,1,0,1,96.1936776859504
6134,243,2,1,1,1,95.52662551440329
6135,242,0,1,0,1,95.99780991735538
6136,243,1,0,0,0,95.7675720164609
6137,243,0,0,0,0,95.8591769547325
6138,242,2,3,0,3,96.00095041322314
6139,243,1,0,0,0,95.73222222222222
6140,243,0,0,0,0,95.86185185185185
6141,244,1,0,1,0,95.5370081967213
6142,244,1,1,0,1,95.52655737704917
6143,244,1,1,1,1,95.56405737704918
6144,244,1,1,1,1,95.20422131147541
6145,244,1,1,0,1,95.2575
6146,244,0,0,1,0,95.44295081967212
6147,243,0,1,1,1,95.8051440329218
6148,243,1,1,0,1,95.5006172839506
6149,244,1,0,0,0,95.18729508196722
6150,242,0,2,0,2,95.73471074380166
6151,243,1,0,0,0,95.4954732510288
6152,242,0,1,0,1,95.95144628099173
6153,244,3,1,0,1,94.85368852459015
6154,245,1,0,1,0,94.57877551020408
6155,244,0,1,0,1,95.04688524590163
6156,245,1,0,0,0,94.74363265306121
6157,244,0,1,0,1,95.10061475409836
6158,244,0,0,1,0,95.30139344262295
6159,243,0,1,0,1,95.75962962962963
6160,242,0,1,0,1,96.1694214876033
6161,244,2,0,1,0,95.40676229508196
6162,241,0,3,1,3,96.33016597510374
6163,241,0,0,1,0,96.30796680497924
6164,242,1,0,0,0,96.07611570247933
6165,242,0,0,1,0,96.27735537190082
6166,244,2,0,0,0,95.63881147540984
6167,244,0,0,0,0,95.74946721311476
6168,244,0,0,0,0,95.78967213114754
6169,246,2,0,0,0,95.1570325203252
6170,244,0,2,1,2,95.55475409836066
6171,245,1,0,0,0,95.15881632653061
6172,245,1,1,0,1,95.19057142857142
6173,246,1,0,0,0,94.8971138211382
6174,244,0,2,0,2,95.75053278688524
6175,245,1,0,0,0,95.45195918367347
6176,245,0,0,0,0,95.4971836734694
6177,244,0,1,0,1,95.7508606557377
6178,245,1,0,1,0,95.50371428571428
6179,243,0,2,0,2,95.85806584362139
6180,241,0,2,0,2,96.2501244813278
6181,241,0,0,0,0,96.31029045643153
6182,240,0,1,1,1,96.44033333333333
6183,240,0,0,0,0,96.57633333333334
6184,241,1,0,0,0,96.29219917012448
6185,240,0,1,1,1,96.70145833333332
6186,240,0,0,0,0,96.83520833333334
6187,241,1,0,0,0,96.47759336099584
6188,241,0,0,0,0,96.61373443983402
6189,242,1,0,0,0,96.31636363636363
6190,241,0,1,0,1,96.54381742738589
6191,241,0,0,0,0,96.57244813278008
6192,240,0,1,0,1,96.94025
6193,241,1,0,0,0,96.5676763485477
6194,240,0,1,0,1,96.991
6195,240,0,0,1,0,97.069125
6196,240,0,0,0,0,97.174125
6197,241,1,0,2,0,96.81157676348548
6198,241,0,0,0,0,96.8854356846473
6199,241,1,1,1,1,96.57423236514522
6200,241,0,0,0,0,96.75016597510374
6201,241,0,0,0,0,96.91551867219917
6202,240,0,1,2,1,96.88825
6203,240,0,0,0,0,97.00325
6204,242,2,0,1,0,96.29433884297521
6205,241,0,1,0,1,96.54784232365145
6206,240,0,1,0,1,96.56783333333333
6207,241,1,0,1,0,96.2995020746888
6208,242,1,0,0,0,95.97285123966942
6209,243,2,1,0,1,95.59456790123457
6210,242,0,1,1,1,96.11706611570247
6211,240,0,2,1,2,96.89083333333333
6212,240,0,0,0,0,96.95612499999999
6213,242,2,0,3,0,96.18603305785125
6214,243,2,1,1,1,95.61242798353909
6215,243,0,0,0,0,95.82333333333334
6216,244,1,0,0,0,95.47385245901638
6217,246,2,0,0,0,94.82162601626015
6218,246,1,1,0,1,94.87243902439025
6219,246,0,0,0,0,94.9130894308943
6220,246,1,1,1,1,94.81138211382114
6221,246,1,1,1,1,94.92288617886179
6222,247,1,0,0,0,94.59546558704453
6223,248,1,0,0,0,94.32532258064516
6224,248,0,0,2,0,94.4436693548387
6225,248,0,0,0,0,94.67834677419354
6226,247,0,1,0,1,94.96651821862348
6227,249,2,0,0,0,94.3930923694779
6228,249,0,0,0,0,94.60192771084338
6229,247,1,3,1,3,94.87704453441296
6230,247,0,0,0,0,94.9234008097166
6231,246,0,1,0,1,94.99036585365853
6232,246,0,0,0,0,95.16963414634147
6233,248,2,0,0,0,94.6396370967742
6234,249,2,1,0,1,94.32642570281124
6235,248,0,1,0,1,94.69072580645161
6236,248,0,0,1,0,94.83185483870967
6237,247,0,1,0,1,95.24676113360324
6238,247,0,0,0,0,95.31072874493927
6239,247,1,1,0,1,95.29048582995951
6240,248,1,0,3,0,95.04758064516129
6241,247,0,1,0,1,95.06093117408906
6242,247,0,0,0,0,95.1497975708502
6243,247,0,0,2,0,95.28744939271255
6244,247,0,0,1,0,95.33137651821862
6245,247,0,0,1,0,95.52570850202429
6246,248,1,0,0,0,95.29677419354839
6247,249,1,0,1,0,94.96184738955823
6248,249,2,2,1,2,94.58413654618474
6249,250,1,0,0,0,94.386
6250,251,1,0,0,0,94.12290836653386
6251,251,0,0,1,0,94.19940239043824
6252,252,1,0,0,0,94.00059523809524
6253,253,1,0,0,0,93.78399209486166
6254,253,0,0,1,0,93.96422924901186
6255,254,2,1,1,1,93.7996062992126
6256,254,1,1,1,1,93.88385826771653
6257,254,0,0,0,0,93.99665354330709
6258,254,1,1,0,1,93.93523622047243
6259,253,1,2,1,2,94.09565217391305
6260,254,1,0,1,0,93.92755905511811
6261,253,0,1,0,1,94.07707509881423
6262,252,0,1,0,1,94.12301587301587
6263,253,1,0,0,0,93.89367588932805
6264,252,0,1,1,1,94.06468253968254
6265,253,1,0,2,0,93.87173913043478
6266,254,1,0,0,0,93.67677165354331
6267,253,0,1,0,1,94.20533596837944
6268,253,0,0,0,0,94.41422924901185
6269,252,0,1,0,1,94.80535714285715
6270,251,0,1,0,1,95.18227091633466
6271,251,1,1,1,1,94.94362549800796
6272,251,1,1,0,1,94.76553784860559
6273,249,0,2,0,2,95.30301204819277
6274,252,3,0,2,0,94.31547619047619
6275,253,1,0,1,0,94.10118577075099
6276,251,0,2,0,2,94.52470119521912
6277,248,0,3,1,3,95.56612903225808
6278,247,0,1,1,1,95.98947368421054
6279,247,0,0,0,0,96.21360323886638
6280,247,1,1,0,1,96.25955465587045
6281,248,2,1,0,1,95.97544354838709
6282,248,0,0,1,0,96.09237903225807
6283,248,2,2,0,2,96.01072580645162
6284,249,1,0,0,0,95.71204819277108
6285,250,1,0,1,0,95.52380000000001
6286,249,0,1,0,1,96.06947791164659
6287,249,1,1,0,1,96.070281124498
6288,249,0,0,0,0,96.20160642570282
6289,247,0,2,1,2,96.6004048582996
6290,247,0,0,0,0,96.67368421052632
6291,247,0,0,0,0,96.83259109311741
6292,247,0,0,0,0,96.90323886639676
6293,247,0,0,3,0,96.97246963562753
6294,248,1,0,0,0,96.73649193548388
6295,249,1,0,1,0,96.48373493975905
6296,249,0,0,0,0,96.47951807228915
6297,247,0,2,0,2,96.93259109311741
6298,246,0,1,0,1,96.98780487804878
6299,245,0,1,0,1,97.07285714285713
6300,245,0,0,0,0,97.15469387755101
6301,245,0,0,0,0,97.20877551020408
6302,246,1,0,0,0,96.87418699186992
6303,246,0,0,0,0,97.02621951219513
6304,247,1,0,0,0,96.7753036437247
6305,247,0,0,0,0,96.80344129554656
6306,247,0,0,1,0,96.90465587044535
6307,247,0,0,1,0,97.00141700404858
6308,248,1,0,0,0,96.6883064516129
6309,248,0,0,0,0,96.80302419354838
6310,247,0,1,1,1,97.28866396761133
6311,246,0,1,0,1,97.68150406504064
6312,246,0,0,1,0,97.79837398373982
6313,246,0,0,1,0,97.80772357723578
6314,247,1,0,1,0,97.46356275303644
6315,247,0,0,2,0,97.53724696356275
6316,246,0,1,1,1,97.6849593495935
6317,246,0,0,1,0,97.71199186991869
6318,246,0,0,2,0,97.67052845528455
6319,245,0,1,0,1,97.7373469387755
6320,244,0,1,0,1,97.74549180327868
6321,244,0,0,1,0,97.77540983606558
6322,244,0,0,0,0,97.79508196721312
6323,243,0,1,0,1,97.8349794238683
6324,243,0,0,1,0,97.92283950617283
6325,243,0,0,0,0,97.88724279835391
6326,243,0,0,0,0,97.90493827160493
6327,245,2,0,0,0,97.10306122448979
6328,245,0,0,0,0,97.20102040816326
6329,246,1,0,0,0,96.8589430894309
6330,247,1,0,0,0,96.55546558704454
6331,247,0,0,2,0,96.6331983805668
6332,249,3,1,0,1,95.65261044176707
6333,250,1,0,0,0,95.27839999999999
6334,250,0,0,0,0,95.47859999999999
6335,250,1,1,0,1,95.59859999999999
6336,249,0,1,0,1,95.86570281124499
6337,248,0,1,2,1,96.29903225806451
6338,248,0,0,0,0,96.37625
6339,249,1,0,0,0,96.0962248995984
6340,245,0,4,0,4,96.44697959183672
6341,247,2,0,0,0,95.7808097165992
6342,247,0,0,0,0,95.9823886639676
6343,247,0,0,0,0,96.0076923076923
6344,248,1,0,1,0,95.73810483870967
6345,248,0,0,0,0,95.80181451612903
6346,248,1,1,1,1,95.86552419354838
6347,249,1,0,2,0,95.55722891566265
6348,248,0,1,0,1,95.95443548387097
6349,247,0,1,0,1,96.36781376518218
6350,248,2,1,0,1,96.0711693548387
6351,248,0,0,0,0,96.11895161290323
6352,251,3,0,1,0,95.14382470119521
6353,249,0,2,0,2,95.84875502008032
6354,250,1,0,1,0,95.58456
6355,250,1,1,1,1,95.247
6356,249,0,1,0,1,95.65052208835341
6357,249,0,0,0,0,95.75072289156627
6358,249,0,0,1,0,95.81236947791164
6359,248,0,1,1,1,95.91524193548386
6360,248,0,0,0,0,96.06443548387097
6361,249,1,0,1,0,95.75172690763053
6362,248,1,2,0,2,95.79415322580645
6363,248,1,1,1,1,95.86854838709677
6364,248,0,0,1,0,95.84637096774193
6365,247,0,1,0,1,96.23186234817814
6366,248,2,1,0,1,95.87185483870967
6367,248,0,0,0,0,95.93294354838709
6368,248,0,0,0,0,96.0408064516129
6369,247,0,1,1,1,96.50574898785425
6370,246,0,1,3,1,96.57772357723577
6371,246,0,0,0,0,96.66646341463415
6372,247,1,0,0,0,96.34777327935221
6373,248,1,0,0,0,96.12862903225806
6374,248,0,0,1,0,96.17459677419355
6375,247,0,1,0,1,96.2246963562753
6376,246,0,1,0,1,96.48455284552846
6377,246,0,0,0,0,96.54817073170732
6378,247,1,0,2,0,96.2997975708502
6379,247,0,0,0,0,96.3912955465587
6380,248,1,0,0,0,96.18165322580644
6381,247,0,1,0,1,96.59097165991902
6382,247,0,0,1,0,96.64623481781376
6383,247,1,1,0,1,96.6838866396761
6384,247,1,1,0,1,96.37700404858299
6385,248,1,0,1,0,96.08435483870967
6386,247,0,1,1,1,96.43004048582996
6387,245,0,2,0,2,96.7990612244898
6388,244,0,1,1,1,96.8894262295082
6389,245,1,0,0,0,96.60600000000001
6390,245,1,1,0,1,96.62661224489796
6391,245,0,0,1,0,96.65844897959184
6392,245,0,0,0,0,96.67926530612245
6393,245,0,0,0,0,96.82824489795918
6394,245,0,0,0,0,96.90559183673469
6395,245,1,1,1,1,96.64130612244898
6396,245,0,0,0,0,96.64416326530612
6397,244,0,1,0,1,96.72233606557377
6398,243,0,1,1,1,96.88621399176954
6399,246,3,0,0,0,95.82743902439024
6400,248,2,0,1,0,95.30907258064515
6401,246,0,2,0,2,95.91239837398375
6402,246,0,0,0,0,95.96280487804877
6403,246,0,0,1,0,95.97195121951219
6404,246,1,1,0,1,95.71524390243903
6405,246,0,0,1,0,95.78943089430895
6406,246,0,0,0,0,95.91544715447155
6407,246,1,1,0,1,95.52743902439025
6408,247,2,1,1,1,95.0168016194332
6409,246,0,1,1,1,95.50020325203252
6410,246,0,0,1,0,95.60853658536585
6411,245,0,1,0,1,95.64448979591836
6412,244,0,1,1,1,95.95368852459016
6413,244,0,0,2,0,95.9811475409836
6414,245,1,0,0,0,95.80836734693877
6415,246,1,0,0,0,95.49024390243902
6416,247,1,0,0,0,95.23137651821861
6417,245,0,2,1,2,95.61938775510204
6418,245,0,0,0,0,95.66265306122449
6419,244,0,1,0,1,96.14364754098361
6420,244,0,0,1,0,96.24549180327868
6421,243,0,1,0,1,96.28456790123455
6422,243,0,0,0,0,96.36069958847736
6423,245,2,0,0,0,95.75959183673469
6424,245,1,1,1,1,95.80877551020409
6425,246,1,0,2,0,95.55121951219512
6426,247,1,0,0,0,95.40566801619434
6427,246,0,1,0,1,95.91451219512196
6428,245,0,1,0,1,96.25681632653061
6429,243,0,2,1,2,96.33999999999999
6430,245,2,0,0,0,95.61661224489796
6431,245,0,0,0,0,95.71253061224489
6432,244,0,1,0,1,95.71606557377049
6433,243,0,1,1,1,96.04432098765432
6434,242,0,1,1,1,96.33801652892562
6435,241,0,1,1,1,96.3609958506224
6436,241,0,0,0,0,96.48153526970954
6437,242,1,0,1,0,96.06136363636364
6438,242,0,0,1,0,96.199173553719
6439,243,1,0,0,0,95.83600823045268
6440,244,1,0,0,0,95.62520491803278
6441,244,0,0,0,0,95.71434426229509
6442,244,0,0,1,0,95.78995901639344
6443,245,1,0,2,0,95.56428571428572
6444,245,0,0,1,0,95.6738775510204
6445,244,0,1,0,1,96.06762295081967
6446,243,0,1,1,1,96.08024691358025
6447,244,1,0,0,0,95.86946721311476
6448,244,1,1,0,1,95.81549180327869
6449,245,1,0,0,0,95.57236734693878
6450,245,1,1,0,1,95.4905306122449
6451,244,0,1,0,1,95.89172131147541
6452,243,0,1,1,1,95.9219341563786
6453,243,1,1,0,1,95.6165843621399
6454,244,1,0,1,0,95.33434426229508
6455,244,0,0,1,0,95.48127049180329
6456,245,1,0,0,0,95.34216326530611
6457,245,0,0,0,0,95.46428571428571
6458,247,2,0,0,0,94.9334008097166
6459,248,1,0,1,0,94.56411290322582
6460,248,0,0,0,0,94.7086693548387
6461,249,1,0,1,0,94.48092369477912
6462,250,2,1,0,1,93.92
6463,250,1,1,1,1,94.04972000000001
6464,250,0,0,2,0,94.18452
6465,249,1,2,0,2,94.24489959839357
6466,250,1,0,0,0,94.05492
6467,249,0,1,0,1,94.21518072289156
6468,249,0,0,1,0,94.45192771084336
6469,251,3,1,0,1,93.80908366533865
6470,251,1,1,0,1,93.86103585657371
6471,251,0,0,0,0,94.0126294820717
6472,252,1,0,0,0,93.93480158730159
6473,252,0,0,0,0,94.0631746031746
6474,253,1,0,1,0,93.78901185770751
6475,254,1,0,0,0,93.57429133858267
6476,254,1,1,0,1,93.72736220472441
6477,254,0,0,3,0,93.88464566929134
6478,253,0,1,0,1,94.34209486166007
6479,252,0,1,0,1,94.75099206349206
6480,253,1,0,0,0,94.47193675889329
6481,253,0,0,0,0,94.56877470355731
6482,253,0,0,2,0,94.73604743083004
6483,252,0,1,0,1,95.20095238095237
6484,252,0,0,0,0,95.29738095238095
6485,252,0,0,0,0,95.4375
6486,252,0,0,0,0,95.5045634920635
6487,252,0,0,1,0,95.66607142857143
6488,251,0,1,0,1,95.75298804780877
6489,251,0,0,1,0,95.78027888446215
6490,252,1,0,1,0,95.54146825396826
6491,252,0,0,0,0,95.65079365079364
6492,253,1,0,0,0,95.45335968379447
6493,255,2,0,0,0,94.90980392156862
6494,254,1,2,0,2,94.68700787401575
6495,254,0,0,1,0,94.83228346456694
6496,251,0,3,1,3,95.21713147410358
6497,251,0,0,1,0,95.3121513944223
6498,251,0,0,0,0,95.43505976095618
6499,254,3,0,0,0,94.46850393700787
6500,254,1,1,0,1,94.22007874015749
6501,255,1,0,0,0,94.14078431372549
6502,254,1,2,0,2,94.19988188976379
6503,254,0,0,1,0,94.21444881889764
6504,255,1,0,0,0,94.08929411764706
6505,255,1,1,1,1,94.18376470588235
6506,255,0,0,0,0,94.36101960784315
6507,255,0,0,0,0,94.47239215686274
6508,254,0,1,1,1,94.84925196850394
6509,252,0,2,0,2,95.55202380952382
6510,252,0,0,0,0,95.70738095238094
6511,252,0,0,0,0,95.70123015873016
6512,251,0,1,0,1,95.86035856573706
6513,250,0,1,1,1,96.26675999999999
6514,249,0,1,0,1,96.39975903614459
6515,249,0,0,1,0,96.41843373493975
6516,249,0,0,1,0,96.54835341365462
6517,248,0,1,1,1,96.72435483870967
6518,248,0,0,0,0,96.8503629032258
6519,250,2,0,1,0,96.29075999999999
6520,250,0,0,0,0,96.37596
6521,249,0,1,0,1,96.4710843373494
6522,248,0,1,0,1,96.62520161290323
6523,247,0,1,0,1,97.04736842105264
6524,248,1,0,0,0,96.69939516129033
6525,248,0,0,0,0,96.72096774193548
6526,251,3,0,2,0,95.76374501992032
6527,251,0,0,0,0,95.8906374501992
6528,251,0,0,0,0,96.03152199411062
6529,251,0,0,0,0,96.13988852797516
6530,251,0,0,0,0,96.3121513944223
6531,250,0,1,0,1,96.3192
6532,249,0,1,0,1,96.59626506024097
6533,249,0,0,1,0,96.74265060240963
6534,250,1,0,0,0,96.49947999999999
6535,251,1,0,0,0,96.18235059760957
6536,251,1,1,0,1,96.19490039840636
6537,250,0,1,0,1,96.31708
6538,249,0,1,0,1,96.35441767068274
6539,249,1,1,0,1,95.92991967871485
6540,250,1,0,0,0,95.6038
6541,250,0,0,0,0,95.68339999999999
6542,249,0,1,0,1,96.02309236947791
6543,250,1,0,0,0,95.6778
6544,249,1,2,0,2,95.94819277108434
6545,249,0,0,1,0,95.98273092369479
6546,250,1,0,0,0,95.7354
6547,250,0,0,0,0,95.84859999999999
6548,247,0,3,0,3,96.61113360323887
6549,247,0,0,0,0,96.74493927125506
6550,247,1,1,0,1,96.40506072874494
6551,245,0,2,2,2,96.71220408163265
6552,244,0,1,0,1,96.76040983606558
6553,244,0,0,0,0,96.80016393442622
6554,245,1,0,2,0,96.44077551020408
6555,245,1,1,0,1,96.2754693877551
6556,245,0,0,0,0,96.39893877551019
6557,244,0,1,1,1,96.71434426229509
6558,245,1,0,0,0,96.33755102040817
6559,246,1,0,1,0,96.1859756097561
6560,246,0,0,0,0,96.35833333333332
6561,246,1,1,1,1,96.06138211382114
6562,247,1,0,0,0,95.7672064777328
6563,247,0,0,1,0,95.80951417004049
6564,247,0,0,1,0,95.80182186234818
6565,245,0,2,1,2,96.28061224489795
6566,245,0,0,1,0,96.46632653061225
6567,245,0,0,0,0,96.48755102040816
6568,246,1,0,0,0,96.2859756097561
6569,244,0,2,1,2,96.62131147540983
6570,244,0,0,0,0,96.65081967213115
6571,244,0,0,1,0,96.75676229508197
6572,241,0,3,1,3,96.78070539419087
6573,241,1,1,0,1,96.64875518672198
6574,241,0,0,1,0,96.65248962655602
6575,241,0,0,0,0,96.80248962655601
6576,242,2,1,0,1,96.0293388429752
6577,242,0,0,0,0,96.12809917355372
6578,242,0,0,0,0,96.23181818181817
6579,242,0,0,0,0,96.31239669421487
6580,242,1,1,1,1,95.96384297520662
6581,241,0,1,1,1,96.04107883817426
6582,241,1,1,0,1,95.97240663900415
6583,241,1,1,1,1,96.01265560165974
6584,240,0,1,0,1,96.15625
6585,240,0,0,0,0,96.28
6586,241,1,0,0,0,95.94128630705393
6587,240,0,1,1,1,96.49437499999999
6588,240,0,0,0,0,96.58145833333333
6589,242,2,0,0,0,95.84380165289257
6590,242,2,2,1,2,95.44359504132231
6591,242,1,1,1,1,95.42669421487602
6592,241,0,1,0,1,95.90481327800829
6593,240,0,1,0,1,96.150875
6594,240,1,1,0,1,96.15691666666666
6595,240,0,0,0,0,96.34899999999999
6596,240,1,1,1,1,96.36004166666666
6597,239,0,1,0,1,96.72158995815899
6598,238,0,1,0,1,97.05928571428572
6599,239,1,0,0,0,96.74753138075313
6600,239,0,0,0,0,96.78644351464435
6601,239,0,0,1,0,96.82326359832635
6602,239,1,1,2,1,96.53163179916316
6603,239,0,0,1,0,96.66719665271967
6604,239,0,0,1,0,96.70841004184099
6605,240,1,0,0,0,96.46254166666667
6606,241,1,0,0,0,96.20522821576763
6607,241,0,0,1,0,96.26809128630705
6608,241,1,1,0,1,95.84941908713692
6609,241,0,0,0,0,95.87576763485477
6610,240,0,1,2,1,95.98545833333333
6611,240,1,1,0,1,95.76083333333332
6612,240,0,0,0,0,95.84333333333332
6613,240,0,0,0,0,95.82625
6614,241,1,0,2,0,95.53029045643153
6615,242,1,0,0,0,95.33863636363637
6616,242,0,0,0,0,95.43078512396694
6617,242,0,0,0,0,95.51446280991736
6618,243,1,0,2,0,95.19609053497942
6619,243,0,0,0,0,95.32078189300412
6620,243,1,1,1,1,94.94197530864197
6621,243,0,0,1,0,95.02160493827161
6622,243,0,0,1,0,95.10555555555554
6623,242,0,1,0,1,95.47933884297521
6624,242,0,0,0,0,95.56652892561983
6625,242,0,0,1,0,95.69545454545454
6626,242,0,0,0,0,95.83512396694215
6627,241,0,1,1,1,95.91452282157675
6628,241,0,0,0,0,95.90954356846473
6629,241,0,0,0,0,95.9778008298755
6630,242,1,0,0,0,95.65041322314049
6631,242,0,0,0,0,95.78636363636363
6632,241,0,1,1,1,96.10082987551867
6633,242,1,0,0,0,95.76487603305785
6634,243,1,0,0,0,95.56069958847736
6635,243,0,0,0,0,95.70082304526748
6636,244,2,1,0,1,95.24118852459016
6637,242,0,2,0,2,95.6039256198347
6638,242,0,0,0,0,95.70847107438017
6639,240,0,2,0,2,96.29875
6640,239,0,1,0,1,96.2652719665272
6641,238,0,1,0,1,96.55210084033612
6642,238,0,0,1,0,96.61323529411764
6643,238,0,0,0,0,96.68550420168066
6644,239,1,0,1,0,96.31150627615062
6645,240,1,0,2,0,96.12229166666665
6646,239,0,1,1,1,96.5428870292887
6647,237,0,2,1,2,96.95637130801688
6648,238,1,0,0,0,96.68323529411765
6649,239,1,0,0,0,96.46046025104602
6650,237,0,2,0,2,96.83898734177215
6651,236,0,1,0,1,97.14995762711864
6652,236,0,0,1,0,97.2311440677966
6653,235,0,1,0,1,97.60680851063829
6654,236,1,0,0,0,97.2510593220339
6655,236,0,0,0,0,97.26631355932203
6656,235,0,1,1,1,97.33595744680851
6657,233,0,2,0,2,97.73197424892703
6658,233,0,0,0,0,97.82725321888412
6659,234,1,0,0,0,97.45534188034188
6660,235,1,0,0,0,97.02553191489362
6661,236,1,0,1,0,96.77118644067797
6662,236,0,0,0,0,96.87055084745764
6663,237,1,0,0,0,96.56012658227849
6664,240,3,0,1,0,95.404375
6665,240,0,0,0,0,95.55145833333333
6666,238,0,2,0,2,95.89941176470589
6667,238,0,0,0,0,95.94163865546219
6668,238,0,0,0,0,96.07441176470589
6669,238,0,0,0,0,96.07903361344539
6670,238,0,0,0,0,96.2372268907563
6671,241,3,0,1,0,95.07576763485477
6672,241,1,1,0,1,95.11925311203319
6673,241,0,0,0,0,95.40199170124481
6674,240,0,1,1,1,95.710125
6675,240,1,1,0,1,95.73395833333333
6676,240,0,0,0,0,95.89145833333333
6677,237,0,3,0,3,96.9997046413502
6678,237,0,0,0,0,97.09696202531646
6679,238,1,0,0,0,96.80924369747899
6680,238,0,0,0,0,96.87436974789915
6681,239,1,0,0,0,96.55334728033473
6682,237,0,2,0,2,96.89721518987342
6683,238,1,0,1,0,96.60268907563025
6684,238,0,0,1,0,96.60941176470588
6685,238,0,0,0,0,96.61949579831932
6686,239,1,0,0,0,96.51062761506276
6687,240,1,0,0,0,96.27704166666668
6688,241,3,2,1,2,95.20659751037344
6689,241,1,1,1,1,95.02858921161825
6690,243,2,0,0,0,94.38205761316873
6691,243,0,0,0,0,94.51703703703703
6692,241,0,2,0,2,95.33502074688796
6693,242,1,0,0,0,94.96152892561983
6694,243,1,0,0,0,94.71024691358025
6695,243,0,0,0,0,94.75654320987654
6696,243,1,1,1,1,94.82012345679013
6697,241,0,2,1,2,95.2738174273859
6698,239,0,2,0,2,95.62928870292887
6699,237,0,2,1,2,95.90400843881856
6700,238,1,0,0,0,95.55735294117646
6701,240,2,0,0,0,94.87708333333333
6702,239,0,1,0,1,95.34037656903764
6703,240,2,1,0,1,95.00500000000001
6704,241,1,0,0,0,94.72053941908715
6705,241,0,0,1,0,94.91452282157677
6706,241,0,0,0,0,94.98941908713694
6707,240,0,1,0,1,95.39770833333334
6708,241,1,0,0,0,95.15746887966806
6709,242,1,0,1,0,94.94442148760331
6710,240,0,2,0,2,95.57854166666667
6711,240,0,0,0,0,95.64645833333334
6712,240,1,1,0,1,95.40541666666667
6713,239,1,2,1,2,95.80836820083682
6714,239,0,0,2,0,95.92196652719664
6715,240,1,0,1,0,95.6375
6716,240,0,0,0,0,95.744375
6717,241,2,1,1,1,95.35248962655602
6718,241,0,0,0,0,95.45124481327801
6719,240,0,1,2,1,95.67395833333333
6720,240,0,0,1,0,95.771875
6721,240,1,1,0,1,95.46000000000001
6722,239,0,1,1,1,95.8376150627615
6723,237,0,2,0,2,96.28860759493672
6724,236,0,1,1,1,96.37796610169492
6725,236,0,0,1,0,96.4072033898305
6726,236,0,0,1,0,96.46101694915254
6727,237,1,0,0,0,96.10464135021097
6728,235,0,2,0,2,96.20106382978723
6729,236,1,0,0,0,95.91207627118644
6730,235,1,2,1,2,95.97042553191488
6731,235,1,1,0,1,95.66446808510639
6732,235,1,1,0,1,95.66234042553192
6733,236,1,0,0,0,95.38580508474575
6734,236,0,0,0,0,95.48516949152543
6735,237,1,0,0,0,95.23080168776372
6736,239,2,0,1,0,94.5958158995816
6737,240,2,1,0,1,94.27258333333333
6738,240,0,0,0,0,94.40633333333334
6739,240,0,0,1,0,94.538625
6740,240,1,1,1,1,94.23466666666667
6741,240,0,0,0,0,94.48508333333332
6742,239,0,1,0,1,94.90230125523013
6743,239,0,0,0,0,95.0373640167364
6744,240,2,1,1,1,94.31387500000001
6745,240,0,0,0,0,94.398875
6746,242,2,0,0,0,93.85115702479338
6747,241,1,2,0,2,93.93585062240665
6748,242,1,0,1,0,93.63487603305785
6749,242,0,0,0,0,93.97185950413223
6750,243,1,0,0,0,93.78658436213992
6751,242,0,1,0,1,94.16628099173555
6752,240,0,2,1,2,94.65833333333333
6753,239,0,1,0,1,95.16694560669457
6754,240,1,0,0,0,94.88229166666666
6755,241,1,0,0,0,94.48651452282158
6756,241,0,0,0,0,94.7091286307054
6757,240,0,1,0,1,95.03329166666667
6758,239,0,1,0,1,95.25518828451884
6759,239,0,0,0,0,95.32171548117155
6760,239,0,0,0,0,95.41774058577406
6761,238,0,1,1,1,95.5653781512605
6762,237,0,1,1,1,95.573417721519
6763,237,0,0,0,0,95.65717299578058
6764,238,2,1,0,1,95.03928571428571
6765,239,1,0,0,0,94.82907949790795
6766,240,1,0,1,0,94.60375
6767,239,0,1,0,1,95.02615062761507
6768,239,0,0,0,0,95.12175732217572
6769,239,0,0,0,0,95.19686192468619
6770,241,2,0,1,0,94.59564315352696
6771,241,1,1,0,1,94.34813278008299
6772,239,0,2,1,2,95.09539748953975
6773,238,0,1,0,1,95.51596638655462
6774,240,2,0,0,0,94.89354166666666
6775,242,2,0,0,0,94.36239669421488
6776,242,0,0,1,0,94.4004132231405
6777,243,1,0,0,0,94.18765432098765
6778,243,1,1,0,1,93.92407407407407
6779,242,0,1,1,1,94.3047520661157
6780,244,2,0,0,0,93.76844262295081
6781,243,1,2,1,2,94.25864197530863
6782,242,0,1,1,1,94.59078512396695
6783,243,1,0,0,0,94.33465020576132
6784,242,0,1,0,1,94.78830578512397
6785,242,0,0,0,0,94.9087603305785
6786,242,0,0,0,0,94.90752066115702
6787,243,1,0,0,0,94.68711934156379
6788,243,1,1,0,1,94.85098765432099
6789,241,0,2,0,2,95.16074688796681
6790,242,2,1,0,1,94.87351239669421
6791,243,1,0,1,0,94.7046913580247
6792,242,0,1,1,1,95.1346694214876
6793,242,0,0,0,0,95.40929752066116
6794,243,2,1,1,1,95.06847736625514
6795,243,0,0,2,0,95.20818930041152
6796,242,0,1,0,1,95.30760330578512
6797,243,1,0,1,0,95.1180658436214
6798,243,0,0,0,0,95.13843621399177
6799,243,0,0,0,0,95.26395061728395
6800,241,0,2,1,2,95.6354356846473
6801,242,1,0,0,0,95.33198347107438
6802,242,0,0,0,0,95.43342975206612
6803,242,0,0,1,0,95.50719008264464
6804,242,0,0,0,0,95.68012396694215
6805,242,1,1,1,1,95.65801652892563
6806,242,0,0,0,0,95.8057438016529
6807,241,0,1,1,1,95.88688796680499
6808,239,0,2,1,2,96.25435146443515
6809,240,1,0,0,0,96.00083333333333
6810,239,0,1,0,1,96.38556485355649
6811,240,1,0,0,0,96.0
6812,239,0,1,0,1,96.05899581589958
6813,239,0,0,0,0,96.19581589958159
6814,240,1,0,1,0,95.98645833333333
6815,239,0,1,0,1,96.12071129707113
6816,239,0,0,0,0,96.17782426778243
6817,240,1,0,1,0,95.83
6818,240,1,1,0,1,95.93
6819,240,0,0,0,0,96.08666666666666
6820,241,1,0,0,0,95.81804979253113
6821,241,0,0,0,0,95.9201244813278
6822,241,0,0,0,0,95.94128630705393
6823,241,0,0,0,0,96.03278008298754
6824,241,0,0,1,0,96.21742738589211
6825,240,0,1,1,1,96.25395833333333
6826,241,1,0,0,0,96.03651452282158
6827,241,1,1,0,1,95.96701244813278
6828,242,1,0,0,0,95.66239669421488
6829,242,1,1,2,1,95.68037190082644
6830,243,1,0,0,0,95.52181069958847
6831,243,0,0,0,0,95.56172839506173
6832,240,0,3,0,3,96.48208333333334
6833,240,0,0,0,0,96.55
6834,239,0,1,0,1,96.61213389121339
6835,240,1,0,0,0,96.25104166666667
6836,239,0,1,0,1,96.36569037656905
6837,238,0,1,0,1,96.40840336134454
6838,237,0,1,1,1,96.41413502109705
6839,236,0,1,0,1,96.49131355932204
6840,235,0,1,0,1,96.4791489361702
6841,235,1,1,0,1,96.51723404255318
6842,235,1,1,0,1,96.59
6843,235,0,0,0,0,96.7663829787234
6844,236,1,0,1,0,96.45572033898304
6845,236,1,1,0,1,96.40699152542372
6846,236,0,0,0,0,96.54258474576271
6847,235,0,1,2,1,96.96914893617021
6848,234,0,1,0,1,97.12948717948717
6849,233,0,1,0,1,97.55901287553648
6850,233,0,0,0,0,97.58497854077252
6851,233,0,0,0,0,97.62961373390559
6852,234,1,0,0,0,97.25170940170939
6853,234,0,0,0,0,97.35918803418804
6854,233,1,2,0,2,97.36995708154507
6855,233,0,0,0,0,97.47317596566523
6856,231,0,2,0,2,97.53073593073593
6857,232,1,0,0,0,97.22176724137931
6858,232,0,0,0,0,97.40646551724137
6859,233,1,0,0,0,97.02660944206009
6860,234,1,0,0,0,96.72649572649573
6861,234,0,0,1,0,96.86260683760683
6862,235,1,0,0,0,96.63531914893616
6863,235,1,1,0,1,96.26872340425531
6864,236,1,0,0,0,95.99194915254236
6865,234,0,2,0,2,96.43311965811965
6866,234,0,0,1,0,96.54358974358975
6867,234,0,0,1,0,96.6207264957265
6868,234,0,0,2,0,96.70149572649572
6869,234,0,0,1,0,96.82521367521367
6870,236,2,0,1,0,96.09851694915254
6871,237,1,0,0,0,95.76033755274261
6872,236,0,1,0,1,95.86822033898304
6873,238,2,0,1,0,95.27373949579831
6874,237,0,1,0,1,95.39324894514768
6875,237,1,1,0,1,95.40801687763714
6876,237,0,0,1,0,95.53966244725737
6877,238,1,0,0,0,95.26218487394956
6878,239,1,0,1,0,95.02133891213388
6879,238,1,2,1,2,94.97726890756303
6880,236,0,2,0,2,95.37533898305084
6881,236,0,0,0,0,95.4331779661017
6882,235,0,1,0,1,95.85144680851064
6883,234,0,1,0,1,95.87858974358974
6884,232,0,2,1,2,96.35344827586206
6885,232,0,0,0,0,96.3571551724138
6886,232,0,0,2,0,96.49056034482757
6887,230,0,2,1,2,96.85465217391304
6888,229,0,1,1,1,96.90903930131003
6889,230,2,1,0,1,96.3465652173913
6890,230,0,0,0,0,96.43934782608696
6891,231,1,0,1,0,96.05670995670995
6892,231,0,0,1,0,96.11341991341992
6893,232,1,0,0,0,95.85323275862069
6894,232,1,1,1,1,95.70905172413794
6895,233,1,0,0,0,95.41931330472103
6896,232,0,1,0,1,95.73469827586207
6897,235,3,0,0,0,94.67744680851064
6898,233,0,2,0,2,95.5519313304721
6899,232,0,1,0,1,95.99344827586206
6900,232,0,0,0,0,96.08633620689655
6901,231,0,1,0,1,96.43238095238095
6902,231,0,0,0,0,96.50748917748918
6903,233,2,0,0,0,95.72609442060086
6904,233,0,0,1,0,95.80570815450643
6905,233,0,0,1,0,95.92716738197424
6906,232,0,1,1,1,96.38094827586207
6907,232,0,0,0,0,96.54732758620689
6908,232,0,0,0,0,96.59689655172414
6909,233,1,0,0,0,96.2755364806867
6910,232,0,1,1,1,96.39331896551724
6911,232,0,0,0,0,96.34461206896552
6912,233,1,0,1,0,96.08476394849785
6913,233,1,1,3,1,95.99763948497855
6914,233,0,0,0,0,96.08111587982832
6915,234,2,1,0,1,95.34786324786324
6916,233,0,1,0,1,95.8442060085837
6917,233,0,0,1,0,95.95364806866954
6918,234,2,1,0,1,95.19551282051282
6919,234,0,0,1,0,95.44252136752137
6920,234,1,1,0,1,95.02863247863249
6921,234,0,0,1,0,95.00641025641026
6922,236,2,0,1,0,94.32881355932203
6923,234,0,2,0,2,95.19863247863248
6924,233,0,1,1,1,95.59669527896995
6925,231,0,2,1,2,95.8408225108225
6926,230,1,2,0,2,96.22578260869565
6927,231,1,0,1,0,95.85683982683983
6928,231,0,0,0,0,95.97437229437229
6929,232,1,0,0,0,95.76974137931033
6930,232,0,0,0,0,95.94331896551724
6931,232,1,1,0,1,95.63685344827586
6932,232,0,0,1,0,95.7051724137931
6933,232,0,0,1,0,95.76681034482758
6934,230,0,2,0,2,96.26978260869565
6935,230,0,0,0,0,96.2941304347826
6936,229,0,1,1,1,96.35764192139737
6937,229,1,1,0,1,96.2447598253275
6938,228,0,1,0,1,96.39451754385965
6939,227,1,2,0,2,96.3647577092511
6940,227,0,0,1,0,96.4169603524229
6941,228,1,0,0,0,96.12039473684212
6942,227,0,1,0,1,96.2806167400881
6943,227,1,1,0,1,96.36387665198237
6944,227,0,0,1,0,96.4486784140969
6945,227,0,0,1,0,96.6352422907489
6946,226,0,1,0,1,96.92588495575221
6947,226,0,0,0,0,96.94845132743362
6948,226,1,1,2,1,96.58893805309734
6949,226,1,1,0,1,96.23805309734513
6950,225,0,1,2,1,96.59533333333334
6951,225,2,2,1,2,95.78111111111112
6952,226,1,0,0,0,95.48340707964601
6953,227,1,0,0,0,95.22136563876651
6954,227,0,0,0,0,95.22753303964757
6955,227,0,0,0,0,95.39383259911894
6956,226,0,1,1,1,95.46438053097346
6957,225,0,1,0,1,95.622
6958,227,3,1,1,1,94.90132158590308
6959,227,1,1,1,1,94.94167400881057
6960,227,0,0,0,0,94.91568281938326
6961,226,0,1,1,1,95.35137168141593
6962,226,0,0,0,0,95.50845132743363
6963,225,0,1,1,1,95.98226666666666
6964,225,0,0,0,0,95.92559999999999
6965,226,1,0,0,0,95.60004424778761
6966,225,0,1,1,1,95.73271111111112
6967,224,0,1,0,1,96.10004464285714
6968,223,0,1,0,1,96.28766816143496
6969,222,0,1,1,1,96.4277027027027
6970,222,0,0,0,0,96.49149693705486
6971,222,0,0,1,0,96.6036036036036
6972,224,2,0,0,0,95.88437499999999
6973,223,0,1,0,1,96.32354260089687
6974,223,0,0,0,0,96.32062780269058
6975,223,0,0,0,0,96.45627802690584
6976,225,2,0,0,0,95.72333333333333
6977,224,0,1,1,1,96.06852678571428
6978,225,1,0,0,0,95.63
6979,225,0,0,1,0,95.80911111111111
6980,224,1,2,0,2,96.25379464285713
6981,225,1,0,0,0,95.95533333333334
6982,224,0,1,0,1,96.27566964285714
6983,226,2,0,0,0,95.62013274336284
6984,226,1,1,1,1,95.62013274336284
6985,227,1,0,0,0,95.39999999999999
6986,225,0,2,0,2,95.74733333333334
6987,225,0,0,0,0,95.76
6988,226,2,1,0,1,95.11261061946902
6989,226,0,0,0,0,95.28318584070796
6990,225,0,1,0,1,95.62666666666667
6991,225,0,0,0,0,95.80777777777777
6992,225,1,1,0,1,95.7
6993,225,1,1,0,1,95.76222222222222
6994,227,2,0,0,0,95.03876651982378
6995,226,1,2,0,2,95.42234513274336
6996,228,2,0,0,0,94.73377192982456
6997,227,0,1,0,1,95.13039647577092
6998,226,0,1,0,1,95.23805309734513
6999,228,2,0,0,0,94.53837719298245
7000,228,1,1,0,1,94.68508771929825
7001,230,2,0,0,0,93.99260869565217
7002,229,0,1,1,1,94.4532751091703
7003,227,0,2,0,2,95.10334801762114
7004,226,0,1,0,1,95.55070796460177
7005,227,1,0,0,0,95.27845814977974
7006,226,0,1,1,1,95.3250442477876
7007,226,0,0,0,0,95.44716814159291
7008,226,0,0,0,0,95.46774336283185
7009,226,0,0,2,0,95.55092920353981
7010,225,0,1,0,1,96.06559999999999
7011,224,0,1,0,1,96.28955357142857
7012,223,0,1,0,1,96.71999999999998
7013,224,1,0,0,0,96.35227678571428
7014,224,0,0,0,0,96.31142857142856
7015,224,1,1,0,1,95.94290178571428
7016,224,0,0,0,0,96.04245535714286
7017,224,0,0,0,0,96.14066964285713
7018,225,1,0,0,0,95.76137777777777
7019,225,0,0,0,0,95.77626666666667
7020,225,0,0,0,0,95.96226666666666
7021,227,2,0,0,0,95.08
7022,226,0,1,0,1,95.12522123893805
7023,226,0,0,1,0,95.30707964601768
7024,227,1,0,0,0,95.02709251101321
7025,227,1,1,0,1,94.97775330396476
7026,226,0,1,0,1,95.08318584070796
7027,225,0,1,0,1,95.47831111111111
7028,225,0,0,0,0,95.5552
7029,225,0,0,1,0,95.56386666666666
7030,226,1,0,0,0,95.25163716814158
7031,226,0,0,0,0,95.3770796460177
7032,226,0,0,1,0,95.41579646017699
7033,225,0,1,1,1,96.0112
7034,227,2,0,1,0,95.25647577092512
7035,226,0,1,0,1,95.67442477876105
7036,226,1,1,1,1,95.61646017699115
7037,226,0,0,1,0,95.67876106194689
7038,225,0,1,0,1,96.1271111111111
7039,225,0,0,0,0,96.29866666666668
7040,225,0,0,0,0,96.45355555555555
7041,226,1,0,0,0,96.15707964601769
7042,225,0,1,1,1,96.55688888888889
7043,225,0,0,0,0,96.65488888888888
7044,223,0,2,0,2,96.98206278026906
7045,222,0,1,0,1,97.44846846846848
7046,222,0,0,1,0,97.60342342342342
7047,222,0,0,1,0,97.69328828828829
7048,222,0,0,0,0,97.8213963963964
7049,224,2,0,0,0,97.08125
7050,223,0,1,1,1,97.33699551569508
7051,224,1,0,1,0,96.95513392857143
7052,226,2,0,1,0,96.16858407079646
7053,227,1,0,0,0,95.87356828193832
7054,229,2,0,0,0,95.1301310043668
7055,228,0,1,1,1,95.25614035087719
7056,228,0,0,1,0,95.39100877192982
7057,228,1,1,1,1,95.4923245614035
7058,228,1,1,0,1,95.19956140350877
7059,228,0,0,0,0,95.23464912280701
7060,229,1,0,1,0,94.86659388646288
7061,229,0,0,0,0,95.05655021834062
7062,229,0,0,0,0,95.15349344978165
7063,232,3,0,0,0,94.16939655172413
7064,232,0,0,1,0,94.28922413793103
7065,231,0,1,0,1,94.32727272727273
7066,230,0,1,0,1,94.44695652173912
7067,229,0,1,0,1,94.94279475982532
7068,229,1,1,0,1,94.92117903930131
7069,229,0,0,0,0,95.01768558951964
7070,231,2,0,0,0,94.27272727272727
7071,230,0,1,1,1,94.6091304347826
7072,231,1,0,1,0,94.32835497835497
7073,231,0,0,1,0,94.50800865800865
7074,229,1,3,0,3,95.19912663755458
7075,228,0,1,0,1,95.68026315789473
7076,229,1,0,1,0,95.37554585152839
7077,229,0,0,0,0,95.4032751091703
7078,230,1,0,0,0,95.13369565217391
7079,230,0,0,0,0,95.27608695652174
7080,230,1,1,0,1,95.36043478260869
7081,232,2,0,1,0,94.74719827586206
7082,231,0,1,0,1,95.19870129870131
7083,231,0,0,0,0,95.30800865800866
7084,232,1,0,1,0,95.01034482758621
7085,232,0,0,0,0,95.11961206896552
7086,231,0,1,0,1,95.52212121212122
7087,232,1,0,1,0,95.35564655172413
7088,232,1,1,0,1,95.40762931034483
7089,231,0,1,0,1,95.81883116883118
7090,230,0,1,1,1,96.24695652173912
7091,229,0,1,1,1,96.54956331877729
7092,230,1,0,0,0,96.15826086956521
7093,230,1,1,0,1,96.1444347826087
7094,230,0,0,0,0,96.21747826086957
7095,230,0,0,1,0,96.29530434782608
7096,230,0,0,1,0,96.50747826086958
7097,230,0,0,0,0,96.55182608695651
7098,230,0,0,1,0,96.67234782608695
7099,229,0,1,0,1,96.74973799126637
7100,228,0,1,2,1,97.21377192982455
7101,228,2,2,0,2,96.79661403508773
7102,228,0,0,0,0,96.7998596491228
7103,227,0,1,1,1,97.21021145374449
7104,227,0,0,1,0,97.18532158590308
7105,227,0,0,0,0,97.27320704845815
7106,227,0,0,0,0,97.40029955947136
7107,228,1,0,0,0,97.1794649122807
7108,227,0,1,0,1,97.30449339207048
7109,228,1,0,0,0,97.04833333333333
7110,228,0,0,0,0,97.05688596491228
7111,227,0,1,2,1,97.28334801762115
7112,227,0,0,0,0,97.341718061674
7113,228,1,0,0,0,96.97719298245613
7114,228,0,0,1,0,97.1140350877193
7115,229,1,0,0,0,96.79650655021835
7116,230,1,0,0,0,96.55826086956522
7117,229,0,1,0,1,96.94628820960699
7118,231,2,0,0,0,96.16839826839826
7119,231,1,1,0,1,96.29502164502163
7120,229,0,2,0,2,96.62489082969432
7121,232,3,0,0,0,95.49116379310345
7122,233,1,0,1,0,95.30708154506438
7123,232,0,1,0,1,95.72478448275861
7124,231,0,1,0,1,95.79480519480519
7125,231,0,0,0,0,95.83073593073593
7126,231,0,0,0,0,95.92683982683982
7127,232,1,0,1,0,95.6030172413793
7128,232,0,0,1,0,95.64762931034483
7129,232,0,0,0,0,95.86465517241379
7130,231,0,1,1,1,96.31432900432901
7131,231,0,0,0,0,96.35242424242425
7132,230,0,1,0,1,96.44091304347826
7133,229,1,2,0,2,96.08257641921398
7134,226,0,3,0,3,96.43853982300885
7135,226,0,0,0,0,96.47880530973451
7136,225,1,2,0,2,96.21182222222222
7137,225,0,0,0,0,96.36026666666667
7138,226,1,0,0,0,96.01331858407079
7139,225,0,1,1,1,96.35675555555555
7140,224,0,1,0,1,96.45232142857142
7141,224,1,1,1,1,96.10522321428572
7142,224,0,0,0,0,96.19986607142857
7143,224,0,0,1,0,96.34223214285714
7144,222,0,2,0,2,96.95612612612612
7145,223,1,0,0,0,96.54937219730941
7146,222,0,1,0,1,96.98792792792793
7147,221,0,1,0,1,97.37886877828053
7148,221,1,1,0,1,96.96914027149322
7149,221,0,0,0,0,97.05737556561085
7150,222,1,0,0,0,96.6604954954955
7151,222,0,0,0,0,96.70418918918918
7152,222,0,0,0,0,96.7963063063063
7153,221,1,2,2,2,96.3956108597285
7154,222,1,0,1,0,96.03594594594594
7155,221,0,1,0,1,96.05529411764705
7156,221,0,0,0,0,96.16909502262443
7157,221,0,0,0,0,96.28923076923076
7158,221,0,0,1,0,96.45122171945702
7159,220,1,2,0,2,96.40531818181817
7160,220,0,0,1,0,96.50259090909091
7161,220,0,0,0,0,96.70772727272728
7162,220,0,0,0,0,96.72931818181819
7163,220,0,0,0,0,96.77477272727273
7164,220,0,0,0,0,96.8490909090909
7165,220,0,0,1,0,96.9625
7166,219,0,1,0,1,97.0824200913242
7167,219,0,0,1,0,97.08744292237442
7168,220,1,0,0,0,96.66886363636362
7169,220,0,0,1,0,96.84204545454546
7170,221,1,0,1,0,96.50995475113122
7171,220,0,1,0,1,96.65227272727273
7172,220,0,0,1,0,96.77272727272727
7173,219,0,1,1,1,97.2420091324201
7174,219,0,0,1,0,97.24657534246575
7175,219,0,0,0,0,97.26643835616437
7176,220,1,0,0,0,96.88204545454545
7177,220,0,0,1,0,96.90818181818182
7178,220,0,0,0,0,97.05909090909091
7179,221,1,0,0,0,96.73936651583709
7180,222,1,0,0,0,96.35810810810811
7181,221,0,1,1,1,96.8591402714932
7182,221,1,1,0,1,96.53266968325792
7183,224,3,0,0,0,95.32732142857142
7184,223,0,1,0,1,95.70367713004484
7185,223,0,0,0,0,95.82878923766816
7186,222,0,1,0,1,96.24333333333334
7187,222,0,0,0,0,96.2722972972973
7188,222,0,0,0,0,96.33963963963963
7189,222,0,0,2,0,96.47135278995087
7190,222,0,0,0,0,96.61346990706798
7191,223,1,0,0,0,96.31856645456992
7192,223,0,0,0,0,96.48744394618835
7193,223,0,0,1,0,96.51569506726457
7194,223,0,0,0,0,96.66367713004485
7195,223,0,0,0,0,96.73363228699552
7196,223,0,0,0,0,96.76345291479821
7197,221,0,2,0,2,96.82601809954751
7198,220,0,1,0,1,97.28377272727273
7199,220,1,1,0,1,96.86172727272726
7200,221,1,0,0,0,96.4822624434389
7201,221,0,0,0,0,96.62398190045248
7202,223,2,0,2,0,95.90403587443946
7203,223,0,0,0,0,96.01726457399103
7204,224,2,1,0,1,95.61986607142856
7205,224,0,0,0,0,95.70424107142857
7206,225,1,0,0,0,95.39822222222222
7207,224,0,1,0,1,95.846875
7208,224,0,0,0,0,95.97991071428571
7209,224,0,0,1,0,96.0703125
7210,224,0,0,2,0,96.15781249999999
7211,224,0,0,0,0,96.2390625
7212,223,0,1,0,1,96.38946188340806
7213,223,0,0,0,0,96.37713004484304
7214,223,0,0,0,0,96.44865470852018
7215,223,1,1,0,1,96.09887892376682
7216,222,0,1,0,1,96.15472972972972
7217,222,0,0,0,0,96.17252252252251
7218,222,1,1,0,1,95.87725225225225
7219,222,1,1,0,1,95.72905405405405
7220,222,0,0,0,0,95.86463963963965
7221,222,0,0,1,0,95.99527027027027
7222,221,0,1,0,1,96.38167420814479
7223,221,0,0,0,0,96.43325791855203
7224,220,0,1,0,1,96.69022727272727
7225,221,2,1,0,1,96.15266968325791
7226,220,1,2,0,2,96.136
7227,219,0,1,0,1,96.65716894977169
7228,219,0,0,0,0,96.7366210045662
7229,221,2,0,0,0,96.02610859728507
7230,221,0,0,0,0,96.1458371040724
7231,222,1,0,0,0,95.7785135135135
7232,223,1,0,0,0,95.56919282511211
7233,223,0,0,0,0,95.6490134529148
7234,223,0,0,0,0,95.74206278026905
7235,223,0,0,0,0,95.83309417040358
7236,223,1,1,0,1,95.48107623318386
7237,223,0,0,1,0,95.59520179372197
7238,222,0,1,1,1,96.07243243243242
7239,223,1,0,0,0,95.76336322869955
7240,224,1,0,0,0,95.56799107142857
7241,225,1,0,0,0,95.22777777777777
7242,223,0,2,0,2,96.03130044843049
7243,223,0,0,0,0,96.0862331838565
7244,224,1,0,0,0,95.74544642857143
7245,224,1,1,0,1,95.67223214285714
7246,224,1,1,0,1,95.69633928571429
7247,223,0,1,0,1,96.20596412556054
7248,223,0,0,0,0,96.2483408071749
7249,222,0,1,1,1,96.62716216216216
7250,223,1,0,0,0,96.29609865470852
7251,223,0,0,0,0,96.41336322869955
7252,224,1,0,0,0,96.22758928571429
7253,224,1,1,0,1,95.9575
7254,226,2,0,0,0,95.22778761061947
7255,226,0,0,1,0,95.26871681415929
7256,226,0,0,0,0,95.36694690265487
7257,226,0,0,0,0,95.59438053097344
7258,226,0,0,0,0,95.77013274336282
7259,225,0,1,0,1,96.21888888888888
7260,226,1,0,0,0,95.93982300884954
7261,226,0,0,0,0,95.98030973451327
7262,225,0,1,1,1,96.10711111111111
7263,224,0,1,0,1,96.13035714285715
7264,223,0,1,2,1,96.1914798206278
7265,223,0,0,0,0,96.25403587443945
7266,223,0,0,0,0,96.33789237668161
7267,222,0,1,0,1,96.73108108108107
7268,221,0,1,0,1,97.16606334841629
7269,222,1,0,1,0,96.85765765765765
7270,222,0,0,0,0,96.8304054054054
7271,221,0,1,0,1,97.11447963800904
7272,221,0,0,0,0,97.12986425339366
7273,222,1,0,1,0,96.7713963963964
7274,223,1,0,0,0,96.44035874439462
7275,223,1,1,0,1,96.40094170403587
7276,225,2,0,0,0,95.63448888888888
7277,223,0,2,0,2,96.45735426008967
7278,222,0,1,0,1,96.89364864864865
7279,221,0,1,0,1,96.95244343891402
7280,221,0,0,0,0,97.00606334841629
7281,221,0,0,1,0,97.08864253393665
7282,221,0,0,0,0,97.17122171945701
7283,222,1,0,1,0,96.70085585585586
7284,222,0,0,1,0,96.73418918918918
7285,224,2,0,0,0,96.14080357142858
7286,224,0,0,0,0,96.20754464285713
7287,223,0,1,1,1,96.28538116591928
7288,223,0,0,2,0,96.33
7289,222,0,1,0,1,96.58833333333334
7290,222,0,0,0,0,96.6164864864865
7291,221,0,1,1,1,96.99235294117648
7292,221,0,0,0,0,97.04846153846154
7293,221,1,1,0,1,96.62085972850679
7294,221,0,0,0,0,96.57199095022624
7295,221,0,0,1,0,96.5362443438914
7296,220,0,1,1,1,97.09522727272727
7297,220,0,0,0,0,97.25227272727273
7298,221,1,0,1,0,96.98190045248869
7299,221,0,0,0,0,96.99864253393666
7300,219,0,2,0,2,97.09497716894977
7301,218,0,1,0,1,97.50986238532111
7302,218,0,0,0,0,97.61032110091743
7303,218,0,0,1,0,97.68119266055047
7304,218,1,1,0,1,97.38669724770642
7305,218,1,1,0,1,97.01444954128439
7306,218,0,0,1,0,97.08371559633028
7307,217,0,1,2,1,97.09815668202765
7308,217,0,0,1,0,97.16013824884793
7309,218,2,1,0,1,96.34495412844036
7310,217,0,1,1,1,96.43801843317972
7311,218,1,0,0,0,96.15
7312,218,0,0,0,0,96.19426605504586
7313,219,1,0,0,0,96.03059360730595
7314,219,0,0,0,0,96.174200913242
7315,219,0,0,0,0,96.18995433789954
7316,219,0,0,0,0,96.30799086757992
7317,219,0,0,0,0,96.29474885844749
7318,220,1,0,0,0,95.97295454545454
7319,220,0,0,0,0,96.11590909090908
7320,219,1,2,0,2,96.39817351598174
7321,218,0,1,0,1,96.76926605504588
7322,218,0,0,0,0,96.90871559633027
7323,219,1,0,0,0,96.55593607305936
7324,217,0,2,0,2,97.22824884792627
7325,218,1,0,0,0,96.93591743119265
7326,220,2,0,0,0,96.19263636363637
7327,220,0,0,1,0,96.24877272727272
7328,219,0,1,0,1,96.45584474885844
7329,218,0,1,1,1,96.60243119266055
7330,218,1,1,0,1,96.68018348623853
7331,219,1,0,0,0,96.29671232876711
7332,219,0,0,0,0,96.39625570776255
7333,219,0,0,0,0,96.47958904109589
7334,221,2,0,0,0,95.61733031674208
7335,221,1,1,0,1,95.55067873303167
7336,221,0,0,0,0,95.6920814479638
7337,221,0,0,0,0,95.70904977375567
7338,221,0,0,1,0,95.81923076923077
7339,221,0,0,0,0,95.93167420814478
7340,222,1,0,1,0,95.60653153153152
7341,222,0,0,1,0,95.65968468468469
7342,222,0,0,0,0,95.69121621621622
7343,219,0,3,0,3,96.23538812785388
7344,219,0,0,1,0,96.30639269406392
7345,219,0,0,0,0,96.28264840182648
7346,220,1,0,1,0,96.08863636363637
7347,220,0,0,2,0,96.1140909090909
7348,221,1,0,0,0,95.74819004524886
7349,221,1,1,0,1,95.47217194570135
7350,220,0,1,0,1,95.57454545454544
7351,220,0,0,0,0,95.71795454545455
7352,219,0,1,0,1,96.19041095890411
7353,218,0,1,0,1,96.27935779816512
7354,217,0,1,0,1,96.3778801843318
7355,217,0,0,0,0,96.36267281105991
7356,218,2,1,0,1,95.93188073394495
7357,218,0,0,0,0,96.08096330275228
7358,218,1,1,0,1,95.99174311926606
7359,219,1,0,0,0,95.67739726027396
7360,220,1,0,0,0,95.28386363636363
7361,221,1,0,1,0,94.96108597285067
7362,222,2,1,1,1,94.76621621621621
7363,221,0,1,0,1,95.28257918552036
7364,221,0,0,0,0,95.36787330316741
7365,221,0,0,0,0,95.40361990950227
7366,219,1,3,1,3,95.42351598173516
7367,220,1,0,2,0,95.14363636363636
7368,220,0,0,0,0,95.35477272727272
7369,220,0,0,0,0,95.44613636363637
7370,219,0,1,0,1,95.55502283105022
7371,218,0,1,0,1,95.94816513761468
7372,218,0,0,0,0,96.08279816513762
7373,218,0,0,0,0,96.2408256880734
7374,218,0,0,0,0,96.29105504587156
7375,219,1,0,0,0,96.0029680365297
7376,219,0,0,0,0,96.04246575342465
7377,219,0,0,0,0,96.20890410958904
7378,218,0,1,0,1,96.24954128440368
7379,217,0,1,0,1,96.28041474654377
7380,215,0,2,1,2,96.84302325581395
7381,215,0,0,0,0,96.93953488372092
7382,214,0,1,0,1,97.00420560747665
7383,213,0,1,0,1,96.97840375586856
7384,212,0,1,1,1,97.07075471698113
7385,212,0,0,0,0,97.1433962264151
7386,213,1,0,1,0,96.77276995305164
7387,213,0,0,0,0,96.87957746478872
7388,213,1,1,0,1,96.51455399061032
7389,214,1,0,0,0,96.19789719626168
7390,213,0,1,0,1,96.6512676056338
7391,214,1,0,0,0,96.27500984097463
7392,214,0,0,1,0,96.30281357929239
7393,214,0,0,1,0,96.34720610265687
7394,214,0,0,0,0,96.43131825218958
7395,214,1,1,0,1,96.50982292508678
7396,214,0,0,1,0,96.61636498116154
7397,215,1,0,0,0,96.31024235334219
7398,216,1,0,0,0,96.00348197207671
7399,215,0,1,0,1,96.18814933008638
7400,215,0,0,1,0,96.24442839985382
7401,214,0,1,1,1,96.6887948877036
7402,214,0,0,0,0,96.75982292508678
7403,214,0,0,0,0,96.83435563536715
7404,214,0,0,0,0,97.01215937368491
7405,214,0,0,1,0,97.17173881293725
7406,214,0,0,0,0,97.2799163830307
7407,214,0,0,0,0,97.3357476635514
7408,212,0,2,0,2,97.72311320754717
7409,213,1,0,0,0,97.3338028169014
7410,215,3,1,0,1,96.28093023255813
7411,215,0,0,0,0,96.42162790697674
7412,215,0,0,1,0,96.58790697674418
7413,215,1,1,0,1,96.29744186046511
7414,216,1,0,1,0,95.90787037037036
7415,214,0,2,0,2,96.70560747663552
7416,214,0,0,1,0,96.58271028037383
7417,213,0,1,0,1,96.77957746478873
7418,214,1,0,0,0,96.44205607476634
7419,215,1,0,0,0,96.14976744186046
7420,215,0,0,0,0,96.13604651162791
7421,215,1,1,0,1,96.19534883720931
7422,215,0,0,1,0,96.24046511627907
7423,215,0,0,0,0,96.30651162790697
7424,214,0,1,0,1,96.54953271028036
7425,215,2,1,0,1,95.97581395348837
7426,214,0,1,1,1,96.58532710280373
7427,214,0,0,0,0,96.70588785046728
7428,214,0,0,0,0,96.78672897196262
7429,215,1,0,1,0,96.3693488372093
7430,215,0,0,0,0,96.37981395348837
7431,216,1,0,1,0,96.11069444444445
7432,215,0,1,0,1,96.61227906976744
7433,214,0,1,0,1,96.88219626168225
7434,214,0,0,0,0,96.88780373831774
7435,214,0,0,0,0,96.90995327102803
7436,214,0,0,2,0,96.97266355140187
7437,214,0,0,0,0,97.08995327102804
7438,214,0,0,0,0,97.19018691588785
7439,214,0,0,0,0,97.18107476635514
7440,213,0,1,1,1,97.2213615023474
7441,213,0,0,1,0,97.29436619718311
7442,212,0,1,0,1,97.57452830188679
7443,212,0,0,0,0,97.5382075471698
7444,212,0,0,0,0,97.61650943396226
7445,213,1,0,0,0,97.27300469483568
7446,213,0,0,0,0,97.31384976525821
7447,213,0,0,0,0,97.43544600938966
7448,213,0,0,2,0,97.44014084507042
7449,213,0,0,0,0,97.48427230046947
7450,213,1,1,0,1,97.48568075117372
7451,213,0,0,0,0,97.45610328638497
7452,214,1,0,2,0,97.0448598130841
7453,214,0,0,1,0,97.08785046728971
7454,213,0,1,0,1,97.13192488262911
7455,212,0,1,0,1,97.43655660377358
7456,212,0,0,0,0,97.5308962264151
7457,212,0,0,0,0,97.60235849056605
7458,212,0,0,0,0,97.6252358490566
7459,211,0,1,0,1,97.67298578199052
7460,211,0,0,0,0,97.72251184834124
7461,211,0,0,0,0,97.70094786729857
7462,211,0,0,0,0,97.79668246445497
7463,211,0,0,0,0,97.7914691943128
7464,211,0,0,0,0,97.85260663507108
7465,211,0,0,0,0,97.93317535545023
7466,211,0,0,0,0,97.97701421800947
7467,211,0,0,0,0,97.94644549763034
7468,210,0,1,1,1,98.35809523809525
7469,210,0,0,0,0,98.41357142857142
7470,210,0,0,0,0,98.41547619047618
7471,209,0,1,1,1,98.47990430622009
7472,210,2,1,0,1,97.64309523809523
7473,210,0,0,0,0,97.63380952380952
7474,210,0,0,0,0,97.70952380952382
7475,211,1,0,0,0,97.27203791469194
7476,211,0,0,0,0,97.30947867298578
7477,213,2,0,0,0,96.43497652582158
7478,213,0,0,0,0,96.48896713615022
7479,212,0,1,1,1,96.55566037735849
7480,212,0,0,1,0,96.66485849056605
7481,212,1,1,0,1,96.38655660377358
7482,212,0,0,0,0,96.49716981132075
7483,212,0,0,0,0,96.55566037735849
7484,212,1,1,3,1,96.49221698113207
7485,211,0,1,2,1,96.97369668246446
7486,212,2,1,1,1,96.54174528301886
7487,212,0,0,0,0,96.65849056603773
7488,213,1,0,0,0,96.22793427230047
7489,212,0,1,1,1,96.65306603773585
7490,213,1,0,0,0,96.2605633802817
7491,213,0,0,0,0,96.30845070422535
7492,213,0,0,0,0,96.34178403755868
7493,212,0,1,0,1,96.40377358490565
7494,212,0,0,2,0,96.46367924528302
7495,211,0,1,0,1,96.93364928909952
7496,211,0,0,0,0,97.00071090047392
7497,212,1,0,0,0,96.60801886792451
7498,212,0,0,0,0,96.7066037735849
7499,212,0,0,0,0,96.6570754716981
7500,212,0,0,0,0,96.78726415094339
7501,213,1,0,0,0,96.487558685446
7502,213,0,0,0,0,96.48615023474179
7503,213,0,0,0,0,96.5924882629108
7504,214,1,0,0,0,96.25443925233645
7505,215,1,0,0,0,95.97372093023255
7506,215,0,0,0,0,96.00953488372093
7507,216,1,0,1,0,95.7574074074074
7508,216,1,1,0,1,95.47407407407407
7509,215,0,1,0,1,95.75116279069768
7510,215,0,0,1,0,95.8546511627907
7511,215,0,0,0,0,95.89372093023255
7512,215,0,0,0,0,96.01418604651163
7513,216,1,0,0,0,95.65115740740741
7514,218,2,0,1,0,94.8348623853211
7515,218,0,0,0,0,94.86238532110092
7516,218,1,1,0,1,94.89220183486239
7517,219,1,0,0,0,94.66621004566211
7518,221,2,0,1,0,93.9027149321267
7519,220,0,1,0,1,94.38172727272728
7520,221,1,0,0,0,94.12660633484163
7521,220,0,1,0,1,94.67954545454545
7522,219,0,1,0,1,95.08584474885845
7523,219,0,0,1,0,95.2351598173516
7524,220,1,0,0,0,94.95554545454546
7525,222,2,0,0,0,94.26225225225225
7526,222,0,0,2,0,94.3804954954955
7527,222,0,0,0,0,94.49729729729731
7528,222,0,0,0,0,94.56283783783785
7529,220,0,2,1,2,95.22204545454545
7530,222,2,0,0,0,94.55810810810812
7531,220,0,2,0,2,94.99295454545455
7532,220,0,0,0,0,95.05795454545455
7533,220,0,0,1,0,95.27704545454546
7534,219,0,1,0,1,95.72100456621006
7535,219,0,0,0,0,95.83310502283105
7536,219,0,0,0,0,96.05068493150684
7537,219,0,0,0,0,96.19771689497716
7538,219,0,0,0,0,96.1972602739726
7539,220,1,0,0,0,95.90590909090909
7540,219,0,1,0,1,96.32648401826484
7541,219,0,0,0,0,96.337899543379
7542,219,0,0,0,0,96.4189497716895
7543,219,0,0,0,0,96.5755707762557
7544,220,1,0,0,0,96.21136363636364
7545,220,0,0,0,0,96.26727272727273
7546,220,0,0,0,0,96.40477272727273
7547,220,0,0,0,0,96.48295454545455
7548,221,1,0,0,0,96.21945701357465
7549,222,1,0,2,0,95.78536036036036
7550,224,2,0,0,0,95.15491071428572
7551,224,0,0,1,0,95.32477678571429
7552,223,0,1,0,1,95.74955156950674
7553,223,0,0,0,0,95.86569506726457
7554,222,0,1,0,1,95.9686936936937
7555,221,0,1,0,1,96.13552036199096
7556,221,0,0,0,0,96.15678733031675
7557,221,0,0,0,0,96.21153846153847
7558,221,0,0,0,0,96.1995475113122
7559,222,1,0,0,0,95.96599099099099
7560,221,0,1,0,1,96.37864253393666
7561,220,0,1,1,1,96.66513636363635
7562,221,1,0,1,0,96.29018099547511
7563,223,2,0,0,0,95.59094170403587
7564,222,0,1,1,1,96.07211711711712
7565,221,0,1,0,1,96.1408597285068
7566,221,0,0,0,0,96.17253393665159
7567,221,0,0,2,0,96.2460633484163
7568,220,0,1,1,1,96.60286363636364
7569,220,0,0,1,0,96.74309090909091
7570,220,0,0,2,0,96.88877272727272
7571,220,0,0,1,0,97.07422727272727
7572,220,0,0,0,0,97.10954545454545
7573,220,0,0,0,0,97.08045454545454
7574,221,1,0,0,0,96.75452488687783
7575,220,1,2,0,2,96.67431818181818
7576,220,0,0,0,0,96.71522727272726
7577,222,2,0,0,0,95.9472972972973
7578,222,0,0,0,0,96.09211711711713
7579,222,1,1,2,1,95.74842342342342
7580,220,0,2,1,2,96.26772727272726
7581,222,2,0,0,0,95.51711711711711
7582,222,0,0,1,0,95.66936936936936
7583,220,0,2,0,2,95.69045454545453
7584,219,0,1,0,1,96.08607305936073
7585,219,0,0,0,0,96.27100456621004
7586,219,0,0,0,0,96.30867579908676
7587,219,0,0,0,0,96.33310502283105
7588,219,0,0,0,0,96.45342465753424
7589,219,1,1,0,1,96.16872146118722
7590,219,0,0,0,0,96.21027397260274
7591,219,0,0,0,0,96.23264840182648
7592,218,0,1,0,1,96.71697247706422
7593,219,1,0,0,0,96.32397260273973
7594,219,0,0,0,0,96.53607305936072
7595,219,0,0,1,0,96.64931506849315
7596,219,0,0,0,0,96.80502283105022
7597,219,0,0,0,0,96.84292237442922
7598,219,0,0,0,0,96.90319634703197
7599,220,1,0,0,0,96.59772727272727
7600,219,0,1,0,1,96.90205479452054
7601,219,1,1,0,1,96.53219178082192
7602,221,2,0,1,0,95.86923076923077
7603,221,0,0,0,0,96.02104072398188
7604,220,0,1,0,1,96.2975
7605,222,2,0,0,0,95.45653153153152
7606,222,0,0,0,0,95.59774774774775
7607,220,0,2,0,2,96.38813636363636
7608,220,0,0,0,0,96.45040909090909
7609,220,0,0,1,0,96.48381818181818
7610,220,0,0,2,0,96.52154545454545
7611,221,2,1,0,1,96.13864253393665
7612,221,0,0,0,0,96.21420814479639
7613,222,1,0,0,0,95.83063063063062
7614,223,1,0,1,0,95.52286995515695
7615,225,2,0,0,0,94.794
7616,227,2,0,0,0,94.07136563876652
7617,227,0,0,0,0,94.22511013215859
7618,227,0,0,0,0,94.3636563876652
7619,226,0,1,0,1,94.81995575221238
7620,226,0,0,1,0,95.0062389380531
7621,226,0,0,0,0,95.11907079646018
7622,226,0,0,0,0,95.19893805309734
7623,225,1,2,0,2,95.61115555555556
7624,224,0,1,1,1,95.98660714285714
7625,224,0,0,2,0,96.06651785714284
7626,224,0,0,2,0,96.24196428571429
7627,225,1,0,1,0,95.86399999999999
7628,225,1,1,1,1,95.91888888888889
7629,225,0,0,0,0,96.00955555555555
7630,224,0,1,0,1,96.44776785714285
7631,225,1,0,1,0,96.094
7632,225,0,0,0,0,96.26022222222223
7633,225,1,1,1,1,95.91422222222222
7634,225,1,1,1,1,95.91622222222222
7635,223,0,2,1,2,96.32762331838563
7636,222,0,1,0,1,96.79801801801801
7637,223,1,0,1,0,96.4413004484305
7638,223,0,0,1,0,96.59892376681616
7639,223,0,0,0,0,96.7462331838565
7640,224,1,0,1,0,96.4571875
7641,225,1,0,0,0,96.22715555555556
7642,225,1,1,1,1,95.8596
7643,225,0,0,0,0,96.02137777777779
7644,225,0,0,0,0,96.11404444444445
7645,226,2,1,0,1,95.69141592920353
7646,226,1,1,0,1,95.70446902654867
7647,228,2,0,0,0,94.95969298245615
7648,228,1,1,1,1,94.92021929824563
7649,228,0,0,0,0,95.01846491228069
7650,228,0,0,0,0,95.17723684210526
7651,227,0,1,0,1,95.64629955947136
7652,227,0,0,0,0,95.60572687224669
7653,227,0,0,0,0,95.77819383259913
7654,227,0,0,0,0,95.78700440528634
7655,227,0,0,0,0,95.93017621145376
7656,227,0,0,0,0,96.0
7657,227,0,0,0,0,96.11519823788547
7658,228,1,0,0,0,95.87083333333334
7659,228,0,0,0,0,95.96578947368421
7660,226,0,2,0,2,95.97632743362833
7661,225,0,1,0,1,96.2691111111111
7662,225,1,1,0,1,96.05333333333333
7663,225,0,0,1,0,96.228
7664,225,0,0,0,0,96.28355555555555
7665,225,0,0,0,0,96.32133333333333
7666,225,0,0,0,0,96.41977777777778
7667,225,0,0,0,0,96.55777777777777
7668,225,0,0,0,0,96.65266666666666
7669,224,1,2,0,2,96.64174107142857
7670,224,0,0,2,0,96.68950892857143
7671,224,0,0,1,0,96.9158482142857
7672,225,1,0,1,0,96.50866666666667
7673,223,0,2,0,2,97.0213004484305
7674,223,0,0,0,0,97.13139013452914
7675,224,1,0,1,0,96.80624999999999
7676,224,0,0,1,0,97.03794642857143
7677,224,0,0,0,0,97.00669642857143
7678,224,0,0,0,0,96.98549107142857
7679,224,0,0,0,0,96.9953125
7680,224,0,0,0,0,97.07321428571427
7681,225,1,0,1,0,96.71666666666667
7682,225,0,0,0,0,96.87866666666667
7683,225,0,0,0,0,97.03288888888888
7684,224,0,1,0,1,97.43839285714286
7685,224,0,0,0,0,97.44508928571429
7686,223,0,1,1,1,97.78856502242152
7687,224,1,0,0,0,97.365625
7688,225,1,0,0,0,97.07822222222221
7689,227,2,0,0,0,96.3795154185022
7690,227,0,0,0,0,96.4647577092511
7691,227,0,0,0,0,96.4453744493392
7692,226,0,1,3,1,96.86792035398229
7693,226,0,0,0,0,97.00221238938053
7694,227,1,0,1,0,96.69955947136563
7695,227,0,0,0,0,96.80264317180617
7696,227,0,0,0,0,96.91872246696035
7697,229,2,0,0,0,96.13362445414846
7698,229,0,0,1,0,96.23187772925763
7699,229,1,1,1,1,95.93340611353712
7700,229,0,0,0,0,96.0561135371179
7701,229,0,0,0,0,96.11397379912663
7702,230,1,0,0,0,95.79307968499032
7703,230,1,1,0,1,95.87073185890335
7704,230,0,0,1,0,95.91812316325117
7705,231,1,0,2,0,95.64593073593073
7706,232,1,0,1,0,95.23538793103448
7707,232,0,0,0,0,95.22849137931034
7708,232,0,0,0,0,95.32784482758619
7709,231,0,1,0,1,95.81709956709956
7710,229,0,2,0,2,96.58034934497816
7711,229,0,0,0,0,96.7971615720524
7712,228,0,1,1,1,96.8782894736842
7713,227,0,1,0,1,97.20176211453744
7714,227,0,0,1,0,97.2420704845815
7715,226,0,1,0,1,97.58871681415928
7716,226,0,0,1,0,97.63119469026547
7717,226,0,0,0,0,97.6466814159292
7718,226,0,0,0,0,97.75778761061946
7719,226,0,0,1,0,97.82460176991151
7720,227,1,0,0,0,97.55198237885462
7721,228,1,0,1,0,97.1984649122807
7722,229,1,0,0,0,96.8589519650655
7723,229,0,0,0,0,96.90567685589518
7724,229,0,0,0,0,97.06310043668122
7725,230,1,0,0,0,96.69826086956522
7726,230,0,0,0,0,96.79804347826087
7727,232,2,0,0,0,96.15732758620689
7728,233,1,0,0,0,95.83476394849785
7729,233,0,0,0,0,95.89849785407725
7730,234,1,0,0,0,95.70619658119658
7731,234,0,0,2,0,95.68824786324787
7732,233,0,1,0,1,96.09549356223177
7733,233,0,0,1,0,96.09763948497854
7734,233,0,0,0,0,96.19914163090128
7735,233,0,0,1,0,96.17317596566522
7736,233,0,0,0,0,96.37231759656652
7737,233,0,0,0,0,96.50751072961373
7738,233,0,0,0,0,96.52489270386266
7739,234,1,0,1,0,96.291452991453
7740,234,0,0,1,0,96.39508547008548
7741,234,0,0,0,0,96.40790598290599
7742,233,0,1,1,1,96.92278969957081
7743,233,1,1,1,1,96.87407725321889
7744,233,1,1,0,1,96.56549356223175
7745,233,0,0,0,0,96.59918454935622
7746,233,0,0,0,0,96.68502145922747
7747,233,0,0,0,0,96.70927038626608
7748,233,0,0,0,0,96.7983261802575
7749,232,0,1,1,1,97.20930555874106
7750,231,1,2,0,2,96.83272246592175
7751,231,0,0,0,0,96.96450216450216
7752,231,0,0,0,0,97.10670995670995
7753,231,0,0,0,0,97.1574025974026
7754,231,0,0,0,0,97.16995670995671
7755,232,1,0,1,0,96.74099137931034
7756,232,0,0,0,0,96.82547413793102
7757,233,1,0,0,0,96.4461373390558
7758,233,0,0,0,0,96.51437768240342
7759,233,0,0,0,0,96.5225321888412
7760,231,0,2,0,2,96.98290043290044
7761,231,0,0,0,0,96.9948051948052
7762,231,0,0,1,0,97.06536796536795
7763,230,0,1,1,1,97.46904347826087
7764,230,0,0,0,0,97.59447826086956
7765,230,0,0,0,0,97.68252173913044
7766,231,1,0,0,0,97.33800865800865
7767,233,2,0,0,0,96.68854077253219
7768,234,1,0,0,0,96.35119658119659
7769,233,0,1,0,1,96.41600858369098
7770,233,0,0,0,0,96.46128755364806
7771,233,0,0,0,0,96.53725321888412
7772,233,0,0,0,0,96.72502145922746
7773,233,0,0,0,0,96.70806866952789
7774,233,0,0,1,0,96.82201716738197
7775,233,0,0,1,0,96.85965665236051
7776,233,0,0,0,0,96.97639484978541
7777,233,0,0,0,0,97.09828326180258
7778,234,1,0,0,0,96.69636752136752
7779,235,1,0,0,0,96.3976595744681
7780,236,1,0,0,0,96.24703389830508
7781,236,0,0,1,0,96.2646186440678
7782,236,1,1,0,1,96.26038135593221
7783,235,0,1,0,1,96.71391489361703
7784,235,0,0,2,0,96.79497872340426
7785,235,0,0,0,0,96.80242553191489
7786,234,0,1,0,1,97.25705128205128
7787,234,0,0,0,0,97.35619658119657
7788,234,1,1,1,1,97.32564102564103
7789,234,0,0,1,0,97.47884615384615
7790,234,0,0,0,0,97.53418803418803
7791,233,0,1,0,1,97.54034334763948
7792,233,0,0,0,0,97.58497854077252
7793,233,0,0,1,0,97.60364806866951
7794,234,1,0,1,0,97.28290598290599
7795,234,0,0,0,0,97.33846153846154
7796,234,0,0,0,0,97.41068376068375
7797,235,1,0,2,0,97.15787234042553
7798,235,0,0,1,0,97.16255319148937
7799,236,1,0,0,0,96.84639830508475
7800,235,0,1,0,1,96.92744680851064
7801,237,2,0,0,0,96.18459915611814
7802,237,0,0,0,0,96.41244725738396
7803,237,0,0,0,0,96.38713080168776
7804,239,2,0,1,0,95.68221757322175
7805,237,0,2,0,2,96.4354430379747
7806,237,0,0,0,0,96.56540084388186
7807,237,0,0,0,0,96.5282700421941
7808,237,0,0,0,0,96.69810126582279
7809,238,1,0,1,0,96.36302521008402
7810,238,0,0,0,0,96.42794117647058
7811,239,1,0,0,0,96.0602510460251
7812,238,0,1,1,1,96.43298319327731
7813,238,0,0,0,0,96.52773109243697
7814,238,0,0,0,0,96.634243697479
7815,239,1,0,0,0,96.26882845188284
7816,239,1,1,0,1,96.26987447698745
7817,239,0,0,1,0,96.38870292887029
7818,238,0,1,0,1,96.72457983193277
7819,237,0,1,0,1,97.23257383966244
7820,237,0,0,0,0,97.34502109704641
7821,236,0,1,0,1,97.4782627118644
7822,236,0,0,0,0,97.56745762711864
7823,235,0,1,1,1,97.5283829787234
7824,236,1,0,1,0,97.24097457627119
7825,237,1,0,0,0,96.86654008438818
7826,237,0,0,1,0,96.85198312236287
7827,237,1,1,1,1,96.68565400843882
7828,236,0,1,0,1,97.15449152542372
7829,236,0,0,0,0,97.20894067796611
7830,237,1,0,0,0,96.81691983122363
7831,237,0,0,0,0,96.92725738396624
7832,237,0,0,0,0,96.94181434599156
7833,237,0,0,0,0,97.00911392405064
7834,237,0,0,0,0,97.11459915611815
7835,237,0,0,0,0,97.16708860759493
7836,237,0,0,0,0,97.32489451476793
7837,237,0,0,0,0,97.38924050632912
7838,237,0,0,1,0,97.4048523206751
7839,237,0,0,0,0,97.4704641350211
7840,236,0,1,0,1,97.51567796610169
7841,236,0,0,0,0,97.61122881355932
7842,237,1,0,0,0,97.26455696202532
7843,237,0,0,0,0,97.35738396624473
7844,237,0,0,1,0,97.37721518987341
7845,236,0,1,0,1,97.37669491525423
7846,236,0,0,0,0,97.50127118644068
7847,236,1,1,1,1,97.29322033898305
7848,236,0,0,0,0,97.44618644067796
7849,236,0,0,0,0,97.55741525423728
7850,236,0,0,0,0,97.57817796610169
7851,236,0,0,1,0,97.62648305084745
7852,237,1,0,0,0,97.25189873417722
7853,237,0,0,0,0,97.36856540084388
7854,237,0,0,1,0,97.4548523206751
7855,239,2,0,0,0,96.75313807531381
7856,239,0,0,0,0,96.84665271966527
7857,241,2,0,0,0,96.13962655601661
7858,242,1,0,1,0,95.80144628099174
7859,242,0,0,0,0,95.89648760330579
7860,242,0,0,0,0,95.94752066115703
7861,242,0,0,0,0,96.02272727272727
7862,243,1,0,0,0,95.73086419753086
7863,245,2,0,0,0,95.02836734693878
7864,245,0,0,0,0,95.04877551020408
7865,245,0,0,0,0,95.19408163265305
7866,246,1,0,0,0,94.83841463414635
7867,246,0,0,0,0,94.97337398373985
7868,245,0,1,0,1,95.40510204081633
7869,245,0,0,0,0,95.50836734693877
7870,246,1,0,0,0,95.22865853658537
7871,246,0,0,0,0,95.33922764227643
7872,246,1,1,0,1,95.42215447154472
7873,246,0,0,0,0,95.41788617886179
7874,246,0,0,0,0,95.5571138211382
7875,246,1,1,2,1,95.47987804878049
7876,246,0,0,0,0,95.55955284552844
7877,245,0,1,0,1,95.95
7878,245,0,0,1,0,96.07632653061225
7879,245,0,0,0,0,96.17897959183672
7880,245,0,0,0,0,96.26571428571428
7881,245,0,0,1,0,96.35265306122449
7882,245,0,0,0,0,96.41632653061224
7883,246,1,0,0,0,96.11341463414634
7884,247,1,0,0,0,95.76923076923077
7885,247,0,0,0,0,95.86923076923077
7886,247,0,0,0,0,95.94473684210526
7887,247,0,0,0,0,96.07307692307693
7888,248,1,0,0,0,95.79798387096774
7889,248,1,1,1,1,95.7616935483871
7890,248,0,0,0,0,95.81532258064516
7891,248,0,0,0,0,95.89435483870967
7892,248,0,0,0,0,95.99395161290323
7893,248,0,0,1,0,96.1046370967742
7894,248,0,0,0,0,96.16854838709678
7895,248,0,0,1,0,96.23185483870968
7896,247,0,1,0,1,96.53522267206478
7897,248,1,0,0,0,96.38064516129033
7898,249,1,0,0,0,96.10522088353414
7899,249,0,0,2,0,96.10060240963855
7900,248,0,1,0,1,96.22358870967743
7901,249,1,0,1,0,95.92429718875502
7902,249,0,0,0,0,95.99939759036144
7903,250,1,0,0,0,95.7654
7904,250,0,0,0,0,95.92439999999999
7905,249,0,1,0,1,96.33152610441766
7906,248,0,1,0,1,96.35020161290322
7907,249,1,0,0,0,96.07389558232933
7908,250,1,0,0,0,95.852
7909,250,0,0,0,0,95.9158
7910,250,0,0,0,0,96.03580000000001
7911,251,1,0,1,0,95.74243027888446
7912,251,0,0,0,0,95.75517928286853
7913,251,0,0,1,0,95.90159362549801
7914,251,1,1,1,1,95.65677290836653
7915,250,0,1,0,1,95.72439999999999
7916,251,1,0,0,0,95.53346613545817
7917,250,0,1,0,1,95.8564
7918,251,1,0,1,0,95.64741035856574
7919,251,0,0,0,0,95.79661354581674
7920,251,0,0,0,0,95.93505976095618
7921,250,0,1,1,1,96.0866
7922,250,0,0,0,0,96.1702
7923,250,0,0,0,0,96.29960000000001
7924,250,0,0,0,0,96.412
7925,250,0,0,1,0,96.4174
7926,251,1,0,0,0,96.08665338645419
7927,251,0,0,0,0,96.1804780876494
7928,251,0,0,1,0,96.20498007968128
7929,251,0,0,0,0,96.37211155378486
7930,251,0,0,0,0,96.39043824701196
7931,250,0,1,1,1,96.7652
7932,251,1,0,0,0,96.55438247011953
7933,251,0,0,1,0,96.52549800796814
7934,251,1,1,0,1,96.40298804780878
7935,251,0,0,1,0,96.49601593625498
7936,251,0,0,2,0,96.53147410358567
7937,251,1,1,1,1,96.25657370517929
7938,252,1,0,0,0,96.07519841269841
7939,252,0,0,0,0,96.14345238095238
7940,251,0,1,1,1,96.62031872509961
7941,251,0,0,0,0,96.64960159362549
7942,251,0,0,0,0,96.79860557768924
7943,251,0,0,0,0,96.87270916334661
7944,252,1,0,0,0,96.63670634920635
7945,252,0,0,1,0,96.68333333333334
7946,255,3,0,0,0,95.7327450980392
7947,255,0,0,1,0,95.8178431372549
7948,256,1,0,0,0,95.5845703125
7949,257,1,0,0,0,95.27120622568094
7950,256,0,1,0,1,95.6773046875
7951,254,0,2,0,2,96.35291338582677
7952,253,0,1,0,1,96.68790513833993
7953,251,0,2,1,2,96.73701195219122
7954,252,1,0,0,0,96.5122619047619
7955,252,0,0,0,0,96.65293650793652
7956,251,0,1,0,1,96.98645418326693
7957,252,2,1,0,1,96.38551587301588
7958,253,1,0,0,0,96.15256916996047
7959,253,0,0,1,0,96.27411067193675
7960,252,0,1,0,1,96.3156746031746
7961,251,1,2,0,2,96.29362549800797
7962,251,0,0,1,0,96.35896414342629
7963,252,1,0,0,0,96.04781746031746
7964,252,0,0,0,0,96.1140873015873
7965,252,0,0,0,0,96.33154761904761
7966,251,0,1,0,1,96.64382470119521
7967,251,0,0,2,0,96.68386454183266
7968,253,2,0,0,0,96.03359683794466
7969,253,1,1,0,1,96.10217391304347
7970,251,0,2,0,2,96.49509960159362
7971,250,0,1,1,1,96.86728
7972,250,1,1,0,1,96.57488000000001
7973,250,0,0,0,0,96.65267999999999
7974,249,0,1,0,1,97.13582329317269
7975,248,0,1,1,1,97.37024193548388
7976,249,1,0,0,0,97.0655421686747
7977,248,0,1,0,1,97.44504032258064
7978,247,0,1,0,1,97.8353036437247
7979,247,0,0,1,0,97.87983805668016
7980,248,1,0,0,0,97.51540322580645
7981,248,0,0,0,0,97.59584677419355
7982,249,1,0,1,0,97.31365461847389
7983,249,0,0,0,0,97.41204819277108
7984,249,0,0,0,0,97.47248995983935
7985,249,0,0,0,0,97.55361445783132
7986,250,1,0,0,0,97.2102
7987,250,0,0,0,0,97.2756
7988,250,0,0,0,0,97.33059999999999
7989,250,0,0,0,0,97.349
7990,251,1,0,0,0,97.03824701195218
7991,250,1,2,0,2,97.0542
7992,250,0,0,1,0,97.20819999999999
7993,251,1,0,0,0,96.93665338645418
7994,251,0,0,0,0,97.07729083665338
7995,250,0,1,1,1,97.41496
7996,251,1,0,1,0,97.13824701195219
7997,250,0,1,0,1,97.43
7998,250,0,0,0,0,97.4652
7999,251,1,0,0,0,97.19302788844622
8000,251,0,0,0,0,97.27290836653387
8001,251,0,0,0,0,97.37888446215139
8002,251,0,0,1,0,97.38904382470119
8003,252,1,0,0,0,97.13194444444444
8004,252,1,1,0,1,96.74821428571428
8005,250,0,2,0,2,97.1476
8006,250,0,0,1,0,97.11059999999999
8007,250,0,0,1,0,97.2096
8008,251,1,0,2,0,96.87250996015936
8009,251,0,0,0,0,97.08605577689242
8010,251,0,0,0,0,97.08545816733069
8011,251,0,0,0,0,97.15557768924303
8012,253,2,0,0,0,96.51660079051383
8013,253,0,0,0,0,96.60138339920948
8014,254,1,0,0,0,96.19842519685038
8015,255,1,0,0,0,95.90549019607842
8016,255,0,0,0,0,96.0992156862745
8017,256,1,0,1,0,95.837109375
8018,256,1,1,0,1,95.53867187499999
8019,256,0,0,0,0,95.6376953125
8020,255,0,1,0,1,95.72
8021,254,0,1,0,1,96.07972440944881
8022,253,0,1,0,1,96.18260869565218
8023,254,1,0,0,0,95.91141732283465
8024,254,0,0,1,0,95.97716535433071
8025,254,0,0,1,0,96.08188976377953
8026,254,0,0,0,0,96.06318897637794
8027,254,1,1,0,1,95.79763779527559
8028,254,0,0,0,0,95.98818897637796
8029,254,0,0,0,0,96.10393700787401
8030,253,1,2,2,2,96.19209486166007
8031,254,1,0,0,0,95.88425196850393
8032,256,2,0,0,0,95.30546875
8033,256,0,0,0,0,95.4904296875
8034,256,0,0,1,0,95.72714843749999
8035,257,1,0,1,0,95.4817120622568
8036,256,0,1,1,1,95.7025390625
8037,256,0,0,0,0,95.6640625
8038,257,1,0,0,0,95.40817120622567
8039,257,0,0,0,0,95.45583657587548
8040,257,0,0,0,0,95.49124513618678
8041,257,0,0,0,0,95.66420233463035
8042,257,0,0,0,0,95.74688715953307
8043,258,1,0,0,0,95.37713178294574
8044,258,0,0,1,0,95.56860465116279
8045,260,2,0,1,0,94.97538461538461
8046,261,1,0,0,0,94.84616858237547
8047,261,1,1,0,1,94.8
8048,261,0,0,1,0,95.00632183908047
8049,261,0,0,1,0,95.08199233716476
8050,260,0,1,0,1,95.48115384615384
8051,261,1,0,0,0,95.26111111111112
8052,260,0,1,0,1,95.3
8053,261,1,0,0,0,95.12567049808429
8054,261,0,0,0,0,95.24157088122605
8055,261,0,0,0,0,95.38946360153257
8056,261,0,0,0,0,95.5095785440613
8057,262,2,1,0,1,95.07763358778627
8058,261,0,1,0,1,95.2568582375479
8059,261,0,0,1,0,95.41643678160919
8060,261,0,0,0,0,95.51471264367817
8061,260,0,1,1,1,95.56938461538462
8062,262,2,0,0,0,94.95988549618322
8063,262,0,0,1,0,95.12992366412215
8064,262,0,0,0,0,95.11851145038167
8065,262,0,0,1,0,95.24179389312977
8066,263,1,0,0,0,95.04961977186312
8067,262,0,1,0,1,95.24828244274809
8068,261,0,1,0,1,95.39482758620689
8069,261,0,0,0,0,95.39348659003832
8070,261,0,0,0,0,95.46091954022988
8071,260,0,1,0,1,95.67846153846155
8072,259,0,1,0,1,95.78166023166024
8073,259,0,0,0,0,95.93976833976835
8074,259,0,0,1,0,96.04401544401544
8075,259,0,0,1,0,96.17548262548263
8076,261,2,0,0,0,95.60747126436782
8077,262,1,0,1,0,95.48091603053435
8078,262,0,0,1,0,95.53206106870229
8079,262,0,0,2,0,95.62576335877863
8080,263,1,0,0,0,95.48326996197719
8081,263,0,0,0,0,95.66007604562738
8082,264,1,0,0,0,95.41155303030304
8083,264,0,0,0,0,95.59431818181818
8084,264,0,0,0,0,95.71837121212121
8085,263,0,1,0,1,95.81787072243345
8086,263,0,0,1,0,95.9203422053232
8087,264,1,0,0,0,95.70719696969697
8088,264,0,0,0,0,95.825
8089,264,0,0,0,0,96.01609848484848
8090,264,0,0,0,0,96.11212121212121
8091,263,0,1,1,1,96.21197718631178
8092,262,0,1,0,1,96.53148854961832
8093,263,1,0,0,0,96.29391634980988
8094,264,1,0,1,0,96.16401515151514
8095,263,0,1,1,1,96.44562737642586
8096,264,1,0,1,0,96.1626893939394
8097,264,0,0,1,0,96.3123106060606
8098,265,1,0,0,0,96.1011320754717
8099,265,0,0,0,0,96.26075471698113
8100,266,1,0,0,0,95.94755639097744
8101,265,0,1,0,1,96.2633962264151
8102,265,1,1,0,1,96.0790566037736
8103,265,0,0,0,0,96.22283018867924
8104,263,0,2,0,2,96.5322433460076
8105,263,0,0,1,0,96.54022813688212
8106,263,0,0,0,0,96.6993536121673
8107,264,1,0,0,0,96.41621212121213
8108,264,0,0,0,0,96.46621212121211
8109,264,0,0,0,0,96.50965909090908
8110,264,0,0,0,0,96.60246212121211
8111,263,0,1,1,1,96.98593155893536
8112,263,0,0,3,0,97.05817490494296
8113,262,0,1,0,1,97.2074427480916
8114,262,0,0,0,0,97.29103053435115
8115,263,1,0,0,0,96.99619771863118
8116,263,0,0,0,0,97.01958174904942
8117,263,1,1,0,1,96.72908745247149
8118,262,0,1,0,1,96.73969465648855
8119,263,1,0,0,0,96.42300380228137
8120,262,0,1,1,1,96.75973282442747
8121,263,1,0,0,0,96.4319391634981
8122,263,1,1,0,1,96.15703422053231
8123,263,0,0,0,0,96.30057034220532
8124,263,0,0,1,0,96.30760456273764
8125,263,0,0,1,0,96.45817490494296
8126,264,1,0,1,0,96.15151515151516
8127,260,0,4,1,4,96.93203846153845
8128,262,2,0,2,0,96.33503816793893
8129,263,1,0,0,0,96.11171102661598
8130,263,0,0,0,0,96.1873764258555
8131,263,0,0,1,0,96.26437262357415
8132,263,0,0,0,0,96.35695817490495
8133,264,1,0,0,0,96.09621212121213
8134,264,0,0,0,0,96.15397727272726
8135,264,2,2,1,2,95.60795454545455
8136,263,0,1,0,1,95.71977186311787
8137,262,0,1,0,1,95.87118320610686
8138,262,1,1,0,1,95.89980916030534
8139,262,0,0,0,0,96.09389312977099
8140,262,0,0,1,0,96.17442748091604
8141,262,0,0,0,0,96.21793893129771
8142,262,0,0,1,0,96.29370229007634
8143,264,2,0,0,0,95.66628787878787
8144,265,1,0,0,0,95.59599948879305
8145,266,1,0,1,0,95.3136837012412
8146,266,0,0,1,0,95.31631528018856
8147,269,3,0,0,0,94.33137496107865
8148,268,0,1,2,1,94.56656665869461
8149,268,0,0,0,0,94.67048456914239
8150,268,0,0,0,0,94.84492486764985
8151,268,0,0,1,0,94.99828307660506
8152,269,1,0,0,0,94.79512960791881
8153,268,0,1,1,1,94.90126815123193
8154,266,0,2,0,2,94.94056340048932
8155,266,0,0,0,0,95.13755588169232
8156,266,0,0,0,0,95.29714234785773
8157,266,0,0,0,0,95.3230821974818
8158,266,0,0,1,0,95.51255588169232
8159,263,0,3,0,3,95.57296526437322
8160,263,0,0,0,0,95.7626991046774
8161,262,0,1,0,1,96.06713688751968
8162,262,0,0,0,0,96.15339642950443
8163,261,0,1,0,1,96.12160867636076
8164,260,0,1,0,1,96.23649947896214
8165,260,0,0,1,0,96.28957640203907
8166,261,1,0,0,0,96.07141710547954
8167,261,0,0,1,0,96.1219918181232
8168,261,1,1,0,1,95.85743243115003
8169,261,0,0,0,0,96.03022936601593
8170,261,0,0,1,0,96.08540177980903
8171,261,0,0,1,0,96.18406078364045
8172,260,0,1,0,1,96.40226870973137
8173,261,1,0,0,0,96.07582323574773
8174,261,0,0,0,0,96.239616339196
8175,262,1,0,0,0,95.9982437577487
8176,261,0,1,0,1,96.20532515145653
8177,259,0,2,0,2,96.61328133023227
8178,259,0,0,0,0,96.75594542289636
8179,259,0,0,0,0,96.81868673563767
8180,259,0,0,1,0,96.87722007722007
8181,259,0,0,1,0,96.9588803088803
8182,260,1,0,0,0,96.87173076923078
8183,261,1,0,0,0,96.51168582375479
8184,262,1,0,0,0,96.36297709923663
8185,261,0,1,0,1,96.69578544061302
8186,261,0,0,0,0,96.772030651341
8187,261,1,1,0,1,96.77490421455938
8188,261,0,0,0,0,96.90363984674329
8189,261,1,1,2,1,96.64904214559387
8190,260,0,1,0,1,97.10303846153846
8191,260,0,0,2,0,97.1915
8192,263,3,0,0,0,96.18874524714829
8193,261,0,2,1,2,96.40283524904214
8194,261,0,0,1,0,96.46777777777778
8195,261,0,0,0,0,96.56356321839081
8196,261,0,0,0,0,96.62620689655172
8197,261,0,0,2,0,96.67180076628352
8198,259,0,2,0,2,97.27949806949806
8199,260,1,0,0,0,96.97361538461539
8200,260,0,0,0,0,97.09015384615384
8201,260,0,0,1,0,97.1343846153846
8202,261,1,0,0,0,96.90727969348659
8203,260,0,1,0,1,97.00153846153847
8204,262,2,0,0,0,96.35782442748092
8205,262,0,0,2,0,96.47500000000001
8206,262,1,1,0,1,96.22080152671755
8207,262,2,2,1,2,95.5702290076336
8208,263,1,0,0,0,95.2809885931559
8209,262,0,1,0,1,95.64751908396947
8210,262,0,0,0,0,95.66030534351145
8211,262,1,1,0,1,95.656106870229
8212,261,1,2,1,2,95.45996168582376
8213,262,2,1,1,1,95.19099236641222
8214,263,1,0,1,0,94.92714828897338
8215,265,2,0,0,0,94.44184905660377
8216,264,0,1,0,1,95.0164393939394
8217,263,0,1,0,1,95.38152091254753
8218,262,0,1,0,1,95.70969465648855
8219,262,0,0,0,0,95.82000000000001
8220,261,0,1,0,1,96.00149425287356
8221,260,0,1,0,1,96.10611538461538
8222,260,0,0,0,0,96.19534615384616
8223,260,0,0,0,0,96.27553846153846
8224,260,0,0,0,0,96.34553846153847
8225,260,0,0,0,0,96.39265384615385
8226,260,0,0,1,0,96.33457692307691
8227,259,0,1,0,1,96.42351351351351
8228,259,0,0,1,0,96.5111583011583
8229,259,0,0,1,0,96.58490347490347
8230,259,1,1,0,1,96.42799227799227
8231,259,0,0,0,0,96.47065637065636
8232,258,0,1,0,1,96.73023255813952
8233,259,1,0,2,0,96.47876447876448
8234,259,0,0,0,0,96.57432432432432
8235,260,1,0,0,0,96.39365384615384
8236,261,1,0,0,0,96.11187739463602
8237,261,0,0,0,0,96.20613026819923
8238,261,0,0,0,0,96.22567049808428
8239,260,1,2,0,2,96.08826923076923
8240,262,2,0,1,0,95.48263358778627
8241,262,0,0,0,0,95.59503816793892
8242,263,1,0,0,0,95.4638783269962
8243,262,0,1,0,1,95.96431297709923
8244,262,1,1,0,1,95.6456106870229
8245,263,1,0,1,0,95.40437262357413
8246,262,0,1,0,1,95.60992366412214
8247,260,0,2,0,2,95.68711538461538
8248,260,0,0,0,0,95.75384615384615
8249,258,0,2,0,2,96.18720930232558
8250,258,0,0,0,0,96.25872093023256
8251,257,0,1,1,1,96.34066147859922
8252,257,0,0,0,0,96.45836575875487
8253,256,0,1,0,1,96.69101562499999
8254,255,0,1,0,1,96.75490196078431
8255,254,0,1,0,1,96.75748031496062
8256,254,0,0,0,0,96.9259842519685
8257,252,0,2,0,2,96.99265873015874
8258,251,0,1,1,1,97.09940239043824
8259,251,1,1,1,1,96.81274900398407
8260,251,0,0,0,0,96.9792828685259
8261,250,0,1,0,1,97.1838
8262,250,1,1,0,1,97.0848
8263,250,0,0,0,0,97.13380000000001
8264,249,0,1,0,1,97.14136546184739
8265,248,0,1,0,1,97.26129032258065
8266,248,1,1,0,1,96.98608870967742
8267,248,0,0,0,0,97.0820564516129
8268,248,0,0,0,0,97.17197580645161
8269,248,1,1,0,1,97.19032258064516
8270,248,0,0,0,0,97.25826612903225
8271,247,0,1,0,1,97.23481781376518
8272,248,1,0,0,0,96.92943548387096
8273,247,0,1,1,1,97.00323886639676
8274,247,0,0,1,0,97.12753036437248
8275,247,0,0,1,0,97.19554655870445
8276,246,0,1,1,1,97.50447154471544
8277,246,0,0,0,0,97.57682926829267
8278,246,0,0,1,0,97.705081300813
8279,246,0,0,0,0,97.72621951219512
8280,246,0,0,0,0,97.79573170731707
8281,246,0,0,0,0,97.88861788617885
8282,246,0,0,0,0,97.9930894308943
8283,246,1,1,0,1,97.67052845528455
8284,244,0,2,0,2,97.76782786885245
8285,244,0,0,0,0,97.82295081967213
8286,244,0,0,1,0,97.83852459016393
8287,244,0,0,0,0,97.91127049180328
8288,244,1,1,0,1,97.92213114754098
8289,244,0,0,1,0,97.90655737704918
8290,244,0,0,0,0,97.8795081967213
8291,244,0,0,0,0,97.86782786885246
8292,244,0,0,0,0,97.9875
8293,244,0,0,0,0,98.06209016393441
8294,243,0,1,0,1,98.05534979423868
8295,245,2,0,0,0,97.40591836734694
8296,245,0,0,0,0,97.54673469387755
8297,245,0,0,0,0,97.54938775510203
8298,245,0,0,0,0,97.69591836734693
8299,244,0,1,0,1,97.73012295081966
8300,244,0,0,0,0,97.80409836065574
8301,245,1,0,1,0,97.42999999999999
8302,244,0,1,0,1,97.4905737704918
8303,243,0,1,0,1,97.49156378600823
8304,244,1,0,1,0,97.11004098360655
8305,244,0,0,1,0,97.17930327868852
8306,244,0,0,0,0,97.35881147540984
8307,243,0,1,0,1,97.69341563786008
8308,244,1,0,0,0,97.31209016393441
8309,243,0,1,0,1,97.658683127572
8310,243,1,1,2,1,97.25991769547325
8311,243,1,1,1,1,97.22473251028806
8312,243,0,0,0,0,97.24448559670782
8313,243,0,0,0,0,97.27798353909465
8314,244,1,0,0,0,97.00471311475408
8315,242,0,2,2,2,97.39421487603305
8316,241,0,1,0,1,97.48340248962656
8317,241,0,0,0,0,97.58236514522821
8318,241,0,0,0,0,97.77323651452282
8319,240,0,1,0,1,98.06270833333333
8320,239,0,1,0,1,98.10020920502092
8321,239,0,0,0,0,98.09665271966527
8322,239,0,0,0,0,98.12259414225942
8323,239,0,0,0,0,98.09225941422594
8324,238,0,1,0,1,98.48004201680672
8325,238,1,1,0,1,98.12457983193276
8326,237,0,1,0,1,98.5253164556962
8327,237,0,0,0,0,98.48481012658227
8328,236,0,1,1,1,98.50508474576272
8329,236,0,0,0,0,98.53855932203389
8330,235,0,1,1,1,98.44
8331,236,1,0,0,0,98.0936440677966
8332,236,0,0,0,0,98.14088983050847
8333,237,1,0,0,0,97.79556962025316
8334,238,1,0,1,0,97.51827731092436
8335,238,0,0,1,0,97.5235294117647
8336,237,0,1,0,1,97.5620253164557
8337,238,1,0,0,0,97.19306722689076
8338,238,0,0,0,0,97.22457983193277
8339,238,0,0,0,0,97.30336134453782
8340,238,0,0,0,0,97.46281512605042
8341,238,0,0,1,0,97.52226890756302
8342,238,0,0,0,0,97.65588235294118
8343,237,0,1,0,1,98.04451476793248
8344,237,1,1,0,1,97.69240506329113
8345,238,1,0,0,0,97.32710084033613
8346,238,0,0,1,0,97.48529411764706
8347,238,0,0,0,0,97.47878151260504
8348,239,1,0,0,0,97.20083682008368
8349,239,1,1,0,1,97.23598326359833
8350,240,1,0,0,0,96.92729166666666
8351,240,1,1,0,1,96.9825
8352,240,1,1,1,1,96.71604166666665
8353,240,0,0,2,0,96.73375
8354,240,0,0,0,0,96.76624999999999
8355,239,1,2,0,2,96.49330543933054
8356,239,0,0,0,0,96.56715481171548
8357,239,0,0,0,0,96.65251046025105
8358,239,0,0,0,0,96.86004184100418
8359,240,1,0,0,0,96.561875
8360,241,1,0,0,0,96.2109958506224
8361,241,1,1,1,1,96.08838174273859
8362,240,1,2,1,2,96.40916666666666
8363,240,0,0,2,0,96.44854166666666
8364,239,0,1,0,1,96.46380753138075
8365,239,0,0,3,0,96.60083682008367
8366,239,0,0,0,0,96.69372384937238
8367,239,0,0,0,0,96.74581589958159
8368,239,0,0,0,0,96.72259414225941
8369,239,0,0,0,0,96.75397489539749
8370,239,0,0,1,0,96.91338912133891
8371,240,1,0,1,0,96.585
8372,240,0,0,0,0,96.59958333333333
8373,239,0,1,1,1,96.77196652719665
8374,239,0,0,0,0,96.82887029288702
8375,239,0,0,0,0,96.87803347280334
8376,239,0,0,0,0,96.99075291701944
8377,239,0,0,1,0,97.06652719665271
8378,239,0,0,0,0,97.09309623430963
8379,239,0,0,1,0,97.13995815899582
8380,239,0,0,0,0,97.12217573221757
8381,240,1,0,0,0,96.849375
8382,240,0,0,1,0,96.941875
8383,239,0,1,0,1,97.18640167364016
8384,239,0,0,0,0,97.30523012552301
8385,239,0,0,0,0,97.35125523012553
8386,239,1,1,0,1,97.05564853556486
8387,239,0,0,1,0,97.12510460251045
8388,239,1,1,1,1,96.74058577405857
8389,237,0,2,0,2,97.39978902953587
8390,237,0,0,0,0,97.457805907173
8391,237,0,0,0,0,97.46772151898733
8392,238,1,0,0,0,97.0890756302521
8393,240,2,0,0,0,96.52708333333334
8394,240,0,0,1,0,96.62479166666667
8395,240,1,1,0,1,96.61341666666667
8396,239,0,1,0,1,96.58543933054392
8397,239,0,0,0,0,96.64799163179916
8398,239,0,0,0,0,96.68167364016736
8399,240,1,0,0,0,96.35195833333334
8400,240,0,0,0,0,96.47716666666666
8401,240,0,0,1,0,96.48737499999999
8402,240,0,0,2,0,96.48820833333333
8403,240,0,0,0,0,96.65383333333332
8404,240,0,0,1,0,96.67945833333333
8405,241,1,0,0,0,96.42717842323651
8406,242,1,0,2,0,96.14049586776859
8407,242,0,0,0,0,96.1654958677686
8408,241,0,1,1,1,96.60995850622406
8409,240,0,1,0,1,96.66604166666666
8410,240,0,0,0,0,96.70083333333334
8411,240,0,0,0,0,96.72479166666668
8412,241,1,0,0,0,96.39751037344398
8413,239,1,3,3,3,96.87012552301255
8414,238,0,1,0,1,97.14542016806723
8415,239,1,0,0,0,96.86615062761506
8416,240,1,0,0,0,96.632125
8417,241,1,0,1,0,96.41394190871368
8418,239,0,2,0,2,96.44435146443514
8419,239,0,0,0,0,96.64560669456067
8420,238,0,1,0,1,96.66449579831932
8421,239,1,0,1,0,96.33661087866109
8422,239,0,0,0,0,96.45146443514643
8423,239,0,0,1,0,96.62594142259414
8424,238,0,1,0,1,96.61365546218487
8425,238,0,0,0,0,96.75840336134453
8426,238,0,0,0,0,96.81449579831933
8427,238,0,0,0,0,96.83151260504201
8428,239,1,0,0,0,96.58326359832635
8429,240,1,0,1,0,96.26458333333333
8430,241,1,0,1,0,95.94792531120332
8431,241,0,0,0,0,96.12572614107883
8432,242,1,0,0,0,95.80805785123967
8433,241,0,1,1,1,95.92219917012449
8434,243,2,0,0,0,95.18106995884774
8435,242,0,1,0,1,95.40847107438016
8436,240,0,2,1,2,95.994375
8437,240,0,0,0,0,96.08479166666666
8438,239,0,1,0,1,96.39539748953975
8439,238,0,1,1,1,96.4126050420168
8440,238,0,0,0,0,96.53886554621849
8441,240,2,0,0,0,95.74791666666667
8442,240,0,0,0,0,95.82291666666667
8443,240,0,0,0,0,95.92291666666667
8444,240,0,0,0,0,96.02062500000001
8445,240,0,0,1,0,96.11375
8446,241,1,0,1,0,95.86410788381743
8447,242,1,0,0,0,95.63822314049587
8448,243,1,0,0,0,95.47921810699589
8449,242,0,1,0,1,95.54090909090908
8450,241,0,1,0,1,95.61390041493776
8451,240,0,1,0,1,95.976875
8452,239,0,1,0,1,96.11820083682008
8453,239,0,0,0,0,96.31799163179916
8454,239,0,0,1,0,96.30899581589958
8455,240,1,0,0,0,96.034375
8456,240,1,1,1,1,95.99437499999999
8457,240,0,0,0,0,96.09875000000001
8458,240,0,0,0,0,96.24354166666667
8459,241,2,1,1,1,95.98360995850622
8460,242,1,0,0,0,95.67871900826447
8461,240,0,2,0,2,96.125
8462,238,0,2,0,2,96.16239495798318
8463,237,0,1,1,1,96.58122362869199
8464,238,1,0,0,0,96.24978991596639
8465,238,0,0,0,0,96.33550420168066
8466,238,1,1,0,1,96.02647058823528
8467,238,0,0,0,0,96.22142857142858
8468,237,0,1,1,1,96.61708860759494
8469,237,0,0,1,0,96.71729957805907
8470,237,0,0,1,0,96.70569620253164
8471,237,0,0,0,0,96.77489451476792
8472,238,1,0,1,0,96.41512605042017
8473,237,0,1,0,1,96.53227848101265
8474,238,1,0,2,0,96.13550420168067
8475,237,0,1,1,1,96.21687763713079
8476,238,1,0,1,0,95.8766806722689
8477,237,0,1,0,1,96.21286919831223
8478,238,1,0,1,0,95.97920168067226
8479,236,0,2,0,2,96.64661016949152
8480,236,1,1,0,1,96.78156779661018
8481,236,0,0,0,0,96.80572033898305
8482,236,0,0,0,0,96.8561440677966
8483,236,0,0,0,0,96.8572033898305
8484,233,0,3,0,3,97.03133047210301
8485,232,0,1,0,1,97.14181034482758
8486,232,0,0,2,0,97.2040948275862
8487,232,0,0,0,0,97.16874999999999
8488,232,0,0,0,0,97.21745689655172
8489,232,0,0,0,0,97.34418103448276
8490,232,0,0,0,0,97.40129310344827
8491,232,0,0,1,0,97.47456896551724
8492,232,0,0,1,0,97.47823275862069
8493,231,0,1,2,1,97.48030303030303
8494,230,0,1,0,1,97.79652173913044
8495,228,0,2,0,2,97.77368421052631
8496,228,0,0,0,0,97.79276315789474
8497,227,0,1,0,1,98.09339207048458
8498,227,0,0,0,0,98.12224669603525
8499,228,2,1,0,1,97.625
8500,229,1,0,0,0,97.3731441048035
8501,229,0,0,1,0,97.43275109170305
8502,229,1,1,0,1,97.03755458515283
8503,230,1,0,0,0,96.73760869565217
8504,230,0,0,0,0,96.77565217391303
8505,230,0,0,1,0,96.86065217391305
8506,230,0,0,0,0,96.96391304347826
8507,230,0,0,1,0,97.08565217391305
8508,230,0,0,0,0,97.16347826086955
8509,231,1,0,2,0,96.7056277056277
8510,231,0,0,0,0,96.74545454545455
8511,232,1,0,1,0,96.43793103448276
8512,232,0,0,0,0,96.49181034482758
8513,230,0,2,0,2,97.03673913043478
8514,229,0,1,0,1,97.34628820960698
8515,229,0,0,0,0,97.40786026200873
8516,229,0,0,0,0,97.45807860262008
8517,229,0,0,0,0,97.51615720524018
8518,229,0,0,1,0,97.57707423580786
8519,230,1,0,0,0,97.20869565217392
8520,230,0,0,0,0,97.27847826086956
8521,230,0,0,0,0,97.39652173913043
8522,230,0,0,0,0,97.36673913043478
8523,229,1,2,1,2,97.65240174672488
8524,229,0,0,1,0,97.71637554585152
8525,229,0,0,0,0,97.81550218340611
8526,229,1,1,0,1,97.46288209606988
8527,226,0,3,0,3,97.80398230088495
8528,226,0,0,0,0,97.82455752212388
8529,226,0,0,1,0,97.90154867256638
8530,228,2,0,0,0,97.14802631578948
8531,232,4,0,0,0,95.66271551724138
8532,231,0,1,1,1,96.0634199134199
8533,231,0,0,0,0,96.16385281385281
8534,230,0,1,0,1,96.53995652173913
8535,229,0,1,0,1,97.09563318777292
8536,229,0,0,0,0,97.11528384279475
8537,230,1,0,1,0,96.76043478260868
8538,231,1,0,0,0,96.4943722943723
8539,231,0,0,0,0,96.59329004329004
8540,230,0,1,0,1,97.04847826086956
8541,230,0,0,0,0,97.10108695652174
8542,231,2,1,0,1,96.80194805194805
8543,231,0,0,1,0,96.89199134199134
8544,230,0,1,0,1,96.86239130434782
8545,229,0,1,1,1,97.27903930131004
8546,229,0,0,2,0,97.28362445414848
8547,229,0,0,0,0,97.29519650655021
8548,229,0,0,0,0,97.32379912663754
8549,229,1,1,0,1,96.98318777292576
8550,230,1,0,0,0,96.57347826086955
8551,230,0,0,0,0,96.64891304347826
8552,229,0,1,0,1,97.0925327510917
8553,227,0,2,1,2,97.49929515418502
8554,227,0,0,1,0,97.5677973568282
8555,227,0,0,0,0,97.67022026431718
8556,228,1,0,0,0,97.2844298245614
8557,229,2,1,0,1,96.57379912663754
8558,230,1,0,0,0,96.23173913043478
8559,231,1,0,0,0,95.87510822510822
8560,232,1,0,0,0,95.57758620689656
8561,231,0,1,1,1,95.6482683982684
8562,231,0,0,0,0,95.79350649350648
8563,230,0,1,0,1,96.06021739130433
8564,232,2,0,0,0,95.27521551724138
8565,232,0,0,0,0,95.40711206896552
8566,232,0,0,0,0,95.46745689655172
8567,231,1,2,0,2,95.7861038961039
8568,230,0,1,0,1,96.25169565217391
8569,230,0,0,0,0,96.35669565217391
8570,229,0,1,0,1,96.3575982532751
8571,229,0,0,1,0,96.41589519650654
8572,228,0,1,0,1,96.76179824561403
8573,227,0,1,0,1,97.15079295154185
8574,225,0,2,0,2,97.61280000000001
8575,226,1,0,0,0,97.18641592920355
8576,227,1,0,2,0,96.74594713656387
8577,227,0,0,0,0,96.83008810572687
8578,227,0,0,0,0,96.94308370044052
8579,228,1,0,0,0,96.54574561403508
8580,228,0,0,1,0,96.68587719298246
8581,228,0,0,0,0,96.8521052631579
8582,228,0,0,1,0,96.82206140350877
8583,228,0,0,1,0,96.9238157894737
8584,228,0,0,0,0,97.01087719298245
8585,228,0,0,1,0,97.03675438596491
8586,227,0,1,0,1,97.1433039647577
8587,226,0,1,0,1,97.37849557522124
8588,225,0,1,1,1,97.36351111111111
8589,226,1,0,0,0,97.07761061946903
8590,226,0,0,0,0,97.1262831858407
8591,225,0,1,0,1,97.48897777777778
8592,225,0,0,0,0,97.56608888888888
8593,225,0,0,0,0,97.5588
8594,227,2,0,0,0,96.86828193832598
8595,227,1,1,0,1,96.55748898678414
8596,227,0,0,0,0,96.57643171806167
8597,227,0,0,0,0,96.80991189427313
8598,229,2,0,0,0,95.96331877729257
8599,230,1,0,0,0,95.70857362196034
8600,230,0,0,0,0,95.89521739130436
8601,229,0,1,0,1,96.32467248908296
8602,229,0,0,0,0,96.33908296943233
8603,229,0,0,0,0,96.36528384279475
8604,228,0,1,1,1,96.41315789473684
8605,228,0,0,0,0,96.52061403508772
8606,229,1,0,2,0,96.18449781659389
8607,229,1,1,0,1,95.8768558951965
8608,229,0,0,1,0,95.9414847161572
8609,229,0,0,0,0,96.04803493449782
8610,230,1,0,0,0,95.77760869565216
8611,230,0,0,1,0,95.82347826086958
8612,230,0,0,1,0,95.89782608695653
8613,230,0,0,2,0,96.06173913043479
8614,230,0,0,0,0,96.13586956521739
8615,230,0,0,0,0,96.25999999999999
8616,230,0,0,0,0,96.36760869565217
8617,231,1,0,0,0,96.02792207792209
8618,231,0,0,0,0,96.0634199134199
8619,231,0,0,1,0,96.29826839826839
8620,231,0,0,1,0,96.45324675324676
8621,230,0,1,0,1,96.47391304347826
8622,230,0,0,0,0,96.52021739130434
8623,232,2,0,0,0,95.95560344827587
8624,231,0,1,0,1,96.3982683982684
8625,231,1,1,1,1,96.0112554112554
8626,231,0,0,0,0,96.12813852813852
8627,231,0,0,0,0,96.27467532467533
8628,231,0,0,0,0,96.38982683982684
8629,231,0,0,0,0,96.55974025974025
8630,233,3,1,1,1,95.7137339055794
8631,233,0,0,0,0,95.82103004291845
8632,233,0,0,1,0,95.82231759656652
8633,233,0,0,0,0,95.91609442060086
8634,232,0,1,0,1,96.02995689655172
8635,232,0,0,0,0,96.19137931034483
8636,233,1,0,0,0,95.87381974248926
8637,232,0,1,1,1,96.24181034482758
8638,232,0,0,0,0,96.3698275862069
8639,232,0,0,0,0,96.37629310344828
8640,232,0,0,1,0,96.54137931034482
8641,233,1,0,0,0,96.23497854077253
8642,233,0,0,1,0,96.30278969957081
8643,233,0,0,0,0,96.44034334763948
8644,233,0,0,0,0,96.46888412017168
8645,234,1,0,0,0,96.18632478632478
8646,235,1,0,0,0,95.87638297872341
8647,233,0,2,2,2,96.22703862660944
8648,233,0,0,0,0,96.3010729613734
8649,233,1,1,0,1,96.28283261802575
8650,234,1,0,1,0,96.01623931623931
8651,235,1,0,0,0,95.74021276595745
8652,235,0,0,0,0,95.90680851063829
8653,235,0,0,0,0,95.91106382978722
8654,235,0,0,0,0,96.1008510638298
8655,236,2,1,0,1,95.70911016949152
8656,235,0,1,0,1,96.1155744680851
8657,234,0,1,1,1,96.40726495726496
8658,234,0,0,0,0,96.46538461538462
8659,233,0,1,2,1,96.8145922746781
8660,233,0,0,1,0,96.91716738197425
8661,233,0,0,0,0,96.98111587982832
8662,235,2,0,0,0,96.30063829787233
8663,235,1,1,0,1,96.46
8664,235,0,0,1,0,96.49744680851063
8665,235,0,0,0,0,96.61680851063831
8666,235,0,0,0,0,96.6104255319149
8667,235,0,0,0,0,96.67063829787233
8668,235,0,0,0,0,96.84787234042552
8669,237,2,0,1,0,96.11582278481013
8670,236,0,1,0,1,96.5353813559322
8671,236,1,1,0,1,96.20805084745763
8672,237,1,0,0,0,95.99198312236287
8673,236,0,1,0,1,96.34152542372881
8674,236,0,0,1,0,96.47754237288136
8675,236,0,0,0,0,96.4989406779661
8676,236,1,1,0,1,96.18898305084745
8677,237,1,0,0,0,95.86603375527426
8678,237,0,0,2,0,95.96434599156117
8679,236,0,1,0,1,96.28771186440679
8680,237,1,0,0,0,95.94261603375527
8681,236,0,1,0,1,96.32436440677965
8682,236,0,0,0,0,96.46165254237289
8683,238,2,0,0,0,95.71701680672268
8684,239,1,0,0,0,95.5276150627615
8685,239,0,0,0,0,95.66987447698745
8686,239,0,0,0,0,95.68410041841004
8687,239,0,0,0,0,95.72824267782427
8688,239,0,0,1,0,95.77803347280334
8689,239,1,1,0,1,95.8581589958159
8690,239,0,0,0,0,95.92489539748954
8691,239,0,0,0,0,96.04330543933054
8692,240,1,0,1,0,95.69833333333332
8693,240,0,0,1,0,95.68208333333334
8694,241,1,0,1,0,95.43734439834024
8695,241,0,0,0,0,95.5259336099585
8696,243,2,0,0,0,94.92407407407407
8697,243,0,0,1,0,95.1059670781893
8698,241,0,2,1,2,95.89854771784232
8699,241,0,0,0,0,95.99502074688796
8700,241,0,0,0,0,96.01991701244813
8701,242,1,0,0,0,95.80165289256199
8702,243,2,1,0,1,95.50041152263374
8703,243,0,0,0,0,95.55946502057614
8704,243,0,0,0,0,95.64732510288066
8705,243,0,0,0,0,95.78827160493827
8706,244,1,0,0,0,95.49426229508197
8707,244,0,0,0,0,95.6969262295082
8708,243,0,1,0,1,95.78909465020575
8709,242,0,1,0,1,96.23677685950413
8710,241,0,1,0,1,96.19626556016597
8711,241,0,0,0,0,96.20850622406638
8712,242,1,0,1,0,95.9654958677686
8713,243,1,0,2,0,95.69156378600823
8714,243,0,0,0,0,95.85493827160494
8715,243,0,0,0,0,95.96213991769547
8716,243,0,0,0,0,96.05864197530865
8717,245,2,0,0,0,95.41102040816327
8718,245,0,0,0,0,95.5295918367347
8719,245,0,0,0,0,95.6191836734694
8720,246,1,0,0,0,95.46341463414635
8721,245,0,1,0,1,95.91122448979591
8722,245,0,0,1,0,96.03408163265306
8723,245,1,1,0,1,95.81693877551021
8724,246,1,0,0,0,95.53252032520325
8725,245,0,1,0,1,96.01632653061225
8726,245,0,0,0,0,95.97469387755102
8727,244,0,1,0,1,96.46782786885247
8728,243,1,2,0,2,96.8228806584362
8729,243,0,0,0,0,96.87864197530864
8730,243,0,0,0,0,96.9938683127572
8731,244,1,0,0,0,96.68241803278688
8732,244,1,1,0,1,96.70024590163935
8733,244,0,0,1,0,96.9025
8734,244,1,1,3,1,96.61864754098362
8735,245,1,0,0,0,96.36979591836734
8736,245,1,1,0,1,96.13795918367347
8737,245,0,0,0,0,96.2865306122449
8738,243,0,2,0,2,96.61934156378601
8739,243,0,0,0,0,96.58230452674897
8740,242,0,1,0,1,96.90599173553719
8741,243,1,0,0,0,96.70288065843621
8742,245,2,0,0,0,95.99530612244898
8743,245,1,1,1,1,95.66142857142857
8744,244,0,1,1,1,96.09762295081967
8745,244,0,0,0,0,96.15827868852459
8746,244,0,0,0,0,96.26360655737705
8747,244,0,0,0,0,96.31790983606557
8748,245,1,0,0,0,96.0422820792618
8749,245,0,0,1,0,96.15309840579239
8750,246,1,0,0,0,95.7809313391022
8751,246,0,0,2,0,95.85024028219162
8752,247,1,0,1,0,95.59781015959166
8753,246,0,1,0,1,95.87280125780137
8754,247,1,0,0,0,95.63364011910582
8755,247,0,0,0,0,95.64861987619085
8756,246,0,1,1,1,96.07849231471195
8757,246,0,0,0,0,96.17971182690707
8758,245,0,1,0,1,96.14718003844547
8759,245,0,0,0,0,96.20677187518015
8760,245,0,0,1,0,96.38207799762914
8761,246,1,0,0,0,96.07625654235422
8762,246,0,0,0,0,96.18072808706967
8763,245,0,1,0,1,96.51701677313933
8764,244,0,1,0,1,96.86257831729156
8765,242,0,2,0,2,97.06640127859148
8766,241,0,1,0,1,97.2708261801624
8767,242,1,0,1,0,96.91888061743445
8768,241,0,1,0,1,96.98036974862714
8769,242,1,0,1,0,96.74326078272371
8770,242,0,0,0,0,96.84772359264107
8771,242,0,0,0,0,96.78739301412867
8772,242,0,0,0,0,96.86714508024437
8773,243,1,0,0,0,96.57139551201291
8774,243,1,1,1,1,96.33682761077834
8775,242,0,1,0,1,96.65495499759975
8776,242,0,0,0,0,96.78036822074024
8777,243,1,0,0,0,96.45349427744502
8778,242,0,1,0,1,96.87045086536835
8779,242,0,0,0,0,96.8638392951204
8780,242,1,1,0,1,96.61755830338488
8781,241,0,1,0,1,97.03887597269352
8782,241,0,0,1,0,97.1058884208263
8783,242,1,0,0,0,96.92652524553364
8784,243,1,0,0,0,96.53588110872074
8785,243,0,0,1,0,96.63361773423514
8786,243,0,0,0,0,96.8138646478154
8787,243,0,0,0,0,96.98053131448205
8788,243,0,0,0,0,97.02826793999645
8789,243,0,0,1,0,97.12250662312402
8790,243,0,0,0,0,97.20551073835036
8791,244,1,0,0,0,96.88499635007844
8792,245,1,0,0,0,96.5566902425271
8793,244,0,1,0,1,96.94524225171779
8794,244,0,0,0,0,97.10794716975057
8795,245,1,0,0,0,96.793220854772
8796,246,1,0,1,0,96.57028093259812
8797,248,2,0,0,0,95.81854838709677
8798,248,1,1,1,1,95.52681451612904
8799,247,0,1,0,1,95.56781376518218
8800,248,1,0,1,0,95.27197580645162
8801,248,0,0,0,0,95.30100806451613
8802,249,1,0,0,0,95.01787148594377
8803,247,0,2,0,2,95.81842105263156
8804,247,0,0,0,0,95.89028340080972
8805,246,0,1,0,1,96.22256097560975
8806,246,0,0,0,0,96.33780487804877
8807,246,0,0,0,0,96.41646341463415
8808,246,0,0,0,0,96.57235772357723
8809,247,1,0,1,0,96.3410931174089
8810,245,0,2,1,2,96.70469387755102
8811,245,0,0,0,0,96.73061224489796
8812,246,1,0,1,0,96.4239837398374
8813,246,0,0,1,0,96.44837398373983
8814,245,0,1,0,1,96.90979591836734
8815,246,1,0,0,0,96.60528455284552
8816,245,1,2,0,2,97.10326530612245
8817,246,2,1,2,1,96.49186991869918
8818,246,1,1,0,1,96.4951219512195
8819,246,1,1,1,1,96.1979674796748
8820,248,2,0,0,0,95.54374999999999
8821,248,0,0,0,0,95.68850806451613
8822,248,0,0,0,0,95.7766129032258
8823,249,1,0,0,0,95.45240963855422
8824,249,0,0,0,0,95.61807228915661
8825,249,0,0,0,0,95.7
8826,249,0,0,0,0,95.78534136546185
8827,250,1,0,2,0,95.4838
8828,250,1,1,0,1,95.2774
8829,251,1,0,0,0,95.10597609561752
8830,250,0,1,0,1,95.537
8831,251,1,0,0,0,95.34462151394422
8832,251,0,0,0,0,95.3719123505976
8833,252,1,0,0,0,95.06746031746032
8834,250,1,3,0,3,95.11031999999999
8835,249,1,2,0,2,95.50449799196787
8836,248,0,1,2,1,95.88362903225806
8837,248,0,0,1,0,96.04673387096774
8838,249,2,1,0,1,95.76160642570281
8839,248,1,2,0,2,95.76004032258064
8840,246,0,2,0,2,96.33166666666666
8841,246,0,0,0,0,96.38601626016259
8842,246,0,0,0,0,96.39934959349593
8843,246,0,0,0,0,96.56276422764228
8844,245,0,1,0,1,96.94444897959184
8845,245,0,0,0,0,96.98179591836735
8846,247,2,0,0,0,96.29145748987854
8847,247,0,0,1,0,96.4374089068826
8848,246,0,1,0,1,96.76341463414634
8849,246,0,0,0,0,96.8119918699187
8850,247,1,0,0,0,96.46153846153847
8851,247,0,0,0,0,96.5165991902834
8852,247,0,0,1,0,96.69919028340081
8853,248,1,0,1,0,96.42258064516129
8854,249,1,0,0,0,96.08253012048192
8855,249,1,1,1,1,96.15843373493976
8856,249,0,0,0,0,96.3074297188755
8857,249,0,0,0,0,96.32409638554218
8858,250,1,0,0,0,96.0912
8859,249,0,1,1,1,96.40192771084337
8860,248,1,2,0,2,96.40637096774194
8861,249,2,1,0,1,96.08606425702811
8862,249,0,0,0,0,96.18526104417671
8863,249,1,1,0,1,96.23883534136547
8864,249,0,0,1,0,96.33642570281124
8865,251,2,0,0,0,95.6711952191235
8866,251,0,0,0,0,95.73892430278885
8867,251,0,0,1,0,95.91780876494023
8868,250,0,1,0,1,96.04548
8869,250,0,0,0,0,96.13848
8870,251,1,0,0,0,95.90366533864541
8871,250,0,1,1,1,96.02448
8872,251,2,1,0,1,95.28972111553786
8873,250,0,1,0,1,95.63448
8874,250,1,1,1,1,95.35888
8875,251,1,0,0,0,95.06462151394423
8876,251,0,0,0,0,95.18306772908367
8877,250,0,1,0,1,95.5496
8878,249,0,1,0,1,95.7078313253012
8879,249,1,1,1,1,95.57751004016065
8880,250,1,0,0,0,95.2534
8881,249,0,1,0,1,95.3273092369478
8882,249,0,0,0,0,95.42630522088352
8883,248,0,1,1,1,95.52379032258064
8884,247,0,1,1,1,95.57692307692308
8885,247,0,0,1,0,95.72044534412956
8886,248,2,1,1,1,95.16995967741934
8887,248,0,0,0,0,95.25604838709677
8888,248,0,0,0,0,95.26169354838709
8889,247,0,1,0,1,95.732995951417
8890,245,0,2,0,2,95.83632653061224
8891,245,1,1,0,1,95.85383673469387
8892,245,0,0,0,0,95.94812244897959
8893,245,0,0,0,0,95.94016326530613
8894,245,0,0,0,0,96.04934693877551
8895,245,1,1,1,1,95.98342857142856
8896,245,0,0,1,0,96.06897959183672
8897,246,1,0,1,0,95.79451219512195
8898,245,0,1,0,1,95.81
8899,245,0,0,0,0,95.83244897959185
8900,246,1,0,0,0,95.55466715819466
8901,245,0,1,0,1,95.77325763639138
8902,245,1,1,0,1,95.72395151394241
8903,245,1,1,0,1,95.79860457516689
8904,245,1,1,0,1,95.79922448979592
8905,246,1,0,0,0,95.52012195121951
8906,246,1,1,1,1,95.61926829268293
8907,246,1,1,0,1,95.75626016260163
8908,246,0,0,0,0,95.9359349593496
8909,246,1,1,0,1,95.57780487804878
8910,246,0,0,0,0,95.68939024390244
8911,246,0,0,2,0,95.82373983739838
8912,246,0,0,0,0,95.92638211382113
8913,248,2,0,0,0,95.25822580645162
8914,247,0,1,0,1,95.66271255060728
8915,245,0,2,1,2,96.01587755102041
8916,245,0,0,0,0,96.09975510204082
8917,244,0,1,0,1,96.2585655737705
8918,244,0,0,0,0,96.33274590163934
8919,243,0,1,0,1,96.78329218106995
8920,243,0,0,1,0,96.82551440329217
8921,243,0,0,0,0,97.03024691358024
8922,243,0,0,0,0,97.05534979423868
8923,242,0,1,0,1,97.49194214876033
8924,242,1,1,0,1,97.17995867768595
8925,241,0,1,1,1,97.47468879668048
8926,241,0,0,0,0,97.42593360995849
8927,241,0,0,0,0,97.53215767634855
8928,241,0,0,0,0,97.58319502074689
8929,240,0,1,1,1,97.63291666666667
8930,240,0,0,0,0,97.671875
8931,240,0,0,1,0,97.75541666666666
8932,240,0,0,0,0,97.82895833333333
8933,240,0,0,1,0,97.90145833333332
8934,241,2,1,0,1,97.20767634854772
8935,240,0,1,0,1,97.669375
8936,239,0,1,0,1,97.94560669456067
8937,239,0,0,0,0,97.87175732217572
8938,238,0,1,1,1,97.91239495798318
8939,239,1,0,0,0,97.54100418410042
8940,241,2,0,0,0,96.8545643153527
8941,241,0,0,0,0,96.95560165975104
8942,241,0,0,0,0,97.0039419087137
8943,240,0,1,0,1,97.075
8944,239,0,1,1,1,97.47112970711296
8945,239,0,0,0,0,97.49811715481171
8946,239,0,0,0,0,97.57949790794979
8947,239,0,0,0,0,97.68556485355649
8948,239,0,0,0,0,97.6560669456067
8949,240,1,0,2,0,97.33666666666666
8950,239,0,1,0,1,97.70640167364016
8951,240,1,0,0,0,97.39866666666667
8952,242,2,0,0,0,96.7309090909091
8953,242,0,0,2,0,96.78483471074381
8954,243,1,0,0,0,96.57543209876542
8955,242,0,1,0,1,96.90095041322314
8956,242,0,0,1,0,96.9848347107438
8957,243,1,0,0,0,96.70465020576131
8958,242,0,1,0,1,96.81809917355372
8959,242,0,0,0,0,96.85557851239669
8960,242,0,0,0,0,96.89586776859504
8961,242,1,1,1,1,96.60805785123966
8962,242,0,0,0,0,96.65764462809916
8963,243,1,0,1,0,96.30761316872427
8964,244,1,0,0,0,96.03155737704918
8965,244,0,0,1,0,96.09208583518416
8966,244,0,0,0,0,96.1936475409836
8967,244,1,1,0,1,96.17946721311476
8968,244,0,0,0,0,96.25959016393443
8969,245,1,0,0,0,95.98710204081632
8970,245,0,0,0,0,96.08138775510204
8971,246,1,0,0,0,95.76926829268292
8972,246,1,1,1,1,95.54772357723576
8973,246,0,0,0,0,95.61154471544715
8974,245,0,1,0,1,95.96506122448979
8975,245,0,0,0,0,96.07404081632653
8976,245,0,0,0,0,96.13914285714286
8977,245,0,0,0,0,96.34975510204082
8978,244,0,1,1,1,96.44954918032786
8979,243,0,1,0,1,96.81045267489712
8980,243,0,0,0,0,96.8479012345679
8981,243,0,0,0,0,96.93411522633744
8982,243,0,0,1,0,96.94358024691358
8983,244,1,0,0,0,96.68627049180328
8984,244,0,0,0,0,96.72909836065573
8985,245,1,0,0,0,96.41448979591837
8986,244,1,2,0,2,96.53565573770491
8987,243,0,1,1,1,96.63868312757202
8988,243,0,0,0,0,96.74300411522634
8989,243,0,0,0,0,96.80987654320987
8990,244,2,1,2,1,96.13709016393443
8991,245,2,1,0,1,95.75551020408163
8992,245,0,0,0,0,95.85081632653062
8993,246,1,0,0,0,95.58699186991869
8994,246,0,0,1,0,95.68313008130082
8995,246,0,0,1,0,95.8310975609756
8996,244,0,2,0,2,96.6016393442623
8997,244,0,0,2,0,96.71741803278688
8998,245,1,0,0,0,96.39408163265306
8999,245,0,0,0,0,96.44102040816327
9000,245,0,0,0,0,96.58938775510205
9001,246,1,0,0,0,96.2420731707317
9002,247,1,0,1,0,95.9997975708502
9003,246,0,1,0,1,96.46345528455284
9004,247,1,0,0,0,96.17554655870445
9005,246,0,1,1,1,96.54475609756096
9006,246,0,0,2,0,96.51609756097561
9007,246,0,0,1,0,96.68682926829268
9008,246,0,0,0,0,96.69658536585366
9009,247,1,0,0,0,96.39315789473685
9010,247,0,0,0,0,96.5293927125506
9011,247,1,1,0,1,96.48323886639676
9012,247,0,0,0,0,96.61623481781376
9013,247,0,0,1,0,96.75874493927125
9014,247,0,0,0,0,96.74558704453442
9015,247,0,0,0,0,96.87352226720647
9016,248,1,0,0,0,96.54560483870966
9017,247,0,1,1,1,96.85206477732793
9018,248,1,0,0,0,96.63129032258064
9019,249,1,0,0,0,96.43016064257029
9020,248,0,1,0,1,96.7004435483871
9021,248,0,0,0,0,96.66677419354839
9022,247,0,1,0,1,97.04591093117409
9023,248,1,0,1,0,96.71790322580645
9024,248,0,0,0,0,96.82495967741936
9025,249,2,1,1,1,96.49232931726908
9026,250,1,0,0,0,96.20483999999999
9027,250,0,0,2,0,96.34664
9028,249,0,1,1,1,96.75830522088353
9029,248,0,1,1,1,96.74825806451612
9030,247,0,1,0,1,96.76282591093117
9031,248,1,0,1,0,96.48475
9032,247,0,1,0,1,96.61505263157893
9033,247,0,0,0,0,96.66525506072874
9034,247,0,0,1,0,96.82193522267207
9035,247,0,0,0,0,96.9361052631579
9036,247,0,0,0,0,96.97935222672064
9037,247,0,0,0,0,96.94999999999999
9038,247,0,0,0,0,97.06720647773278
9039,246,0,1,0,1,97.47987804878049
9040,246,0,0,0,0,97.53028455284553
9041,247,1,0,0,0,97.28886639676112
9042,247,0,0,0,0,97.2900809716599
9043,246,0,1,1,1,97.35121951219512
9044,245,0,1,0,1,97.48938775510203
9045,246,1,0,0,0,97.21585365853657
9046,245,0,1,0,1,97.28428571428572
9047,245,0,0,1,0,97.31673469387755
9048,244,0,1,0,1,97.5563524590164
9049,244,0,0,1,0,97.50040983606557
9050,244,0,0,0,0,97.56946721311476
9051,244,0,0,0,0,97.66086065573771
9052,244,0,0,0,0,97.80860655737705
9053,244,0,0,1,0,97.82090163934426
9054,243,0,1,0,1,97.82613168724279
9055,243,1,1,0,1,97.86316872427983
9056,242,0,1,1,1,98.17561983471074
9057,242,0,0,2,0,98.22851239669421
9058,242,0,0,0,0,98.26756198347107
9059,242,0,0,1,0,98.23553719008264
9060,242,0,0,0,0,98.22479338842975
9061,244,2,0,1,0,97.51454918032786
9062,243,0,1,0,1,97.8895061728395
9063,243,1,1,1,1,97.70267489711934
9064,241,0,2,0,2,97.76348547717842
9065,240,0,1,0,1,98.12229166666665
9066,239,0,1,0,1,98.11569037656903
9067,240,1,0,0,0,97.75541666666666
9068,240,0,0,0,0,97.74
9069,240,0,0,0,0,97.81479166666666
9070,240,0,0,0,0,97.81416666666665
9071,240,0,0,1,0,97.88875
9072,239,0,1,0,1,98.25326359832636
9073,239,0,0,1,0,98.27313807531381
9074,238,0,1,2,1,98.27638655462184
9075,238,0,0,0,0,98.29697478991596
9076,238,0,0,0,0,98.41336134453782
9077,239,1,0,0,0,98.03359832635982
9078,239,0,0,0,0,98.08192468619247
9079,239,0,0,0,0,98.10020920502092
9080,238,0,1,1,1,98.54915966386555
9081,238,0,0,2,0,98.56554621848738
9082,238,0,0,0,0,98.56932773109244
9083,238,0,0,0,0,98.61155462184874
9084,239,1,0,1,0,98.19142259414225
9085,240,1,0,0,0,97.84229166666665
9086,240,0,0,0,0,97.99083333333333
9087,240,0,0,0,0,98.05
9088,240,0,0,0,0,97.98583333333333
9089,240,0,0,0,0,98.076875
9090,240,0,0,0,0,98.11770833333334
9091,240,0,0,0,0,98.21979166666667
9092,240,1,1,0,1,97.85041666666666
9093,240,0,0,0,0,97.94
9094,241,1,0,0,0,97.66804979253112
9095,241,0,0,2,0,97.64066390041494
9096,240,0,1,1,1,97.658125
9097,239,0,1,0,1,97.7102510460251
9098,239,0,0,0,0,97.8612970711297
9099,239,0,0,0,0,97.83451882845189
9100,240,1,0,0,0,97.540625
9101,240,0,0,0,0,97.57458333333332
9102,240,1,1,0,1,97.25708333333334
9103,240,0,0,1,0,97.41687499999999
9104,241,1,0,0,0,97.07282157676349
9105,241,0,0,0,0,97.18526970954356
9106,243,2,0,0,0,96.39382716049383
9107,245,2,0,0,0,95.63816326530612
9108,244,0,1,0,1,96.05102459016393
9109,243,0,1,0,1,96.5230452674897
9110,244,1,0,0,0,96.20614754098361
9111,244,1,1,0,1,96.24340163934426
9112,246,2,0,0,0,95.66154471544715
9113,247,1,0,2,0,95.31740890688258
9114,245,0,2,1,2,96.0634693877551
9115,246,1,0,0,0,95.79959349593496
9116,246,1,1,0,1,95.8178861788618
9117,246,0,0,0,0,95.92459349593496
9118,246,0,0,0,0,95.97418699186991
9119,246,0,0,0,0,96.11626016260162
9120,245,0,1,0,1,96.11081632653061
9121,243,0,2,0,2,96.38868312757202
9122,244,1,0,2,0,96.11065573770492
9123,244,0,0,1,0,96.08627049180328
9124,246,2,0,1,0,95.55142276422764
9125,246,0,0,0,0,95.65833333333333
9126,246,0,0,0,0,95.70264227642276
9127,247,1,0,0,0,95.4161943319838
9128,248,1,0,0,0,95.14173387096773
9129,248,0,0,1,0,95.24879032258065
9130,247,0,1,1,1,95.62206477732792
9131,247,0,0,0,0,95.78016194331984
9132,247,0,0,1,0,95.82935222672064
9133,247,0,0,1,0,95.89514170040485
9134,248,1,0,1,0,95.59314516129032
9135,247,1,2,0,2,95.88453441295546
9136,249,2,0,0,0,95.22321285140562
9137,250,1,0,0,0,94.97072
9138,250,0,0,0,0,95.20092
9139,252,2,0,0,0,94.55746031746031
9140,253,1,0,0,0,94.26454545454546
9141,253,0,0,0,0,94.45229249011858
9142,253,0,0,0,0,94.67600790513833
9143,252,0,1,0,1,94.75924603174603
9144,251,0,1,0,1,95.18318725099601
9145,251,0,0,0,0,95.20290836653386
9146,250,0,1,1,1,95.63968
9147,249,0,1,0,1,95.75429718875502
9148,249,0,0,0,0,95.89325301204819
9149,248,0,1,0,1,96.17366935483871
9150,248,1,1,0,1,96.01741935483871
9151,248,0,0,0,0,96.0924193548387
9152,247,0,1,0,1,96.51465587044534
9153,246,0,1,0,1,96.8069918699187
9154,247,1,0,0,0,96.47963562753037
9155,247,0,0,0,0,96.48773279352227
9156,247,0,0,0,0,96.55959514170041
9157,247,0,0,0,0,96.64886639676114
9158,247,0,0,0,0,96.70595141700404
9159,247,1,1,1,1,96.3606072874494
9160,247,0,0,1,0,96.52032388663967
9161,247,0,0,0,0,96.59461538461538
9162,247,1,1,0,1,96.60838056680163
9163,246,1,2,0,2,96.82792682926828
9164,246,0,0,0,0,96.8909349593496
9165,246,1,1,0,1,96.65577235772358
9166,245,0,1,0,1,97.02824489795918
9167,245,0,0,0,0,97.0198775510204
9168,245,0,0,0,0,97.13742857142856
9169,244,0,1,2,1,97.44536885245901
9170,244,0,0,0,0,97.48348360655739
9171,245,1,0,0,0,97.08844897959183
9172,245,0,0,0,0,97.20069387755102
9173,245,0,0,1,0,97.25183673469388
9174,246,1,0,0,0,96.99674796747968
9175,246,0,0,0,0,97.08170731707317
9176,246,1,1,0,1,97.08760162601625
9177,246,0,0,0,0,97.1430894308943
9178,246,0,0,0,0,97.21849593495935
9179,246,1,1,0,1,96.86422764227642
9180,246,0,0,0,0,96.88313008130082
9181,247,1,0,0,0,96.63582995951417
9182,247,0,0,0,0,96.75647773279351
9183,247,0,0,0,0,96.79939271255061
9184,247,0,0,0,0,96.94554655870445
9185,247,0,0,0,0,97.04271255060729
9186,248,1,0,0,0,96.69294354838709
9187,246,1,3,1,3,97.00467479674796
9188,247,1,0,1,0,96.81862348178137
9189,247,0,0,0,0,96.89817813765181
9190,249,2,0,1,0,96.14658634538152
9191,250,1,0,1,0,95.7522
9192,250,0,0,0,0,95.88
9193,248,0,2,0,2,96.30403225806451
9194,247,0,1,0,1,96.64999999999999
9195,247,0,0,1,0,96.7321862348178
9196,247,0,0,0,0,96.78967611336031
9197,247,0,0,0,0,96.89291497975708
9198,246,0,1,0,1,96.93150406504064
9199,244,0,2,0,2,97.33319672131147
9200,243,0,1,0,1,97.73230452674898
9201,243,1,1,0,1,97.39259259259258
9202,241,0,2,0,2,97.49066390041494
9203,241,0,0,0,0,97.52053941908714
9204,241,1,1,0,1,97.17095435684648
9205,243,2,0,1,0,96.52366255144032
9206,242,0,1,0,1,96.94648760330578
9207,242,0,0,0,0,96.96756198347107
9208,242,0,0,0,0,97.0150826446281
9209,241,1,2,0,2,96.68485477178423
9210,242,1,0,1,0,96.36404958677686
9211,241,0,1,0,1,96.42676348547717
9212,240,0,1,1,1,96.75287499999999
9213,239,0,1,0,1,96.78092050209204
9214,238,0,1,0,1,97.28462184873949
9215,237,0,1,0,1,97.75316455696202
9216,236,0,1,1,1,97.7947033898305
9217,235,0,1,0,1,97.82234042553192
9218,235,0,0,0,0,97.9231914893617
9219,236,1,0,1,0,97.50466101694914
9220,236,0,0,1,0,97.58411016949152
9221,236,0,0,1,0,97.69004237288135
9222,236,0,0,0,0,97.6880155613236
9223,235,0,1,0,1,97.73285818073347
9224,235,0,0,0,0,97.78498584030794
9225,235,0,0,1,0,97.82659574468084
9226,235,0,0,1,0,97.82702127659574
9227,234,0,1,0,1,97.88290598290598
9228,234,0,0,1,0,97.93653846153845
9229,234,0,0,0,0,97.93397435897435
9230,235,1,0,1,0,97.63936170212766
9231,235,1,1,0,1,97.3036170212766
9232,235,0,0,0,0,97.36978723404255
9233,233,0,2,0,2,98.07197424892703
9234,233,0,0,0,0,98.12390557939914
9235,233,0,0,0,0,98.24407725321888
9236,233,0,0,0,0,98.26789699570814
9237,233,0,0,1,0,98.3095278969957
9238,233,0,0,1,0,98.27583690987124
9239,233,0,0,1,0,98.45287553648069
9240,234,1,0,0,0,98.13705128205127
9241,233,0,1,0,1,98.42390557939915
9242,234,1,0,0,0,98.08277777777778
9243,233,1,2,0,2,98.05244635193134
9244,233,0,0,0,0,98.0762660944206
9245,233,0,0,1,0,98.15974248927037
9246,233,0,0,0,0,98.27532188841201
9247,233,0,0,0,0,98.25150214592274
9248,233,0,0,0,0,98.24163090128755
9249,233,0,0,0,0,98.36802575107296
9250,233,0,0,0,0,98.39248927038626
9251,234,1,0,0,0,98.00576923076922
9252,234,0,0,0,0,98.01474358974359
9253,234,0,0,0,0,98.12307692307692
9254,233,0,1,0,1,98.19484978540771
9255,233,0,0,0,0,98.26781115879827
9256,233,0,0,0,0,98.35042918454934
9257,233,0,0,0,0,98.35407725321889
9258,233,0,0,0,0,98.39442060085835
9259,233,0,0,0,0,98.34957081545065
9260,233,0,0,2,0,98.33862660944204
9261,233,0,0,0,0,98.37875536480686
9262,233,0,0,0,0,98.42811158798283
9263,234,1,0,0,0,98.07179487179486
9264,235,1,0,0,0,97.69212765957445
9265,235,0,0,0,0,97.61787234042554
9266,237,2,0,0,0,97.03375527426161
9267,237,0,0,0,0,97.07974683544303
9268,238,1,0,1,0,96.75630252100841
9269,239,1,0,0,0,96.40083682008368
9270,239,0,0,0,0,96.58033472803348
9271,239,0,0,0,0,96.61150627615062
9272,239,0,0,0,0,96.6663179916318
9273,240,1,0,0,0,96.34729166666666
9274,239,1,2,0,2,96.7076150627615
9275,239,0,0,0,0,96.80384937238493
9276,240,1,0,0,0,96.50729166666666
9277,241,1,0,0,0,96.21991701244814
9278,243,2,0,0,0,95.5866255144033
9279,245,2,0,0,0,94.84857142857142
9280,245,0,0,0,0,94.88530612244897
9281,244,0,1,0,1,95.24901639344262
9282,244,1,1,0,1,94.91991803278688
9283,244,0,0,0,0,95.16684426229507
9284,244,0,0,0,0,95.35700819672131
9285,244,1,1,1,1,95.0311475409836
9286,247,3,0,0,0,93.98157894736842
9287,247,0,0,0,0,94.09777327935221
9288,247,1,1,0,1,93.9570850202429
9289,247,0,0,1,0,94.02064777327935
9290,247,0,0,1,0,94.12267206477732
9291,248,1,0,0,0,93.77358870967741
9292,246,0,2,0,2,94.16443089430895
9293,245,0,1,0,1,94.32591836734693
9294,245,0,0,0,0,94.49571428571429
9295,245,0,0,2,0,94.61081632653061
9296,245,0,0,1,0,94.65857142857142
9297,244,0,1,0,1,95.1641393442623
9298,244,0,0,1,0,95.24139344262294
9299,244,0,0,0,0,95.39303278688526
9300,243,0,1,1,1,95.44835390946503
9301,243,0,0,0,0,95.42901234567901
9302,243,0,0,0,0,95.58189300411523
9303,244,1,0,0,0,95.34754098360655
9304,245,1,0,1,0,95.02367346938775
9305,244,1,2,1,2,95.14918032786886
9306,244,0,0,0,0,95.15758196721312
9307,243,0,1,0,1,95.3664609053498
9308,243,0,0,0,0,95.4775720164609
9309,243,1,1,0,1,95.4454732510288
9310,243,0,0,0,0,95.47057613168724
9311,243,0,0,1,0,95.58333333333333
9312,244,1,0,0,0,95.37725409836065
9313,244,0,0,1,0,95.54856557377049
9314,244,0,0,0,0,95.70450819672132
9315,244,0,0,0,0,95.78217213114753
9316,243,0,1,0,1,95.8440329218107
9317,243,0,0,0,0,96.09423868312757
9318,243,0,0,0,0,96.25473251028806
9319,243,0,0,0,0,96.40637860082305
9320,244,1,0,1,0,96.08954918032786
9321,246,2,0,0,0,95.47926829268293
9322,246,0,0,0,0,95.59817073170733
9323,247,1,0,0,0,95.38036437246964
9324,247,0,0,0,0,95.48097165991902
9325,246,0,1,0,1,95.5849593495935
9326,247,1,0,0,0,95.30323886639677
9327,247,2,2,1,2,95.2582995951417
9328,247,0,0,0,0,95.332995951417
9329,248,1,0,0,0,95.16350806451612
9330,248,0,0,0,0,95.29818548387097
9331,246,0,2,0,2,95.46016260162602
9332,246,0,0,0,0,95.69329268292682
9333,245,0,1,0,1,95.95755102040816
9334,245,0,0,1,0,96.07836734693878
9335,244,0,1,0,1,96.49303278688524
9336,244,0,0,0,0,96.70389344262296
9337,244,0,0,1,0,96.79180327868853
9338,244,0,0,0,0,96.79897540983607
9339,245,1,0,0,0,96.45142857142856
9340,244,0,1,0,1,96.92815573770493
9341,245,1,0,0,0,96.71579591836735
9342,245,0,0,0,0,96.7825306122449
9343,245,0,0,0,0,96.87048979591837
9344,246,1,0,0,0,96.61573170731708
9345,246,0,0,0,0,96.76349593495935
9346,245,0,1,0,1,96.93783673469387
9347,245,0,0,0,0,97.0625306122449
9348,245,0,0,0,0,97.14722448979592
9349,243,0,2,0,2,97.29259259259258
9350,243,0,0,1,0,97.34115226337448
9351,243,0,0,1,0,97.45267489711934
9352,243,0,0,0,0,97.43004115226337
9353,242,0,1,1,1,97.56280991735538
9354,243,1,0,0,0,97.26028806584362
9355,243,0,0,0,0,97.20041152263374
9356,243,0,0,0,0,97.3164609053498
9357,241,0,2,0,2,97.65435684647304
9358,241,0,0,0,0,97.80456431535269
9359,241,0,0,0,0,97.85643153526972
9360,241,0,0,1,0,97.85912863070538
9361,241,0,0,0,0,97.91431535269709
9362,241,0,0,0,0,97.97676348547716
9363,241,0,0,0,0,98.09315352697095
9364,241,0,0,0,0,98.11452282157676
9365,241,0,0,1,0,98.16286307053942
9366,242,1,0,0,0,97.90351239669421
9367,241,0,1,0,1,98.18215767634854
9368,242,1,0,1,0,97.83243801652893
9369,243,1,0,0,0,97.4954732510288
9370,243,0,0,0,0,97.54506172839507
9371,242,0,1,3,1,97.72623966942149
9372,241,0,1,0,1,97.73298755186721
9373,242,1,0,0,0,97.4047520661157
9374,242,0,0,0,0,97.49090909090908
9375,242,0,0,0,0,97.58285123966942
9376,242,0,0,0,0,97.65061983471075
9377,242,0,0,0,0,97.78842975206611
9378,242,0,0,0,0,97.9607438016529
9379,242,0,0,0,0,97.96177685950413
9380,242,1,1,2,1,97.56859504132231
9381,242,0,0,1,0,97.69979338842974
9382,241,0,1,0,1,97.72904564315353
9383,241,0,0,0,0,97.6914937759336
9384,241,0,0,1,0,97.83298755186722
9385,241,0,0,0,0,97.750622406639
9386,241,1,1,2,1,97.79585062240663
9387,241,0,0,1,0,97.88568464730291
9388,241,0,0,0,0,97.91701244813278
9389,242,1,0,0,0,97.60289256198347
9390,241,0,1,0,1,97.67614107883817
9391,240,0,1,0,1,97.71520833333332
9392,240,0,0,0,0,97.66375
9393,238,0,2,0,2,98.06336134453781
9394,239,1,0,0,0,97.81623430962343
9395,240,1,0,0,0,97.48741666666666
9396,240,0,0,0,0,97.53095833333333
9397,240,0,0,1,0,97.59720833333333
9398,241,1,0,0,0,97.27323651452282
9399,239,0,2,0,2,97.25188284518829
9400,239,0,0,0,0,97.33451882845189
9401,240,1,0,0,0,97.06708333333333
9402,239,0,1,0,1,97.08410041841003
9403,238,0,1,1,1,97.08172268907563
9404,238,0,0,0,0,97.15651260504201
9405,238,0,0,1,0,97.22689075630252
9406,238,0,0,0,0,97.35063025210084
9407,239,1,0,0,0,97.02991631799162
9408,239,0,0,1,0,97.03347280334728
9409,237,0,2,0,2,97.7048523206751
9410,237,0,0,1,0,97.59535864978902
9411,237,0,0,0,0,97.61814345991561
9412,236,0,1,0,1,97.6383474576271
9413,235,0,1,0,1,97.52851063829787
9414,235,0,0,0,0,97.5395744680851
9415,236,1,0,0,0,97.17224576271185
9416,237,1,0,0,0,96.91603375527426
9417,237,0,0,0,0,96.97911392405064
9418,237,0,0,0,0,96.95928270042194
9419,237,0,0,0,0,97.05611814345991
9420,236,0,1,0,1,97.34936440677967
9421,236,0,0,0,0,97.49131355932204
9422,237,1,0,0,0,97.11223628691982
9423,236,0,1,0,1,97.11991525423728
9424,236,0,0,0,0,97.13665254237289
9425,237,2,1,0,1,96.39451476793249
9426,237,0,0,0,0,96.42194092827005
9427,237,0,0,0,0,96.48523206751055
9428,237,0,0,0,0,96.58839662447258
9429,236,0,1,1,1,96.94788135593221
9430,236,0,0,1,0,97.09936440677967
9431,237,1,0,0,0,96.78776371308017
9432,237,1,1,0,1,96.48122362869198
9433,237,0,0,0,0,96.47320675105485
9434,238,1,0,0,0,96.09768907563026
9435,237,1,2,1,2,95.89472573839662
9436,237,0,0,1,0,96.01308016877637
9437,239,2,0,0,0,95.37719665271966
9438,238,0,1,1,1,95.42247899159663
9439,238,1,1,0,1,95.46352941176471
9440,237,0,1,1,1,95.9557805907173
9441,237,0,0,1,0,96.04333333333334
9442,239,2,0,0,0,95.35627615062761
9443,240,1,0,0,0,95.05583333333333
9444,240,0,0,0,0,95.25979166666666
9445,240,1,1,0,1,94.995625
9446,241,1,0,0,0,94.71597510373444
9447,242,1,0,0,0,94.46219008264463
9448,242,0,0,0,0,94.53305785123968
9449,243,1,0,0,0,94.17139917695472
9450,242,0,1,0,1,94.66570247933883
9451,243,1,0,0,0,94.51851851851852
9452,243,1,1,0,1,94.58271604938271
9453,242,0,1,0,1,94.64421487603305
9454,241,0,1,0,1,95.11390041493776
9455,240,0,1,1,1,95.32270833333334
9456,240,0,0,0,0,95.49354166666667
9457,240,0,0,0,0,95.61229166666666
9458,239,0,1,1,1,95.93786610878661
9459,240,1,0,1,0,95.748125
9460,240,0,0,2,0,95.90083333333334
9461,241,1,0,0,0,95.56410788381743
9462,241,1,1,0,1,95.69896265560166
9463,239,0,2,0,2,95.95899581589958
9464,238,0,1,0,1,96.36701680672269
9465,237,0,1,1,1,96.40316455696203
9466,238,1,0,0,0,96.19348739495798
9467,239,1,0,0,0,95.90251046025105
9468,238,0,1,1,1,96.01491596638655
9469,238,0,0,0,0,96.11386554621848
9470,238,0,0,0,0,96.28781512605042
9471,239,1,0,0,0,96.02887029288704
9472,239,0,0,0,0,96.118410041841
9473,240,2,1,1,1,95.40041666666666
9474,240,0,0,0,0,95.49624999999999
9475,239,0,1,1,1,95.88891213389121
9476,239,1,1,0,1,96.0581589958159
9477,240,1,0,0,0,95.7075
9478,241,1,0,0,0,95.53298755186722
9479,242,1,0,1,0,95.22789256198348
9480,242,0,0,0,0,95.39442148760331
9481,244,2,0,0,0,94.7752049180328
9482,244,0,0,0,0,94.97520491803279
9483,244,0,0,0,0,95.12581967213114
9484,243,0,1,1,1,95.39238683127572
9485,243,0,0,1,0,95.42860082304527
9486,243,0,0,0,0,95.42921810699588
9487,243,0,0,0,0,95.58847736625515
9488,242,0,1,0,1,96.06136363636364
9489,243,1,0,0,0,95.79094650205762
9490,243,0,0,0,0,95.9917695473251
9491,242,0,1,0,1,96.10929752066116
9492,242,0,0,0,0,96.11157024793388
9493,243,1,0,0,0,95.82777777777778
9494,243,0,0,0,0,96.03539094650205
9495,242,0,1,0,1,96.51776859504132
9496,243,1,0,0,0,96.27283950617284
9497,244,1,0,0,0,95.89713114754099
9498,244,0,0,0,0,96.03319672131147
9499,245,1,0,0,0,95.85448979591835
9500,245,0,0,0,0,95.92183673469387
9501,246,1,0,0,0,95.5810975609756
9502,244,0,2,0,2,95.78565573770491
9503,243,0,1,0,1,95.8111111111111
9504,243,1,1,0,1,95.93847736625514
9505,242,0,1,0,1,96.36611570247933
9506,242,0,0,0,0,96.50206611570248
9507,242,0,0,0,0,96.524173553719
9508,241,0,1,1,1,96.95850622406638
9509,241,0,0,0,0,97.05145228215767
9510,241,1,1,0,1,96.83589211618258
9511,241,0,0,0,0,96.8234439834025
9512,242,1,0,0,0,96.61404958677686
9513,242,0,0,0,0,96.8146694214876
9514,242,0,0,0,0,96.91756198347107
9515,243,1,0,2,0,96.60637860082304
9516,243,1,1,0,1,96.60884773662552
9517,243,0,0,1,0,96.70617283950617
9518,244,1,0,1,0,96.44938524590162
9519,244,0,0,0,0,96.51762295081967
9520,243,0,1,0,1,96.88456790123458
9521,242,1,2,0,2,96.96880165289257
9522,242,0,0,0,0,97.06942148760331
9523,242,1,1,1,1,96.95929752066115
9524,243,1,0,0,0,96.77757201646091
9525,242,0,1,0,1,97.14359504132231
9526,242,0,0,0,0,97.20578512396693
9527,242,0,0,0,0,97.25289256198347
9528,242,0,0,0,0,97.32376033057851
9529,242,0,0,0,0,97.33119834710743
9530,241,0,1,0,1,97.81452282157676
9531,241,0,0,0,0,97.80311203319502
9532,243,2,0,0,0,97.01748971193416
9533,243,0,0,0,0,97.06069958847736
9534,243,0,0,0,0,97.15082304526749
9535,242,0,1,0,1,97.13429752066116
9536,242,0,0,0,0,97.15743801652891
9537,241,0,1,0,1,97.55373443983403
9538,240,0,1,0,1,97.641875
9539,241,1,0,1,0,97.38672199170125
9540,241,0,0,1,0,97.40726141078838
9541,241,0,0,0,0,97.42282157676348
9542,241,0,0,1,0,97.61804979253112
9543,241,0,0,0,0,97.66078838174273
9544,241,0,0,0,0,97.72219917012448
9545,241,0,0,0,0,97.74896265560166
9546,240,0,1,0,1,97.8975
9547,240,0,0,1,0,97.925625
9548,239,0,1,0,1,97.9073221757322
9549,240,1,0,1,0,97.56708333333333
9550,240,0,0,0,0,97.58125
9551,240,0,0,0,0,97.65145833333332
9552,239,0,1,0,1,97.7
9553,239,0,0,0,0,97.77740585774059
9554,239,0,0,0,0,97.77175732217573
9555,239,0,0,1,0,97.90083682008368
9556,238,0,1,1,1,97.97605042016806
9557,238,0,0,0,0,97.95462184873949
9558,238,0,0,0,0,98.03151260504201
9559,238,0,0,0,0,98.0594537815126
9560,240,2,0,0,0,97.30729166666667
9561,241,1,0,0,0,96.98713692946058
9562,240,0,1,0,1,97.37458333333332
9563,240,0,0,0,0,97.410625
9564,240,0,0,0,0,97.47270833333333
9565,240,0,0,0,0,97.61604166666666
9566,240,0,0,0,0,97.77749999999999
9567,242,2,0,1,0,97.05909090909091
9568,242,1,1,0,1,96.6995867768595
9569,242,1,1,0,1,96.75392561983472
9570,242,1,1,0,1,96.77698347107437
9571,243,1,0,0,0,96.5338683127572
9572,240,0,3,0,3,97.41208333333333
9573,239,0,1,0,1,97.62594142259414
9574,238,0,1,1,1,98.10210084033613
9575,237,0,1,1,1,98.21075949367089
9576,239,2,0,0,0,97.3765690376569
9577,239,0,0,0,0,97.51757322175733
9578,239,0,0,1,0,97.54205020920502
9579,240,1,0,0,0,97.22270833333333
9580,241,1,0,0,0,96.92344398340249
9581,242,1,0,0,0,96.5650826446281
9582,241,0,1,2,1,96.53547717842324
9583,241,0,0,0,0,96.69107883817428
9584,241,0,0,0,0,96.8116182572614
9585,240,0,1,0,1,97.25145833333333
9586,240,0,0,0,0,97.26395833333332
9587,240,0,0,0,0,97.31091666666666
9588,240,0,0,0,0,97.36216666666665
9589,239,0,1,1,1,97.33502092050209
9590,239,0,0,1,0,97.52790794979079
9591,239,0,0,0,0,97.51828451882845
9592,241,2,0,0,0,96.79024896265561
9593,241,1,1,0,1,96.82821576763484
9594,240,0,1,0,1,97.2545
9595,240,0,0,0,0,97.35137499999999
9596,240,0,0,0,0,97.38658333333333
9597,240,0,0,0,0,97.46095833333334
9598,240,0,0,1,0,97.4395
9599,240,0,0,0,0,97.42804166666666
9600,241,1,0,0,0,97.1333195020747
9601,242,1,0,0,0,96.81685950413224
9602,243,1,0,0,0,96.4569135802469
9603,243,0,0,0,0,96.55288065843621
9604,244,1,0,1,0,96.28934426229507
9605,245,1,0,1,0,95.96510204081633
9606,245,1,1,1,1,95.98918367346938
9607,245,1,1,0,1,95.67408163265306
9608,242,0,3,1,3,95.72561983471074
9609,243,1,0,0,0,95.39567901234567
9610,243,0,0,0,0,95.47942386831275
9611,243,0,0,2,0,95.63868312757202
9612,243,0,0,0,0,95.74135802469137
9613,242,0,1,0,1,95.80433884297521
9614,242,0,0,0,0,95.9090909090909
9615,241,0,1,0,1,96.32323651452283
9616,241,0,0,0,0,96.37053941908714
9617,242,2,1,0,1,95.64297520661157
9618,242,0,0,0,0,95.74442148760332
9619,241,0,1,0,1,95.82572614107883
9620,241,0,0,0,0,95.8045643153527
9621,241,0,0,0,0,95.74917012448132
9622,240,0,1,0,1,96.27083333333333
9623,240,0,0,1,0,96.32854166666667
9624,240,0,0,1,0,96.54187499999999
9625,239,0,1,0,1,96.62740585774058
9626,239,0,0,0,0,96.76548117154812
9627,239,0,0,2,0,96.77322175732218
9628,239,0,0,0,0,96.84979079497907
9629,238,0,1,0,1,97.29306722689076
9630,238,0,0,0,0,97.3623949579832
9631,238,0,0,1,0,97.33802521008404
9632,238,1,1,0,1,96.9594537815126
9633,238,0,0,0,0,97.09957983193277
9634,238,0,0,0,0,97.25798319327731
9635,238,0,0,0,0,97.35777310924371
9636,239,1,0,1,0,96.96945606694561
9637,239,0,0,0,0,96.96066945606694
9638,238,0,1,0,1,97.41764705882353
9639,240,2,0,0,0,96.80604166666667
9640,239,0,1,1,1,96.90941422594142
9641,239,0,0,0,0,97.0102510460251
9642,239,0,0,0,0,97.08870292887029
9643,238,1,2,0,2,96.75021008403361
9644,238,0,0,0,0,96.98466386554621
9645,239,1,0,0,0,96.67301255230124
9646,239,0,0,0,0,96.7428870292887
9647,239,0,0,0,0,96.786820083682
9648,239,0,0,0,0,96.81736401673639
9649,239,0,0,0,0,96.89707112970711
9650,239,0,0,0,0,96.99916317991631
9651,239,0,0,0,0,97.10397489539749
9652,240,1,0,0,0,96.79083333333332
9653,240,0,0,0,0,96.93541666666667
9654,240,0,0,0,0,97.005625
9655,241,1,0,0,0,96.77448132780084
9656,242,1,0,1,0,96.43326446280992
9657,242,0,0,1,0,96.499173553719
9658,241,0,1,0,1,96.77572614107883
9659,240,0,1,0,1,96.97625
9660,240,0,0,0,0,97.05749999999999
9661,241,1,0,1,0,96.85560165975104
9662,239,0,2,0,2,96.9541841004184
9663,239,0,0,0,0,96.97949790794978
9664,239,0,0,0,0,97.01778242677824
9665,239,0,0,0,0,97.10753138075314
9666,240,1,0,0,0,96.83020833333333
9667,240,1,1,0,1,96.47749999999999
9668,240,1,1,0,1,96.12208333333334
9669,240,0,0,0,0,96.113125
9670,240,1,1,0,1,96.31270833333333
9671,241,1,0,0,0,96.02199170124481
9672,242,1,0,0,0,95.72871900826446
9673,242,0,0,1,0,95.875826446281
9674,242,0,0,0,0,95.95578512396693
9675,242,0,0,0,0,96.05289256198347
9676,241,0,1,0,1,96.43526970954356
9677,241,0,0,1,0,96.44875518672198
9678,242,1,0,0,0,96.1146694214876
9679,241,0,1,0,1,96.3201244813278
9680,242,1,0,0,0,95.9555785123967
9681,242,0,0,0,0,95.89876033057851
9682,242,0,0,1,0,96.00640495867768
9683,243,2,1,0,1,95.61588477366256
9684,242,0,1,0,1,95.78681818181818
9685,243,1,0,0,0,95.5975720164609
9686,242,0,1,1,1,96.03619834710743
9687,241,0,1,0,1,96.41103734439835
9688,241,0,0,0,0,96.4307468879668
9689,241,1,1,0,1,96.40398340248963
9690,240,1,2,1,2,96.78870833333333
9691,241,1,0,1,0,96.47070539419087
9692,240,0,1,0,1,96.744
9693,240,0,0,1,0,96.79733333333334
9694,241,1,0,0,0,96.4865560165975
9695,241,0,0,0,0,96.5356846473029
9696,241,0,0,0,0,96.64253112033194
9697,241,0,0,0,0,96.69419087136929
9698,241,1,1,1,1,96.40352697095436
9699,241,0,0,0,0,96.45643153526972
9700,241,0,0,1,0,96.57261410788382
9701,241,0,0,0,0,96.60082987551867
9702,241,0,0,0,0,96.65975103734439
9703,241,0,0,1,0,96.75020746887967
9704,242,1,0,0,0,96.48553719008264
9705,242,0,0,0,0,96.58264462809917
9706,243,1,0,1,0,96.2820987654321
9707,243,0,0,0,0,96.38703703703703
9708,243,0,0,0,0,96.41316872427983
9709,243,1,1,0,1,96.47942386831275
9710,243,1,1,0,1,96.39609053497942
9711,245,2,0,1,0,95.74244897959183
9712,244,0,1,0,1,96.18893442622951
9713,245,1,0,0,0,96.02142857142857
9714,246,1,0,0,0,95.72172326420011
9715,246,0,0,0,0,95.79634146341462
9716,246,0,0,0,0,95.91341463414635
9717,245,0,1,0,1,96.2769387755102
9718,242,0,3,0,3,97.15351239669421
9719,242,0,0,0,0,97.20330578512397
9720,242,0,0,1,0,97.25185950413224
9721,243,1,0,0,0,96.96460905349794
9722,242,0,1,0,1,97.3785123966942
9723,241,0,1,0,1,97.64564315352696
9724,242,1,0,0,0,97.30743801652892
9725,242,0,0,0,0,97.36570247933884
9726,242,0,0,0,0,97.43243801652893
9727,242,0,0,1,0,97.49359504132232
9728,242,0,0,1,0,97.46322314049586
9729,241,0,1,0,1,97.5616182572614
9730,242,1,0,1,0,97.33533057851238
9731,241,0,1,0,1,97.60829875518671
9732,241,0,0,1,0,97.67966804979253
9733,241,0,0,0,0,97.7109958506224
9734,241,0,0,0,0,97.76970954356847
9735,244,3,0,1,0,96.68319672131148
9736,243,0,1,0,1,96.8127572016461
9737,243,0,0,0,0,96.84670781893004
9738,243,0,0,1,0,96.90123456790124
9739,244,1,0,1,0,96.5608606557377
9740,244,0,0,0,0,96.58545081967212
9741,243,0,1,1,1,96.67716049382716
9742,242,0,1,0,1,96.73388429752066
9743,240,0,2,0,2,97.44604166666666
9744,241,1,0,0,0,97.101244813278
9745,242,1,0,0,0,96.77727272727272
9746,243,1,0,0,0,96.45699588477366
9747,243,0,0,0,0,96.5866255144033
9748,242,0,1,0,1,97.09690082644629
9749,242,0,0,1,0,97.10702479338842
9750,242,0,0,0,0,97.19318181818181
9751,242,0,0,1,0,97.25268595041321
9752,242,0,0,0,0,97.40123966942149
9753,241,0,1,1,1,97.83298755186722
9754,241,0,0,0,0,97.85497925311203
9755,241,0,0,0,0,97.91037344398339
9756,241,0,0,0,0,98.03796680497925
9757,241,0,0,0,0,98.13941908713693
9758,241,0,0,0,0,98.17863070539418
9759,242,1,0,0,0,97.77086776859504
9760,243,1,0,0,0,97.48271604938272
9761,243,0,0,1,0,97.52633744855966
9762,244,1,0,0,0,97.25184426229508
9763,241,0,3,2,3,97.85850622406637
9764,241,0,0,0,0,97.93879668049793
9765,240,0,1,0,1,97.93354166666667
9766,240,0,0,0,0,97.96854166666667
9767,239,1,2,0,2,97.59958158995816
9768,237,1,3,0,3,97.54746835443038
9769,237,0,0,0,0,97.60337552742617
9770,237,0,0,0,0,97.5873417721519
9771,237,0,0,0,0,97.69620253164557
9772,236,0,1,0,1,97.73792372881356
9773,236,0,0,0,0,97.82902542372881
9774,236,0,0,0,0,97.89322033898304
9775,236,0,0,0,0,97.84915254237288
9776,236,0,0,0,0,97.88220338983051
9777,237,1,0,0,0,97.48881856540083
9778,237,0,0,0,0,97.58755274261604
9779,237,0,0,1,0,97.6103375527426
9780,237,0,0,0,0,97.67995780590716
9781,238,1,0,0,0,97.3502100840336
9782,238,0,0,0,0,97.4235294117647
9783,238,0,0,1,0,97.47100840336134
9784,238,0,0,0,0,97.47205882352941
9785,238,0,0,0,0,97.54453781512605
9786,239,1,0,0,0,97.19979079497908
9787,239,0,0,0,0,97.34958158995816
9788,239,0,0,0,0,97.47112970711296
9789,239,0,0,0,0,97.43870292887028
9790,240,1,0,0,0,97.17104166666667
9791,241,1,0,0,0,96.93298755186721
9792,241,0,0,0,0,97.00622406639005
9793,240,0,1,0,1,97.24395833333332
9794,240,0,0,0,0,97.288125
9795,240,0,0,1,0,97.25999999999999
9796,238,0,2,0,2,97.67773109243697
9797,240,2,0,0,0,96.88333333333334
9798,241,1,0,0,0,96.60995850622406
9799,241,0,0,0,0,96.72116182572614
9800,240,0,1,0,1,96.77270833333334
9801,238,0,2,0,2,97.32247899159664
9802,237,0,1,1,1,97.68607594936708
9803,238,1,0,0,0,97.36050420168067
9804,238,0,0,0,0,97.33235294117647
9805,239,1,0,0,0,96.99476987447699
9806,239,0,0,0,0,97.10481171548116
9807,239,1,1,0,1,97.06882845188285
9808,238,0,1,0,1,97.53966386554622
9809,239,1,0,0,0,97.21502092050208
9810,238,0,1,0,1,97.56109243697479
9811,238,0,0,0,0,97.64491596638655
9812,239,1,0,0,0,97.2079079497908
9813,239,0,0,1,0,97.29933054393305
9814,239,0,0,0,0,97.35330543933054
9815,239,0,0,0,0,97.46292887029288
9816,241,2,0,1,0,96.77381742738588
9817,241,2,2,0,2,96.41676348547718
9818,243,2,0,0,0,95.82115226337449
9819,243,0,0,0,0,95.92999999999999
9820,243,1,1,0,1,96.02135802469135
9821,244,1,0,1,0,95.75036885245902
9822,242,0,2,1,2,96.18632231404959
9823,242,0,0,0,0,96.27227272727272
9824,243,1,0,1,0,95.95304526748971
9825,243,0,0,0,0,95.98185185185186
9826,243,0,0,0,0,96.0925514403292
9827,244,1,0,0,0,95.85569672131147
9828,245,1,0,0,0,95.60648979591836
9829,245,0,0,0,0,95.67648979591836
9830,244,0,1,1,1,96.05225409836065
9831,244,0,0,0,0,96.19590163934426
9832,244,0,0,0,0,96.28647540983606
9833,245,1,0,0,0,96.02979591836734
9834,245,1,1,1,1,95.78775510204082
9835,244,0,1,0,1,95.81885245901638
9836,244,0,0,0,0,95.85840163934427
9837,244,0,0,0,0,95.91372950819672
9838,243,0,1,0,1,96.29917695473252
9839,243,0,0,1,0,96.38230452674897
9840,241,0,2,2,2,97.08070539419087
9841,241,0,0,1,0,97.14294605809128
9842,241,0,0,0,0,97.21265560165975
9843,240,0,1,0,1,97.44708333333332
9844,240,0,0,0,0,97.5125
9845,240,0,0,1,0,97.47020833333333
9846,240,0,0,1,0,97.70812500000001
9847,240,0,0,1,0,97.780625
9848,240,0,0,0,0,97.73708333333335
9849,240,0,0,0,0,97.84645833333335
9850,240,0,0,0,0,97.91312500000001
9851,240,0,0,0,0,97.96354166666667
9852,239,0,1,0,1,97.95251046025105
9853,240,1,0,0,0,97.63604166666667
9854,241,1,0,0,0,97.36659751037344
9855,241,0,0,1,0,97.4701244813278
9856,241,0,0,1,0,97.52842323651451
9857,241,0,0,0,0,97.60352697095436
9858,243,2,0,0,0,96.90102880658436
9859,244,1,0,0,0,96.63258196721311
9860,244,0,0,0,0,96.73217213114755
9861,243,0,1,0,1,97.13621399176954
9862,243,0,0,0,0,97.17386831275721
9863,243,0,0,0,0,97.17119341563786
9864,243,0,0,0,0,97.31090534979424
9865,244,2,1,0,1,96.93278688524589
9866,245,1,0,0,0,96.68367346938776
9867,245,0,0,0,0,96.88183673469388
9868,245,0,0,0,0,96.9430612244898
9869,244,0,1,0,1,97.13770491803278
9870,244,0,0,0,0,97.15696721311475
9871,245,1,0,0,0,96.84673469387755
9872,246,1,0,0,0,96.49654471544714
9873,248,2,0,0,0,95.8524193548387
9874,248,1,1,1,1,95.92681451612903
9875,247,0,1,0,1,96.08562753036436
9876,249,2,0,0,0,95.40321285140561
9877,250,1,0,0,0,95.17880000000001
9878,250,0,0,0,0,95.2328
9879,248,0,2,0,2,95.58891129032257
9880,247,0,1,0,1,96.13198380566801
9881,246,0,1,1,1,96.42743902439024
9882,245,0,1,1,1,96.78020408163265
9883,245,0,0,0,0,96.84142857142857
9884,245,0,0,1,0,96.91857142857143
9885,245,0,0,1,0,96.94551020408163
9886,246,1,0,0,0,96.62723577235772
9887,246,0,0,0,0,96.68170731707318
9888,246,0,0,0,0,96.82357723577235
9889,246,0,0,1,0,96.8571138211382
9890,245,0,1,0,1,96.90938775510203
9891,243,0,2,1,2,97.23497942386831
9892,242,0,1,0,1,97.45805785123966
9893,243,1,0,0,0,97.04032921810699
9894,243,0,0,1,0,97.19074074074074
9895,243,0,0,0,0,97.22366255144033
9896,244,1,0,0,0,96.88217213114754
9897,244,0,0,0,0,97.11372950819673
9898,242,1,3,1,3,97.08904958677685
9899,242,0,0,0,0,97.21838842975205
9900,241,0,1,0,1,97.42614107883817
9901,241,1,1,0,1,97.45730290456432
9902,241,0,0,0,0,97.55107883817428
9903,241,0,0,0,0,97.58344398340249
9904,241,0,0,0,0,97.58510373443983
9905,241,0,0,0,0,97.64049792531121
9906,241,0,0,0,0,97.66373443983402
9907,241,0,0,0,0,97.71331950207468
9908,241,0,0,0,0,97.77286307053942
9909,240,0,1,0,1,98.15816666666666
9910,240,0,0,0,0,98.17191666666666
9911,240,0,0,0,0,98.25941666666667
9912,240,0,0,0,0,98.223375
9913,241,1,0,0,0,97.8548132780083
9914,241,0,0,0,0,97.90190871369295
9915,241,0,0,2,0,97.93634854771784
9916,241,0,0,0,0,98.07369294605809
9917,242,1,0,0,0,97.84404958677685
9918,243,1,0,0,0,97.42349794238683
9919,243,0,0,0,0,97.45991769547325
9920,242,0,1,0,1,97.8002479338843
9921,242,0,0,0,0,97.88681818181819
9922,241,0,1,0,1,98.27456431535269
9923,241,0,0,0,0,98.32041493775934
9924,241,0,0,0,0,98.41829875518673
9925,241,0,0,2,0,98.45854771784232
9926,241,0,0,0,0,98.44091286307054
9927,241,0,0,1,0,98.55854771784233
9928,241,0,0,1,0,98.59796680497925
9929,241,0,0,1,0,98.63053941908713
9930,241,0,0,0,0,98.64672199170124
9931,242,1,0,0,0,98.29880165289255
9932,242,0,0,0,0,98.31115702479339
9933,243,1,0,0,0,97.9716049382716
9934,243,0,0,0,0,98.0670781893004
9935,243,0,0,0,0,98.0925925925926
9936,243,0,0,0,0,98.11748971193416
9937,244,1,0,0,0,97.75225409836065
9938,245,1,0,1,0,97.46102040816326
9939,244,0,1,0,1,97.9030737704918
9940,244,0,0,0,0,97.96823770491804
9941,244,0,0,0,0,98.02110655737704
9942,244,0,0,0,0,98.12028688524589
9943,243,0,1,0,1,98.46234567901234
9944,243,0,0,1,0,98.46975308641974
9945,243,0,0,0,0,98.46152263374485
9946,243,0,0,0,0,98.47181069958847
9947,243,0,0,0,0,98.52345679012346
9948,244,1,0,0,0,98.10553278688525
9949,244,0,0,0,0,98.10901639344262
9950,244,0,0,0,0,98.11680327868852
9951,244,0,0,0,0,98.14139344262296
9952,243,0,1,0,1,98.28868312757201
9953,244,1,0,0,0,97.94979508196721
9954,245,1,0,0,0,97.59448979591836
9955,246,2,1,0,1,96.8670731707317
9956,246,0,0,0,0,96.91483739837398
9957,246,0,0,0,0,96.88415447413087
9958,245,0,1,0,1,97.39428571428572
9959,246,1,0,0,0,97.0140243902439
9960,246,0,0,1,0,97.07479674796747
9961,246,0,0,1,0,97.10365853658537
9962,246,0,0,0,0,97.11036585365852
9963,245,0,1,0,1,97.19551020408163
9964,244,0,1,0,1,97.57028688524589
9965,244,0,0,0,0,97.56987704918032
9966,244,0,0,0,0,97.60081967213114
9967,245,1,0,0,0,97.29510204081632
9968,245,0,0,0,0,97.3342857142857
9969,245,1,1,1,1,97.29987755102042
9970,245,0,0,1,0,97.30836734693877
9971,244,0,1,0,1,97.78340163934425
9972,245,1,0,0,0,97.46000000000001
9973,246,1,0,0,0,97.14369918699187
9974,247,1,0,1,0,96.8157894736842
9975,247,1,1,0,1,96.88623481781376
9976,247,1,1,0,1,96.52692307692307
9977,248,1,0,0,0,96.2508064516129
9978,247,0,1,2,1,96.6263157894737
9979,248,1,0,1,0,96.37943548387096
9980,247,1,2,0,2,96.13016194331983
9981,248,2,1,0,1,95.7290322580645
9982,248,0,0,1,0,95.83125
9983,248,0,0,0,0,95.86028225806452
9984,248,0,0,0,0,95.98548387096773
9985,248,0,0,1,0,96.1032258064516
9986,247,0,1,0,1,96.53987854251011
9987,246,0,1,1,1,96.58922764227643
9988,246,0,0,0,0,96.71808943089431
9989,245,1,2,1,2,96.98326530612246
9990,245,0,0,1,0,96.99653061224488
9991,244,0,1,1,1,97.03483606557377
9992,243,0,1,0,1,97.3156378600823
9993,243,0,0,0,0,97.33539094650206
9994,243,0,0,0,0,97.43991769547324
9995,243,0,0,0,0,97.58621399176955
9996,243,0,0,0,0,97.61008230452676
9997,242,0,1,1,1,97.68574380165289
9998,242,0,0,0,0,97.80351239669422
9999,242,0,0,0,0,97.83305785123966
10000,244,2,0,0,0,97.08073770491804
