tick,population,births,deaths,moves,absorptions,mean_internal_energy
1,20,0,0,0,0,26.65
2,20,0,0,1,0,28.84510763833007
3,20,0,0,0,0,30.26061730226751
4,20,0,0,0,0,31.550412629956543
5,20,0,0,0,0,33.46242403860059
6,20,0,0,0,0,33.75226439009737
7,20,0,0,0,0,33.86571866226235
8,20,0,0,0,0,34.30386167467884
9,20,0,0,2,0,34.32718889263142
10,20,0,0,0,0,34.53501699396802
11,20,0,0,0,0,35.154757236554325
12,20,0,0,0,0,35.198524903774306
13,20,0,0,0,0,34.886206733197106
14,20,0,0,0,0,34.50120673319711
15,20,0,0,0,0,34.14120673319711
16,20,0,0,2,0,33.781206733197116
17,20,0,0,1,0,33.59620673319712
18,20,0,0,0,0,33.436206733197125
19,20,0,0,2,0,33.30120673319713
20,20,0,0,1,0,33.34633252533293
21,20,0,0,0,0,33.51133252533294
22,20,0,0,1,0,33.586332525332935
23,20,0,0,0,0,33.62201943137883
24,20,0,0,0,0,33.462019431378835
25,20,0,0,0,0,33.48701943137884
26,20,0,0,0,0,33.327019431378844
27,20,0,0,0,0,33.34701943137885
28,20,0,0,0,0,33.16201943137885
29,20,0,0,0,0,32.87201943137885
30,20,0,0,0,0,32.96701943137885
31,20,0,0,0,0,32.95696497220358
32,20,0,0,0,0,32.68196497220358
33,20,0,0,0,0,32.536964972203585
34,20,0,0,1,0,32.42196497220358
35,20,0,0,0,0,32.85196497220359
36,20,0,0,0,0,32.47196497220359
37,20,0,0,0,0,32.26696497220359
38,20,0,0,0,0,32.63196497220359
39,20,0,0,1,0,32.24196497220359
40,20,0,0,0,0,32.39696497220359
41,20,0,0,0,0,32.346964972203594
42,20,0,0,0,0,32.5269649722036
43,20,0,0,0,0,32.16196497220359
44,20,0,0,0,0,32.5069649722036
45,20,0,0,2,0,32.2869649722036
46,20,0,0,1,0,32.1869649722036
47,20,0,0,1,0,32.2169649722036
48,20,0,0,0,0,32.8169649722036
49,20,0,0,0,0,33.226964972203604
50,20,0,0,0,0,33.5269649722036
51,20,0,0,0,0,33.716964972203606
52,20,0,0,0,0,34.46098647032419
53,20,0,0,0,0,34.66092214842368
54,20,0,0,0,0,34.95092214842368
55,20,0,0,0,0,35.19592214842368
56,20,0,0,0,0,35.655922148423684
57,20,0,0,0,0,35.450922148423686
58,20,0,0,0,0,35.55592214842368
59,20,0,0,0,0,35.61092214842368
60,20,0,0,0,0,35.655922148423684
61,20,0,0,0,0,35.50092214842368
62,20,0,0,0,0,35.33092214842368
63,20,0,0,0,0,35.38092214842369
64,20,0,0,0,0,35.420922148423685
65,20,0,0,1,0,35.22592214842369
66,20,0,0,1,0,35.56092214842369
67,20,0,0,0,0,35.45092214842369
68,20,0,0,0,0,35.6709221484237
69,20,0,0,0,0,36.1109221484237
70,21,1,0,0,1,33.97230680802257
71,21,0,0,1,0,34.427068712784475
72,21,0,0,0,0,34.66111139326712
73,21,0,0,0,0,35.03015901231474
74,21,0,0,1,0,35.218254250409984
75,21,0,0,0,0,35.5968256789814
76,21,0,0,0,0,36.01349234564808
77,21,0,0,1,0,35.711555059261755
78,22,1,0,1,1,33.94966619293168
79,22,0,0,0,1,34.92583558412408
80,22,0,0,0,1,35.407653765942264
81,22,0,0,0,1,35.830381038669536
82,22,0,0,0,1,36.26219922048772
83,22,0,0,2,0,36.43038103866954
84,22,0,0,0,0,36.85310831139681
85,22,0,0,0,0,37.284926493214996
86,22,0,0,0,0,37.575835584124086
87,22,0,0,0,0,37.91219922048772
88,22,0,0,0,0,38.19856285685136
89,22,0,0,0,0,38.571290129578635
90,22,0,0,1,0,39.348562856851366
91,22,0,0,0,0,39.76219922048773
92,22,0,0,1,0,39.98038103866955
93,23,1,0,0,2,37.8681905587274
94,23,0,0,0,2,38.49210360220566
95,23,0,0,0,2,38.4681905587274
96,23,0,0,0,2,39.25732099351001
97,23,0,0,0,2,39.32036447177088
98,23,0,0,1,2,39.34427751524914
99,23,0,0,0,2,39.859494906553486
100,23,0,0,0,2,40.187755776118706
101,23,0,0,0,2,40.82906012394479
102,23,0,0,0,2,41.12688621090132
103,23,0,0,0,2,41.85514708046653
104,23,0,0,0,2,42.00079925437958
105,23,0,0,0,2,41.94645142829262
106,23,0,0,0,2,43.19210360220566
107,22,0,1,0,2,45.74493091218175
108,22,0,0,0,1,46.44493091218175
109,22,0,0,1,1,46.290385457636305
110,21,0,1,0,1,49.32704562169292
111,22,1,0,0,2,46.77808900252506
112,22,0,0,0,2,47.7144526388887
113,21,0,1,0,2,50.35506035380976
114,21,0,0,0,2,50.71934606809547
115,21,0,0,0,2,50.559822258571664
116,20,0,1,0,2,54.255223138103894
117,20,0,0,0,1,54.245223138103896
118,20,0,0,0,1,55.04522313810389
119,20,0,0,0,1,55.8002231381039
120,20,0,0,0,1,56.020223138103894
121,20,0,0,1,1,56.440223138103896
122,20,0,0,1,1,56.5802231381039
123,20,0,0,1,1,57.2902231381039
124,19,0,1,0,1,61.48209310405159
125,19,0,0,0,0,61.72682994615686
126,19,0,0,0,0,62.49261941984107
127,19,0,0,0,0,64.1899878408937
128,19,0,0,0,0,64.5978825777358
129,19,0,0,0,0,65.45314573563054
130,19,0,0,1,0,66.07156678826213
131,19,0,0,0,0,66.86367205142001
132,19,0,0,1,0,66.87682994615686
133,19,0,0,0,0,67.94261941984107
134,19,0,0,0,0,68.11367205142001
135,19,0,0,0,0,68.65840889352529
136,19,0,0,0,0,69.83472468299897
137,19,0,0,0,0,70.81022347329849
138,20,1,0,0,1,68.00721229963357
139,20,0,0,0,1,68.05221229963357
140,20,0,0,0,1,68.52721229963358
141,20,0,0,2,1,68.42221229963357
142,21,1,0,0,2,65.56401171393674
143,21,0,0,0,2,67.13305933298436
144,20,0,1,0,2,70.80618208713356
145,20,0,0,1,1,71.24618208713356
146,20,0,0,0,1,72.53118208713356
147,19,0,1,0,1,77.35485268913074
148,19,0,0,0,1,78.57853689965705
149,20,1,0,0,2,74.9571100546742
150,20,0,0,0,2,75.64211005467419
151,20,0,0,0,2,76.26711005467419
152,20,0,0,0,2,76.75211005467419
153,20,0,0,0,2,77.85711005467418
154,20,0,0,0,2,77.89211005467419
155,20,0,0,0,2,78.50211005467418
156,20,0,0,0,2,78.80711005467417
157,19,0,1,0,2,83.28686752918367
158,19,0,0,0,1,84.13160437128893
159,19,0,0,0,1,84.38160437128892
160,19,0,0,0,1,85.3000254239205
161,19,0,0,0,1,85.54476226602576
162,19,0,0,0,1,86.15792016076259
163,20,1,0,1,2,81.75752415272446
164,19,0,1,1,2,86.85037817029217
165,20,1,0,1,2,82.22035926177756
166,20,0,0,0,2,83.86035926177756
167,20,0,0,0,2,84.11535926177756
168,20,0,0,1,2,84.37535926177755
169,20,0,0,0,2,84.79035926177754
170,20,0,0,0,2,86.56035926177753
171,20,0,0,0,2,87.86035926177753
172,20,0,0,0,2,88.75035926177752
173,20,0,0,0,2,89.75535926177751
174,20,0,0,0,2,90.50535926177751
175,20,0,0,0,2,91.03535926177751
176,20,0,0,0,2,91.9053592617775
177,21,1,0,0,4,87.22891358264523
178,20,0,1,0,4,92.32090063688564
179,20,0,0,0,2,92.90090063688564
180,21,1,0,0,3,87.89609584465298
181,21,0,0,0,3,88.80323870179583
182,21,0,0,0,3,89.21514346370058
183,21,0,0,1,3,89.74133393989106
184,20,0,1,0,3,94.92767851980896
185,20,0,0,0,2,95.35767851980896
186,20,0,0,0,2,95.96767851980896
187,21,1,0,0,3,91.45969382838948
188,21,0,0,0,3,92.37636049505613
189,21,0,0,0,3,92.80731287600851
190,20,0,1,0,3,97.88241939701008
191,20,0,0,1,2,98.14241939701009
192,21,1,0,0,3,93.73087561620007
193,20,0,1,0,3,99.34506567451007
194,21,1,0,0,3,94.70958635667625
195,21,0,0,0,3,94.7072054042953
196,21,0,0,0,3,95.13815778524767
197,21,0,0,0,3,96.05958635667623
198,21,0,0,0,3,96.35244349953338
199,21,0,0,0,3,97.54053873762862
200,21,0,0,0,3,98.70006254715243
201,21,0,0,0,3,99.50244349953334
202,22,1,0,0,4,95.23187788591821
203,23,1,0,0,6,90.80440493435653
204,23,0,0,1,6,91.46310058653044
205,23,0,0,0,6,92.32179623870434
206,24,1,0,0,7,88.70630472875833
207,24,0,0,0,7,89.15213806209165
208,25,1,0,0,8,85.50605253960798
209,24,1,2,0,11,89.08392492389324
210,24,0,0,0,7,90.28392492389322
211,24,0,0,1,7,90.84642492389322
212,23,0,1,0,7,95.55581810811924
213,23,0,0,0,5,95.86233984724969
214,23,1,1,0,6,96.30540068061217
215,23,0,0,0,5,97.51192241974259
216,23,0,0,0,5,98.07931372409041
217,23,0,0,2,5,98.7293137240904
218,23,0,0,1,5,99.17061807191648
219,23,0,0,0,5,99.51627024582952
220,22,1,2,0,6,104.22889504386711
221,22,0,0,0,4,104.82434958932164
222,21,0,1,2,4,110.39033910913945
223,21,0,0,0,3,110.38795815675849
224,21,0,0,1,3,111.09510101390134
225,21,0,0,0,3,111.02129149009181
226,20,0,1,0,3,117.62382585209639
227,20,0,0,0,2,119.23382585209637
228,21,1,0,0,3,113.55126271628227
229,22,1,0,0,4,108.98756895645124
230,22,0,0,1,3,110.33302350190579
231,22,0,0,0,3,110.56484168372396
232,23,1,0,0,4,105.36202248008377
233,23,0,0,0,4,106.35115291486638
234,23,0,0,0,4,107.46202248008376
235,22,0,1,0,4,112.5693604647346
236,21,0,1,0,3,119.05833591778632
237,21,0,0,0,2,119.67500258445298
238,22,1,0,0,4,114.02386610334146
239,22,0,0,0,4,114.82386610334146
240,22,0,0,0,3,114.83295701243236
241,22,0,0,0,4,115.22841155788689
242,22,0,0,0,4,115.53295701243233
243,22,1,1,0,7,115.41580647316272
244,21,0,1,0,6,121.67011191600449
245,21,0,0,1,3,122.20582620171875
246,21,0,0,0,2,123.43201667790923
247,22,1,0,1,3,117.98737955618607
248,22,0,0,1,4,117.99192501073152
249,22,0,0,0,4,118.79647046527697
250,22,0,0,0,4,119.41465228345878
251,22,1,1,1,5,118.94349156147517
252,22,0,0,0,3,119.8207642887479
253,22,1,1,1,4,119.9210746792292
254,23,1,0,0,4,114.44189751926271
255,23,0,0,0,4,115.03537578013228
256,22,0,1,0,4,121.1251092893951
257,22,0,0,0,3,122.35692747121328
258,22,0,0,0,3,122.52056383484961
259,22,0,0,0,3,122.8523820166678
260,20,0,2,0,3,135.01008277076707
261,20,0,0,0,1,136.58008277076706
262,20,0,0,0,1,137.26008277076704
263,21,1,0,0,2,130.61912644834956
264,21,0,0,0,2,130.87865025787337
265,21,0,0,0,2,131.99531692454002
266,21,0,0,0,2,132.7310312102543
267,22,1,0,1,2,126.5637116097882
268,22,0,0,0,2,127.72734797342454
269,22,0,0,0,2,128.05916615524274
270,22,0,0,0,2,128.33643888251544
271,22,0,0,0,2,128.26371160978817
272,22,0,0,0,2,128.76825706433362
273,23,1,0,0,3,123.36963719197128
274,23,0,0,0,3,124.445724148493
275,23,0,0,1,3,125.64789806153648
276,23,0,0,0,3,126.10224588762343
277,23,0,0,0,3,127.08702849631906
278,22,0,1,0,3,133.33765023490918
279,22,0,0,0,2,134.03765023490917
280,22,0,0,0,2,135.66492296218186
281,22,0,0,1,1,136.20583205309097
282,22,0,0,0,1,136.9103775076364
283,22,0,0,1,1,136.52401387127276
284,22,0,0,0,1,137.03310478036366
285,22,0,0,0,1,137.09219568945457
286,22,0,0,0,1,137.72401387127275
287,22,0,0,0,1,138.80128659854546
288,22,0,0,0,1,139.61492296218182
289,22,0,0,0,1,139.7649229621818
290,23,1,0,0,2,133.81862196382608
291,23,0,0,1,2,135.38601326817388
292,23,0,0,0,2,136.2142741377391
293,23,0,0,0,2,136.87296978991301
294,23,0,0,1,2,136.99688283339125
295,23,0,0,0,2,137.46862196382605
296,23,0,0,1,2,138.35775239860865
297,24,1,0,0,4,133.0615960486666
298,25,1,0,0,4,128.05913220671994
299,25,0,0,0,4,129.51313220671992
300,25,0,0,0,5,130.61913220671994
301,25,0,0,1,5,131.09713220671992
302,24,0,1,0,5,137.01164063268314
303,24,0,0,0,4,137.4658072993498
304,24,0,0,1,4,137.71164063268313
305,23,0,1,1,4,144.60368392531367
306,23,0,0,0,2,145.81455349053107
307,23,0,0,0,2,146.97759696879194
308,23,0,0,0,2,147.53629262096584
309,23,0,0,1,1,147.77324914270497
310,23,0,0,0,1,148.41455349053106
311,22,0,1,0,1,156.00540771212584
312,22,0,0,0,1,157.13722589394405
313,22,0,0,0,1,157.91904407576223
314,21,0,1,0,1,165.8390468348396
315,22,1,0,0,1,158.3031810696196
316,22,0,0,0,1,158.4622719787105
317,22,0,0,0,1,159.11681743325596
318,23,1,0,0,2,152.7160862405057
319,24,1,0,0,3,146.28416598048463
320,24,0,0,1,2,146.7091659804846
321,24,0,0,0,2,148.00083264715127
322,24,0,0,0,2,148.68833264715127
323,24,0,0,0,2,148.82583264715126
324,24,1,1,0,3,148.7968712117346
325,23,0,1,0,2,156.17393554763413
326,23,0,0,0,1,156.4761094606776
327,23,0,0,0,1,157.33915293893847
328,23,0,0,0,1,157.9674138085037
329,23,0,0,0,1,159.17393554763413
330,23,0,0,0,1,159.79784859111237
331,24,1,0,1,2,153.17918823314935
332,25,1,0,0,3,147.81202070382338
333,25,0,0,1,3,148.49802070382336
334,25,0,0,0,3,148.74402070382337
335,24,0,1,0,3,155.55809054541885
336,24,0,0,0,2,156.15392387875218
337,24,0,0,0,2,156.46642387875218
338,25,1,0,0,3,150.5037669236021
339,25,0,0,0,3,151.28576692360207
340,25,0,0,0,3,152.19576692360206
341,26,1,0,0,4,146.55554511884813
342,26,0,0,0,4,146.37092973423276
343,26,0,0,0,4,146.59016050346352
344,26,0,0,0,4,147.17862204192505
345,26,1,1,0,5,147.0568969605789
346,26,1,1,0,5,147.430008387187
347,27,1,0,0,5,141.55852659506897
348,27,0,0,0,5,142.50852659506896
349,26,0,1,0,5,148.49756670716778
350,27,1,0,0,5,143.30506423653193
351,26,0,1,0,5,149.3380638437062
352,26,0,0,0,4,150.34960230524467
353,26,0,0,0,4,150.1957561513985
354,24,0,2,1,3,163.0890713743551
355,23,0,1,0,1,170.689749675414
356,23,0,0,0,1,171.52670619715312
357,23,0,0,0,1,172.19409750150092
358,24,1,0,0,2,165.37142677227172
359,24,0,0,0,2,165.7589267722717
360,25,1,0,0,3,159.62856970138083
361,25,0,0,0,3,160.75456970138083
362,25,0,0,0,3,161.61256970138083
363,25,0,0,1,3,162.48256970138084
364,26,1,0,0,4,156.07362471286618
365,25,0,1,0,4,163.01993561678083
366,25,1,1,0,4,163.55504920351942
367,25,0,0,0,4,164.32904920351942
368,25,0,0,0,4,164.5830492035194
369,25,0,0,0,4,165.17704920351943
370,25,0,0,0,4,166.1830492035194
371,24,0,1,0,4,173.76120324887438
372,25,1,0,1,6,166.9987551189194
373,25,0,0,0,6,167.26475511891942
374,25,0,0,0,6,167.9667551189194
375,24,0,1,1,6,175.0887428952924
376,23,0,1,0,5,183.34323388223171
377,23,0,0,0,3,183.53671214310128
378,24,1,0,0,4,176.12893247047205
379,23,0,1,0,4,184.5897372080602
380,23,0,0,0,3,185.55712851240804
381,23,0,0,0,3,187.10712851240802
382,23,0,0,0,3,188.4701719906689
383,23,0,0,0,3,189.507128512408
384,24,1,0,0,4,181.61724815772436
385,24,0,0,0,4,182.6380814910577
386,24,0,0,1,3,183.36308149105767
387,24,0,0,0,3,184.04224815772434
388,24,0,0,0,3,185.11308149105767
389,24,0,0,1,2,185.608914824391
390,24,0,0,0,2,186.071414824391
391,24,0,0,0,2,186.97558149105768
392,25,1,0,1,2,179.68855823141539
393,26,1,0,1,3,173.39476753020705
394,26,0,0,0,3,174.08707522251476
395,26,0,0,0,3,174.94476753020706
396,26,0,0,0,3,175.39861368405323
397,26,0,0,0,3,176.59476753020706
398,26,1,1,0,4,176.53793179807118
399,27,1,0,2,6,169.85134173147597
400,29,2,0,1,8,157.95297333620178
401,28,0,1,0,8,164.4606229659407
402,28,0,0,0,6,164.75705153736928
403,28,0,0,1,6,165.721337251655
404,29,1,0,0,7,161.1033601050462
405,28,0,1,0,7,167.50658460129435
406,28,0,0,0,6,168.76015602986578
407,27,0,1,0,6,175.9413211613238
408,26,0,1,0,5,183.30063868907934
409,26,0,0,0,4,184.64294638138705
410,26,0,0,0,4,186.26602330446397
411,26,0,0,0,4,187.72756176600245
412,27,1,0,0,5,181.01913355244676
413,27,0,0,0,5,182.2728372561505
414,27,0,0,1,5,183.15617058948385
415,28,1,0,0,7,177.02380735414513
416,29,1,0,0,8,172.01264158331253
417,28,0,1,0,8,178.99907917897482
418,27,0,1,0,6,187.18973301144047
419,27,0,0,0,5,187.86195523366266
420,27,0,0,0,5,188.69343671514414
421,27,0,0,0,5,189.69158486329232
422,27,0,0,1,5,189.98232560403304
423,27,0,0,0,5,191.43232560403305
424,26,0,1,0,5,199.50597047916895
425,26,0,0,1,3,200.33673970993817
426,26,0,0,0,3,201.23673970993818
427,26,0,0,0,3,201.6598166330151
428,26,0,0,0,3,202.82904740224586
429,26,0,0,0,3,203.17135509455358
430,26,0,0,0,3,203.58289355609202
431,26,0,0,0,3,204.09827817147664
432,26,0,0,0,3,204.9713550945536
433,26,0,0,0,3,205.79058586378432
434,26,0,0,0,3,206.69058586378435
435,25,0,1,0,3,214.7374087860886
436,25,0,0,0,2,215.4674087860886
437,27,2,0,0,4,199.40500813526722
438,27,0,0,0,4,200.23648961674874
439,27,0,0,0,4,201.1679710982302
440,26,0,1,0,4,209.5993707414311
441,26,0,0,0,3,210.93783227989266
442,26,0,0,1,3,211.13783227989265
443,26,0,0,0,3,211.80321689527727
444,26,0,0,0,3,212.83783227989264
445,26,0,0,0,3,213.14552458758496
446,25,0,1,0,3,222.16616926818705
447,25,0,0,1,1,223.02416926818702
448,26,1,0,0,2,214.7367012194106
449,26,0,0,0,2,216.12516275787218
450,26,0,0,0,2,217.3290089117183
451,26,0,0,0,2,218.50977814248756
452,26,0,0,0,2,219.07131660402604
453,27,1,0,1,3,211.73534191498803
454,26,0,1,0,3,220.80715692085732
455,26,0,0,0,2,221.99561845931885
456,26,0,0,0,2,222.86100307470346
457,26,0,0,0,2,223.9571569208573
458,26,0,0,0,2,224.74561845931888
459,26,0,0,0,2,225.8033107670112
460,26,0,0,0,2,226.79177230547273
461,26,1,1,2,4,227.27086908699195
462,27,1,0,0,4,219.18676282451077
463,27,0,0,0,4,219.57379986154785
464,27,0,0,0,4,220.22750356525154
465,27,0,0,0,4,221.00713319488116
466,28,1,0,1,5,213.126521295064
467,27,0,1,0,5,221.9718439033391
468,27,0,0,0,3,222.9033253848206
469,28,1,0,0,4,215.11570662107698
470,29,1,0,0,5,207.5186132893157
471,28,0,1,0,5,215.9335151514811
472,28,1,1,1,5,216.13406191556055
473,28,0,0,1,4,216.43406191556053
474,28,0,0,0,4,216.72334762984627
475,27,0,1,1,4,225.55395034021095
476,27,0,0,0,3,226.54469108095168
477,27,0,0,0,3,228.13913552539614
478,26,0,1,0,3,237.2846402403938
479,26,0,0,0,2,237.49617870193225
480,26,0,0,0,2,238.8923325480861
481,26,0,0,1,2,239.86540947116302
482,26,0,0,0,2,240.0269479327015
483,26,0,0,0,2,241.7769479327015
484,25,0,1,0,2,252.38556842753084
485,26,1,0,0,2,243.04573887262583
486,25,0,1,0,2,253.654058759006
487,25,0,0,0,1,254.612058759006
488,25,0,0,0,1,255.314058759006
489,25,0,0,0,1,256.024058759006
490,25,0,0,0,1,256.83405875900604
491,26,1,0,1,2,247.05390265289043
492,26,0,0,0,2,247.66928726827504
493,26,0,0,0,2,249.05390265289043
494,27,1,0,1,3,240.30005440648708
495,27,0,0,0,3,241.39079514722783
496,27,0,0,0,3,241.6000544064871
497,28,1,0,0,4,233.39469532054113
498,27,0,1,0,4,242.83450638370934
499,26,0,1,1,3,252.87459363061478
500,26,0,0,0,2,253.8976705536917
501,25,0,1,1,2,264.7842067748394
502,26,1,0,0,2,255.08289112965323
503,26,0,0,0,2,255.95981420657634
504,26,0,0,1,2,256.8636603604225
505,26,0,0,0,2,258.2290449758071
506,26,0,0,0,2,259.9059680527302
507,26,0,0,1,2,260.452121898884
508,26,0,0,0,2,261.2559680527302
509,26,0,0,0,2,261.7328911296533
510,26,0,0,0,2,263.0944295911917
511,26,0,0,0,2,264.3636603604225
512,28,2,0,0,4,245.71268462039237
513,28,0,0,0,4,246.65911319182095
514,28,0,0,0,4,247.58768462039237
515,28,0,0,0,4,248.78411319182095
516,28,0,0,1,4,249.54839890610668
517,27,0,1,1,4,260.21054605627785
518,26,0,1,0,3,270.6342542103655
519,26,0,0,0,2,271.1573311334424
520,26,0,0,0,2,271.695792671904
521,26,0,0,1,2,272.1073311334424
522,26,0,0,0,2,272.88040805651934
523,26,0,0,0,2,273.9881003642117
524,26,0,0,0,2,275.00348497959624
525,27,1,0,0,3,265.2292818322038
526,27,0,0,0,3,266.0311336840557
527,27,0,0,0,3,266.95891146183345
528,28,1,0,0,4,257.9585931953394
529,28,0,0,0,4,259.180021766768
530,27,0,1,0,4,269.3553095404717
531,27,0,0,1,3,269.8164206515828
532,27,1,1,1,3,270.4177877926406
533,27,0,0,0,3,271.2196396444924
534,27,0,0,0,3,271.8770470518998
535,27,0,0,0,3,273.64926927412205
536,26,0,1,0,3,284.47570868020364
537,26,0,0,0,2,285.3449394494344
538,26,0,0,0,2,285.8449394494344
539,26,0,0,0,2,286.6180163725113
540,27,1,0,0,4,276.98031206241836
541,27,0,0,0,4,277.9821639142702
542,27,0,0,0,4,279.1395713216776
543,27,0,0,0,4,280.11549724760357
544,27,0,0,0,4,281.00994169204796
545,27,0,0,0,4,281.6229046550109
546,27,0,0,0,3,282.67290465501094
547,27,0,0,0,3,283.19327502538135
548,27,0,0,1,2,283.6951268772332
549,27,0,0,0,2,284.6747565068628
550,26,0,1,0,2,296.4389908534169
551,26,0,0,0,2,297.6889908534169
552,26,0,0,0,2,298.3697600841861
553,25,0,1,0,2,310.92030643553545
554,25,0,0,1,1,311.69830643553547
555,25,0,0,0,1,312.5963064355355
556,25,0,0,0,1,314.0943064355355
557,27,2,0,0,3,290.79287632919954
558,27,0,0,1,3,290.9725059588292
559,26,0,1,0,3,302.82937282298576
560,27,1,0,0,3,291.77272938509736
561,29,2,0,0,5,271.04185149647
562,30,1,0,1,5,263.1821231132543
563,30,0,0,0,5,263.8854564465876
564,29,0,1,1,4,273.4077616688838
565,29,0,0,0,5,274.7439685654355
566,29,0,0,0,4,275.80431339302174
567,30,1,0,0,6,267.05250294658765
568,29,0,1,1,6,276.78040016265965
569,28,0,1,1,5,287.2786795566344
570,28,0,0,0,3,288.30367955663445
571,28,0,0,0,3,289.6429652709202
572,28,0,0,0,3,290.75367955663444
573,28,0,0,0,3,291.5179652709202
574,29,1,0,0,4,282.2380354339919
575,29,0,0,0,4,283.50527681330226
576,29,0,0,2,2,284.1725181926126
577,28,0,1,1,2,295.09792468233087
578,28,0,0,0,2,295.7479246823309
579,28,0,0,0,2,297.3514961109023
580,28,0,0,0,2,298.0264961109024
581,28,0,0,0,2,299.0264961109024
582,28,0,0,1,2,299.9907818251881
583,28,0,0,0,2,301.3300675394738
584,28,0,0,0,2,302.8300675394738
585,28,0,0,0,2,303.7943532537596
586,28,0,0,0,2,304.74078182518815
587,29,1,0,0,3,294.5152376243196
588,28,0,1,0,3,305.1324569640016
589,29,1,0,1,3,294.9520274135188
590,29,0,0,1,3,295.5261653445533
591,30,1,0,0,4,286.15362649973486
592,30,0,0,1,4,287.32029316640154
593,30,0,0,0,4,288.40362649973486
594,30,0,0,0,4,289.2036264997349
595,30,0,0,0,4,289.79029316640157
596,30,0,0,0,4,290.4902931664016
597,29,0,1,0,4,301.1357123098829
598,27,0,2,1,3,324.32761790130564
599,27,0,0,0,1,325.2813216050094
600,27,0,0,0,1,326.30909938278717
601,27,0,0,1,0,326.9887290124168
602,27,0,0,1,0,327.7350253087131
603,28,1,0,0,1,316.2569886905448
604,28,0,0,2,0,316.62127440483056
605,28,0,0,1,1,317.699845833402
606,28,0,0,0,1,318.7962744048305
607,28,0,0,1,2,319.9355601191163
608,28,0,0,0,2,321.36056011911626
609,28,0,0,0,2,322.4355601191163
610,29,1,0,0,3,310.972264942595
611,30,1,0,1,3,300.7281894445086
612,30,0,0,0,3,302.63818944450855
613,30,0,0,0,3,303.47485611117526
614,30,0,0,0,3,304.5181894445086
615,30,0,0,1,3,305.57152277784195
616,30,0,0,0,3,306.7748561111753
617,30,0,0,0,3,307.6381894445086
618,30,0,0,0,3,308.1848561111753
619,30,0,0,0,3,308.9381894445086
620,30,0,0,0,3,310.32818944450867
621,30,0,0,0,3,311.3181894445087
622,29,1,2,0,5,322.4290188363249
623,29,0,0,0,2,323.7066050432215
624,30,1,0,0,3,313.5513848751141
625,30,0,0,2,3,314.2613848751141
626,30,0,0,0,3,315.57138487511406
627,30,0,0,0,3,316.83471820844744
628,30,0,0,1,2,317.59471820844743
629,30,0,0,0,2,318.09805154178076
630,31,1,0,0,3,308.34650149204595
631,31,0,0,0,3,308.7803724597879
632,31,0,0,1,3,309.18843697591694
633,31,0,0,0,3,310.2126305243041
634,31,0,0,0,3,311.6013402017234
635,31,0,0,0,3,312.4319853630137
636,31,0,0,0,3,313.87553375011055
637,31,1,1,0,4,314.3717301956264
638,31,0,0,0,3,315.74108503433615
639,31,0,0,0,3,316.4620527762716
640,33,2,0,0,5,297.2234435171037
641,33,0,0,0,5,298.53707988074007
642,33,0,0,0,5,299.2143526080128
643,34,1,0,0,7,290.7477540018948
644,34,0,0,0,7,291.7301069430713
645,34,0,0,1,7,292.803636354836
646,34,0,0,1,5,293.28304811954195
647,33,0,1,0,5,303.53169419231074
648,33,0,0,0,4,304.92108813170466
649,32,0,1,0,4,315.2770604276739
650,32,0,0,0,3,316.061435427674
651,32,0,0,0,3,317.095810427674
652,34,2,0,0,5,298.2989980495755
653,34,0,0,0,5,298.91958628486964
654,33,0,1,2,5,308.5235723746798
655,34,1,0,0,5,300.36258495189514
656,34,0,0,0,5,300.9714084813069
657,34,0,0,0,5,301.8949378930716
658,33,0,1,0,5,312.1473813913465
659,33,0,0,0,4,314.07616927013447
660,33,0,0,0,4,315.171623815589
661,32,0,1,0,4,325.32386273045586
662,33,1,0,0,4,315.8685941628663
663,33,1,1,0,5,316.18801146821977
664,34,1,0,1,6,307.5280699544486
665,33,0,1,0,6,317.9549730961881
666,33,0,0,1,5,318.5716397628548
667,33,0,0,0,5,319.1852761264912
668,35,2,0,0,7,301.1189746335489
669,35,0,0,0,7,301.3689746335489
670,35,0,0,0,7,302.121831776406
671,35,0,0,0,7,303.07468891926317
672,35,0,0,0,7,304.58754606212034
673,35,0,0,0,7,305.26611749069184
674,35,0,0,1,7,305.8218317764061
675,33,0,2,0,7,324.8281173090421
676,34,2,1,0,7,315.41822730923207
677,34,0,0,0,6,316.23881554452623
678,34,0,0,0,6,317.232933191585
679,34,0,0,0,6,318.7741096621733
680,34,1,1,0,8,318.58601838291014
681,34,0,0,0,7,319.4654301476161
682,33,1,2,0,8,329.40431226919685
683,33,0,0,0,6,330.31794863283324
684,33,0,0,0,6,331.48310014798477
685,33,0,0,0,5,332.26340317828783
686,35,2,0,0,7,313.0126372823857
687,35,0,0,0,7,313.77692299667143
688,35,0,0,0,8,314.58692299667143
689,34,0,1,0,8,324.7305512934797
690,34,0,0,1,5,325.8687865875974
691,34,0,0,0,5,326.2305512934798
692,33,0,1,0,5,336.95305887748384
693,33,0,0,0,4,337.9273013017263
694,34,1,0,0,5,328.12502773402844
695,34,0,0,0,5,329.2838512634403
696,34,0,0,0,5,330.41914538108733
697,34,0,0,0,5,330.9514983222639
698,35,1,0,0,6,321.95002694162775
699,34,0,1,0,6,331.96364332560506
700,33,0,1,2,5,341.9613581918304
701,34,1,0,0,5,332.3610241273649
702,34,0,0,0,5,333.1580829508943
703,33,0,1,0,5,343.43841204126676
704,33,0,0,0,4,344.461139313994
705,31,0,2,0,4,367.8831093814847
706,30,0,1,0,2,380.9296887053257
707,31,1,0,1,3,369.03518261805715
708,31,0,0,1,3,370.4335697148313
709,32,1,0,0,4,359.28720816124286
710,32,0,0,0,4,360.2122081612429
711,32,0,0,0,4,361.0840831612429
712,32,0,0,1,3,362.380958161243
713,33,1,0,0,4,351.5754745805993
714,33,0,0,0,4,352.3012321563569
715,32,0,1,0,4,364.4591115336649
716,33,1,0,1,4,353.45428997203874
717,33,0,0,0,4,354.7436839114327
718,35,2,0,0,6,334.93690197363657
719,35,0,0,0,6,335.88975911649374
720,35,0,0,0,6,336.5197591164938
721,35,0,0,0,7,337.4040448307795
722,35,1,1,0,7,338.002967500155
723,35,1,1,1,7,338.77916260505214
724,35,0,0,0,7,340.0720197479093
725,35,0,0,1,7,340.5734483193379
726,35,0,0,0,7,341.17773403362366
727,37,2,0,0,9,322.61542408586024
728,36,0,1,0,9,332.50506157778847
729,35,0,1,0,8,342.6556636598296
730,35,0,0,0,6,343.9399493741153
731,35,0,0,1,5,345.07852080268674
732,35,0,0,0,5,345.8285208026868
733,35,0,0,0,5,347.0699493741154
734,35,0,0,1,5,347.76280651697255
735,34,0,1,1,5,358.5006531630373
736,33,0,1,0,4,371.11100793255144
737,33,0,0,1,3,372.14282611436965
738,33,0,0,1,3,373.2746442961879
739,33,0,0,0,3,373.9428261143697
740,33,0,0,0,3,374.9443412658849
741,33,0,0,0,3,376.29434126588495
742,33,1,1,1,4,377.31418512160803
743,33,0,0,0,3,378.4490336064565
744,33,0,0,0,3,379.42933663675956
745,33,0,0,0,3,380.8853972428202
746,33,0,0,0,3,381.862669970093
747,32,0,1,0,3,394.94080984005217
748,32,0,0,0,2,396.15330984005215
749,32,0,0,0,2,397.0501848400522
750,32,0,0,0,2,397.9689348400522
751,32,0,0,1,2,398.75018484005227
752,32,0,0,0,2,400.3408098400523
753,32,0,0,0,2,401.06580984005234
754,32,0,0,0,2,402.24393484005236
755,32,0,0,1,2,403.0033098400524
756,32,0,0,0,2,403.35643484005243
757,32,0,0,0,2,404.2595598400524
758,34,2,0,0,5,380.5854680847553
759,34,0,0,0,5,380.97076220240234
760,33,0,1,0,5,393.695068578409
761,33,0,0,1,3,394.7117352450757
762,33,0,0,1,3,395.09203827537874
763,33,0,0,0,4,395.88749282083336
764,33,0,0,0,4,396.7647655481061
765,33,1,1,0,5,397.0636402726101
766,33,0,0,0,3,398.00151906048893
767,33,0,0,1,3,399.0969736059435
768,33,0,0,0,3,400.231822090792
769,34,1,0,0,5,389.0735332057688
770,34,0,0,1,5,389.4852979116511
771,34,0,0,0,5,391.1235332057688
772,33,0,1,1,5,403.61279011364377
773,33,0,0,0,3,404.53248708334075
774,33,0,0,1,3,405.76127496212865
775,33,0,0,1,3,406.6900628409166
776,33,0,0,1,3,407.3218810227348
777,33,0,0,0,3,408.0294567803106
778,32,0,1,0,3,421.3856142727897
779,32,0,0,0,2,422.6699892727898
780,31,0,1,0,2,437.93117711809396
781,31,0,0,0,1,438.81343518261014
782,31,0,0,0,1,439.19569324712626
783,32,1,0,0,2,426.6380153331536
784,32,0,0,0,2,427.77551533315363
785,32,0,0,2,1,428.8380153331537
786,32,0,0,1,1,429.4661403331537
787,33,1,0,0,2,417.76110577760363
788,33,0,0,0,2,419.2080754745734
789,33,0,0,1,3,419.9095906260886
790,33,0,0,0,3,420.4323178988158
791,34,1,0,1,4,409.13577913708605
792,34,0,0,0,4,410.3181320782625
793,34,0,0,0,4,411.5740144312037
794,34,0,0,1,4,412.55342619590965
795,33,0,1,1,4,425.5466351588009
796,34,1,0,0,4,413.6437929482479
797,33,0,1,0,4,427.03830128607467
798,33,0,0,0,3,428.191331589105
799,32,0,1,0,3,442.25929373612394
800,32,0,0,1,1,442.82804373612396
801,32,0,0,2,1,443.734293736124
802,32,0,0,0,1,444.80304373612404
803,32,0,0,0,1,446.25929373612405
804,32,0,0,0,1,447.1499187361241
805,32,0,0,0,1,447.9124187361241
806,32,0,0,1,1,449.60304373612416
807,32,0,0,0,1,450.5280437361242
808,32,0,0,0,1,452.32804373612424
809,31,0,1,1,1,467.509762016289
810,31,0,0,0,0,468.2339555646762
811,32,1,0,0,1,453.7969569532801
812,32,0,0,0,1,454.7094569532801
813,32,0,0,0,1,455.87820695328014
814,32,0,0,0,1,457.4500819532802
815,32,0,0,0,1,457.7907069532802
816,32,0,0,0,1,458.26883195328026
817,32,0,0,1,1,458.6407069532803
818,32,0,0,0,1,459.0063319532803
819,33,1,0,0,2,445.0667461365143
820,33,0,0,0,2,445.6894734092416
821,34,1,0,0,3,433.1206653677933
822,34,0,0,0,3,433.98243007367574
823,35,1,0,0,4,422.09721778585646
824,35,0,0,0,4,423.6986463572851
825,35,0,0,0,4,424.49721778585655
826,35,0,0,0,4,425.5243606429994
827,35,0,0,0,4,426.6429320715709
828,35,0,0,0,4,427.53293207157094
829,36,1,0,1,5,416.52507284736066
830,36,0,0,0,5,417.11118395847177
831,35,0,1,1,4,430.05171185784246
832,35,0,0,0,3,431.06742614355676
833,37,2,0,0,6,408.21648418985103
834,37,0,0,1,6,409.23675446012135
835,37,1,1,0,7,409.4656397989227
836,37,0,0,1,5,410.67239655567954
837,37,0,0,0,5,411.6115857448687
838,38,1,0,1,6,400.9257545410564
839,37,0,1,0,6,413.10837310007656
840,37,0,0,0,6,414.39891364061714
841,37,0,0,0,6,415.44350823521177
842,38,1,0,0,6,405.52262643954833
843,38,0,0,0,6,406.4121001237589
844,38,0,0,0,6,407.16736328165365
845,39,1,0,0,8,397.42461037699593
846,39,0,0,0,8,397.77461037699595
847,39,1,1,0,9,398.8709800007494
848,39,0,0,0,7,399.81585179562126
849,39,0,0,0,7,400.93251846228793
850,39,0,0,0,7,401.6286723084418
851,39,0,0,2,7,402.4402107699803
852,38,0,1,1,7,413.8810901605694
853,38,1,1,0,7,414.8267918953466
854,38,0,0,0,6,415.679423474294
855,38,0,0,0,6,416.4662655795572
856,38,0,0,1,6,418.07679189534673
857,38,0,0,1,6,419.1136340006099
858,37,0,1,0,6,431.0883101718902
859,38,1,0,0,6,420.13993358841947
860,38,0,0,1,5,420.7688809568406
861,39,1,0,0,6,410.2132686246139
862,39,0,0,0,6,411.2196788810242
863,39,0,0,0,6,412.12608913743446
864,41,2,0,0,8,392.68213356975474
865,41,0,0,0,8,393.1662799112182
866,41,0,0,0,8,393.923596984389
867,39,0,2,0,8,414.8227761729705
868,39,0,0,0,6,416.1061095063039
869,38,0,1,1,6,427.4634696746818
870,38,0,0,0,5,427.90820651678706
871,38,0,0,0,5,428.3108380957345
872,39,2,1,1,7,417.7445764291012
873,39,1,1,0,7,418.1650831469103
874,38,0,1,0,7,429.66019074351203
875,38,0,0,1,6,430.02334863824893
876,37,0,1,0,6,442.9623839344105
877,37,0,0,0,4,443.81238393441055
878,36,0,1,0,4,457.2229450614743
879,36,0,0,0,3,457.8812783948076
880,36,0,0,1,2,459.314611728141
881,37,1,0,0,3,447.5493519517048
882,37,0,0,0,3,448.7047573571102
883,38,1,0,0,4,436.94015847929154
884,39,1,0,0,5,426.4186159541816
885,39,0,0,0,6,427.0763082618739
886,39,0,0,0,6,428.03656467213034
887,39,0,0,0,6,429.8557954413611
888,39,0,0,0,5,430.7468210823869
889,39,0,0,0,5,431.66861595418175
890,39,0,0,1,5,433.000667236233
891,37,0,2,0,5,457.1323606231506
892,38,1,0,0,5,445.62229850148873
893,38,0,0,0,5,446.9065090278046
894,39,1,0,0,6,436.03454725786094
895,38,0,1,0,6,448.54635401609283
896,38,0,0,0,4,449.33056454240864
897,38,0,0,0,4,449.90688033188235
898,38,0,0,0,4,450.76740664767186
899,38,0,0,0,4,451.40688033188246
900,38,0,0,0,4,452.5805645424088
901,39,1,0,0,5,441.5631141695265
902,39,0,0,0,5,441.8284987849112
903,39,0,0,1,5,443.07080647721887
904,40,1,0,2,6,432.51528631528845
905,41,1,0,0,7,423.11735250272045
906,42,1,0,0,8,414.24908220503664
907,43,1,0,0,9,404.894452386315
908,43,0,0,0,9,405.2816616886405
909,43,0,0,1,9,406.18282447933825
910,44,1,0,0,10,397.48435119571695
911,43,0,1,0,10,407.36847391073366
912,43,0,0,0,9,408.2556832130592
913,42,0,1,1,8,419.17089019683806
914,43,1,0,0,9,409.7483113550512
915,42,0,1,0,9,420.65804796466296
916,43,1,0,1,9,411.05669801199645
917,44,1,0,0,10,402.11109123899655
918,42,0,2,0,10,422.1440942337335
919,42,0,0,1,6,423.72266566230496
920,41,0,1,0,6,435.19469981151065
921,41,0,0,0,5,436.0471388359009
922,42,1,0,0,6,426.4233974350462
923,42,0,0,0,6,427.32101648266524
924,42,0,0,0,6,428.07339743504616
925,42,0,0,0,6,428.9686355302843
926,42,0,0,0,6,429.8972069588558
927,41,0,1,0,6,441.0965987275648
928,41,0,0,0,5,442.4953792153697
929,41,1,1,0,7,442.8822706683731
930,41,0,0,0,6,443.72495359520246
931,41,0,0,0,6,444.67007554642197
932,40,0,1,0,6,456.83571047760495
933,40,0,0,0,5,457.71821047760494
934,39,0,1,0,5,470.1632383098596
935,38,0,1,0,3,482.9885245347251
936,40,2,0,0,4,459.49409830798896
937,40,0,0,0,4,460.30659830798896
938,40,0,0,0,4,461.17909830798897
939,40,0,0,0,4,462.024098307989
940,40,0,0,0,4,462.89409830798905
941,41,1,0,0,5,451.9942422516966
942,41,0,0,0,5,452.4808276175503
943,42,1,0,0,6,441.9824745790373
944,42,0,0,0,6,442.8634269599896
945,43,1,0,1,7,433.32706819347834
946,44,1,0,0,8,424.0639530072629
947,45,1,0,0,10,415.4958651626571
948,45,1,1,0,11,416.2895860412418
949,44,0,1,0,10,426.37412599589857
950,44,0,0,0,8,427.403671450444
951,42,0,2,0,8,449.1942835425907
952,43,1,0,0,7,439.31069555322824
953,43,0,0,0,7,440.43511415787935
954,42,0,1,1,7,451.7251969785494
955,42,0,0,0,6,452.8704350737875
956,43,1,0,1,7,442.7362389092808
957,43,0,0,0,7,443.50949472323435
958,43,0,0,0,7,444.210657513932
959,43,0,0,1,6,445.03972728137387
960,42,0,1,1,6,456.07951966570147
961,41,0,1,1,5,468.2255052447659
962,41,1,1,0,5,468.92838464235024
963,41,0,0,0,5,469.5125309838137
964,40,1,2,0,6,482.2070007386772
965,40,0,0,1,3,483.5045007386772
966,40,0,0,0,3,484.7320007386773
967,41,1,0,0,5,473.5458543791974
968,40,0,1,0,5,486.23172065860734
969,40,0,0,0,3,487.1392206586074
970,40,0,0,0,3,487.9017206586074
971,41,2,1,0,6,476.7762550494951
972,41,1,1,1,6,477.59657823426284
973,40,0,1,0,4,490.74798163821276
974,40,0,0,0,3,492.03798163821284
975,40,0,0,0,3,493.94798163821287
976,40,0,0,0,3,494.5779816382129
977,40,0,0,2,2,495.4729816382129
978,39,0,1,1,2,508.94954406547487
979,39,0,0,0,1,509.40467227060304
980,39,0,0,0,1,510.75723637316713
981,39,0,0,2,1,511.28415945009027
982,39,0,0,0,1,512.5162107321415
983,40,1,0,1,2,500.38705546383807
984,40,0,0,0,2,501.3220554638381
985,40,0,0,0,2,502.18955546383813
986,41,1,0,0,3,490.3215175256958
987,41,0,0,0,3,491.0666394769154
988,41,0,0,1,3,492.2068833793544
989,40,0,1,0,3,505.6558786025883
990,40,0,0,1,2,506.22837860258835
991,40,0,0,1,2,507.3783786025883
992,40,0,0,0,2,508.17837860258834
993,40,0,0,0,2,508.9708786025884
994,39,0,1,0,2,523.8911689708891
995,40,1,0,0,2,511.1801397466169
996,40,0,0,0,2,512.2076397466169
997,40,0,0,0,2,513.1876397466169
998,40,0,0,0,2,513.912639746617
999,41,1,0,0,3,501.86842902108975
1000,42,1,0,0,4,490.8417997586829
1001,42,0,0,0,4,491.94418071106384
1002,42,0,0,0,4,492.96560928249244
1003,42,0,0,0,4,494.0037045205877
1004,42,0,0,0,4,494.69894261582584
1005,42,0,0,0,4,495.3370378539211
1006,42,0,0,0,4,496.944180711064
1007,43,1,0,0,5,486.03850208987643
1008,43,0,0,0,5,487.04199046196953
1009,43,0,0,0,5,487.56175790383
1010,42,0,1,0,5,499.8862716263935
1011,42,1,1,0,5,500.7769201763361
1012,42,0,0,0,4,501.3912058906219
1013,42,0,0,1,4,501.9959677953838
1014,42,0,0,1,4,502.84358684300287
1015,42,1,1,1,4,503.6842602210862
1016,41,0,1,0,3,517.2567214263386
1017,41,0,0,0,2,517.9433067921923
1018,40,0,1,0,2,531.2028656591222
1019,40,0,0,0,1,532.6053656591222
1020,41,1,0,0,2,519.8613323503631
1021,41,0,0,0,2,521.2015762528022
1022,41,0,0,0,2,522.6223079601192
1023,40,0,1,0,2,536.5627344446098
1024,41,1,0,0,2,523.9124238483998
1025,41,0,0,0,2,524.6941311654731
1026,41,0,0,0,2,526.092911653278
1027,41,0,0,0,2,526.6063262874243
1028,41,0,0,1,2,527.3855945801073
1029,41,0,0,0,2,528.3502287264488
1030,41,0,0,0,2,529.673399458156
1031,41,0,0,0,2,530.0697409215708
1032,42,1,0,0,3,518.1668899472477
1033,42,0,0,0,3,518.9097470901049
1034,43,1,0,0,4,507.5211483205676
1035,44,1,0,0,6,496.73998585873653
1036,44,0,0,1,5,497.98998585873653
1037,44,0,0,0,5,498.27634949510025
1038,44,0,0,1,6,499.42634949510017
1039,44,0,0,0,6,500.71953131328206
1040,44,1,1,0,6,501.0719328564074
1041,44,0,0,2,5,502.2832964927711
1042,44,0,0,0,6,503.2219328564075
1043,44,1,1,0,7,503.6358277346008
1044,43,0,1,1,6,516.0993159585981
1045,43,0,0,0,4,517.1841996795283
1046,43,0,0,0,4,518.2504787492959
1047,43,1,1,0,6,519.53204040755
1048,43,0,0,0,4,520.6006450587128
1049,43,0,0,2,4,521.0599473842942
1050,43,0,0,0,4,521.8076218028989
1051,42,0,1,0,4,535.1044888641392
1052,42,0,0,1,3,536.4449650546153
1053,42,0,0,0,3,537.3140126736629
1054,43,1,0,0,4,526.211361216136
1055,43,0,0,1,3,527.9264774952057
1056,43,0,0,0,3,528.5625240068338
1057,43,0,0,1,3,529.3706635417175
1058,43,0,0,0,3,530.2043844719501
1059,43,0,0,1,3,530.2846170300896
1060,43,0,0,0,3,531.1113612161361
1061,42,0,1,0,3,545.1629953867019
1062,43,1,0,0,3,533.5359489823601
1063,43,0,0,0,3,534.9371117730577
1064,43,0,0,1,3,536.1266466567787
1065,44,1,0,2,4,524.9885410509429
1066,44,0,0,0,4,525.8817228691247
1067,44,0,0,2,4,527.2680865054884
1068,44,0,0,0,4,528.9044501418521
1069,44,0,0,2,5,529.8089955963976
1070,44,0,0,0,5,530.606722869125
1071,44,0,0,0,5,531.3271774145795
1072,44,0,0,0,5,532.6817228691249
1073,44,0,0,0,5,533.2635410509431
1074,44,0,0,1,5,534.7930865054886
1075,43,0,1,1,5,547.9769005836894
1076,44,1,0,0,5,536.0126528431509
1077,45,1,0,0,6,524.9701494466366
1078,47,2,0,0,8,503.0639728744393
1079,47,0,0,0,8,504.34801542763086
1080,47,1,1,0,9,505.09512125894213
1081,47,0,0,0,8,505.7919297695805
1082,47,0,0,0,8,506.6334191312826
1083,47,0,0,0,8,507.9132063653252
1084,46,0,1,1,8,520.0306735669714
1085,47,1,0,0,8,509.3449145549082
1086,48,2,1,0,10,499.04515796178424
1087,49,1,0,1,10,489.5972975952172
1088,47,0,2,0,10,511.3904974185042
1089,47,0,0,0,8,512.1660293333979
1090,47,0,0,0,8,513.2160293333978
1091,47,0,0,1,8,514.1319867802065
1092,48,1,0,0,9,504.2740287222855
1093,48,0,0,0,9,505.5761120556188
1094,48,0,0,0,9,506.25319538895224
1095,48,0,0,0,9,506.9531953889522
1096,46,0,2,0,9,530.5370254087044
1097,46,0,0,0,7,530.8913732347914
1098,46,0,0,0,7,532.1065906260958
1099,46,0,0,0,7,532.6174601913132
1100,45,0,1,1,7,545.7278600463353
1101,45,0,0,0,6,546.5511933796687
1102,44,1,2,1,8,559.5568446721906
1103,44,0,0,1,5,560.0522992176452
1104,45,1,0,0,7,548.1022481239198
1105,45,0,0,0,7,548.9811370128086
1106,45,1,1,0,9,549.6858416431106
1107,44,0,1,0,9,563.1461394472457
1108,44,0,0,1,6,563.7370485381548
1109,44,0,0,0,6,564.6393212654275
1110,44,0,0,0,6,565.6256849017911
1111,46,2,0,0,8,541.5310899060612
1112,45,0,1,0,8,555.1382472174955
1113,45,0,0,0,6,556.5415805508288
1114,46,1,0,0,7,545.5917635823325
1115,46,0,0,0,7,546.3852418432022
1116,45,0,1,0,8,559.5996052615044
1117,47,2,0,0,9,535.9368561014404
1118,47,0,0,0,9,537.2123880163341
1119,46,1,2,1,10,549.4306637639146
1120,47,1,0,0,8,538.4980964497888
1121,48,1,0,0,9,528.0450111070849
1122,47,0,1,0,9,539.9809050362495
1123,47,0,0,1,8,540.4968624830581
1124,45,0,2,0,8,565.757257661385
1125,45,0,0,0,5,566.7983687724961
1126,45,0,0,1,5,567.6061465502739
1127,47,2,0,0,7,544.2452466970708
1128,47,0,0,0,7,545.4080126545176
1129,47,0,0,0,7,546.0431190374964
1130,45,0,2,0,7,571.7315869725414
1131,45,0,0,1,5,572.6682536392082
1132,45,0,0,0,5,573.456031416986
1133,45,0,0,0,5,573.966031416986
1134,46,1,0,1,7,561.9830742122689
1135,46,0,0,0,7,562.9982916035733
1136,46,0,0,0,7,563.9895959513995
1137,46,0,0,0,7,564.7265524731386
1138,45,0,1,1,7,577.759860287594
1139,45,0,0,0,6,578.7676380653719
1140,45,0,0,0,6,579.6643047320387
1141,45,0,0,0,6,580.8809713987054
1142,45,0,0,1,5,581.8131936209276
1143,44,0,1,0,5,595.8694931878543
1144,44,0,0,0,4,596.1263113696725
1145,44,0,0,0,4,597.1922204605816
1146,44,0,0,0,4,598.8535840969453
1147,44,0,0,0,4,599.7490386423998
1148,44,0,0,0,4,601.2694931878544
1149,44,0,0,0,4,601.8126750060363
1150,44,0,0,1,4,602.6081295514908
1151,43,0,1,0,4,617.4734966496343
1152,43,0,0,0,3,618.3932640914948
1153,44,1,0,0,4,605.2150080894154
1154,45,1,0,0,5,592.3368967985394
1155,45,0,0,1,5,593.5580079096507
1156,45,0,0,0,5,594.801341242984
1157,45,0,0,1,5,595.6246745763174
1158,45,0,0,0,5,597.2435634652063
1159,45,0,0,0,5,597.9380079096508
1160,47,2,0,1,7,573.0778799134954
1161,47,0,0,0,7,574.289582041155
1162,47,0,0,1,7,574.5821352326444
1163,46,0,1,2,6,587.9628240304579
1164,45,0,1,0,5,601.9345760300861
1165,45,0,0,0,4,602.573464918975
1166,45,0,0,0,4,603.1256871411972
1167,45,1,1,1,4,603.8896387685219
1168,45,0,0,0,4,604.5351943240775
1169,45,0,0,0,4,605.460749879633
1170,43,0,2,1,4,634.6990654481837
1171,43,0,0,0,2,636.1165073086488
1172,43,0,0,0,2,636.7432514946954
1173,44,1,0,0,3,622.9820412334523
1174,44,0,0,0,3,624.0661321425433
1175,44,0,0,0,3,624.8206775970888
1176,43,0,1,1,4,639.6839730068733
1177,43,0,0,1,3,640.9014148673385
1178,43,0,0,0,3,641.9630427743152
1179,44,1,0,0,4,627.8082008930809
1180,45,1,0,0,5,614.2102408732346
1181,44,0,1,1,4,628.9153922611915
1182,44,0,0,0,3,629.8403922611916
1183,44,1,1,0,4,630.3504612131234
1184,44,0,0,0,4,631.5913703040325
1185,44,0,0,1,4,632.2231884858506
1186,44,0,0,0,4,633.0800066676688
1187,44,0,0,0,4,633.8981884858507
1188,45,1,0,0,5,620.2760065194985
1189,45,0,0,0,5,621.5993398528318
1190,44,0,1,0,5,637.2523721291682
1191,44,0,0,0,4,638.4728266746228
1192,44,0,0,1,4,639.2773721291682
1193,44,0,0,0,4,640.0046448564409
1194,44,0,0,0,4,640.954644856441
1195,45,1,0,1,5,627.0512083040755
1196,44,0,1,1,5,642.5384818741824
1197,44,0,0,0,4,643.2953000560005
1198,45,1,0,0,5,630.0176267214229
1199,45,0,0,0,5,631.2676267214229
1200,45,0,0,0,5,632.3220711658673
1201,45,0,0,0,5,633.2876267214228
1202,45,0,0,0,5,633.9798489436452
1203,45,0,0,0,5,635.3365156103118
1204,45,0,0,0,5,636.4420711658673
1205,45,0,0,0,5,637.4276267214229
1206,45,0,0,0,5,638.3842933880896
1207,45,0,0,0,5,639.1720711658674
1208,45,0,0,1,5,639.7531822769786
1209,45,0,0,0,5,640.9031822769786
1210,45,0,0,1,5,641.8842933880896
1211,46,1,0,0,6,628.7465913579138
1212,46,0,0,0,6,629.3052870100877
1213,46,0,0,0,6,630.0944174448704
1214,46,0,0,1,7,630.83789570574
1215,45,0,1,0,7,645.5898824704785
1216,44,0,1,0,6,661.3567266385342
1217,44,0,0,0,5,662.2385448203523
1218,45,1,0,0,6,648.0443549354557
1219,46,1,0,1,8,634.5923037412066
1220,45,0,1,0,8,649.8811200531024
1221,45,0,0,0,7,650.6933422753247
1222,45,1,1,0,8,651.6778824334882
1223,45,0,0,1,7,652.4767713223771
1224,45,0,0,0,7,653.4156602112661
1225,45,0,0,2,6,654.6834379890438
1226,46,1,0,1,7,641.1066241197168
1227,46,0,0,0,7,642.4261893371081
1228,47,1,0,0,8,629.3171214788717
1229,47,0,0,0,8,630.2735044575952
1230,48,1,0,0,9,618.0980147813952
1231,48,0,0,0,9,619.008431448062
1232,48,0,0,0,9,619.9625981147286
1233,49,1,0,0,10,607.9307083572852
1234,49,0,0,0,10,608.7603001940199
1235,49,1,1,0,12,608.7892814967066
1236,49,0,0,0,11,609.7107100681352
1237,49,0,0,1,11,610.483159047727
1238,48,0,1,0,11,624.4055813722349
1239,48,0,0,0,9,625.511831372235
1240,48,0,0,1,10,626.5159980389016
1241,47,0,1,0,10,640.8162582094468
1242,47,0,0,1,9,641.8364709754043
1243,48,1,0,0,10,629.3555028300833
1244,47,0,1,0,10,643.5947538654037
1245,47,1,1,0,10,644.1783489700738
1246,47,0,0,0,9,645.4900510977334
1247,47,0,0,0,8,646.23366811901
1248,48,1,0,0,9,633.7465083665305
1249,48,0,0,0,9,634.5319250331972
1250,47,0,1,0,10,648.7625227075617
1251,48,1,0,0,11,635.8393451511541
1252,47,1,2,0,12,650.5449203728408
1253,47,0,0,0,10,651.8842820749685
1254,47,0,0,0,10,652.4066225005005
1255,47,0,0,0,10,653.5736437770962
1256,48,1,0,0,10,640.6794011984067
1257,48,0,0,0,10,641.7314845317401
1258,48,0,0,0,10,642.4877345317401
1259,49,1,0,0,12,630.2104338270107
1260,47,0,2,1,10,658.2191359660902
1261,47,0,0,0,8,659.781901923537
1262,47,0,0,0,8,660.823391285239
1263,46,0,1,0,8,676.0026769177601
1264,45,0,1,0,8,692.2939796591061
1265,45,0,0,1,6,693.2973129924394
1266,45,0,0,1,7,694.5939796591061
1267,44,0,1,0,7,711.5237477536105
1268,43,0,1,0,6,728.9585959819818
1269,43,0,0,0,5,730.2923169122143
1270,43,0,0,0,5,731.0237122610516
1271,43,0,0,1,5,732.2783634238423
1272,43,0,0,0,5,733.2213866796562
1273,42,0,1,0,5,751.9194321840176
1274,41,0,1,1,3,771.0254881020173
1275,41,0,0,1,2,771.6096344434807
1276,42,1,0,0,4,754.1558336233979
1277,42,0,0,0,4,755.5915479091121
1278,43,1,0,0,5,738.6056979577374
1279,43,0,0,1,5,739.4370933065748
1280,43,0,0,0,5,740.3219770275049
1281,42,0,1,0,5,759.0823967613209
1282,43,1,0,1,7,742.1781549761738
1283,43,0,0,2,7,743.6072247436157
1284,44,1,0,0,8,727.6854696358063
1285,44,0,0,0,8,728.5741059994426
1286,44,0,0,0,7,729.7854696358062
1287,43,0,1,0,7,747.5314273767239
1288,43,0,0,0,7,748.9697994697472
1289,43,0,0,0,7,749.998869237189
1290,44,1,0,0,8,733.4363949363437
1291,45,2,1,0,10,717.7452288202102
1292,44,0,1,0,7,734.7623941013268
1293,45,1,0,0,6,719.223229787964
1294,45,0,0,0,7,720.3710075657418
1295,44,0,1,0,7,737.798169687278
1296,44,0,0,1,6,739.1981696872781
1297,45,1,0,0,7,723.2248770275608
1298,45,0,0,0,7,724.2815436942275
1299,44,0,1,0,7,741.5325824004485
1300,43,0,1,1,6,759.7695999790922
1301,43,0,0,0,5,760.6614604442084
1302,43,1,1,0,6,761.5406243624813
1303,43,0,0,0,4,762.3673685485278
1304,43,0,0,1,4,763.7034150601557
1305,43,0,0,0,4,765.0301592462022
1306,43,0,0,0,4,766.5313220369
1307,43,0,0,0,4,767.9441127345743
1308,44,1,0,0,5,751.4510647178795
1309,44,0,0,0,5,752.771519263334
1310,44,0,0,0,5,753.5760647178795
1311,45,1,0,0,6,737.1699299463711
1312,45,0,0,0,6,738.4754855019266
1313,45,0,0,0,6,739.4454855019267
1314,46,1,0,0,7,723.7803662518847
1315,46,0,0,1,6,725.1825401649282
1316,46,0,0,0,6,725.9564532084065
1317,45,0,1,0,6,742.5688949031172
1318,45,0,0,0,5,743.7811171253395
1319,45,0,0,0,5,744.8733393475616
1320,44,0,1,0,5,762.7133938543244
1321,44,0,0,0,4,763.6156665815971
1322,44,1,1,0,6,764.5991297780707
1323,44,0,0,0,5,765.9286752326162
1324,44,0,0,1,5,766.6400388689799
1325,44,0,0,0,4,767.8286752326162
1326,44,1,1,0,6,768.2697861211534
1327,45,1,0,0,7,752.1260130962388
1328,45,0,0,0,7,753.0293464295721
1329,45,0,0,0,6,754.2993464295722
1330,45,0,0,0,7,755.138235318461
1331,44,0,1,0,7,773.099898698551
1332,46,2,0,0,7,739.7281639725272
1333,45,0,1,0,7,757.0356241567937
1334,47,2,0,0,7,725.7904912139514
1335,49,2,0,1,10,696.6388385113412
1336,49,0,0,0,10,697.6174099399126
1337,48,0,1,1,9,713.3151411289574
1338,47,0,1,0,9,729.7878795868066
1339,48,1,0,0,8,715.4266737620815
1340,48,0,0,0,8,716.8350070954148
1341,47,0,1,1,7,733.5334566176242
1342,47,0,0,0,7,734.9153715112411
1343,47,0,0,0,7,736.0270736389007
1344,47,0,0,0,7,736.6536693835815
1345,47,0,0,0,7,736.8313289580497
1346,47,0,0,1,6,738.2536693835816
1347,46,0,1,1,6,755.2659471174101
1348,46,0,0,0,5,756.7507297261058
1349,47,1,0,0,6,741.0709269659758
1350,47,0,0,0,6,742.0592248383164
1351,46,0,1,0,6,759.0594684038108
1352,46,0,0,0,5,760.3399031864195
1353,47,1,0,0,6,744.7177775867085
1354,47,0,0,0,6,745.5826712037298
1355,46,0,1,0,6,762.6329230896804
1356,45,0,1,2,5,780.3363257603426
1357,45,0,0,1,4,781.3663257603425
1358,45,0,0,0,4,782.480770204787
1359,45,0,0,0,4,783.5196590936758
1360,45,0,0,0,4,784.8074368714538
1361,45,0,0,1,3,785.8107702047871
1362,45,0,0,0,3,786.9407702047871
1363,45,0,0,0,3,787.9218813158982
1364,46,1,0,0,4,771.3442317220744
1365,46,1,1,0,5,772.6002009512343
1366,46,0,0,0,4,774.03498355993
1367,46,0,0,1,4,775.1654183425387
1368,45,0,1,0,4,793.7920848909462
1369,45,0,0,0,3,794.8865293353906
1370,45,0,0,0,3,795.6054182242796
1371,45,0,0,1,3,796.6576404465018
1372,45,0,0,0,3,797.5587515576128
1373,44,0,1,0,3,816.337507645729
1374,44,0,0,0,2,816.7988712820927
1375,44,0,0,0,2,817.8329621911836
1376,44,0,0,0,2,819.1534167366382
1377,44,0,0,0,2,819.8102349184563
1378,44,0,0,0,2,820.7147803730019
1379,44,0,0,0,2,821.1897803730019
1380,45,1,0,0,3,803.7633408091574
1381,44,0,1,0,3,822.8431425314382
1382,45,1,0,0,3,805.417739364073
1383,45,0,0,0,3,806.3921838085173
1384,45,0,0,0,3,807.4132949196284
1385,45,0,0,1,3,808.3366282529618
1386,45,0,0,0,3,809.1688504751842
1387,46,1,0,0,4,792.4097450300715
1388,45,0,1,0,4,810.9480801978395
1389,45,0,0,0,3,811.7758579756173
1390,46,1,0,0,4,794.8600784544084
1391,46,0,0,0,4,796.1448610631039
1392,46,0,0,0,4,797.1274697587562
1393,46,0,0,0,4,797.731817584843
1394,45,0,1,1,4,816.15945165969
1395,45,0,0,0,3,816.9961183263567
1396,45,0,0,2,2,818.2127849930234
1397,45,0,0,1,3,818.9561183263569
1398,45,0,0,0,3,819.5661183263568
1399,44,0,1,0,3,839.4678310890664
1400,44,0,0,0,2,840.4382856345211
1401,44,0,0,0,2,841.7723765436119
1402,44,0,0,0,2,843.4451038163393
1403,45,1,0,0,4,825.5507681759761
1404,46,1,0,0,5,808.2594471286724
1405,45,0,1,0,5,827.1055305907959
1406,46,1,0,0,4,810.1412799257787
1407,48,2,0,0,6,776.5103932622046
1408,48,0,0,0,6,778.0645599288713
1409,49,1,0,2,7,762.5285485017513
1410,50,1,0,1,8,747.8589775317164
1411,49,0,1,0,8,764.0112866602492
1412,49,0,0,0,7,765.1123070684125
1413,48,0,1,0,7,781.9108805894471
1414,48,0,0,0,7,782.8150472561138
1415,48,0,0,0,6,783.9421305894471
1416,48,0,0,0,6,784.2962972561137
1417,47,0,1,0,6,802.1225806301791
1418,48,1,0,0,6,786.5960685337171
1419,48,0,0,0,6,787.4689852003836
1420,47,0,1,1,7,805.1659573695912
1421,48,1,0,0,7,788.9427082577248
1422,48,0,0,0,7,789.7989582577247
1423,47,0,1,0,7,807.3115454799711
1424,47,0,0,0,5,808.8062263310348
1425,47,0,0,1,5,809.7221837778434
1426,47,0,0,0,5,810.6211199480562
1427,47,0,0,1,4,811.5860135650775
1428,47,0,0,1,5,812.1147369693327
1429,47,0,0,0,5,813.1009071820988
1430,47,0,0,0,5,814.4466518629499
1431,47,0,0,0,5,814.9285667565667
1432,48,1,0,0,6,798.8873466158051
1433,48,0,0,0,6,800.2165132824716
1434,48,0,0,0,6,801.2727632824717
1435,48,0,0,0,6,802.256096615805
1436,47,0,1,0,6,820.2174495888271
1437,47,0,0,1,5,820.9355346952101
1438,47,0,0,1,5,821.7748963973377
1439,47,0,0,1,4,822.5504283122315
1440,47,0,0,0,4,823.8280878866994
1441,47,0,0,0,4,824.7717049079762
1442,47,0,0,0,4,826.0387261845718
1443,47,0,0,0,4,826.9695772484016
1444,47,0,0,1,4,828.1089389505293
1445,48,1,0,0,5,811.6431277223933
1446,49,1,0,0,6,796.4463291974465
1447,49,1,1,0,7,797.0662856023813
1448,48,0,1,1,5,814.512681569062
1449,48,0,0,0,4,815.3543482357286
1450,49,1,0,0,5,799.6103819452036
1451,49,0,0,0,5,800.6379329656116
1452,49,0,0,0,5,800.9756880676525
1453,49,0,0,0,5,802.1909941901016
1454,49,0,0,0,6,803.2614023533669
1455,49,0,0,0,5,803.993035006428
1456,49,0,0,0,5,805.069565618673
1457,48,0,1,1,6,822.8758524049986
1458,49,1,0,0,6,807.1987941926518
1459,48,0,1,0,6,824.5260112786781
1460,49,1,0,0,6,808.6295620689091
1461,48,0,1,0,6,826.7897930727789
1462,48,0,0,0,5,827.6043764061122
1463,47,0,1,0,5,846.0248116618052
1464,47,0,0,0,3,847.1045988958477
1465,47,0,0,0,3,848.0843861298904
1466,47,0,0,0,3,849.0897052788265
1467,47,0,0,0,3,850.1248116618051
1468,47,0,0,0,3,851.3109818745711
1469,48,1,0,1,4,834.7451280855175
1470,47,0,1,0,4,853.3728792169294
1471,47,0,0,0,3,854.6079855999081
1472,47,0,0,1,3,855.2090494296954
1473,47,0,0,0,3,856.1335175148017
1474,47,1,1,1,5,857.0007619106224
1475,47,0,0,0,4,858.1273576553033
1476,47,0,0,0,4,859.126293825516
1477,47,0,0,0,4,860.044378931899
1478,46,0,1,0,4,879.7404513740164
1479,46,0,0,0,2,881.2491470261901
1480,46,0,0,0,2,882.3774078957555
1481,47,1,0,0,3,864.3949098554203
1482,47,0,0,0,3,865.3534204937181
1483,47,0,0,1,3,866.4055481532927
1484,47,0,0,0,3,867.5661864511649
1485,48,1,0,0,4,850.0283492334323
1486,49,1,0,1,5,833.0849135347909
1487,49,0,0,1,5,833.851240065403
1488,49,1,1,0,6,834.6214242162183
1489,48,0,1,0,5,852.711368459879
1490,48,0,0,0,4,853.7322017932124
1491,48,0,0,1,5,854.9738684598791
1492,48,0,0,0,5,856.6342851265457
1493,48,0,0,1,6,857.4905351265456
1494,48,0,0,0,6,858.517618459879
1495,48,0,0,0,6,859.7342851265457
1496,48,0,0,0,6,860.2967851265457
1497,47,0,1,0,6,879.3101309628865
1498,47,0,0,0,5,880.4920458565035
1499,47,0,0,0,5,881.3973650054396
1500,47,0,0,0,5,882.1345990479929
1501,47,0,0,0,5,882.9633224522481
1502,47,0,0,1,4,884.1473650054396
1503,47,0,0,0,4,885.1697054309715
1504,47,1,1,0,5,885.7317087123718
1505,47,0,0,1,5,886.5093682868397
1506,47,0,0,0,5,887.446602329393
1507,48,1,0,1,6,869.2820897808639
1508,48,0,0,0,6,870.5987564475307
1509,48,0,0,0,6,871.3716731141973
1510,48,1,1,0,7,872.9019632298223
1511,48,0,0,0,6,873.5227965631556
1512,49,1,0,0,8,856.6876374496219
1513,49,0,0,0,8,857.3417190822748
1514,48,0,1,0,8,876.3813282648615
1515,48,0,0,0,7,877.3584115981948
1516,48,0,0,0,7,878.2042449315281
1517,47,0,1,0,7,898.1057693986609
1518,48,1,0,0,7,880.4254408695223
1519,48,0,0,0,7,881.1316908695221
1520,48,0,0,0,7,882.0212742028556
1521,48,0,0,0,7,883.1921075361888
1522,47,0,1,0,7,902.9730426023401
1523,46,0,1,1,6,923.6608484301893
1524,46,0,0,0,4,924.628239734537
1525,46,0,0,1,3,925.6651962562763
1526,46,0,0,1,3,926.682587560624
1527,46,0,0,0,3,927.4347614736674
1528,46,0,0,0,3,928.628239734537
1529,47,1,0,0,4,909.280830378483
1530,46,0,1,0,4,930.4858209035068
1531,46,0,0,0,3,931.9836469904633
1532,46,0,0,0,3,932.8423426426372
1533,46,0,0,0,3,933.3706035122025
1534,47,1,0,1,5,914.1073991821556
1535,47,0,0,0,5,915.7020800332193
1536,47,0,0,0,5,916.7031438630066
1537,47,0,0,1,5,917.7148459906662
1538,47,0,0,0,5,919.0754842885384
1539,47,0,0,0,5,920.2169736502406
1540,47,0,0,0,5,921.0520800332193
1541,47,0,0,0,5,921.9978247140702
1542,48,1,0,0,6,903.5197450325272
1543,48,0,0,0,6,903.9864116991939
1544,49,1,0,1,6,886.0234237053328
1545,49,0,0,0,6,887.0060767665573
1546,49,0,0,0,6,888.170362480843
1547,49,0,0,1,6,889.1999543175776
1548,49,0,0,0,6,890.5152604400266
1549,50,1,0,1,7,873.2839552312262
1550,50,0,0,0,7,874.309955231226
1551,50,0,0,0,7,875.2859552312261
1552,49,0,1,0,7,893.8384372574958
1553,49,0,0,0,6,894.8721107268836
1554,50,1,0,0,7,877.9736685123459
1555,50,0,0,0,7,878.6776685123458
1556,49,0,1,0,7,897.4499913414769
1557,48,0,1,0,6,917.6556034379149
1558,48,0,0,1,4,918.4493534379149
1559,48,0,0,0,4,919.7535201045816
1560,49,1,0,1,5,901.5422237759166
1561,49,0,0,0,5,903.1065094902024
1562,48,0,1,0,5,923.1430222922278
1563,48,0,0,1,4,924.4471889588945
1564,48,0,0,1,4,925.2388556255611
1565,48,0,0,0,4,926.7284389588945
1566,48,0,0,0,4,927.5284389588945
1567,48,0,0,0,4,928.5513556255611
1568,48,0,0,0,4,929.4888556255611
1569,48,0,0,0,4,930.8513556255612
1570,50,2,0,0,6,894.3093014005386
1571,50,0,0,1,6,895.2553014005388
1572,49,0,1,0,6,914.0262368029968
1573,48,0,1,0,5,934.2233557086676
1574,48,0,0,0,4,935.2962723753343
1575,48,0,0,1,4,936.4837723753343
1576,49,1,0,0,5,918.3596137554293
1577,48,0,1,1,5,938.5901813479383
1578,48,0,0,0,4,939.1214313479383
1579,47,0,1,0,4,960.3798462546167
1580,47,0,0,0,3,961.2936760418507
1581,47,0,0,0,3,962.2841015737657
1582,47,0,0,0,3,962.9000590205742
1583,47,0,0,1,3,964.3436760418507
1584,47,0,0,0,3,965.5341015737657
1585,47,0,0,0,3,966.122399446106
1586,47,0,0,0,3,967.7426122120635
1587,47,0,0,0,3,968.6479313609996
1588,46,0,1,0,3,990.8174224319574
1589,46,0,0,0,2,991.8674224319575
1590,46,0,0,0,2,993.3369876493488
1591,46,0,0,0,2,994.5478572145661
1592,46,0,0,0,2,995.710900692827
1593,46,0,0,0,2,996.9543789536964
1594,48,2,0,0,4,956.2604464972925
1595,48,0,0,0,4,956.8687798306258
1596,48,0,0,0,4,957.8604464972924
1597,48,0,0,2,4,958.4833631639591
1598,48,0,0,0,4,959.3354464972923
1599,48,0,0,0,4,960.7166964972924
1600,48,0,0,0,4,961.7437798306256
1601,48,0,0,0,4,963.0604464972924
1602,48,0,0,1,4,964.1687798306257
1603,48,0,0,0,4,965.2729464972923
1604,48,0,0,1,4,966.239613163959
1605,47,0,1,0,4,988.0854610667305
1606,48,1,0,0,4,968.1451389611735
1607,48,0,0,0,4,969.2493056278403
1608,48,0,0,0,4,969.9472222945069
1609,48,0,0,0,4,971.1513889611737
1610,48,0,0,0,4,972.0368056278403
1611,47,0,1,0,4,993.8363428074705
1612,47,0,0,0,3,995.0608108925768
1613,47,0,0,0,3,996.2937896159812
1614,46,0,1,0,3,1019.0332071079625
1615,47,1,0,0,3,997.966543126942
1616,46,0,1,0,3,1020.7166895857587
1617,46,0,0,0,2,1021.7253852379326
1618,47,1,0,0,3,1000.7014408711681
1619,47,0,0,1,3,1001.3897387435085
1620,47,0,0,0,3,1002.9993132115936
1621,48,1,0,1,4,982.5357858530188
1622,48,0,0,1,4,983.4295358530186
1623,48,0,0,1,5,984.375369186352
1624,48,0,0,0,5,985.6503691863519
1625,49,1,0,0,6,966.0473004274468
1626,49,0,0,0,6,967.0911779784672
1627,50,1,0,0,7,948.4043544188978
1628,50,0,0,0,7,949.5663544188978
1629,50,0,0,0,7,950.2083544188978
1630,50,0,0,0,7,952.3063544188979
1631,50,0,0,0,7,953.6063544188978
1632,50,0,0,0,7,954.4163544188979
1633,52,2,0,0,9,918.2234177104785
1634,53,1,0,0,10,901.9342966216017
1635,53,0,0,0,10,903.0107117159414
1636,53,0,0,0,10,903.8286362442432
1637,52,0,1,0,10,921.9660729346542
1638,52,0,0,0,9,922.7506883192696
1639,52,0,0,0,9,924.1660729346543
1640,52,0,0,0,9,925.658380626962
1641,53,1,0,0,11,909.0025621245663
1642,54,1,0,2,11,892.5997369000373
1643,54,0,0,0,11,893.377514677815
1644,54,0,0,0,11,894.5812183815187
1645,52,0,2,1,10,930.0472354575585
1646,52,0,0,0,7,931.0972354575586
1647,52,1,1,0,8,932.3474353258463
1648,52,0,0,0,7,933.4935891720002
1649,52,0,0,0,7,934.4108968643078
1650,51,0,1,1,7,953.3986051425727
1651,51,0,0,0,6,954.3564482798275
1652,52,1,0,1,7,936.8082473513693
1653,52,0,0,0,7,938.0582473513693
1654,53,1,0,0,8,920.976016269268
1655,51,0,2,0,8,958.0495719949015
1656,52,1,0,0,7,940.4726571488457
1657,52,0,0,0,7,941.180349456538
1658,52,0,0,0,7,942.1726571488457
1659,52,0,0,0,7,943.4861186873071
1660,51,1,2,0,9,962.8988944415341
1661,52,1,0,0,8,945.213338779197
1662,53,1,0,0,9,928.35459653808
1663,54,1,0,0,10,911.7174743799675
1664,54,0,0,0,11,912.9341410466341
1665,55,1,0,1,12,897.377156663968
1666,55,0,0,0,13,898.2307930276044
1667,55,0,0,1,12,899.537156663968
1668,54,0,1,0,12,917.5778884466713
1669,54,0,0,0,10,918.1964069651898
1670,54,0,0,2,9,918.9630736318563
1671,54,0,0,1,8,920.2834440022268
1672,54,0,0,0,9,921.1871477059304
1673,55,1,0,0,10,905.132835929459
1674,55,0,0,0,9,906.3501086567317
1675,55,1,1,1,11,907.2374376911182
1676,55,0,0,0,10,908.1710740547545
1677,54,0,1,2,9,926.6463650527112
1678,54,0,0,0,7,927.6093280156741
1679,53,0,1,0,7,945.9669373305064
1680,53,0,0,0,6,947.2263712927705
1681,54,1,0,0,7,930.1786607132747
1682,54,0,0,1,6,931.1453273799415
1683,55,1,0,1,6,915.0045032457606
1684,54,1,2,0,7,932.6504983006183
1685,55,1,0,0,6,916.478671058789
1686,55,0,0,1,6,917.3123074224253
1687,55,0,0,0,6,917.8259437860615
1688,55,0,0,1,6,919.230489240607
1689,55,0,0,1,6,920.1768528769707
1690,55,1,1,1,7,921.1248385554591
1691,55,0,0,0,6,921.9821112827317
1692,54,0,1,1,6,939.7895392302823
1693,54,0,0,0,5,941.169168859912
1694,54,0,0,0,5,941.8506503413934
1695,53,0,1,0,5,960.3407114298719
1696,53,0,0,0,4,960.9944850147776
1697,52,0,1,0,4,980.5653694974657
1698,52,0,0,0,3,981.5788310359271
1699,52,0,0,0,3,982.8730618051578
1700,52,0,0,0,3,984.0384464205424
1701,51,0,1,0,3,1004.6056596148678
1702,51,0,0,0,2,1005.8223262815345
1703,51,0,0,0,2,1007.576247850162
1704,51,0,0,0,2,1008.2380125560443
1705,51,0,0,0,2,1009.0429145168285
1706,51,0,0,1,3,1009.8654635364363
1707,51,0,0,0,3,1011.1291890266325
1708,51,0,0,0,3,1012.1066400070246
1709,51,0,0,0,3,1013.1350713795736
1710,50,0,1,0,3,1033.6761881504738
1711,50,0,0,2,2,1034.3021881504737
1712,50,0,0,0,2,1035.3061881504736
1713,50,0,0,0,2,1036.2401881504736
1714,50,0,0,1,2,1037.4401881504737
1715,51,1,0,0,3,1017.8786158337977
1716,52,1,0,0,4,999.2549886062247
1717,52,0,0,0,4,1000.2819116831477
1718,52,0,0,0,4,1001.5569116831477
1719,52,0,0,0,4,1002.5761424523783
1720,52,0,0,0,4,1002.8415270677631
1721,52,0,0,1,5,1003.7338347600707
1722,52,0,0,0,5,1004.7453732216092
1723,51,0,1,0,5,1025.7898814985933
1724,51,0,0,0,4,1026.5751756162401
1725,51,0,0,0,4,1027.5879207142796
1726,51,0,0,0,4,1028.3967442436913
1727,52,1,0,0,5,1009.3669991620817
1728,52,0,0,0,5,1009.9343068543894
1729,52,1,1,0,6,1010.9299987924239
1730,52,0,0,0,5,1012.1511526385777
1731,52,0,0,0,5,1013.4761526385778
1732,52,0,0,0,5,1014.4165372539624
1733,53,1,0,0,6,996.1256591925669
1734,53,0,0,0,6,997.1794327774725
1735,53,0,0,0,6,998.021885607661
1736,53,0,0,0,6,999.1171686265291
1737,52,0,1,0,6,1019.8629306447218
1738,52,0,0,0,5,1020.4340844908758
1739,52,0,0,0,5,1021.0186998754909
1740,52,0,0,0,5,1021.7917767985679
1741,52,0,0,1,4,1022.5360075677987
1742,52,0,0,0,4,1023.2590844908756
1743,53,1,0,1,5,1004.0957055382175
1744,53,0,0,0,5,1005.8570262929345
1745,53,0,0,1,5,1006.8862715759533
1746,54,1,0,0,6,989.0559702504727
1747,53,0,1,0,6,1008.3252648768116
1748,53,0,0,0,6,1009.6073403485096
1749,53,0,0,1,6,1010.8290384617172
1750,54,1,0,1,7,993.2497970087223
1751,54,0,0,1,7,994.3442414531668
1752,54,0,0,0,7,995.2609081198335
1753,54,0,0,0,7,996.6664636753891
1754,54,0,0,1,7,997.779426638352
1755,53,1,2,0,8,1017.8170525798348
1756,53,0,0,2,5,1018.5293167307781
1757,51,0,2,1,4,1059.5136220994095
1758,51,0,0,1,3,1060.5714652366644
1759,51,0,0,0,3,1061.5430338641154
1760,51,0,0,0,3,1062.8440142562722
1761,51,0,0,0,3,1063.8626417072526
1762,51,0,0,0,3,1064.9793083739191
1763,52,1,0,0,4,1045.2287447513438
1764,52,0,0,0,4,1046.18259090519
1765,51,0,1,0,4,1067.4069705387622
1766,50,0,1,0,3,1089.747569520785
1767,51,1,0,0,3,1069.0113426674363
1768,52,1,0,0,4,1049.01977838537
1769,52,0,0,0,4,1050.2043937699855
1770,52,0,0,0,4,1051.2543937699854
1771,52,0,0,0,4,1051.817855308447
1772,52,0,0,1,4,1052.9563168469085
1773,52,0,0,0,4,1053.9293937699854
1774,51,0,1,0,4,1075.6659698469896
1775,51,0,0,0,3,1076.433616905813
1776,51,0,0,0,3,1077.0816561214992
1777,51,0,0,1,3,1078.198322788166
1778,51,0,0,0,3,1078.969891415617
1779,51,0,0,1,3,1079.8355776901267
1780,51,0,0,1,3,1080.5326365136561
1781,52,1,0,1,4,1060.2598935037781
1782,52,0,0,1,5,1061.856047349932
1783,51,0,1,0,5,1083.979736310955
1784,51,0,0,0,3,1085.5611088599746
1785,51,0,0,0,3,1086.8287559187982
1786,52,1,0,0,4,1066.5657029203596
1787,53,1,0,0,5,1047.307859469032
1788,53,0,0,0,5,1048.5446519218622
1789,54,1,0,0,6,1029.776232441828
1790,54,0,0,0,6,1031.2151213307168
1791,54,0,0,0,6,1032.3391954047906
1792,55,1,0,0,7,1014.816664579249
1793,55,0,0,0,7,1015.7539373065217
1794,54,0,1,1,6,1035.6163250663162
1795,53,0,1,0,6,1055.8862985708338
1796,54,1,0,0,6,1036.9800708195219
1797,53,0,1,0,6,1057.8397370187217
1798,53,0,0,0,5,1058.7897370187218
1799,54,1,0,1,6,1039.9056678146712
1800,55,1,0,0,7,1022.0801102180409
1801,56,1,0,0,8,1004.7760011070043
1802,56,0,0,0,8,1005.8349296784328
1803,55,0,1,0,8,1025.3577292704952
1804,55,0,0,0,7,1026.5022747250407
1805,56,1,0,0,9,1009.5352698192363
1806,56,0,0,1,8,1010.4406269620935
1807,56,0,0,0,8,1011.5799126763792
1808,57,1,0,0,10,994.4153528048637
1809,58,1,0,0,11,977.962501894435
1810,58,0,0,0,11,979.1883639634005
1811,58,0,0,0,10,980.4521570668487
1812,58,0,0,0,10,981.8762949978832
1813,58,0,0,0,11,982.6349156875383
1814,59,1,0,0,12,967.2953408453767
1815,57,0,2,0,12,1002.3766086995465
1816,57,0,0,1,8,1003.6581876469148
1817,57,0,0,0,8,1004.4257315065639
1818,57,0,0,0,8,1005.2020472960377
1819,57,0,0,0,8,1005.9485385241078
1820,57,0,0,1,8,1006.9880122083183
1821,57,0,0,1,8,1007.8818718574411
1822,57,0,0,0,8,1008.5827490504234
1823,56,0,1,0,8,1027.621960707067
1824,56,0,0,0,7,1028.8398178499242
1825,57,1,0,1,8,1011.589996484136
1826,57,0,0,0,8,1013.1435052560657
1827,56,0,1,0,8,1032.266473348818
1828,56,0,0,0,7,1033.2414733488179
1829,56,0,0,0,7,1034.3271876345323
1830,56,0,0,0,7,1035.3950447773893
1831,55,0,1,2,6,1055.0635623321562
1832,58,3,0,1,8,1001.1163091080791
1833,58,0,0,1,7,1002.2956194529066
1834,58,0,0,0,7,1003.5404470391135
1835,58,0,0,0,7,1004.6818263494582
1836,58,0,0,0,7,1005.8904470391134
1837,58,0,0,0,7,1006.9404470391135
1838,58,0,0,1,7,1008.2783780735962
1839,58,1,1,0,8,1009.1523621785833
1840,59,1,0,0,8,992.8124916331836
1841,59,0,0,0,8,993.6845255314886
1842,59,0,0,1,7,995.5650340060648
1843,59,0,0,1,7,996.5675763789461
1844,59,0,0,0,7,998.0785933280987
1845,59,0,0,0,7,999.1489323111495
1846,59,0,0,0,7,1000.2175763789461
1847,60,1,0,0,9,984.234783439297
1848,60,0,0,0,8,985.4881167726303
1849,60,0,0,0,8,986.6081167726302
1850,59,0,1,0,8,1004.2758639060019
1851,60,1,0,0,9,988.0554328409017
1852,60,0,0,0,9,989.0454328409018
1853,59,1,2,0,11,1006.6920722305134
1854,58,0,1,0,8,1024.7759946608646
1855,57,0,1,0,6,1043.3779151045662
1856,57,0,0,0,5,1044.8770379115838
1857,57,0,0,1,4,1045.8937045782504
1858,57,0,0,0,4,1046.5524765080747
1859,57,0,0,0,3,1047.0551080870223
1860,57,0,0,1,4,1047.9998449291274
1861,57,0,0,0,4,1048.4287922975484
1862,57,0,0,0,4,1049.524406332636
1863,58,1,0,0,5,1032.0627786372459
1864,58,0,0,1,5,1033.262778637246
1865,58,0,0,0,5,1034.0300200165561
1866,58,0,0,0,5,1034.680020016556
1867,57,0,1,0,5,1054.2325975871724
1868,57,0,0,0,4,1055.594878288927
1869,57,0,0,0,4,1056.401018639804
1870,58,1,0,1,5,1038.8001390080833
1871,59,1,0,1,6,1022.1950519062513
1872,58,0,1,0,6,1040.6679852119764
1873,58,1,1,0,6,1041.6360965739848
1874,58,0,0,0,5,1042.6878207119157
1875,58,0,0,0,5,1044.1205793326053
1876,58,0,0,0,5,1045.2447172636398
1877,59,1,0,1,5,1028.4202305303577
1878,60,1,0,0,6,1012.5140600215184
1879,61,1,0,0,7,996.751534447395
1880,61,0,0,0,7,997.7097311687064
1881,61,0,0,1,7,999.435141004772
1882,62,1,0,0,8,983.9047355046949
1883,63,1,0,0,9,969.0094222427157
1884,63,0,0,0,9,969.8594222427157
1885,63,0,0,0,9,970.8808508141442
1886,63,0,0,0,9,971.9483111316046
1887,64,1,0,0,11,957.9749000201732
1888,64,1,1,0,12,958.50059917931
1889,64,0,0,0,10,959.5990366793101
1890,64,0,0,0,10,961.13184917931
1891,64,0,0,0,10,962.22091167931
1892,64,0,0,0,10,963.26309917931
1893,64,0,0,0,10,964.3115366793098
1894,63,0,1,0,10,980.4928945026642
1895,63,0,0,0,9,981.6984500582197
1896,64,1,0,0,10,967.4320680260599
1897,65,1,0,0,11,953.2146515948897
1898,65,0,0,0,11,954.5538823641206
1899,65,0,0,0,11,955.6715746718128
1900,65,0,0,0,11,956.6231131333512
1901,65,0,0,0,11,957.833113133351
1902,67,3,1,0,15,929.7047842530762
1903,67,0,0,0,13,930.6935902232254
1904,67,0,0,0,13,931.8719484321807
1905,67,0,0,0,13,932.9801573874045
1906,67,0,0,0,13,934.1167245515836
1907,67,0,0,0,13,934.7741872381507
1908,67,0,0,2,14,935.4809036560611
1909,66,0,1,0,14,950.551942055168
1910,64,0,2,0,13,981.4795067792843
1911,63,0,1,1,11,998.0382011601832
1912,60,0,3,1,9,1048.936749831714
1913,59,0,1,1,7,1067.790720801413
1914,58,0,1,0,6,1087.4964991039367
1915,58,0,0,0,5,1088.7930508280747
1916,58,0,0,1,4,1089.6292577246263
1917,58,0,0,0,4,1090.7947749660057
1918,58,0,0,1,4,1091.9792577246262
1919,58,0,0,0,4,1092.9516715177297
1920,60,2,0,0,7,1057.2882824671385
1921,59,0,1,0,7,1076.6012076162756
1922,59,0,0,0,6,1077.2071398196654
1923,60,1,0,0,6,1059.7561874893374
1924,60,0,0,1,7,1060.4595208226708
1925,60,0,0,0,7,1061.3911874893374
1926,60,0,0,0,7,1062.8345208226706
1927,60,0,0,1,8,1063.937854156004
1928,60,0,0,0,7,1065.0695208226707
1929,61,1,0,0,8,1048.184774579676
1930,60,1,2,0,9,1066.2500805934233
1931,60,0,0,0,6,1066.8684139267566
1932,61,1,0,0,8,1050.442702223039
1933,60,0,1,0,8,1068.828319247785
1934,60,0,0,0,6,1069.6166525811182
1935,60,0,0,0,6,1070.9166525811183
1936,59,0,1,0,6,1089.7275824814024
1937,59,0,0,0,5,1091.1606333288598
1938,60,1,0,0,6,1073.6287894400455
1939,60,0,0,0,6,1074.5821227733788
1940,60,0,0,0,6,1075.8387894400453
1941,60,0,0,0,6,1077.0204561067121
1942,60,0,0,0,6,1077.7387894400451
1943,60,0,0,1,6,1078.8637894400451
1944,60,0,0,1,6,1079.7187894400452
1945,61,1,0,0,7,1063.0168420721757
1946,60,0,1,0,7,1081.8379797559696
1947,60,0,0,0,6,1083.0713130893027
1948,61,1,0,0,7,1066.6094882845603
1949,62,1,0,0,9,1049.8972384735189
1950,62,0,0,1,9,1051.0633675057768
1951,62,0,0,1,9,1051.9875610541637
1952,62,0,0,0,9,1053.2988513767446
1953,62,0,0,1,8,1054.8294965380348
1954,60,0,2,1,10,1090.8994716520128
1955,60,0,0,0,8,1091.627804985346
1956,60,0,0,1,8,1092.7561383186794
1957,60,0,0,0,8,1093.8694716520126
1958,59,0,1,0,8,1114.0631343664852
1959,59,0,0,1,7,1115.4080496207225
1960,58,0,1,0,7,1135.4811461576614
1961,58,0,0,2,6,1136.5363185714546
1962,58,1,1,0,7,1137.6833205269388
1963,58,0,0,0,5,1138.7178032855595
1964,58,0,0,0,5,1140.2074584579732
1965,58,0,0,0,5,1141.2229756993527
1966,59,1,0,0,6,1122.8802133993634
1967,59,0,0,0,6,1123.9878405180077
1968,59,0,0,0,6,1125.1530947552958
1969,58,0,1,0,6,1146.1896098961145
1970,59,1,0,0,6,1128.1016504063498
1971,59,0,0,1,5,1129.4719893894005
1972,60,1,0,0,6,1111.3332895662436
1973,61,1,0,0,7,1093.7868421963053
1974,61,0,0,0,7,1095.6319241635183
1975,61,0,0,0,7,1096.563891376633
1976,61,0,0,1,7,1097.3925799012231
1977,61,0,0,0,7,1098.8655307208953
1978,61,0,0,1,7,1099.6991372782725
1979,61,0,0,0,7,1101.2491372782722
1980,61,0,0,0,7,1102.6302848192558
1981,61,0,0,0,7,1103.6573339995834
1982,61,0,0,0,7,1104.931924163518
1983,62,1,0,0,8,1088.2112479673322
1984,64,2,0,1,11,1055.2921464683532
1985,64,0,0,0,11,1056.292146468353
1986,64,0,0,0,11,1057.373396468353
1987,64,0,0,0,10,1058.960896468353
1988,64,0,0,0,10,1060.229646468353
1989,64,0,0,0,11,1061.3218339683528
1990,62,0,2,0,10,1096.8331499891094
1991,62,0,0,0,8,1098.0073435374966
1992,62,1,1,0,10,1098.8773688086944
1993,62,0,0,1,9,1099.8902720345006
1994,62,3,3,0,13,1100.3459662200203
1995,63,1,0,0,11,1083.5166651689087
1996,63,0,0,0,11,1084.4285699308136
1997,62,0,1,0,11,1102.5858952451474
1998,62,0,0,1,9,1103.7358952451475
1999,62,1,1,0,10,1104.72649652212
2000,63,1,0,0,9,1087.8959172122452
2001,63,0,0,0,9,1089.2316314979594
2002,64,1,0,0,10,1072.8819185058037
2003,63,0,1,0,10,1091.2170930417633
2004,61,0,2,0,9,1128.3109007758108
2005,61,0,0,0,7,1129.8805729069582
2006,61,0,0,0,7,1130.9617204479418
2007,62,1,0,2,8,1113.3792733439425
2008,62,0,0,0,8,1114.342176569749
2009,63,1,0,0,10,1097.0192848781655
2010,63,0,0,0,10,1097.788332497213
2011,63,0,0,0,10,1099.257380116261
2012,61,0,2,0,10,1136.2756613552901
2013,63,2,0,0,10,1101.1216721059156
2014,63,0,0,0,9,1102.05738639163
2015,64,1,0,0,10,1085.6619584792606
2016,64,0,0,0,11,1086.6822709792607
2017,64,0,0,0,11,1087.9932084792606
2018,64,0,0,0,11,1089.1666459792607
2019,64,0,0,0,11,1090.3057084792606
2020,64,0,0,1,11,1091.1400834792605
2021,63,1,2,0,12,1109.2834674250448
2022,63,0,0,0,9,1110.765213456791
2023,63,0,0,0,9,1111.6041023456796
2024,64,1,0,0,10,1095.1048194965283
2025,64,0,0,0,10,1096.1251319965284
2026,64,0,0,1,10,1097.1095069965284
2027,64,0,0,1,9,1097.8891944965283
2028,64,0,0,0,9,1099.0532569965283
2029,64,0,0,0,9,1100.0688819965283
2030,64,0,0,0,9,1101.081381996528
2031,63,0,1,0,9,1119.667607242944
2032,63,0,0,0,8,1120.679512004849
2033,64,1,0,0,9,1104.238425879773
2034,64,0,0,1,9,1105.1524883797729
2035,63,0,1,0,9,1124.0669948755085
2036,63,0,0,2,7,1125.30429646281
2037,63,0,0,0,7,1126.1511218596354
2038,62,0,1,0,7,1145.6286323148481
2039,62,0,0,0,6,1146.6108903793643
2040,62,0,0,0,6,1147.3850839277513
2041,61,0,1,0,6,1167.921095706029
2042,60,0,1,0,5,1188.3064951921906
2043,60,0,0,0,4,1189.1864951921905
2044,60,0,0,2,3,1190.533161858857
2045,60,0,0,0,3,1191.4464951921905
2046,61,1,0,0,4,1173.112946090679
2047,61,0,0,0,4,1174.302290352974
2048,61,0,0,0,4,1175.2457329759247
2049,62,1,0,0,5,1157.4796727666355
2050,62,0,0,0,5,1158.599027605345
2051,62,0,0,0,5,1159.6151566376034
2052,61,0,1,0,5,1179.9098179604828
2053,62,1,0,0,5,1161.8330467030555
2054,62,0,0,0,5,1162.9330467030554
2055,63,1,0,0,6,1145.8960142157052
2056,63,0,0,0,6,1147.233315803007
2057,64,1,0,0,8,1130.305451493585
2058,65,1,0,1,9,1113.8284445475297
2059,66,1,0,0,10,1098.03331659984
2060,65,0,1,0,11,1116.1894328041453
2061,65,0,0,0,10,1117.1363558810685
2062,64,0,1,0,10,1135.5441449184
2063,63,0,1,0,8,1155.2046169945788
2064,63,0,0,0,6,1156.672077312039
2065,63,0,0,0,6,1157.5569979469597
2066,63,0,0,1,7,1158.6006487406105
2067,63,0,0,0,7,1159.526839216801
2068,63,0,0,1,7,1160.6339820739436
2069,63,0,0,0,7,1161.9887439787055
2070,62,1,2,2,8,1181.5279434248798
2071,62,0,0,0,6,1182.7360079410087
2072,62,0,0,0,6,1183.8247176184282
2073,61,1,2,0,8,1204.426492784713
2074,61,0,0,0,5,1205.499443604385
2075,62,1,0,0,6,1187.3631622559274
2076,63,1,0,0,7,1169.5383501566268
2077,63,0,0,0,7,1170.8216834899602
2078,64,1,0,0,8,1153.6440009354294
2079,64,0,0,0,8,1154.8361884354294
2080,65,1,0,0,9,1138.0571701518074
2081,66,1,0,0,10,1121.1540312101133
2082,66,0,0,1,9,1122.0979706040525
2083,66,0,0,0,9,1123.1464554525373
2084,67,2,1,0,11,1106.7254006522255
2085,67,0,0,0,10,1107.7888334880465
2086,67,0,0,0,10,1108.837340950733
2087,67,0,0,1,9,1109.9261469208823
2088,67,0,0,1,9,1111.368684234315
2089,68,1,0,0,10,1095.7551741720456
2090,68,0,0,2,10,1096.6125271132219
2091,68,0,0,0,11,1097.572821230869
2092,68,0,0,0,11,1098.6389977014571
2093,66,1,3,0,12,1133.086127580918
2094,66,0,0,0,9,1134.1452184900088
2095,65,0,1,0,9,1152.8847019967548
2096,65,0,0,0,8,1153.6531635352162
2097,65,0,0,0,8,1155.083163535216
2098,65,0,0,0,8,1156.422394304447
2099,64,0,1,0,8,1175.8595086771727
2100,64,0,0,1,7,1176.5126336771725
2101,64,0,0,0,7,1178.0813836771724
2102,63,0,1,0,7,1197.9496265419252
2103,64,1,0,0,6,1180.2605698772077
2104,64,0,0,0,6,1181.0261948772074
2105,65,1,0,0,7,1163.8519457252503
2106,65,0,0,1,7,1164.7388688021733
2107,64,0,1,0,7,1184.0859540891126
2108,64,0,0,0,6,1184.9218915891126
2109,64,1,1,0,7,1185.642855210505
2110,64,0,0,0,6,1186.828792710505
2111,63,0,1,0,6,1206.8197723654337
2112,63,0,0,0,5,1207.271359667021
2113,63,0,0,0,5,1208.4356453813066
2114,63,0,0,0,5,1209.261835857497
2115,63,0,0,1,5,1210.3372326828937
2116,63,0,0,0,5,1211.1650104606713
2117,63,0,0,0,5,1212.2467564924175
2118,64,1,0,0,7,1194.1796196722235
2119,64,0,0,0,7,1195.2936821722233
2120,64,0,0,0,7,1196.5296196722231
2121,64,0,0,0,7,1197.962432172223
2122,64,0,0,1,7,1199.0343071722232
2123,65,1,0,0,8,1181.321471677266
2124,66,1,0,0,9,1164.543116045792
2125,65,0,1,0,9,1183.486279447276
2126,66,1,0,0,9,1166.5539115768627
2127,66,0,0,1,9,1167.449366122317
2128,65,0,1,0,9,1186.3171669148983
2129,65,0,0,0,8,1187.0948592225905
2130,65,0,0,0,8,1188.1540899918214
2131,64,0,1,0,8,1207.4074141056337
2132,62,0,2,0,7,1247.393646622312
2133,62,1,1,1,6,1247.9298800891052
2134,63,1,0,0,5,1228.5468661194368
2135,63,0,0,0,5,1228.9984534210241
2136,63,0,0,0,5,1229.964326436897
2137,64,1,0,0,7,1211.2609775863205
2138,64,1,1,0,8,1212.2442432390992
2139,64,0,0,1,7,1213.1645557390991
2140,64,0,0,0,7,1214.0708057390991
2141,66,2,0,0,10,1178.0065388985204
2142,67,1,0,0,11,1161.500471153766
2143,66,0,1,0,11,1180.2612483564574
2144,65,0,1,0,9,1199.4407862787498
2145,65,0,0,0,8,1201.5000170479805
2146,65,0,0,0,8,1202.7823247402882
2147,68,3,0,0,13,1150.3706045311576
2148,68,0,0,1,13,1151.3985457076283
2149,68,0,0,0,13,1152.5323692370398
2150,68,0,0,0,12,1153.8250162958634
2151,68,0,0,0,12,1154.5411927664518
2152,66,1,3,1,14,1190.4819669685803
2153,66,0,0,0,8,1190.9865124231255
2154,66,0,0,0,8,1192.0410578776712
2155,66,0,0,1,9,1193.2925730291863
2156,66,0,0,0,9,1193.8183306049436
2157,65,0,1,0,9,1213.5278068777052
2158,65,0,0,1,8,1215.0654991853974
2159,65,0,0,0,8,1216.1801145700126
2160,66,1,0,1,9,1198.6008704098608
2161,66,0,0,0,9,1199.8114764704671
2162,66,0,0,2,7,1201.0478401068306
2163,66,0,0,1,7,1202.0539007128912
2164,66,1,1,1,9,1202.9634748546498
2165,66,0,0,0,7,1204.302868794044
2166,66,0,0,0,7,1205.4589294001044
2167,66,0,0,0,7,1206.7286263698013
2168,66,0,0,0,8,1207.7362021273768
2169,65,0,1,0,8,1227.394010199749
2170,65,0,0,0,7,1228.188625584364
2171,66,1,0,0,8,1210.594100954298
2172,65,0,1,0,8,1230.344212844848
2173,65,0,0,0,6,1231.3757513063863
2174,65,0,0,0,6,1232.6319051525404
2175,65,0,0,0,6,1233.7449820756171
2176,66,1,0,0,7,1216.0238459835623
2177,66,0,0,1,7,1216.8071793168956
2178,66,0,0,0,7,1218.164755074471
2179,66,0,0,0,7,1218.914755074471
2180,66,0,0,0,7,1220.414755074471
2181,65,0,1,2,7,1240.2453592614588
2182,64,0,1,0,6,1260.904836993984
2183,64,0,0,0,5,1261.806399493984
2184,63,1,2,0,6,1282.4799000268238
2185,63,0,0,0,4,1283.9711698680935
2186,64,1,0,0,6,1264.6614640889045
2187,64,0,0,0,6,1265.7317765889045
2188,64,0,0,1,6,1266.7974015889044
2189,65,1,0,0,7,1247.7928261798443
2190,65,1,1,1,8,1248.738594693775
2191,65,0,0,0,6,1250.145517770698
2192,65,0,0,0,6,1251.2324408476209
2193,65,0,0,0,6,1252.4639793091594
2194,65,0,0,0,6,1253.5001331553133
2195,63,0,2,0,6,1294.3567321620746
2196,63,0,0,0,4,1296.057525812868
2197,62,0,1,0,4,1317.965747887894
2198,62,0,0,1,3,1319.0221995007971
2199,62,0,0,0,3,1320.3786511137002
2200,62,0,0,0,3,1321.5931672427325
2201,62,0,0,0,3,1322.5189736943453
2202,63,1,0,0,4,1302.2424820484032
2203,63,0,0,1,4,1303.4162915722127
2204,63,0,0,0,4,1304.5726407785617
2205,63,0,0,0,4,1305.7972439531648
2206,62,0,1,1,4,1328.0769109992527
2207,62,0,0,0,3,1328.8720722895753
2208,63,1,0,0,4,1308.4439441579946
2209,63,0,0,1,4,1309.547912411963
2210,65,2,0,0,6,1270.1856689531332
2211,65,0,0,0,6,1271.1695151069794
2212,65,0,0,0,6,1272.0595151069792
2213,65,0,0,0,6,1272.8802843377484
2214,66,1,0,0,7,1254.4237648780854
2215,68,2,0,1,9,1217.943654146377
2216,68,0,0,0,9,1218.5671835581416
2217,69,1,0,2,10,1201.61258669498
2218,69,0,0,0,10,1202.930702637009
2219,69,0,0,0,10,1203.9908475645452
2220,69,1,1,1,10,1204.8059359928263
2221,66,0,3,0,9,1260.714864637161
2222,67,1,0,0,8,1242.8206129261587
2223,67,0,0,0,8,1244.1318069560093
2224,66,0,1,0,8,1264.4078731602604
2225,66,0,0,0,7,1265.506358008745
2226,66,0,0,1,7,1266.5745398269266
2227,66,0,0,0,7,1267.947267099654
2228,66,0,0,0,7,1269.000297402684
2229,66,0,0,0,7,1270.0184792208659
2230,66,1,1,1,9,1270.6840235281309
2231,66,0,0,0,8,1271.8870538311612
2232,66,0,0,0,8,1273.2703871644947
2233,67,1,0,0,9,1255.5006798933828
2234,67,1,1,1,10,1255.904298688465
2235,67,0,0,0,8,1256.8080300317483
2236,66,0,1,0,8,1276.599643243064
2237,66,0,0,0,7,1277.8617644551853
2238,66,0,0,0,7,1278.808734152155
2239,65,0,1,1,7,1299.909275037111
2240,64,0,1,0,6,1321.1946219212844
2241,64,0,0,1,6,1322.0899344212844
2242,64,0,0,0,6,1323.4461844212842
2243,64,0,0,1,6,1324.5930594212841
2244,65,1,0,0,8,1305.2931661994182
2245,65,0,0,0,8,1306.3554738917258
2246,65,0,0,1,9,1307.7439354301873
2247,66,1,0,0,10,1288.40614852973
2248,65,0,1,0,10,1308.9241223583008
2249,65,0,0,0,9,1310.3864300506082
2250,65,0,0,0,9,1311.5748915890697
2251,65,0,0,0,9,1312.732583896762
2252,65,0,0,0,9,1313.845660819839
2253,65,0,0,0,9,1315.1310454352233
2254,65,0,0,0,9,1316.0718146659926
2255,65,0,0,0,9,1317.2587377429156
2256,64,0,1,0,9,1338.5709401123222
2257,63,0,1,0,7,1360.9753745471994
2258,64,1,0,1,7,1340.7859155698995
2259,65,1,0,0,8,1320.9507476380547
2260,65,1,1,0,9,1321.8052430246119
2261,65,0,0,1,9,1323.009089178458
2262,65,0,0,1,8,1324.125243024612
2263,66,1,0,0,9,1304.6937999484815
2264,66,0,0,0,9,1305.9013757060568
2265,66,0,0,0,9,1306.6953150999964
2266,65,0,1,1,9,1327.985724356678
2267,65,0,0,0,8,1329.249570510524
2268,64,0,1,0,8,1351.2679540433517
2269,66,2,0,0,9,1311.0158948299168
2270,66,0,0,0,9,1312.0310463450683
2271,66,0,0,0,9,1313.2083190723408
2272,66,0,0,0,9,1314.6477130117346
2273,66,0,0,0,9,1315.8234705874922
2274,65,0,1,0,9,1337.5833266773893
2275,65,0,0,0,8,1338.3810189850815
2276,65,0,0,1,8,1339.5725574466198
2277,64,0,1,0,8,1361.5365630416795
2278,64,1,1,1,9,1362.537556482016
2279,65,1,0,1,8,1342.5769786899848
2280,66,1,0,0,9,1323.2220244674095
2281,66,0,0,0,9,1324.62808507347
2282,67,1,0,0,10,1305.5470688783435
2283,67,0,0,0,10,1307.2582629081942
2284,68,1,0,0,11,1289.1537296301324
2285,68,0,0,1,11,1290.187553159544
2286,68,0,0,0,11,1291.2552002183675
2287,68,0,0,0,11,1292.4449061007203
2288,69,1,0,0,13,1274.6355596354924
2289,69,0,0,0,14,1275.8044002152026
2290,68,0,1,0,13,1295.427465626546
2291,67,0,1,0,12,1315.413881929861
2292,66,0,1,0,10,1336.5430443428368
2293,65,0,1,0,9,1358.4028720754532
2294,65,0,0,0,7,1359.6544105369915
2295,66,1,0,0,8,1339.9543437106734
2296,66,0,0,0,8,1340.9119194682492
2297,66,0,0,1,7,1342.0649497712793
2298,66,0,0,0,7,1342.9588891652188
2299,66,0,0,0,7,1343.872525528855
2300,66,0,0,0,7,1345.1876770440065
2301,66,0,0,2,7,1346.2891921955215
2302,66,0,0,0,7,1347.6119194682487
2303,66,0,0,0,7,1348.7725255288549
2304,66,0,0,0,7,1349.7770709834
2305,66,0,0,1,7,1350.717980074309
2306,65,0,1,1,7,1372.6826140759736
2307,65,0,0,0,6,1373.3987679221273
2308,65,0,0,0,6,1374.334921768281
2309,65,1,1,0,7,1374.9958660928128
2310,65,0,0,0,6,1376.5597122466588
2311,65,0,0,0,6,1377.7604814774281
2312,65,0,0,0,6,1379.0550968620435
2313,65,0,0,0,6,1380.414327631274
2314,65,0,0,1,6,1381.475096862043
2315,65,0,0,0,6,1382.1235584005046
2316,64,0,1,0,6,1404.8519497840734
2317,65,1,0,0,6,1384.4603813258568
2318,66,1,0,0,7,1364.4132543360713
2319,66,0,0,1,6,1365.4102240330408
2320,66,0,0,1,5,1366.2587088815255
2321,66,0,0,1,6,1367.1465876694042
2322,66,0,0,0,6,1368.2693149421314
2323,66,0,0,0,6,1369.5193149421314
2324,65,0,1,1,6,1391.9828329949237
2325,65,0,0,0,5,1392.8712945333853
2326,64,0,1,0,5,1415.5296373956517
2327,64,0,0,0,5,1416.8358873956515
2328,64,0,0,0,5,1418.0765123956514
2329,64,0,0,0,5,1419.0452623956514
2330,64,0,0,0,5,1420.5515123956513
2331,64,1,1,0,6,1421.8260060995317
2332,64,0,0,0,5,1423.1697560995317
2333,64,0,0,1,4,1424.2181935995316
2334,65,1,0,1,5,1403.260990621077
2335,66,1,0,0,6,1383.129005914697
2336,66,0,0,1,6,1384.7835513692426
2337,66,0,0,0,6,1386.0865816722726
2338,67,1,0,0,8,1366.1434983637312
2339,67,0,0,0,8,1367.2367819458207
2340,67,0,0,0,8,1368.4748416473133
2341,66,0,1,0,8,1390.6669154536644
2342,66,1,1,0,9,1391.5007182119189
2343,67,1,0,0,9,1371.6395134624875
2344,67,0,0,0,8,1372.92981196995
2345,67,0,0,0,8,1373.9917522684575
2346,67,0,0,1,9,1375.3044388356213
2347,68,1,0,0,10,1355.9154029703916
2348,68,0,0,0,9,1357.0404029703914
2349,68,0,0,1,10,1357.983050029215
2350,68,0,0,1,9,1359.768344146862
2351,68,0,0,1,9,1360.9315794409795
2352,67,0,1,0,10,1382.370629057473
2353,67,0,0,1,8,1383.5042111470252
2354,67,0,0,0,8,1384.781076818667
2355,67,0,0,1,6,1386.2221215947864
2356,67,0,0,0,6,1387.1721215947862
2357,67,0,0,0,6,1388.1400320425473
2358,67,0,0,0,7,1389.1810768186667
2359,67,0,0,0,6,1390.4877932365769
2360,67,0,0,2,7,1391.569136520159
2361,68,1,0,1,9,1371.8070903948626
2362,67,0,1,1,9,1393.7530552989963
2363,69,2,0,1,9,1354.0507928265615
2364,70,1,0,0,10,1335.7407815004676
2365,71,1,0,0,11,1317.8345733103201
2366,72,1,0,1,12,1300.6445097921212
2367,72,0,0,0,12,1301.622287569899
2368,72,0,0,0,12,1302.87089868101
2369,72,0,0,0,12,1304.2625653476764
2370,71,0,1,0,12,1323.8639684038294
2371,71,0,0,0,11,1325.0717148827025
2372,71,0,0,1,11,1325.8794613615757
2373,70,0,1,0,11,1346.0173817167586
2374,70,0,0,2,10,1347.1473817167587
2375,72,2,0,0,14,1310.7474544468487
2376,72,0,0,0,14,1311.8460655579597
2377,72,0,0,0,14,1312.9460655579596
2378,71,0,1,0,14,1332.4423929783745
2379,70,0,1,0,12,1352.7031055180544
2380,69,0,1,0,11,1373.6739402790583
2381,70,2,1,0,11,1355.0338826606467
2382,70,0,0,0,11,1356.1095969463609
2383,70,0,0,0,10,1357.0395969463607
2384,70,0,0,0,10,1358.7781683749322
2385,70,0,0,1,11,1359.4310255177893
2386,71,2,1,0,13,1341.0116572108664
2387,70,0,1,0,13,1361.0056124273917
2388,69,0,1,0,12,1381.9312088942752
2389,69,0,0,1,9,1382.9638175899272
2390,69,0,0,0,9,1383.794977010217
2391,69,0,0,0,9,1385.3029480247096
2392,69,0,0,0,9,1386.4399045464486
2393,69,0,0,0,9,1387.482658169637
2394,69,0,0,0,9,1388.7254117928255
2395,69,0,0,2,8,1390.1855567203615
2396,69,0,0,0,8,1391.2645422276078
2397,69,0,0,1,8,1392.1768610681875
2398,69,0,0,0,8,1393.3529480247091
2399,68,0,1,0,8,1414.9775262177575
2400,68,0,0,0,7,1415.6481144530514
2401,68,0,0,0,7,1416.9701732765807
2402,68,0,0,0,7,1417.9892909236396
2403,67,0,1,0,7,1440.0734909018645
2404,67,0,0,0,6,1441.3652819466406
2405,67,0,0,0,6,1442.8749834391779
2406,67,0,0,0,6,1443.6100580660434
2407,68,1,0,2,7,1423.3121160356604
2408,68,0,0,1,7,1424.3444689768367
2409,69,1,0,0,8,1404.8090418902157
2410,68,0,1,1,8,1426.453336261695
2411,68,0,0,0,7,1427.563630379342
2412,68,0,0,0,7,1428.8518656734598
2413,68,0,0,0,7,1429.8092186146362
2414,68,0,0,0,7,1430.373924496989
2415,67,0,1,1,7,1452.667416224443
2416,67,0,0,0,6,1454.0099535378758
2417,67,0,0,0,6,1455.309207269219
2418,67,0,0,2,6,1456.5995057766818
2419,67,0,0,0,6,1457.6942818960845
2420,67,0,0,0,6,1459.2129386125025
2421,67,0,0,0,6,1460.5256251796666
2422,66,0,1,0,6,1483.719529519671
2423,66,0,0,0,5,1484.6816507317922
2424,66,0,0,1,4,1485.7786204287618
2425,66,0,0,0,4,1486.992256792398
2426,66,0,0,0,4,1488.0422567923981
2427,67,1,0,0,5,1466.2550589298248
2428,67,1,1,0,6,1467.3924779322801
2429,67,0,0,0,5,1468.4678510666083
2430,68,1,0,0,6,1447.7146473744524
2431,68,0,0,1,5,1448.5146473744521
2432,70,2,0,0,7,1408.4870860208964
2433,70,0,0,0,7,1409.2499431637534
2434,69,0,1,0,7,1430.7666514059815
2435,69,0,0,0,6,1431.5905644494596
2436,69,0,0,0,6,1432.742013724822
2437,69,0,0,0,6,1433.555781840764
2438,69,0,0,0,6,1434.7072311161262
2439,67,0,2,1,5,1478.4805118569718
2440,67,0,0,1,4,1479.4976760360762
2441,66,0,1,1,4,1503.078255617974
2442,66,0,0,0,3,1504.2131041028224
2443,65,0,1,0,3,1528.0559030252903
2444,65,0,0,0,2,1529.1735953329826
2445,65,0,0,0,2,1530.2435953329825
2446,65,0,0,0,2,1530.8659030252902
2447,64,0,1,1,2,1556.0707105924998
2448,64,0,0,1,1,1557.0707105924998
2449,65,1,0,0,3,1533.6003919679997
2450,66,1,0,0,4,1511.349628453333
2451,66,0,0,0,4,1512.5693254230298
2452,66,0,0,0,4,1513.8693254230297
2453,66,0,0,0,4,1514.802658756363
2454,66,0,0,0,4,1515.614779968484
2455,66,0,0,0,4,1517.0011436048478
2456,66,0,0,0,3,1518.4678102715143
2457,66,0,0,1,3,1519.1708405745444
2458,66,0,0,0,3,1520.3662951199988
2459,66,0,0,0,4,1521.4799314836353
2460,65,0,1,0,4,1546.205258671951
2461,65,0,0,0,2,1547.6137202104123
2462,65,0,0,0,2,1548.4714125181047
2463,65,0,0,0,2,1549.5721817488738
2464,65,0,0,1,2,1550.952950979643
2465,65,0,0,1,2,1552.0552586719505
2466,66,1,0,0,3,1529.5248759647995
2467,65,0,1,0,3,1553.853812262226
2468,67,2,0,0,4,1508.2066835379803
2469,67,0,0,1,4,1509.4163850305176
2470,67,0,0,0,4,1510.3275790603682
2471,67,0,0,0,4,1511.3910118961892
2472,67,0,0,0,4,1512.1171312991742
2473,67,0,0,0,4,1513.2104148812634
2474,67,1,1,2,7,1514.0792523223083
2475,68,1,0,0,7,1492.6685280234506
2476,67,0,1,0,7,1515.5569615211064
2477,67,0,0,0,6,1516.6218868942408
2478,68,1,0,0,7,1495.1399473810902
2479,68,0,0,1,8,1496.1311238516782
2480,68,0,0,0,8,1496.979653263443
2481,68,0,0,1,8,1498.270829734031
2482,67,0,1,0,8,1521.8914021959151
2483,69,2,0,0,9,1478.5228108279175
2484,68,0,1,0,9,1501.5804647926018
2485,68,0,0,0,9,1502.6569353808368
2486,69,1,0,1,11,1482.0995884912595
2487,68,0,1,1,11,1505.0724314072434
2488,69,1,0,0,11,1484.1844251549642
2489,68,0,1,0,11,1507.3042113057584
2490,68,0,0,0,9,1508.4336230704641
2491,68,0,0,0,9,1509.5262701292875
2492,68,0,0,0,9,1510.9247995410524
2493,68,0,0,0,9,1511.583623070464
2494,68,0,0,0,9,1512.9424465998757
2495,67,0,1,0,9,1536.6038291275718
2496,66,0,1,0,7,1560.9693526543977
2497,66,0,0,0,6,1561.9178375028825
2498,66,0,0,0,6,1563.631473866519
2499,66,0,0,0,6,1564.8132920483367
2500,66,0,0,0,6,1565.6254132604581
2501,65,0,1,0,6,1590.6025334188337
2502,65,0,0,0,5,1592.187918034218
2503,65,0,0,0,5,1593.471764188064
2504,67,2,0,0,7,1546.5972339137934
2505,67,0,0,0,7,1547.8338010779726
2506,68,1,0,0,8,1525.969333415061
2507,69,1,0,0,9,1504.501661916292
2508,69,0,0,1,9,1505.6820966989005
2509,69,1,1,1,10,1506.6174784054174
2510,69,0,0,0,9,1507.4863189851271
2511,70,1,0,0,10,1486.9500858567683
2512,70,0,0,0,10,1488.0400858567682
2513,68,0,2,0,10,1532.841485405725
2514,68,0,0,0,8,1534.0988383469014
2515,68,0,0,0,8,1535.4282501116072
2516,68,0,0,1,8,1536.6782501116072
2517,67,0,1,0,8,1561.1866827139747
2518,67,0,0,0,7,1562.5456379378552
2519,67,0,0,0,7,1563.7344439080043
2520,68,1,0,0,9,1541.7155550270043
2521,67,0,1,1,9,1565.9103926024004
2522,67,0,0,0,8,1566.9394970800124
2523,66,1,2,1,11,1591.3899047362108
2524,67,1,0,0,8,1568.2840852625359
2525,67,0,0,1,7,1569.2460255610433
2526,67,1,1,0,8,1570.2704531230881
2527,68,1,0,0,7,1548.0922111653956
2528,68,0,0,0,7,1549.5157405771602
2529,68,0,0,1,8,1550.2936817536306
2530,68,0,0,0,8,1551.2775052830423
2531,67,0,1,0,8,1575.8941819443592
2532,67,0,0,1,7,1577.075525227941
2533,67,0,0,0,7,1578.5777640339109
2534,65,0,2,0,7,1628.2695576515343
2535,65,0,0,0,5,1629.311865343842
2536,65,1,1,0,6,1630.5161775026872
2537,65,0,0,0,5,1631.5292544257643
2538,65,0,0,0,5,1632.8607928873025
2539,65,0,0,0,6,1634.3000236565333
2540,65,0,0,1,6,1635.3669467334564
2541,64,0,1,0,6,1661.783476401471
2542,64,0,0,0,4,1663.166288901471
2543,65,1,0,0,5,1638.580653687602
2544,65,0,0,0,5,1639.8875767645252
2545,65,0,0,0,5,1640.9329613799096
2546,65,0,0,0,5,1642.0291152260634
2547,67,2,0,1,7,1593.700634174539
2548,67,0,0,0,7,1594.6163058163297
2549,66,0,1,0,7,1619.906961632544
2550,66,0,0,1,6,1621.088779814362
2551,67,1,0,0,7,1597.8098428022072
2552,67,0,0,0,7,1598.9702905634012
2553,67,0,0,0,7,1600.014320414147
2554,66,0,1,0,7,1624.9658469608078
2555,65,0,1,0,6,1650.9963267220432
2556,64,0,1,0,5,1678.1463142249445
2557,64,0,0,1,4,1679.2525642249445
2558,65,1,0,0,5,1654.2640632368682
2559,65,0,0,0,5,1655.8017555445606
2560,66,1,0,0,6,1631.3509713696428
2561,67,1,0,0,7,1608.1382703044242
2562,67,0,0,0,7,1609.3076732894988
2563,67,0,0,2,6,1610.4845389611405
2564,68,1,0,0,7,1587.304619270535
2565,68,0,0,0,7,1588.4369722117117
2566,69,1,0,0,8,1566.1958566724113
2567,67,0,2,0,8,1613.553205511594
2568,67,0,0,0,6,1614.4823099892058
2569,67,0,0,0,6,1615.7591756608474
2570,67,0,0,0,6,1616.94947416831
2571,67,0,0,0,6,1617.7845487951756
2572,67,0,0,1,7,1619.112160735474
2573,67,1,1,0,8,1619.9987130902787
2574,66,0,1,0,7,1645.5980836797526
2575,66,0,0,0,6,1646.8405079221766
2576,66,0,0,2,7,1647.966265497934
2577,66,0,0,0,7,1649.4783867100552
2578,65,0,1,0,7,1676.120263214533
2579,66,1,0,0,7,1651.3873804385548
2580,66,0,0,0,7,1652.6040471052215
2581,66,1,1,0,8,1653.1318870482457
2582,66,0,0,0,7,1654.3924931088516
2583,67,1,0,0,8,1630.5687245549882
2584,67,0,0,2,8,1631.7784260475253
2585,67,0,0,1,8,1632.4806648534952
2586,67,0,0,1,8,1633.560515599764
2587,67,0,0,0,8,1634.5732021669278
2588,68,1,0,0,9,1611.3758021350611
2589,69,1,0,0,10,1589.1457180461473
2590,68,0,1,0,10,1613.592086202244
2591,68,0,0,0,9,1614.8656156140087
2592,70,2,0,0,12,1569.3951694536083
2593,71,1,0,0,13,1548.4248149542616
2594,71,0,0,0,13,1549.891716362712
2595,70,0,1,0,12,1573.201612507549
2596,71,1,0,0,13,1551.8072235989919
2597,71,0,0,0,13,1552.8572235989918
2598,71,0,0,0,13,1554.04666021871
2599,70,0,1,0,13,1577.2003337441135
2600,69,0,1,0,11,1601.2995169747455
2601,70,1,0,0,11,1579.3730953036777
2602,70,1,1,0,12,1579.9154355875114
2603,71,1,0,1,13,1558.65183790318
2604,71,0,0,0,14,1560.0300069172647
2605,71,1,1,0,16,1561.0901415140243
2606,71,0,0,0,14,1562.2654936267004
2607,70,0,1,0,14,1585.6345792317238
2608,70,0,0,0,13,1586.6074363745809
2609,70,0,0,0,13,1587.8231506602951
2610,69,0,1,0,13,1612.085984248228
2611,68,0,1,0,11,1636.818818847165
2612,68,0,0,0,10,1638.043818847165
2613,69,1,0,1,13,1615.221444660974
2614,69,0,0,0,13,1616.3192707479304
2615,69,0,0,0,13,1617.082314226191
2616,68,0,1,0,13,1641.9139333685393
2617,68,0,0,0,11,1643.088933368539
2618,66,0,2,1,11,1694.274753364904
2619,66,0,0,0,9,1695.6929351830856
2620,66,0,0,0,9,1697.056571546722
2621,67,1,0,0,10,1672.7288615236364
2622,67,0,0,0,10,1673.777368986323
2623,67,0,0,0,10,1674.7542346579646
2624,67,1,1,1,11,1675.2841190396875
2625,67,0,0,0,10,1676.2714324725232
2626,66,0,1,1,10,1702.7479225063107
2627,67,1,0,0,10,1678.0412370957686
2628,66,0,1,1,10,1704.615772596317
2629,67,1,0,0,10,1679.8573282292077
2630,66,0,1,0,10,1706.0715257613276
2631,64,0,2,0,9,1760.8204550428302
2632,64,0,0,0,7,1761.9298300428302
2633,64,0,0,0,7,1763.10639254283
2634,64,0,0,0,7,1764.43295504283
2635,63,0,1,0,7,1793.1115462736075
2636,62,0,1,3,5,1823.2432113554507
2637,63,1,0,0,6,1794.5964937148876
2638,63,0,0,0,6,1795.8560175244113
2639,62,0,1,0,6,1826.1893740218306
2640,62,0,0,0,5,1827.086148215379
2641,62,0,0,0,5,1828.1442127315079
2642,62,0,0,0,5,1829.4038901508625
2643,62,0,0,0,5,1830.2619546669914
2644,63,1,0,0,6,1802.3768442754517
2645,63,0,0,0,6,1803.7776379262455
2646,63,0,0,0,6,1804.653034751642
2647,63,0,0,1,6,1805.703034751642
2648,63,0,0,1,6,1806.9244633230703
2649,64,1,0,0,7,1779.9451748336473
2650,64,0,0,0,7,1781.193612333647
2651,64,0,0,1,6,1781.8045498336471
2652,64,0,0,0,6,1783.313924833647
2653,65,1,0,0,7,1756.5829413746676
2654,65,0,0,0,7,1757.988325990052
2655,65,0,0,0,7,1759.3167875285135
2656,65,0,0,0,7,1760.1498644515902
2657,64,0,1,0,7,1789.0141644823884
2658,64,0,0,0,6,1790.6172894823883
2659,64,0,0,0,6,1791.7969769823883
2660,64,0,0,0,6,1793.007914482388
2661,64,0,0,1,6,1793.996976982388
2662,64,0,0,1,6,1794.881351982388
2663,64,0,0,0,6,1796.2032269823878
2664,64,0,0,1,5,1797.5610394823877
2665,64,0,0,0,5,1798.5485394823875
2666,64,0,0,0,5,1799.5891644823873
2667,64,1,1,0,6,1800.4696758839304
2668,64,0,0,0,5,1801.7009258839303
2669,64,0,0,0,5,1802.9462383839302
2670,65,1,0,1,6,1775.8609116395617
2671,65,0,0,1,6,1777.2862962549464
2672,65,0,0,0,6,1778.2532193318693
2673,65,0,0,1,6,1779.2709116395615
2674,65,0,0,0,6,1780.2747577934076
2675,64,0,1,0,6,1809.2614517742363
2676,65,1,0,0,6,1782.5589679007865
2677,65,0,0,0,6,1783.8658909777093
2678,63,0,2,0,6,1841.5537111396757
2679,63,0,0,0,4,1842.9783143142788
2680,63,0,0,1,4,1843.950536536501
2681,63,0,0,0,4,1844.9306952666595
2682,63,0,0,1,4,1845.9981555841198
2683,63,0,0,0,4,1847.1068857428497
2684,63,0,0,1,4,1848.253711139675
2685,63,0,0,0,4,1849.4957746317384
2686,63,0,0,1,4,1850.7521238380873
2687,63,0,0,0,4,1851.721171457135
2688,63,0,0,0,4,1852.829901615865
2689,63,0,0,0,4,1853.643393679357
2690,64,1,0,0,5,1825.4481844031168
2691,64,0,0,0,5,1826.6044344031168
2692,63,0,1,0,5,1856.9127943661856
2693,63,0,0,1,4,1858.2866038899951
2694,63,0,0,1,4,1859.268349921741
2695,63,0,0,0,4,1860.4802546836456
2696,64,1,0,0,5,1832.3500944542136
2697,64,0,0,1,5,1833.6516569542134
2698,63,0,1,1,4,1864.4472206159064
2699,63,0,0,1,3,1865.7559507746364
2700,63,0,0,1,2,1866.85674442543
2701,63,0,0,0,2,1867.6575380762235
2702,63,1,1,0,3,1868.6288015479777
2703,63,0,0,0,2,1869.8359444051202
2704,63,0,0,0,2,1871.3875317067075
2705,63,0,0,1,2,1872.4724523416278
2706,63,0,0,0,2,1873.7399126590883
2707,62,0,1,0,2,1904.8566649470927
2708,62,0,0,0,1,1906.5163423664474
2709,62,0,0,0,1,1907.5373101083826
2710,63,1,0,0,2,1878.4462416939637
2711,65,2,0,1,5,1821.6009727187648
2712,65,0,0,0,5,1823.1894342572261
2713,65,0,0,0,5,1824.1563573341489
2714,65,0,0,0,5,1825.3171265649182
2715,65,0,0,0,5,1826.5778957956873
2716,65,0,0,0,5,1828.0048188726103
2717,67,2,0,0,7,1774.3128839808903
2718,66,0,1,0,7,1802.3450129909797
2719,66,0,0,0,6,1803.7495584455248
2720,65,0,1,1,6,1832.915052536435
2721,65,0,0,0,5,1833.9573602287428
2722,66,1,0,0,6,1806.9784608313375
2723,65,0,1,0,6,1836.0323235950477
2724,65,0,0,1,4,1837.2854005181246
2725,65,0,0,0,4,1838.296938979663
2726,65,0,0,0,4,1839.4607851335093
2727,65,0,0,0,4,1840.5123235950475
2728,65,0,0,0,4,1841.908477441201
2729,65,0,0,0,4,1843.1784774412008
2730,65,0,0,0,4,1844.2854005181239
2731,65,0,0,1,4,1845.666169748893
2732,65,0,0,1,4,1847.206938979662
2733,65,0,0,0,4,1848.6277082104311
2734,65,0,0,1,3,1849.683862056585
2735,65,0,0,0,3,1850.9092466719694
2736,65,0,0,0,3,1852.214631287354
2737,65,0,0,0,3,1853.3738620565846
2738,65,0,0,0,3,1854.4007851335077
2739,65,0,0,0,3,1855.849246671969
2740,65,0,0,1,3,1857.0300159027381
2741,65,0,0,0,3,1858.0369389796613
2742,65,0,0,0,3,1859.1115543642763
2743,65,0,0,0,3,1860.3784774411993
2744,65,0,0,0,3,1862.03770821043
2745,65,0,0,0,3,1863.2092466719685
2746,65,0,0,0,3,1864.4607851335068
2747,65,0,0,0,3,1865.7846312873526
2748,65,0,0,0,3,1866.802323595045
2749,65,0,0,0,3,1868.0615543642755
2750,66,1,0,0,4,1840.4341065708772
2751,66,0,0,0,4,1841.6098641466347
2752,65,0,1,0,4,1871.2401663205908
2753,65,0,0,1,3,1872.194781705206
2754,65,0,0,0,3,1872.7832432436674
2755,66,1,0,0,4,1845.3660728914906
2756,66,0,0,0,4,1846.7175880430054
2757,66,0,0,0,4,1847.861527436945
2758,66,0,0,0,4,1848.752436527854
2759,67,1,0,0,5,1822.1725494154978
2760,68,1,0,0,6,1796.3501589829166
2761,68,0,0,1,6,1797.4295707476224
2762,68,0,0,0,6,1798.5281001593871
2763,70,2,0,1,8,1748.0601544405472
2764,70,0,0,1,8,1749.190154440547
2765,70,0,0,1,7,1750.7415830119755
2766,70,0,0,0,7,1752.0387258691183
2767,70,0,0,1,7,1753.1944401548326
2768,69,0,1,0,7,1779.4595827942776
2769,68,0,1,0,6,1806.5546373082602
2770,69,1,0,0,6,1781.0538454632128
2771,69,0,0,0,6,1781.8922512603142
2772,69,0,0,1,5,1783.0480483617632
2773,71,2,0,0,8,1733.78542728115
2774,71,0,0,0,8,1735.104441365657
2775,71,0,0,0,8,1736.0347230557977
2776,72,1,0,1,8,1712.7043796800226
2777,72,0,0,0,8,1713.6960463466892
2778,71,0,1,0,9,1739.0093567968436
2779,71,0,0,0,9,1740.0537229940267
2780,73,2,0,0,11,1693.4912922270669
2781,71,0,2,0,11,1742.356116561758
2782,71,0,0,0,9,1743.6413278293635
2783,71,0,0,0,9,1744.8772433223212
2784,71,0,0,0,9,1746.096257406828
2785,71,0,0,0,8,1747.9702010688
2786,70,0,1,0,8,1773.8121057615617
2787,70,0,0,2,7,1774.937820047276
2788,70,0,0,0,7,1776.0949629044187
2789,70,0,0,0,7,1777.4578200472758
2790,70,0,0,1,8,1778.88353433299
2791,70,0,0,0,7,1780.0649629044185
2792,72,2,0,0,9,1731.3423250459623
2793,72,0,0,0,10,1732.5242694904066
2794,72,0,0,0,10,1733.479825045962
2795,72,0,0,0,10,1734.9951028237397
2796,72,0,0,0,10,1735.8131583792951
2797,73,1,0,1,11,1713.11160826451
2798,73,0,0,0,11,1714.3054438809484
2799,73,0,0,0,11,1715.0444849768385
2800,73,0,0,1,12,1715.7711973056055
2801,72,0,1,0,12,1740.9299731666947
2802,71,1,2,0,12,1766.3204921595857
2803,71,0,0,0,9,1767.6451400469095
2804,72,1,0,1,10,1744.0132631018134
2805,72,0,0,0,10,1745.2993742129245
2806,72,0,0,0,10,1746.4993742129243
2807,71,0,1,0,10,1772.2019548052715
2808,71,0,0,0,9,1773.1167435376656
2809,71,0,0,0,9,1773.9892787489332
2810,71,0,0,0,9,1775.182940720764
2811,72,1,0,0,10,1751.7060943218644
2812,72,0,0,0,11,1753.072760988531
2813,72,1,1,0,12,1754.0468371372167
2814,72,0,0,1,11,1755.3482260261055
2815,71,0,1,0,11,1781.4250936643548
2816,72,2,1,0,13,1757.2428289390634
2817,72,0,0,0,11,1758.623384494619
2818,72,0,0,0,12,1759.498384494619
2819,71,0,1,0,12,1786.0428579684224
2820,71,1,1,0,11,1786.9038501980472
2821,71,0,0,0,10,1787.3679347050893
2822,71,0,0,1,10,1788.4813149867794
2823,71,1,1,0,11,1789.219159140769
2824,71,0,0,1,9,1790.4156380140082
2825,71,0,0,0,8,1791.8783140703463
2826,70,0,1,0,8,1818.238575173204
2827,70,0,0,0,7,1819.005718030347
2828,71,2,1,0,10,1794.0069683337572
2829,70,1,2,0,10,1820.391245747359
2830,70,1,1,0,9,1820.7984005579117
2831,70,0,0,0,8,1821.944114843626
2832,70,0,0,0,8,1823.1641148436258
2833,69,0,1,0,8,1850.730368118416
2834,69,0,0,0,7,1852.1050057995753
2835,69,0,0,0,7,1852.89558550972
2836,69,0,0,0,7,1853.796310147401
2837,69,0,0,0,7,1854.655005799575
2838,69,0,0,1,8,1855.4528318865314
2839,69,0,0,0,8,1856.4984840604443
2840,68,0,1,0,8,1885.426995359101
2841,68,0,0,0,7,1886.3887600649832
2842,68,0,0,0,7,1887.5740541826303
2843,69,1,0,1,9,1861.175879484331
2844,69,0,0,0,8,1862.689647600273
2845,69,1,1,0,9,1863.6475283758848
2846,70,1,0,0,10,1837.7289922562295
2847,71,1,0,0,10,1812.5609782807894
2848,70,0,1,0,11,1839.2084390481525
2849,70,0,0,0,9,1840.3484390481524
2850,71,1,0,1,10,1815.5435314559247
2851,70,0,1,0,10,1842.8991678935834
2852,70,0,0,1,8,1843.8663107507261
2853,70,0,0,0,8,1844.709167893583
2854,70,0,0,0,8,1845.9177393221544
2855,70,0,0,0,8,1846.9691678935828
2856,70,0,0,0,8,1848.1748821792971
2857,71,1,0,1,9,1823.3555176415603
2858,71,0,0,1,9,1824.8632641204335
2859,71,0,0,0,9,1826.1949542612783
2860,71,0,0,0,9,1827.618193697898
2861,70,0,1,0,9,1855.2076424646768
2862,70,0,0,0,8,1856.1262138932482
2863,69,0,1,0,8,1884.564661633285
2864,69,0,0,0,7,1885.8320529376326
2865,69,0,0,0,7,1887.1284297492266
2866,68,0,1,0,7,1916.1133697432306
2867,68,0,0,0,6,1917.4486638608776
2868,69,1,0,0,7,1890.169697717966
2869,69,0,0,0,7,1891.8254948194153
2870,69,0,0,0,7,1892.9392629353572
2871,69,0,0,0,7,1894.2008571382557
2872,69,0,0,0,7,1895.4812919208644
2873,69,0,0,0,7,1896.5573788773859
2874,70,1,0,0,8,1870.5958448934232
2875,70,0,0,0,8,1872.0644163219945
2876,70,0,0,0,8,1873.5458448934228
2877,69,0,1,0,8,1902.4735818438712
2878,69,0,0,0,7,1903.5511180757553
2879,69,0,0,0,7,1904.664886191697
2880,69,0,0,0,7,1906.1757557569144
2881,69,0,0,0,7,1907.3924224235811
2882,69,0,0,0,7,1908.9047412641605
2883,69,0,0,0,7,1909.6460456119864
2884,69,0,0,0,7,1910.771407930827
2885,69,0,0,0,7,1912.2590890902472
2886,69,0,0,0,7,1913.4279296699574
2887,69,1,1,0,9,1914.1969021743027
2888,69,0,0,0,8,1915.2150181163317
2889,68,0,1,0,8,1944.3996383191925
2890,68,0,0,0,6,1945.8172853780159
2891,69,1,0,0,8,1918.9112377638417
2892,69,0,0,0,8,1920.1568899377544
2893,69,0,0,1,8,1921.263411676885
2894,69,0,0,0,8,1922.5670348652905
2895,68,0,1,0,8,1952.1964874213274
2896,68,0,0,0,7,1953.3656050683862
2897,68,0,0,0,7,1954.3670756566216
2898,68,0,0,0,7,1955.200899186033
2899,65,0,3,0,7,2046.5958374640165
2900,64,0,1,0,3,2079.9902805307884
2901,64,0,0,0,2,2081.3949680307883
2902,64,0,0,0,2,2082.666843030788
2903,64,0,0,1,2,2083.802780530788
2904,64,0,0,0,2,2084.904343030788
2905,64,0,0,1,2,2086.374655530788
2906,64,0,0,0,2,2087.6184055307876
2907,64,0,0,1,2,2088.4387180307876
2908,64,0,0,0,2,2089.5512180307874
2909,65,1,0,0,3,2058.4042762149293
2910,64,0,1,1,4,2091.4795622414927
2911,64,0,0,0,3,2092.3842497414926
2912,64,0,0,0,3,2093.3108122414924
2913,64,0,0,0,3,2094.2389372414923
2914,64,1,1,0,5,2095.0658483775474
2915,65,1,0,0,5,2064.095604556354
2916,65,0,0,0,5,2065.3671430178924
2917,65,0,0,0,5,2066.712527633277
2918,65,0,0,0,5,2067.4886814794304
2919,65,0,0,0,5,2068.704835325584
2920,65,0,0,0,5,2069.450219940969
2921,66,1,0,0,6,2039.342640850954
2922,67,1,0,1,7,2009.7509596442235
2923,67,0,0,0,7,2010.7800641218353
2924,67,0,0,0,7,2011.9927506889994
2925,67,0,0,1,7,2012.9606611367603
2926,67,0,0,0,7,2014.2002133755661
2927,67,0,0,0,7,2015.2114074054168
2928,67,1,1,1,8,2015.8771957667304
2929,67,0,0,0,6,2016.5391360652375
2930,67,0,0,1,7,2017.7309271100137
2931,67,1,1,0,8,2018.8313548265098
2932,67,0,0,0,7,2020.0992652742707
2933,68,1,0,0,8,1991.5353054908255
2934,68,0,0,0,8,1992.536776079061
2935,67,0,1,0,8,2023.606264944196
2936,68,1,0,0,8,1995.1495551656049
2937,68,0,0,0,8,1996.2686728126632
2938,68,0,0,1,8,1997.4995551656048
2939,70,2,0,0,10,1941.4738535894442
2940,71,1,0,0,11,1915.0911232571984
2941,71,0,0,0,11,1916.3073204402972
2942,71,0,0,0,11,1917.4404190318462
2943,71,0,0,0,11,1919.046757060015
2944,72,1,0,2,12,1893.4301354341815
2945,72,1,1,0,14,1894.7295037748056
2946,73,1,0,0,15,1869.8674557778904
2947,73,0,0,0,14,1870.9421133121368
2948,74,2,1,1,16,1846.0466445134016
2949,75,1,0,1,17,1822.744689253223
2950,75,0,0,0,17,1824.0773559198897
2951,75,0,0,0,17,1825.2793559198892
2952,75,0,0,0,17,1826.456022586556
2953,75,0,0,0,17,1827.5086892532227
2954,75,0,0,1,17,1828.6973559198893
2955,75,0,0,0,17,1829.9113559198893
2956,76,1,0,0,18,1806.9066012367325
2957,76,1,1,1,17,1807.946129729003
2958,76,1,1,1,16,1808.8081677858656
2959,76,0,0,0,14,1810.09895725955
2960,75,0,1,0,14,1835.396863413402
2961,75,0,0,0,13,1836.4081967467353
2962,75,0,0,0,13,1837.352863413402
2963,74,0,1,0,13,1862.967521547826
2964,73,1,2,0,14,1889.3885863633661
2965,73,0,0,0,12,1890.9016000619959
2966,72,0,1,0,12,1918.2846003906504
2967,72,0,0,0,10,1919.2609892795392
2968,72,0,0,0,10,1920.2498781684283
2969,71,0,1,0,10,1948.4604449804965
2970,70,0,1,0,9,1977.3567009679366
2971,69,0,1,0,8,2007.0596983521082
2972,69,0,0,0,7,2007.908249076746
2973,69,0,0,0,7,2009.1220171926877
2974,69,0,0,0,7,2009.8995534245716
2975,69,0,0,1,9,2010.919118641963
2976,69,0,0,0,9,2011.9517273376152
2977,69,0,0,0,9,2013.2031766129771
2978,69,1,1,0,10,2014.0835126272666
2979,70,1,0,0,10,1986.0401767325911
2980,72,2,0,0,12,1931.8376718233526
2981,71,0,1,0,12,1960.2570805209918
2982,71,0,0,1,11,1961.271869253386
2983,70,0,1,0,11,1990.5680947305482
2984,70,0,0,1,9,1991.7523804448338
2985,70,0,0,0,9,1992.7480947305482
2986,70,0,0,0,10,1994.0995233019764
2987,70,0,0,0,10,1995.4523804448338
2988,70,1,1,0,11,1996.0239464509712
2989,70,0,0,0,10,1997.4110893081142
2990,71,1,0,0,11,1970.1123415713798
2991,70,0,1,0,11,1999.3931179959131
2992,70,0,0,0,10,2000.4545465673416
2993,71,1,0,0,11,1973.3594121086464
2994,71,0,0,0,11,1974.6601163339985
2995,71,0,0,0,11,1975.6720881649842
2996,71,0,0,1,11,1976.8446233762518
2997,72,1,0,0,13,1950.6946980515813
2998,72,0,0,0,13,1951.6030313849146
2999,73,1,0,0,14,1925.8029898590942
3000,72,0,1,1,14,1953.8139834023568
3001,71,0,1,0,13,1982.5709297704636
3002,70,0,1,1,12,2012.1152881925161
3003,70,0,0,1,11,2013.5295739068013
3004,72,2,0,0,13,1958.869030187168
3005,72,0,0,0,13,1959.6690301871681
3006,72,0,0,0,13,1960.7954190760565
3007,71,0,1,0,13,1990.070057797363
3008,70,1,2,1,12,2019.2277866731897
3009,69,0,1,1,11,2049.853948648965
3010,70,1,0,1,11,2021.6053208111225
3011,70,0,0,0,11,2022.7710350968368
3012,70,0,0,0,11,2024.2953208111223
3013,71,1,0,0,12,1997.0869360109657
3014,70,0,1,0,12,2027.03092212533
3015,70,0,0,2,10,2028.0766364110443
3016,69,0,1,0,10,2058.5118994940954
3017,69,0,0,1,9,2060.1430589143856
3018,69,0,0,0,9,2061.355377754965
3019,69,0,0,0,9,2062.672044421631
3020,69,0,0,0,9,2064.0321893491678
3021,65,0,4,0,9,2191.9061446814735
3022,65,0,0,1,4,2193.240760066089
3023,65,0,0,0,4,2194.470760066089
3024,64,0,1,0,4,2229.8909216089783
3025,64,0,0,0,3,2231.248734108978
3026,64,0,0,0,3,2232.115921608978
3027,65,1,0,0,4,2198.8695228149936
3028,67,2,0,1,6,2133.896551984695
3029,68,1,0,0,7,2103.632632102567
3030,68,0,0,0,7,2104.916455631979
3031,68,0,0,0,7,2106.3370438672728
3032,67,0,1,0,7,2138.9736490826554
3033,67,0,0,0,6,2140.4997684856403
3034,67,0,0,0,6,2141.2915595304166
3035,67,0,0,0,6,2142.29976848564
3036,67,0,0,0,6,2143.3826043065355
3037,66,0,1,0,6,2176.5058541242124
3038,65,0,1,0,5,2211.6407925603335
3039,65,0,0,1,4,2212.5631002526407
3040,66,1,0,0,5,2180.050780551843
3041,66,0,0,0,5,2181.3841138851767
3042,67,1,0,0,6,2149.8007689018154
3043,67,1,1,0,7,2150.6197948214894
3044,67,0,0,0,6,2151.5175560155194
3045,67,0,0,0,6,2152.7093470602954
3046,67,1,1,0,7,2154.0859166671585
3047,66,0,1,1,6,2187.758919773355
3048,66,0,0,0,5,2188.955889470325
3049,66,0,0,1,5,2190.0892228036582
3050,66,0,0,0,5,2191.1877076521428
3051,68,2,0,0,7,2127.549833897668
3052,68,0,0,0,7,2128.614539780021
3053,68,0,0,0,7,2129.4792456623736
3054,68,0,0,0,7,2130.852775074138
3055,68,0,0,0,7,2132.479245662373
3056,68,0,0,1,7,2133.6086574270794
3057,69,1,0,1,8,2104.296937754223
3058,69,0,0,1,7,2105.3585319571216
3059,68,0,1,1,7,2137.434659525792
3060,69,1,0,1,7,2107.328360112375
3061,69,0,0,0,7,2109.079809387737
3062,68,0,1,0,7,2141.2345421702257
3063,68,0,0,0,6,2142.340424523167
3064,68,0,0,0,6,2143.3095421702255
3065,69,1,0,0,7,2113.5354908344248
3066,70,1,0,0,8,2084.2028409653617
3067,71,1,0,0,9,2056.2253361630324
3068,71,0,0,1,9,2057.36125165599
3069,70,0,1,0,9,2088.241607067679
3070,70,0,0,0,8,2089.521607067679
3071,70,0,0,0,8,2090.544464210536
3072,71,1,0,0,9,2062.235387249824
3073,71,0,0,0,9,2063.0529928836268
3074,72,1,0,0,10,2035.386284649132
3075,72,0,0,2,10,2036.5765624269095
3076,71,0,1,0,10,2066.5456422654747
3077,71,0,0,0,9,2067.908318321813
3078,71,0,0,0,9,2069.1569098711084
3079,71,0,0,0,9,2070.097050716179
3080,70,0,1,1,9,2101.1774440110858
3081,70,0,0,0,8,2102.501729725371
3082,70,0,0,0,8,2103.6831582967993
3083,68,0,2,1,7,2166.8970591725238
3084,68,0,0,1,6,2168.1926474078173
3085,67,0,1,0,6,2201.083045351302
3086,67,0,0,0,5,2202.185284157272
3087,66,0,1,1,6,2236.2224713650135
3088,66,0,0,0,5,2237.5118653044074
3089,66,0,0,0,5,2238.8542895468313
3090,66,0,0,0,5,2240.420956213498
3091,66,0,0,0,5,2241.616410758952
3092,66,0,0,1,5,2242.6209562134973
3093,66,0,0,0,5,2243.769441061982
3094,66,0,0,0,5,2244.7209562134976
3095,67,1,0,0,6,2211.747509105833
3096,67,1,1,0,8,2212.708948926563
3097,66,0,1,0,7,2247.410748274633
3098,66,0,0,0,6,2248.4107482746326
3099,67,1,0,0,7,2215.871781882474
3100,67,0,0,0,7,2217.442677404862
3101,67,0,0,0,7,2218.7702893451606
3102,66,0,1,0,7,2253.535106315314
3103,65,0,1,0,6,2289.5645646797857
3104,65,0,0,0,5,2290.4607185259392
3105,65,1,1,1,6,2291.6915476050463
3106,65,0,0,0,4,2292.864624528123
3107,65,0,0,0,5,2294.2761629896613
3108,65,0,0,0,5,2295.4800091435072
3109,65,0,0,1,5,2296.9469322204304
3110,65,0,0,0,5,2297.9800091435072
3111,65,0,0,1,5,2299.1346245281225
3112,65,0,0,0,5,2300.4369322204298
3113,64,0,1,0,5,2337.726954522797
3114,64,0,0,0,3,2338.8972670227968
3115,64,0,0,0,3,2339.828517022797
3116,63,0,1,0,3,2377.752541316924
3117,62,0,1,0,2,2417.3835360453463
3118,61,0,1,0,1,2457.7394792854416
3119,61,0,0,0,0,2459.156692400196
3120,61,0,0,0,0,2460.091938301835
3121,61,0,0,0,0,2461.809151416589
3122,61,0,0,0,0,2463.0296432198675
3123,62,1,0,0,1,2424.139648974385
3124,62,0,0,0,1,2425.234810264708
3125,62,0,0,0,1,2426.3348102647083
3126,62,0,0,0,1,2427.3993263937405
3127,62,0,0,1,1,2428.6041651034175
3128,62,0,0,1,1,2429.2928747808364
3129,62,0,0,0,1,2430.439648974385
3130,63,1,0,0,2,2392.886638673204
3131,63,0,0,0,2,2394.131876768442
3132,63,0,0,0,2,2395.146956133521
3133,63,0,0,0,2,2396.369972006537
3134,62,0,1,1,4,2436.184346267088
3135,62,0,0,0,3,2437.4020882025716
3136,62,0,0,0,3,2439.256926912249
3137,62,0,0,0,3,2440.445636589668
3138,63,1,0,0,4,2402.5385629930065
3139,64,1,0,0,5,2365.940304196241
3140,64,0,0,0,5,2367.2090541962407
3141,65,1,0,0,6,2331.8212225932216
3142,64,0,1,0,6,2369.516415263213
3143,64,0,0,1,4,2370.707040263213
3144,64,0,0,0,4,2371.8007902632125
3145,64,0,0,0,4,2373.6132902632125
3146,64,0,0,0,4,2375.1695402632126
3147,64,0,0,0,4,2376.317977763212
3148,63,0,1,0,4,2415.415107311145
3149,63,0,0,0,3,2417.12701207305
3150,63,0,0,0,3,2418.5500279460657
3151,63,0,0,1,3,2419.5381231841607
3152,63,0,0,1,3,2420.6992342952713
3153,64,1,0,2,4,2383.6344025094077
3154,63,0,1,0,4,2422.296297791116
3155,63,0,0,0,2,2423.578043822862
3156,63,0,0,0,2,2424.975662870481
3157,63,0,0,0,2,2425.770107314925
3158,63,0,0,1,2,2426.8232819181
3159,63,0,0,1,2,2427.828837473655
3160,63,0,0,0,2,2429.089948584766
3161,63,0,0,1,3,2430.7574089022264
3162,63,0,0,0,3,2431.9566152514326
3163,63,0,0,0,3,2433.0542342990516
3164,63,0,0,1,3,2434.191535886353
3165,63,0,0,0,3,2435.4193136641306
3166,63,0,0,0,3,2436.608996203813
3167,63,0,0,0,3,2437.9764565212736
3168,63,0,0,0,3,2439.035980330797
3169,63,0,0,0,3,2440.0415358863524
3170,62,0,1,0,3,2480.5941894767484
3171,63,1,0,0,2,2441.976821389816
3172,63,0,0,0,2,2443.1855515485463
3173,64,1,0,0,3,2405.6584335556
3174,64,0,0,0,3,2407.2912460556
3175,64,0,0,0,3,2408.8146835555995
3176,64,0,0,0,3,2409.8021835555996
3177,64,0,0,0,3,2410.9287460555993
3178,64,0,0,0,3,2412.2803085555993
3179,65,2,1,0,6,2376.0560718939746
3180,66,1,0,0,6,2341.0226465622472
3181,66,0,0,1,6,2342.0438586834593
3182,66,0,0,1,6,2343.377192016793
3183,67,1,0,0,8,2309.6148458672883
3184,67,0,0,0,9,2310.960368255348
3185,67,0,0,0,9,2312.3611145240047
3186,66,0,1,0,9,2348.811512247778
3187,64,0,2,0,7,2422.983548456807
3188,65,1,0,0,5,2386.179186172856
3189,65,0,0,0,5,2386.859955403625
3190,65,0,0,0,5,2388.3268784805477
3191,65,0,0,1,5,2389.6353400190096
3192,65,0,0,0,5,2390.9114938651633
3193,66,1,0,0,6,2355.8105621399336
3194,67,1,0,0,7,2321.5895089736655
3195,67,0,0,0,7,2322.487270167695
3196,67,0,0,0,7,2323.7999567348597
3197,67,0,0,1,6,2324.6410015109786
3198,68,1,0,1,7,2291.088192665229
3199,68,0,0,0,7,2292.252898547582
3200,66,0,2,0,7,2363.1846994759458
3201,66,0,0,0,5,2364.195305536552
3202,66,0,0,1,5,2365.165002506248
3203,66,0,0,1,5,2366.3392449304906
3204,67,1,0,0,6,2332.132689036006
3205,67,0,0,2,5,2333.155823364364
3206,67,0,0,0,5,2334.3013457524235
3207,67,0,0,0,5,2335.846868140483
3208,68,1,0,0,7,2302.760149491358
3209,68,0,0,0,7,2304.01897302077
3210,69,1,0,0,8,2271.6592777595993
3211,69,0,0,0,8,2273.1020313827876
3212,69,1,1,0,9,2273.8755814321426
3213,69,0,0,1,6,2274.7357263596787
3214,69,0,0,1,6,2275.8929727364903
3215,71,2,0,1,7,2212.519227025603
3216,71,1,1,1,7,2213.3564437313603
3217,71,0,0,0,6,2215.0078521820647
3218,72,1,0,0,7,2185.847326457313
3219,72,0,0,0,7,2187.1014931239797
3220,72,0,0,0,7,2188.320937568424
3221,72,0,0,1,7,2189.3264931239796
3222,72,0,0,1,6,2190.4070486795354
3223,72,0,0,0,6,2191.3862153462014
3224,73,1,0,1,6,2162.4809247250205
3225,73,0,0,0,6,2163.91585623187
3226,73,0,0,0,6,2165.083664451048
3227,72,0,1,2,6,2196.464032475829
3228,72,0,0,0,6,2197.6556991424955
3229,71,0,1,0,6,2229.743654457551
3230,72,1,0,0,6,2200.2062425900854
3231,73,1,0,0,7,2170.977389951865
3232,73,0,0,0,7,2172.7602666641938
3233,73,0,0,0,7,2173.8472529655633
3234,73,0,0,0,7,2175.0821844724123
3235,73,0,0,0,7,2176.055472143645
3236,73,0,0,0,7,2177.472595431316
3237,73,0,0,0,7,2178.691088582001
3238,74,1,0,0,8,2150.232425222785
3239,74,0,0,0,8,2151.563506303866
3240,73,0,1,1,8,2182.5501707628778
3241,72,0,1,0,7,2214.3003142733974
3242,72,0,0,1,6,2215.569758717842
3243,72,0,0,0,6,2216.6419809400636
3244,72,0,0,0,6,2217.893369828953
3245,72,0,0,0,6,2219.3586476067303
3246,72,0,0,0,6,2220.47114760673
3247,72,0,0,0,6,2221.93364760673
3248,72,0,0,0,6,2223.2892031622855
3249,72,0,0,0,6,2224.7892031622855
3250,71,0,1,2,5,2257.5882144810316
3251,71,0,0,1,3,2258.2537074387783
3252,71,0,0,0,3,2259.9501863120176
3253,72,1,0,0,4,2229.5862948354616
3254,71,0,1,0,4,2262.704351611796
3255,71,0,0,0,3,2263.8501262596837
3256,71,0,0,0,3,2265.1268868230636
3257,71,0,0,0,3,2266.3501262596833
3258,72,1,0,0,4,2235.732068950521
3259,72,0,0,0,4,2237.2362356171875
3260,71,0,1,0,4,2270.3099167134587
3261,71,0,0,0,3,2271.169775868388
3262,71,0,0,1,3,2272.4732969951483
3263,71,0,0,2,3,2273.7500575585286
3264,71,0,0,0,3,2274.9704800937398
3265,71,0,0,1,3,2276.145832206416
3266,71,0,0,0,3,2277.280339248669
3267,71,0,0,0,3,2278.312029389514
3268,71,0,0,0,3,2279.5831561500777
3269,71,0,0,0,3,2280.585268826134
3270,71,0,0,1,3,2281.8831561500774
3271,71,0,0,1,3,2283.60076178388
3272,71,0,0,1,3,2284.9944237557106
3273,71,0,0,0,3,2286.2754096712038
3274,71,0,0,0,3,2287.5268181219076
3275,72,1,0,0,4,2256.624362314659
3276,72,0,0,0,4,2257.874362314659
3277,71,0,1,1,4,2290.786500545473
3278,72,1,0,0,4,2260.00127137123
3279,73,1,0,1,6,2230.0697471058706
3280,73,0,0,0,6,2231.1224868318977
3281,73,0,0,0,6,2232.477966283953
3282,73,0,0,0,6,2233.6375553250487
3283,73,0,0,0,6,2234.6998840921715
3284,73,0,0,1,6,2236.0718019003907
3285,73,0,0,0,6,2237.3944046401166
3286,73,0,0,0,6,2238.4909799825823
3287,73,1,1,0,7,2239.7918871426605
3288,72,0,1,0,5,2272.0744475343395
3289,72,0,0,0,4,2273.1300030898947
3290,72,0,0,0,4,2274.2022253121168
3291,73,1,0,0,5,2244.2008249653754
3292,72,0,1,1,5,2276.676195856713
3293,72,0,0,0,4,2277.6789736344904
3294,73,1,0,1,5,2247.3998096121
3295,73,0,0,1,5,2248.236110981963
3296,74,1,0,0,7,2219.1700824551795
3297,74,0,0,0,7,2220.2281905632876
3298,74,0,0,0,7,2221.5998121849093
3299,74,0,0,1,7,2222.761974347071
3300,74,0,0,0,7,2224.149812184909
3301,74,0,0,0,7,2225.616028401125
3302,73,0,1,0,7,2257.6111514514505
3303,73,0,0,0,5,2258.903617204875
3304,73,0,0,0,5,2259.8837541911766
3305,73,1,1,0,6,2260.9826432251716
3306,73,0,0,0,5,2262.0600404854454
3307,72,0,1,0,5,2295.161761543563
3308,72,0,0,0,4,2296.5048170991186
3309,72,0,0,0,4,2297.9270393213405
3310,71,0,1,0,4,2331.2729805240315
3311,71,0,0,1,3,2332.134248129665
3312,70,0,1,3,2,2366.7659303824453
3313,71,1,0,0,3,2334.4283820671994
3314,72,1,0,0,4,2303.1453489829332
3315,72,0,0,0,4,2304.357848982933
3316,72,0,0,1,4,2305.618960094044
3317,72,0,0,0,4,2306.7495156495993
3318,72,0,0,0,4,2307.874515649599
3319,72,0,0,0,4,2308.9203489829324
3320,72,0,0,0,4,2310.04812676071
3321,72,0,0,2,4,2311.0578489829322
3322,72,0,0,0,4,2311.93562676071
3323,72,0,0,0,4,2312.8286823162653
3324,72,1,1,0,5,2313.9584853688643
3325,73,1,0,0,5,2283.220697898058
3326,73,0,0,0,5,2284.5035746103867
3327,75,2,0,0,8,2224.410812620776
3328,75,1,1,0,9,2225.545536125841
3329,75,0,0,0,9,2226.7675361258407
3330,76,1,0,0,9,2198.604147492606
3331,76,0,0,0,9,2199.796252755764
3332,77,1,0,0,11,2172.2820157069873
3333,76,0,1,0,11,2202.0750152444234
3334,74,0,2,0,10,2262.500362852918
3335,74,0,0,0,6,2263.9179304204854
3336,74,0,0,0,6,2265.0841466367015
3337,73,0,1,0,6,2297.232621365111
3338,73,0,0,0,5,2298.589470680179
3339,73,0,0,0,5,2300.0613884883983
3340,73,0,0,0,5,2301.3976898582614
3341,73,0,0,0,5,2302.6175528719596
3342,73,0,0,0,5,2303.7031693103154
3343,74,1,0,0,6,2273.6740724277433
3344,74,0,0,0,6,2274.5673156709868
3345,73,0,1,0,6,2306.9744830122786
3346,73,0,0,0,5,2307.8710583547445
3347,73,0,0,0,5,2309.3196884917306
3348,74,1,0,1,5,2278.6755035121123
3349,74,0,0,0,5,2279.870098106707
3350,74,0,0,0,5,2280.997125133734
3351,75,1,0,0,6,2251.2904967986174
3352,75,0,0,0,6,2252.7418301319503
3353,76,1,0,0,7,2224.3366744723194
3354,76,0,0,0,7,2225.6932534196876
3355,76,0,0,0,7,2227.0774639460033
3356,76,0,0,0,7,2228.1972007881086
3357,76,0,0,0,7,2229.9222007881085
3358,76,0,0,0,7,2230.81562184074
3359,78,2,0,1,9,2174.6524007679004
3360,78,0,0,1,8,2176.076759742259
3361,79,1,0,0,9,2149.574522277167
3362,79,0,0,0,9,2150.600471644256
3363,79,0,0,0,9,2151.9681931632426
3364,79,0,0,0,9,2153.3118640493185
3365,78,0,1,1,9,2182.0249942303367
3366,78,0,0,0,8,2182.9724301277724
3367,79,1,0,1,8,2156.279108227421
3368,79,0,0,1,8,2157.6455639236233
3369,79,0,0,1,7,2158.8006272147627
3370,79,0,0,0,7,2160.306323417294
3371,79,0,0,0,7,2161.4639183540025
3372,79,0,0,0,7,2162.7708803793194
3373,79,0,0,0,7,2163.7575892400782
3374,79,0,0,0,7,2165.005057594509
3375,80,1,0,0,8,2138.9768693745773
3376,79,0,1,3,8,2167.3071803461635
3377,79,0,0,0,7,2168.621737308188
3378,79,0,0,0,7,2169.86161072591
3379,79,0,0,0,7,2170.9786993335047
3380,80,1,0,0,8,2145.425840591836
3381,80,0,0,1,8,2146.6170905918357
3382,80,0,0,0,8,2147.8795905918355
3383,81,1,0,1,9,2122.7514474981094
3384,81,0,0,1,9,2123.9051512018127
3385,81,0,0,0,9,2124.9279907079854
3386,81,0,0,0,9,2126.2940400907014
3387,80,0,1,0,9,2154.104598103332
3388,81,1,0,0,10,2128.709479608229
3389,81,0,0,0,10,2129.796516645266
3390,82,1,0,0,11,2105.293510344714
3391,83,1,0,1,12,2080.7706969670667
3392,83,0,0,1,12,2081.7532270875486
3393,83,0,0,0,12,2083.0658776899577
3394,81,0,2,0,12,2135.700364550654
3395,81,0,0,1,10,2136.7219694889254
3396,80,0,1,1,10,2164.558323520013
3397,80,0,0,1,9,2166.092073520013
3398,80,0,0,0,9,2167.2608235200128
3399,80,0,0,0,9,2168.584573520013
3400,80,0,0,0,9,2170.0570735200126
3401,79,0,1,0,9,2198.7913449134617
3402,80,1,0,0,9,2172.2983281020433
3403,79,0,1,0,9,2201.3386866065575
3404,80,1,0,0,8,2175.3438280239757
3405,81,1,0,0,9,2149.4753857026917
3406,82,1,0,1,10,2124.26044197461
3407,82,0,0,0,10,2125.4153200233904
3408,81,0,1,0,10,2153.057827667583
3409,81,0,0,0,9,2154.322642482398
3410,81,0,0,0,9,2155.3886918651137
3411,81,0,0,0,9,2156.6386918651137
3412,81,0,0,0,9,2157.702272112027
3413,81,0,0,0,9,2158.773259766348
3414,81,0,0,1,9,2159.933136309558
3415,81,0,0,0,9,2160.937457297212
3416,81,0,0,0,9,2162.103506679928
3417,81,0,0,0,9,2163.10535853178
3418,81,0,0,0,9,2164.4220251984466
3419,81,0,0,1,9,2165.697951124372
3420,81,0,0,1,9,2166.9207906305446
3421,81,1,1,0,10,2168.0725962823644
3422,81,0,0,0,9,2169.184324677426
3423,81,0,0,0,9,2170.756546899648
3424,80,0,1,2,9,2199.1367545205953
3425,80,0,0,0,8,2200.3917545205954
3426,81,1,0,0,9,2174.248646440094
3427,81,0,0,0,9,2175.7393871808345
3428,81,0,0,0,9,2176.743708168489
3429,81,0,0,0,9,2177.7393871808345
3430,81,0,0,0,9,2178.833831625279
3431,80,0,1,0,9,2207.253678546785
3432,80,0,0,0,7,2208.4349285467847
3433,79,0,1,0,7,2237.8643252940424
3434,78,0,1,1,5,2267.3969411469575
3435,80,2,0,0,7,2211.6120176182835
3436,80,0,0,1,6,2212.5257676182837
3437,79,0,1,0,6,2241.4376967234507
3438,79,0,0,1,5,2242.8092157107926
3439,79,0,0,0,5,2243.914911913324
3440,79,0,0,0,5,2245.111747356362
3441,78,0,1,1,5,2274.848667028944
3442,78,0,0,0,4,2276.1884106186876
3443,78,0,0,0,4,2277.8909747212515
3444,78,0,0,0,4,2279.211487541764
3445,78,0,0,1,4,2280.3871285674054
3446,78,0,0,0,4,2281.3845644648413
3447,78,0,0,1,4,2282.5768721571485
3448,78,0,0,0,4,2283.664051644328
3449,78,0,0,0,4,2285.019179849456
3450,78,0,0,0,4,2286.1871285674047
3451,79,1,0,0,5,2258.2695699779442
3452,79,0,0,0,5,2259.6461522564246
3453,80,1,0,0,6,2232.3387003532193
3454,80,0,0,0,6,2233.638700353219
3455,79,0,1,0,6,2263.3379416423595
3456,80,1,0,1,8,2236.09184237183
3457,80,0,0,1,8,2237.59434237183
3458,80,0,0,0,8,2238.7293423718297
3459,81,1,0,0,9,2212.357375182054
3460,81,0,0,0,9,2213.808609749955
3461,80,0,1,1,9,2242.467701585193
3462,80,0,0,0,7,2244.076451585193
3463,80,0,0,0,7,2245.300201585193
3464,80,0,0,0,7,2246.470201585193
3465,81,1,0,0,8,2219.576742306363
3466,81,0,0,0,8,2221.0082237878446
3467,81,0,0,2,7,2222.1360015656223
3468,82,1,0,0,8,2196.2849527660414
3469,82,0,0,1,8,2197.2776356928707
3470,82,0,0,0,8,2198.576416180675
3471,82,0,0,0,8,2199.9983674001874
3472,82,0,0,0,8,2200.8812942294558
3473,82,0,0,0,8,2202.205684473358
3474,83,1,0,1,9,2176.6092304435588
3475,83,0,0,0,9,2177.7411581544015
3476,83,0,0,1,8,2178.9670617688594
3477,83,0,0,0,8,2180.2544111664497
3478,83,0,0,0,8,2181.9369412869314
3479,82,0,1,1,7,2210.055548370941
3480,82,0,0,0,7,2211.4201825172822
3481,82,0,0,0,7,2212.679938614843
3482,82,0,0,0,7,2213.921402029477
3483,83,1,0,0,8,2188.4753610411703
3484,84,1,0,0,9,2163.5822019811562
3485,84,0,0,1,9,2164.4572019811562
3486,84,0,0,0,9,2165.426249600204
3487,83,0,1,0,9,2192.5667681525465
3488,82,0,1,0,8,2220.832932433605
3489,82,0,0,0,7,2221.7219568238484
3490,82,0,0,0,7,2222.8926885311657
3491,82,0,0,0,7,2224.1341519457997
3492,82,0,0,1,7,2225.3951275555555
3493,82,0,0,1,7,2226.4073226775067
3494,82,0,0,1,7,2227.9304934092143
3495,82,0,0,0,7,2229.1865909701896
3496,82,0,0,1,7,2230.7768348726286
3497,82,0,0,0,7,2231.8658592628726
3498,82,0,0,0,7,2233.571956823848
3499,81,0,1,0,7,2262.470459166528
3500,81,0,0,0,6,2263.631570277639
3501,81,0,0,0,6,2265.0618171912192
3502,80,0,1,0,6,2294.6544277328517
3503,80,0,0,0,5,2295.9694277328517
3504,81,1,0,0,6,2268.86116319294
3505,81,0,0,0,6,2270.232150847261
3506,82,1,0,0,7,2243.129929495465
3507,82,0,0,0,7,2244.356758763757
3508,82,0,0,0,7,2245.5067587637573
3509,82,0,0,0,7,2246.875051446684
3510,83,1,0,0,8,2220.70185805576
3511,84,1,0,0,9,2195.34171688843
3512,84,0,0,0,9,2196.9917168884294
3513,86,2,0,0,11,2146.7279560305587
3514,86,0,0,0,11,2147.7965606817215
3515,86,0,0,1,11,2148.8744676584656
3516,86,0,0,0,11,2150.2895839375356
3517,86,0,0,0,11,2151.555863007303
3518,86,0,0,0,11,2152.5512118445117
3519,86,0,0,1,10,2153.8244676584654
3520,85,0,1,0,10,2180.299870002202
3521,85,0,0,0,9,2181.522811178673
3522,85,0,0,0,9,2182.824575884555
3523,86,1,0,0,10,2158.1958017463626
3524,86,0,0,0,10,2159.142313374269
3525,86,0,0,0,10,2160.3237087231064
3526,85,0,1,0,10,2186.61541359667
3527,86,1,0,0,10,2162.425118089732
3528,86,0,0,0,10,2163.4227925083364
3529,86,0,0,1,10,2164.794885531592
3530,86,0,0,1,9,2165.968141345546
3531,86,0,0,1,9,2167.1390715781035
3532,85,0,1,0,9,2194.225129890032
3533,85,0,0,0,8,2195.771600478267
3534,85,0,0,0,8,2196.8745416547376
3535,87,2,0,0,10,2147.221678628192
3536,86,0,1,1,10,2173.225021198559
3537,85,0,1,0,9,2199.777359751606
3538,85,0,0,1,8,2200.8697126927827
3539,85,0,0,0,8,2202.297359751606
3540,84,0,1,1,7,2229.7316117767277
3541,85,1,0,0,7,2204.9241810499425
3542,84,0,1,0,7,2231.9519126328355
3543,84,0,0,0,6,2233.073341204264
3544,84,0,0,0,7,2234.4792935852165
3545,84,0,0,0,7,2235.3292935852164
3546,83,0,1,0,7,2263.240696851653
3547,83,1,1,0,7,2264.3179437657186
3548,84,1,0,0,6,2238.5040396732693
3549,84,0,0,0,6,2239.832611101841
3550,84,0,0,0,6,2240.962373006603
3551,85,1,0,0,7,2215.6357568535836
3552,86,1,0,0,8,2190.7277829366813
3553,86,0,0,0,8,2191.962666657612
3554,85,0,1,0,8,2218.947310249695
3555,85,1,1,0,8,2220.351829083636
3556,85,0,0,1,7,2221.7794761424593
3557,86,1,0,1,8,2197.468668280338
3558,86,0,0,0,8,2199.0628543268494
3559,87,1,0,0,10,2174.889718070219
3560,87,0,0,1,10,2176.317878989759
3561,86,0,1,1,10,2203.129630472681
3562,86,0,0,0,8,2204.3668397750066
3563,87,1,0,0,9,2180.069519777593
3564,87,0,0,0,9,2181.3379105821905
3565,87,0,0,1,8,2182.944232421271
3566,87,0,0,0,8,2184.1517036856385
3567,87,0,0,0,8,2185.654577248857
3568,87,0,0,0,8,2187.2172209270175
3569,87,0,0,0,8,2188.1419335706955
3570,87,0,0,0,8,2189.8344623063276
3571,87,0,0,0,8,2190.9867611569025
3572,88,2,1,0,10,2167.096288050825
3573,89,1,0,1,12,2143.735655600816
3574,89,0,0,0,12,2144.9991387468835
3575,88,0,1,0,13,2171.0767993447835
3576,88,0,0,0,11,2172.4608902538744
3577,89,1,0,1,11,2148.6647004757406
3578,89,0,0,0,12,2149.9450375543925
3579,89,0,0,0,11,2150.970318453268
3580,89,0,0,0,12,2152.139419576864
3581,89,0,0,0,12,2153.227621824055
3582,88,0,1,0,12,2179.0627774235054
3583,88,0,0,0,10,2180.42073196896
3584,88,0,0,0,11,2181.6968683325963
3585,88,0,0,0,11,2183.175277423505
3586,87,0,1,0,11,2209.160817323758
3587,86,1,2,1,10,2235.749055673225
3588,87,1,0,0,9,2211.2209056080155
3589,87,0,0,1,9,2212.389296412613
3590,86,0,1,0,9,2239.2713806283955
3591,87,1,0,0,9,2214.3084911958854
3592,88,1,0,0,10,2190.3191901595683
3593,88,1,1,0,12,2191.4720543701155
3594,88,0,0,0,11,2192.958418006479
3595,88,0,0,0,11,2193.7925089155697
3596,88,0,0,0,11,2194.7834180064788
3597,88,1,1,0,12,2195.2845610804293
3598,89,1,0,0,11,2171.6263075851434
3599,87,0,2,1,12,2222.75125384478
3600,87,0,0,0,10,2223.9334377528257
3601,88,2,1,0,12,2199.740577636607
3602,89,1,0,0,12,2175.8648408092295
3603,89,0,0,0,12,2176.869896989005
3604,89,0,0,0,12,2177.7996722699036
3605,89,0,0,0,12,2179.040683505859
3606,87,0,2,0,12,2230.414125555171
3607,87,0,0,1,9,2231.7101025666652
3608,87,0,0,0,9,2232.8681485436764
3609,87,0,0,1,8,2234.2078037160904
3610,87,0,0,1,8,2235.1945853252855
3611,87,0,0,0,8,2236.4124014172394
3612,87,0,0,0,8,2237.592286474711
3613,87,0,0,0,8,2238.7330910724118
3614,88,1,0,0,10,2214.579874128407
3615,88,0,0,0,10,2215.483283219316
3616,88,0,0,0,10,2216.434419582952
3617,88,0,0,0,10,2217.7571468556794
3618,88,0,0,0,10,2219.140101401134
3619,88,1,1,0,11,2220.4346949161504
3620,88,1,1,1,12,2221.901020336107
3621,87,0,1,0,11,2248.8638859629427
3622,87,0,0,1,10,2249.929977916965
3623,88,1,0,0,11,2225.3574781679085
3624,88,0,0,0,11,2226.4074781679087
3625,89,1,0,0,12,2202.639978413213
3626,89,0,0,0,12,2203.9090795368083
3627,88,0,1,1,12,2230.4787322454463
3628,88,0,0,0,11,2231.6514595181734
3629,88,0,0,0,11,2233.0457776999915
3630,88,0,0,1,11,2234.288959518173
3631,88,0,0,0,11,2235.750323154537
3632,89,1,0,1,12,2211.5329037932497
3633,89,0,0,0,12,2212.681780197744
3634,88,0,1,0,12,2238.886962135192
3635,88,1,1,0,12,2240.200952909909
3636,88,0,0,0,11,2241.865725637182
3637,89,1,0,0,12,2217.542515236764
3638,89,0,0,0,12,2218.6599309671014
3639,89,1,1,0,13,2219.574461771153
3640,87,0,2,0,11,2271.9252997545505
3641,87,0,0,0,9,2273.392541133861
3642,87,0,0,0,9,2274.777023892482
3643,88,1,0,0,10,2250.3403531664303
3644,88,0,0,0,10,2251.555125893703
3645,88,0,0,1,10,2252.6721713482484
3646,88,0,0,0,10,2253.8630804391573
3647,88,0,0,0,10,2254.5823986209757
3648,88,0,0,0,10,2255.881262257339
3649,88,0,0,0,10,2257.142625893703
3650,88,0,0,0,10,2258.42785316643
3651,89,1,0,0,11,2234.3938323443354
3652,88,0,1,0,11,2261.092564046699
3653,88,0,0,0,10,2262.6800640466986
3654,87,0,1,1,9,2289.8753973242947
3655,88,1,0,1,9,2264.869426900155
3656,89,1,0,0,10,2240.3641524406025
3657,89,0,0,0,10,2241.416399631614
3658,89,0,0,0,10,2242.747298508018
3659,90,1,0,0,11,2218.970661857929
3660,90,1,1,0,12,2220.1327973944312
3661,89,0,1,0,11,2246.175645255843
3662,89,0,0,0,10,2247.4099149187637
3663,90,1,0,0,11,2223.305915864111
3664,90,0,0,2,11,2225.0148047529997
3665,90,0,0,1,10,2226.119249197444
3666,90,0,0,0,10,2227.200360308555
3667,90,0,0,1,10,2228.4436936418883
3668,90,0,0,0,10,2229.8225825307773
3669,91,1,0,0,11,2206.40035634912
3670,92,1,0,0,12,2183.4835046496733
3671,91,0,1,0,12,2208.849738357503
3672,91,1,1,0,13,2209.6078877853142
3673,92,1,0,0,13,2186.5605194398217
3674,92,0,0,0,13,2187.9898672659083
3675,92,0,0,0,12,2189.1518237876476
3676,92,0,0,0,13,2190.3148672659086
3677,90,0,2,0,13,2240.231707521917
3678,90,1,1,1,12,2241.2131689588805
3679,90,0,0,0,11,2242.7720578477692
3680,89,0,1,1,11,2269.2871280955537
3681,89,0,0,0,10,2270.2640943876886
3682,89,0,0,1,8,2271.5084764101603
3683,89,0,0,0,9,2272.519150567464
3684,89,0,0,0,9,2273.751173039374
3685,89,0,0,0,9,2274.864094387688
3686,90,1,0,0,10,2250.670604450047
3687,90,0,0,0,10,2251.912826672269
3688,90,1,1,0,12,2253.2668852490747
3689,89,0,1,0,10,2279.6234189502948
3690,90,1,0,0,10,2255.238158739736
3691,90,0,0,1,11,2256.5314920730693
3692,89,0,1,1,10,2283.1543950396244
3693,89,0,0,0,9,2284.696529871085
3694,89,0,0,0,9,2286.3386647025454
3695,90,1,0,0,10,2262.0721239836284
3696,90,0,0,0,10,2263.2843462058504
3697,90,0,0,0,10,2264.5921239836284
3698,91,1,0,1,11,2240.7680347090827
3699,91,0,0,0,11,2241.972979764028
3700,90,0,1,0,11,2267.974894550589
3701,90,0,0,0,9,2269.329338995033
3702,90,0,0,1,8,2270.8471167728108
3703,90,2,2,0,10,2272.293118833512
3704,91,1,0,0,9,2248.2942933518248
3705,92,1,0,0,10,2224.9883771197397
3706,91,0,1,2,9,2250.4775758586675
3707,91,0,0,0,9,2251.7616417927334
3708,91,0,0,0,9,2252.901751682843
3709,91,1,1,1,9,2254.297682797399
3710,93,2,0,0,11,2206.7466573608954
3711,94,1,0,0,13,2184.0903099421625
3712,94,0,0,0,13,2185.450948240035
3713,94,0,0,0,13,2186.752012069822
3714,94,0,0,0,13,2187.9796716442897
3715,94,0,0,1,12,2189.2158418570557
3716,93,0,1,0,12,2213.943028856142
3717,93,0,0,1,11,2214.926362189475
3718,92,0,1,0,11,2240.20650106713
3719,92,0,0,0,9,2241.4934575888688
3720,92,0,0,2,9,2242.3749793279994
3721,93,1,0,1,11,2219.186001055655
3722,93,1,1,0,13,2220.1752234150013
3723,93,0,0,0,12,2221.428449221453
3724,93,1,1,0,13,2222.5508213948688
3725,93,0,0,1,10,2223.85028376046
3726,93,0,0,1,11,2225.1561977389547
3727,92,0,1,0,11,2250.6166621365264
3728,94,2,0,0,12,2203.6407757080897
3729,94,0,0,0,11,2204.9854565591536
3730,94,0,0,0,11,2206.6397118783025
3731,94,0,0,0,12,2208.300350176175
3732,94,0,0,0,11,2209.116307622983
3733,94,0,0,0,12,2209.946094857026
3734,94,0,0,0,12,2211.2886480485154
3735,93,0,1,0,12,2236.2047259470487
3736,93,0,0,0,11,2237.3515001405967
3737,91,0,2,1,11,2287.9858790935646
3738,92,1,0,0,9,2264.183315190374
3739,92,0,0,0,9,2264.9865760599387
3740,92,0,0,1,9,2266.4409238860258
3741,92,0,0,0,9,2267.81266301646
3742,94,2,0,0,11,2220.925159548025
3743,95,1,0,0,12,2198.6617368159405
3744,96,1,0,0,13,2177.337656224108
3745,96,0,0,0,13,2178.5657812241075
3746,96,0,0,0,13,2180.2668228907746
3747,96,0,0,0,13,2181.499114557441
3748,95,0,1,0,13,2205.675271298009
3749,95,0,0,0,12,2206.826323929588
3750,97,2,0,1,14,2162.766502817638
3751,97,0,0,1,13,2164.1299048794936
3752,97,0,0,0,13,2165.3098017867096
3753,97,0,0,0,13,2166.577327559906
3754,96,0,1,0,13,2190.3561965192534
3755,97,1,0,0,13,2168.9226274829725
3756,98,1,0,0,15,2147.7331108760036
3757,97,0,1,1,15,2170.851211332922
3758,96,0,1,1,14,2194.8278537863494
3759,96,0,0,1,13,2195.9747287863493
3760,96,0,0,1,13,2196.7611871196827
3761,95,0,1,0,13,2221.019321225816
3762,94,0,1,0,12,2246.0671645821826
3763,94,1,1,0,11,2247.505497638099
3764,95,1,0,0,11,2224.7391239787503
3765,96,2,1,0,14,2202.4278281629245
3766,95,1,2,0,13,2226.5887814254997
3767,96,1,0,2,13,2204.297752452317
3768,97,1,0,0,14,2182.6709714992007
3769,97,0,0,0,14,2183.91066222085
3770,97,0,0,0,14,2185.536950880644
3771,97,1,1,0,15,2186.5935391172416
3772,97,0,0,0,14,2187.81261128219
3773,98,1,0,0,16,2166.1844213711474
3774,100,3,0,0,18,2123.9067329437244
3775,100,0,0,0,17,2125.0987329437244
3776,100,0,0,1,16,2126.3417329437243
3777,100,0,0,0,16,2127.4847329437243
3778,99,0,1,0,16,2149.903087194807
3779,99,0,0,0,15,2151.5884407301605
3780,98,0,1,0,15,2174.7759263356998
3781,98,0,0,0,14,2176.1636814377403
3782,97,0,1,1,14,2199.906948900141
3783,97,0,0,2,13,2201.199216941378
3784,97,0,0,1,14,2202.5409695186972
3785,97,0,0,0,14,2203.699216941378
3786,96,0,1,0,14,2227.722775701942
3787,96,0,0,0,12,2228.465484035275
3788,96,0,0,0,12,2229.4113173686083
3789,94,0,2,0,12,2277.991204846394
3790,96,2,0,0,12,2231.735138078761
3791,97,1,0,0,13,2209.6863222222787
3792,97,0,0,0,13,2211.1435387171236
3793,97,0,0,0,13,2212.2450851088765
3794,97,0,0,1,13,2213.568280985165
3795,98,1,0,0,15,2192.002788322051
3796,98,0,0,0,15,2192.8272781179694
3797,98,0,0,0,15,2194.207890362867
3798,98,0,0,1,17,2195.3578903628672
3799,99,1,0,0,17,2174.18760864203
3800,100,1,0,0,20,2153.61223255561
3801,99,0,1,0,19,2176.4205298842253
3802,98,0,1,0,18,2200.1152322124685
3803,98,0,0,1,16,2201.1029873145094
3804,97,0,1,0,16,2225.2216017495407
3805,97,0,0,0,14,2226.353045048509
3806,96,0,1,2,12,2250.8958877493374
3807,96,0,0,0,11,2252.0479710826703
3808,95,0,1,0,11,2277.0044142345446
3809,95,0,0,0,10,2278.332308971387
3810,96,1,0,1,11,2255.348118252935
3811,95,0,1,1,11,2280.113015855282
3812,93,0,2,0,10,2330.5455314492456
3813,93,0,0,0,8,2331.813811019138
3814,92,0,1,0,8,2358.3816406192427
3815,92,0,0,0,7,2359.6859884453297
3816,92,0,0,0,7,2361.239249314895
3817,92,0,0,0,7,2362.368597140982
3818,92,0,0,0,7,2363.352292793156
3819,92,0,0,0,7,2364.4272927931556
3820,91,0,1,0,7,2391.324134993542
3821,91,0,0,0,6,2393.0191899385973
3822,90,0,1,0,6,2420.8118217186225
3823,90,0,0,0,5,2422.228488385289
3824,91,1,0,1,6,2396.4116918096265
3825,91,0,0,0,6,2397.7869665349012
3826,91,0,0,0,6,2399.0776258755604
3827,91,0,0,0,6,2400.0990544469887
3828,91,0,0,0,6,2401.3655379634724
3829,92,1,0,1,7,2375.9653690725654
3830,92,0,0,0,7,2377.161021246478
3831,92,0,0,0,7,2378.5968908116956
3832,92,0,0,0,7,2379.875151681261
3833,93,1,0,0,8,2355.449612415871
3834,93,0,0,0,8,2356.337246824473
3835,93,0,0,0,8,2357.6861715556556
3836,93,0,0,1,9,2358.980257577161
3837,92,0,1,0,9,2386.019918711938
3838,93,1,0,0,10,2361.3551884032076
3839,94,1,0,0,12,2337.253005547854
3840,93,0,1,0,11,2363.4035436062672
3841,93,0,0,0,10,2364.3298876922886
3842,93,0,0,1,9,2365.286339305192
3843,93,0,0,0,9,2366.1223608105684
3844,93,0,0,0,9,2367.5013930686323
3845,93,0,0,0,9,2368.522360810568
3846,94,1,0,0,10,2344.150314418966
3847,93,0,1,0,10,2370.348691956786
3848,94,1,0,0,10,2346.0572165104372
3849,93,0,1,0,10,2372.2908297150325
3850,93,0,0,1,8,2373.763410360194
3851,94,1,0,0,9,2349.99305493083
3852,94,0,0,0,9,2351.0090123776386
3853,95,1,0,0,10,2327.2783911947163
3854,95,0,0,0,10,2328.1757596157686
3855,95,0,0,1,10,2329.162601721032
3856,95,0,0,0,10,2330.429443826295
3857,95,0,0,0,10,2331.5657596157685
3858,95,0,0,0,10,2332.5115490894527
3859,94,0,1,1,10,2358.471340194332
3860,94,0,0,0,9,2359.6915529602893
3861,95,1,0,1,10,2335.84848398176
3862,97,2,0,0,12,2289.001608023373
3863,98,1,0,0,13,2266.7296528394613
3864,98,0,0,0,13,2268.0500610027266
3865,96,0,2,0,13,2316.8469641664683
3866,96,0,0,0,11,2318.0146724998017
3867,97,1,0,0,12,2295.247510927639
3868,97,0,0,0,12,2296.525345979185
3869,99,2,0,0,14,2250.8647329291007
3870,99,0,0,0,14,2251.9046319189997
3871,99,0,0,0,14,2252.722308686676
3872,99,0,0,0,14,2253.9218036361713
3873,99,1,1,1,14,2255.021703403308
3874,99,1,1,2,17,2256.3906304995285
3875,99,0,0,0,16,2257.515377974276
3876,99,0,0,0,16,2258.484569893468
3877,100,1,0,0,17,2237.0412241945332
3878,100,1,0,0,17,2238.084224194533
3879,100,0,0,0,17,2239.458224194533
3880,100,0,0,3,17,2240.728224194533
3881,100,0,0,1,17,2241.986224194533
3882,100,1,0,0,17,2242.906224194533
3883,99,0,1,0,17,2266.535307162792
3884,99,0,0,1,15,2267.7620748395593
3885,99,0,0,0,15,2269.196923324408
3886,97,0,2,0,15,2317.0680929621476
3887,96,0,1,0,13,2342.257198189023
3888,97,1,0,0,13,2319.1648559396513
3889,97,0,0,0,13,2320.3550621252184
3890,97,0,0,0,13,2321.661763156146
3891,97,0,0,1,13,2322.7746497540843
3892,96,0,1,0,13,2348.221973267124
3893,96,0,0,0,12,2349.2667649337914
3894,96,0,0,0,12,2350.5303066004576
3895,95,0,1,0,12,2376.810268759616
3896,95,0,0,0,11,2377.601321391195
3897,95,0,0,0,11,2378.8755319175107
3898,95,0,0,1,10,2380.0223740227743
3899,93,0,2,1,10,2432.5700108905403
3900,93,0,0,0,8,2433.897430245379
3901,93,0,0,0,8,2435.5334517507554
3902,93,0,0,2,8,2436.7802259443038
3903,93,0,0,0,8,2438.025924869035
3904,93,0,0,0,8,2439.2415162668844
3905,93,0,0,0,8,2440.4452797077442
3906,94,1,0,0,9,2415.7602235406407
3907,94,0,0,1,9,2416.8080958810665
3908,93,0,1,0,9,2443.9598083415763
3909,93,0,0,1,7,2445.1603459759845
3910,93,0,0,0,7,2446.312496513619
3911,92,0,1,1,7,2474.409396015505
3912,91,0,1,1,6,2502.7018391096312
3913,89,0,2,0,5,2560.36346994052
3914,89,0,0,0,3,2561.4303238731045
3915,89,1,1,1,4,2562.8243030133435
3916,89,0,0,0,3,2563.9507075077254
3917,89,0,0,0,3,2564.725426608849
3918,89,0,0,0,3,2566.1237412155906
3919,89,0,0,1,3,2567.5804827886245
3920,89,0,0,0,3,2568.9327299796355
3921,89,0,0,0,3,2570.287224361658
3922,90,1,0,0,4,2543.0079218687506
3923,90,0,0,0,4,2544.493477424306
3924,90,0,0,0,4,2545.8901440909726
3925,89,0,1,1,6,2575.3833105157205
3926,89,0,0,0,5,2576.804097032574
3927,90,1,0,0,6,2549.5401626211014
3928,91,1,0,0,8,2522.659501493397
3929,91,0,0,0,8,2523.9259850098806
3930,92,1,0,0,9,2498.1403764771644
3931,92,0,0,0,9,2499.1729851728164
3932,92,0,0,0,9,2500.2686373467295
3933,92,0,0,0,9,2501.4784199554256
3934,92,0,0,0,9,2502.705593868469
3935,92,0,0,0,9,2504.1784199554254
3936,93,1,0,0,10,2478.3915552247217
3937,94,1,0,0,13,2453.1698365521183
3938,94,1,1,0,14,2454.2043481893647
3939,94,1,1,0,13,2455.074160209711
3940,93,0,1,0,10,2482.7538085952747
3941,93,0,0,0,9,2484.325313971619
3942,93,0,0,0,9,2485.4118731114036
3943,93,0,0,0,9,2486.7177870898986
3944,93,0,0,0,9,2487.6957440791457
3945,91,0,2,1,9,2543.154333085214
3946,90,0,1,0,6,2572.8326873909937
3947,91,1,0,0,6,2545.553207309774
3948,91,0,0,0,6,2547.124086430653
3949,91,0,0,0,6,2548.5246358812024
3950,92,1,0,0,7,2521.821650708581
3951,92,0,0,0,7,2523.303172447711
3952,92,1,1,0,8,2524.165537690157
3953,92,1,1,1,9,2525.127631136755
3954,92,0,0,0,7,2526.284152875886
3955,93,1,0,0,9,2500.192925425607
3956,93,0,0,1,9,2501.2300221998007
3957,93,0,0,0,9,2502.6176566084027
3958,93,0,0,0,8,2503.8913125223817
3959,93,0,0,0,8,2505.2456135976504
3960,92,0,1,1,8,2533.5494726846064
3961,92,0,0,1,6,2534.817950945476
3962,92,0,0,2,6,2536.20816833678
3963,92,0,0,1,6,2537.467950945476
3964,92,0,0,1,6,2539.0027335541713
3965,91,0,1,1,6,2568.3557591341573
3966,91,0,0,0,5,2569.7629019913
3967,89,0,2,0,5,2628.938461087756
3968,89,0,0,0,3,2630.2244161439357
3969,89,0,0,0,3,2631.2777869304523
3970,89,0,0,0,3,2632.7839667057333
3971,90,1,0,0,4,2604.376922631225
3972,90,0,0,0,4,2605.672478186781
3973,89,0,1,0,4,2635.772521622006
3974,89,0,0,0,3,2637.1393755545905
3975,89,0,0,0,3,2638.470274430995
3976,89,0,0,0,3,2639.760723869197
3977,89,0,0,0,3,2640.919712633242
3978,90,1,0,0,4,2612.6389380484284
3979,90,0,0,0,4,2613.8322713817615
3980,90,0,0,0,4,2615.0089380484283
3981,90,0,0,0,4,2616.5322713817613
3982,90,0,0,0,4,2618.080049159539
3983,91,1,0,1,5,2590.3220266413027
3984,91,0,0,0,5,2591.567631036907
3985,92,1,0,0,6,2564.5326567865054
3986,92,0,0,0,6,2565.7837437430276
3987,92,0,0,0,6,2566.92287417781
3988,92,0,0,1,6,2568.1011350473755
3989,94,2,0,0,9,2514.45536621658
3990,93,0,1,0,9,2542.65956815127
3991,93,0,0,0,8,2543.993439119012
3992,94,1,0,0,9,2517.9004238092352
3993,94,0,0,0,9,2519.0110621071076
3994,94,0,0,0,9,2519.945104660299
3995,94,0,0,0,9,2521.100423809235
3996,95,1,0,0,10,2495.483577242822
3997,93,0,2,1,12,2550.437350180465
3998,93,0,0,0,9,2551.845414696594
3999,93,0,0,0,9,2553.3007910406795
4000,93,0,0,0,9,2554.5841243740133
4001,93,0,0,0,9,2555.5878878148733
4002,93,0,0,0,9,2556.7335867396046
4003,95,2,0,1,12,2503.638669124034
4004,95,0,0,0,12,2504.4486691240336
4005,95,0,0,0,12,2505.336563860876
4006,94,0,1,0,12,2533.3078966695857
4007,93,0,1,0,10,2561.505024089748
4008,92,0,1,0,8,2590.3733800936725
4009,92,0,0,0,7,2591.4440322675855
4010,92,0,0,0,7,2592.5429453110637
4011,92,0,0,0,7,2593.647293137151
4012,91,0,1,0,7,2623.3296083569126
4013,91,1,1,0,7,2624.4239730443587
4014,92,1,0,0,7,2596.6927342069202
4015,92,1,1,0,9,2597.8851031459376
4016,93,1,0,0,9,2570.9626826820027
4017,94,1,0,0,10,2544.7827605258117
4018,94,0,0,0,9,2546.354037121556
4019,95,1,0,1,10,2520.9692577834344
4020,96,1,0,0,11,2495.3284321815236
4021,95,0,1,0,11,2522.8481945608005
4022,95,0,0,0,9,2524.3360892976425
4023,96,1,0,0,10,2499.1247758674585
4024,96,0,0,1,10,2500.4841508674585
4025,97,1,0,0,12,2475.872974054392
4026,97,0,0,0,12,2477.1075101368665
4027,97,0,0,1,11,2478.850293642021
4028,98,1,0,0,13,2454.4074335028163
4029,98,0,0,0,13,2455.8992702375103
4030,98,0,0,0,13,2457.0870253395515
4031,98,0,0,0,13,2458.1604947273063
4032,98,1,1,0,14,2459.242147585536
4033,98,1,1,0,13,2460.520815913672
4034,98,1,1,0,15,2461.6073534040383
4035,99,1,0,0,13,2438.031521551472
4036,99,0,0,0,13,2439.668390238341
4037,100,1,0,0,15,2416.5042063359574
4038,99,0,1,0,15,2442.219485302959
4039,100,1,0,0,15,2418.84079044993
4040,100,1,0,0,15,2420.0357904499297
4041,99,1,1,1,15,2445.3057119884506
4042,100,1,0,0,15,2421.836154868566
4043,100,0,0,0,15,2423.041154868566
4044,100,0,0,0,15,2424.134154868566
4045,99,1,1,0,15,2449.44186021856
4046,98,0,1,0,13,2475.909150006222
4047,98,0,0,0,12,2476.9050683735686
4048,96,0,2,0,12,2529.865315669103
4049,96,1,1,0,10,2530.900331567538
4050,96,0,0,0,9,2532.088873234205
4051,96,0,0,1,10,2533.329498234205
4052,97,1,0,0,11,2507.839503407048
4053,98,1,0,0,12,2483.214100311058
4054,99,1,0,1,13,2459.121028590744
4055,98,0,1,0,13,2485.4912517712746
4056,99,1,0,0,13,2461.366087611969
4057,99,0,0,0,13,2462.751441147322
4058,100,1,0,0,14,2439.115426735849
4059,100,0,0,0,14,2440.4794267358493
4060,98,1,2,0,14,2491.3162175071498
4061,98,0,0,2,11,2491.9723399561294
4062,98,1,1,0,13,2492.8880369961153
4063,99,1,0,0,13,2468.585127531508
4064,98,0,1,0,13,2494.7343718124134
4065,98,0,0,0,11,2496.1782493634337
4066,98,0,0,1,11,2497.249677934862
4067,98,0,0,0,12,2498.206820792005
4068,98,0,0,0,12,2499.5955963022093
4069,99,1,0,0,12,2475.7683680567325
4070,99,0,0,1,14,2477.054731693096
4071,100,1,0,1,15,2453.360684376165
4072,99,1,1,1,15,2479.338310701537
4073,99,0,0,0,14,2479.998411711638
4074,99,0,0,0,14,2481.302957166183
4075,99,0,0,1,13,2482.1650783783043
4076,99,0,0,0,12,2483.279724842951
4077,98,0,1,0,12,2510.1805437980283
4078,98,0,0,0,11,2512.0162580837423
4079,98,0,0,1,12,2513.2264621653753
4080,98,0,0,0,12,2514.3509519612935
4081,99,1,0,0,13,2490.396901941482
4082,99,0,0,0,13,2491.653972648553
4083,99,0,0,2,12,2493.135285779866
4084,99,1,1,0,13,2494.2768722752735
4085,99,0,0,0,12,2495.4410136894153
4086,99,0,0,1,12,2496.658690457092
4087,99,0,0,0,12,2497.872326820728
4088,100,1,0,0,13,2474.1191035525208
4089,99,0,1,0,13,2500.2339683218524
4090,99,0,0,0,11,2501.7869986248825
4091,100,1,0,0,12,2477.679628638634
4092,100,0,0,1,12,2478.7436286386337
4093,99,0,1,1,11,2504.963026496263
4094,99,0,0,1,10,2506.042319425556
4095,99,0,0,2,9,2507.302420435657
4096,99,0,0,0,9,2508.474642657879
4097,99,0,0,1,9,2509.5882790215155
4098,99,0,0,1,9,2510.9665618497984
4099,100,1,0,1,9,2487.1473962313007
4100,100,0,0,0,9,2488.5013962313005
4101,99,0,1,0,9,2514.7196769796815
4102,99,0,0,1,7,2515.7413941513987
4103,98,0,1,0,7,2542.7768463619136
4104,98,0,0,2,6,2544.101336157832
4105,97,0,1,0,6,2571.341969686514
4106,98,1,0,0,6,2546.199194485631
4107,99,1,0,1,7,2521.6699096928473
4108,99,0,0,0,7,2522.889606662544
4109,98,0,1,2,7,2549.9195003304594
4110,97,0,1,0,6,2577.2416236537415
4111,97,1,1,0,6,2578.214988275187
4112,97,0,0,0,5,2579.181483120548
4113,97,0,0,0,5,2580.5521016772486
4114,97,0,0,0,5,2581.510349099929
4115,97,0,0,0,5,2583.2386996153928
4116,97,0,0,0,5,2584.5598336360113
4117,97,0,0,1,5,2585.764472811269
4118,97,0,0,1,5,2586.7598336360115
4119,97,0,0,0,5,2588.0881841514756
4120,98,1,0,0,6,2562.6979985989096
4121,98,0,0,0,6,2564.312284313195
4122,97,0,1,0,6,2592.220449323635
4123,98,1,0,0,6,2566.9299345346185
4124,98,0,0,0,6,2568.0534039223735
4125,98,0,0,0,6,2569.45850596319
4126,100,2,0,0,8,2519.203335843926
4127,100,0,0,0,8,2520.3223358439263
4128,100,0,0,0,8,2521.500335843926
4129,100,1,0,0,8,2522.8043358439263
4130,99,0,1,0,8,2549.5770623850176
4131,99,0,0,0,7,2551.2462543042097
4132,99,0,0,0,7,2552.7558502638058
4133,100,1,0,0,8,2528.484791761168
4134,99,1,1,2,8,2555.1215470771535
4135,99,0,0,0,7,2556.0301329357394
4136,99,0,0,1,6,2557.334678390285
4137,99,0,0,1,6,2558.3604359660426
4138,98,0,1,0,6,2585.8176559339613
4139,98,0,0,0,5,2587.3543906278387
4140,98,0,0,0,5,2588.796227362533
4141,98,0,0,0,5,2589.757451852329
4142,98,0,0,0,5,2590.770717158451
4143,100,2,0,0,7,2539.9953028152822
4144,100,0,0,0,7,2541.4263028152823
4145,100,1,0,1,6,2542.5513028152823
4146,100,0,0,0,6,2543.7543028152822
4147,100,1,0,0,6,2544.8663028152823
4148,100,0,0,0,6,2546.1213028152824
4149,99,0,1,1,6,2573.3599533404035
4150,99,0,0,0,5,2574.665508895959
4151,99,0,0,0,5,2575.9629836434337
4152,99,0,0,0,5,2577.7069230373736
4153,99,0,0,0,5,2579.0185391989894
4154,99,0,0,0,5,2580.3362159666663
4155,99,0,0,0,5,2581.604397784848
4156,99,0,0,0,5,2583.0725796030297
4157,99,0,0,0,5,2584.5074280878785
4158,99,0,0,0,5,2585.894801825252
4159,99,0,0,0,5,2586.92459980505
4160,100,1,0,0,6,2562.3048538069997
4161,100,0,0,0,6,2563.6748538069996
4162,100,0,0,0,6,2564.712853807
4163,100,0,0,1,6,2565.8998538069995
4164,100,0,0,1,7,2567.1258538069997
4165,99,1,1,1,7,2594.1493903576816
4166,98,0,1,0,6,2622.1000518472356
4167,98,0,0,1,5,2623.320460010501
4168,98,0,0,0,5,2624.7010722553987
4169,98,0,0,1,6,2625.7500518472357
4170,98,0,0,0,6,2626.6225008268275
4171,98,0,0,0,6,2627.875562051317
4172,99,1,0,1,8,2602.3475260710006
4173,99,0,0,0,8,2603.4551018285765
4174,99,0,0,1,7,2604.6727785962535
4175,99,0,0,0,7,2605.8429806164554
4176,99,0,0,0,7,2607.43540485888
4177,100,1,0,0,8,2582.515550810291
4178,100,0,0,1,9,2583.210550810291
4179,100,0,0,0,9,2584.425550810291
4180,100,0,0,0,9,2585.686550810291
4181,100,0,0,0,9,2586.724550810291
4182,100,0,0,0,9,2588.069550810291
4183,99,1,1,0,9,2615.018767743223
4184,98,0,1,1,7,2643.0368627476078
4185,98,0,0,1,6,2644.2144137680157
4186,98,0,0,0,6,2645.3399239720975
4187,99,1,0,0,7,2619.440530800662
4188,99,0,0,0,7,2620.849116659248
4189,99,0,0,1,7,2622.156692416824
4190,99,0,0,0,7,2623.1400257501573
4191,99,0,0,0,7,2624.2950762552077
4192,99,0,0,1,7,2625.195581305713
4193,98,0,1,0,7,2653.0482448385114
4194,98,0,0,0,6,2654.2074285119807
4195,98,0,0,0,6,2655.8574285119807
4196,98,0,0,0,6,2656.9492652466747
4197,98,1,1,0,7,2657.683482672631
4198,98,0,0,0,6,2658.749809203244
4199,98,0,0,0,6,2659.886543897121
4200,98,0,0,0,6,2661.2528704277333
4201,98,0,0,0,6,2662.3549112440596
4202,98,0,0,0,6,2663.614094917529
4203,98,0,0,0,6,2664.827360223652
4204,98,0,0,0,6,2665.821237774672
4205,98,0,0,0,6,2666.8763398154883
4206,97,0,1,0,6,2695.5922556812898
4207,97,0,0,0,5,2696.691740217372
4208,97,0,0,0,5,2697.9613278462384
4209,98,1,0,0,6,2671.454069398828
4210,97,0,1,0,6,2700.255348375748
4211,97,0,0,0,5,2701.367204045851
4212,98,1,0,0,6,2674.960906045383
4213,98,0,0,0,6,2675.999681555587
4214,98,0,0,0,6,2677.2762121678325
4215,98,0,0,0,6,2678.2160080861995
4216,98,0,0,0,6,2679.186416249465
4217,97,0,1,0,6,2708.1956119017223
4218,97,0,0,0,5,2709.442519118217
4219,98,1,0,0,6,2682.894636270072
4220,98,0,0,0,6,2684.191575045583
4221,99,1,0,0,7,2658.129033883506
4222,99,0,0,0,7,2659.492165196637
4223,99,0,0,0,7,2660.790650045122
4224,99,0,0,0,7,2661.7770136814856
4225,99,0,0,0,7,2663.1047914592637
4226,99,0,0,0,7,2664.740650045122
4227,100,2,0,0,8,2639.251743544671
4228,100,0,0,1,8,2640.538743544671
4229,99,0,1,0,8,2668.2766479643606
4230,99,0,0,0,7,2669.4640217017345
4231,99,0,0,0,7,2670.617052004765
4232,98,0,1,0,7,2699.1332272819004
4233,98,0,0,0,6,2700.0250640165937
4234,98,0,0,0,6,2701.34241095537
4235,98,0,0,0,6,2702.772002792104
4236,97,0,1,0,6,2731.9502161642267
4237,97,0,0,0,5,2733.1600099786597
4238,96,0,1,0,5,2762.9606499191977
4239,97,1,0,1,7,2735.3713648684843
4240,98,1,0,0,8,2708.4089019616636
4241,98,0,0,0,8,2709.592575431051
4242,98,0,0,1,8,2710.7405346147248
4243,98,0,0,0,8,2712.071146859623
4244,98,0,0,0,8,2713.3813509412553
4245,98,1,1,1,9,2714.351911800164
4246,98,0,0,1,7,2715.6335444532256
4247,98,0,0,0,7,2716.970279147103
4248,99,1,0,2,9,2690.576639963799
4249,99,0,0,0,9,2691.718559155718
4250,99,0,0,0,9,2692.9594682466277
4251,98,0,1,0,9,2721.5002329532363
4252,99,1,0,0,9,2694.9174023173455
4253,99,0,0,0,9,2695.9441699941126
4254,99,0,0,0,9,2696.896190196133
4255,98,0,1,0,9,2725.5294571718014
4256,98,1,1,0,9,2726.3723385402877
4257,98,0,0,0,8,2728.072338540288
4258,98,0,0,0,8,2729.2978487443697
4259,98,0,0,0,8,2730.551930377023
4260,98,0,0,2,8,2731.5407058872265
4261,98,0,0,0,8,2732.649889560696
4262,98,0,0,2,8,2733.5253997647783
4263,98,0,0,0,8,2734.717236499472
4264,98,0,0,0,8,2735.9570324178394
4265,98,0,0,0,8,2737.1805018055948
4266,99,1,0,0,9,2710.6271634035174
4267,99,0,0,0,9,2711.8711027974573
4268,98,0,1,0,9,2740.8543702463644
4269,98,0,0,0,8,2742.0472273892215
4270,98,0,0,0,8,2743.3768192259563
4271,99,1,0,0,9,2717.0235180216537
4272,99,0,0,0,9,2717.8361442842797
4273,99,0,0,1,8,2719.2800836782194
4274,99,0,0,0,8,2720.4108917590274
4275,99,0,0,0,8,2721.545740243876
4276,99,0,0,0,8,2722.763417011553
4277,99,0,0,0,8,2723.8002856984217
4278,100,1,0,0,9,2697.9577828414376
4279,100,0,0,0,9,2698.879782841437
4280,99,0,1,0,9,2727.4515994124968
4281,98,0,1,0,8,2756.7378900754766
4282,98,0,0,2,8,2757.639930891803
4283,98,0,0,0,8,2758.68584925915
4284,97,0,1,0,8,2788.7764551850178
4285,97,1,1,0,8,2789.9126737981437
4286,97,0,0,1,8,2791.155457303298
4287,97,0,0,0,8,2792.375560396082
4288,97,0,0,0,8,2793.4843232826797
4289,98,1,0,0,9,2765.8329526369384
4290,96,0,2,0,9,2824.447028180041
4291,96,0,0,1,7,2825.4751531800407
4292,96,0,0,1,7,2826.7407781800407
4293,96,0,0,0,7,2827.8939031800405
4294,95,0,1,0,7,2858.8417639868167
4295,95,0,0,0,6,2860.052816618396
4296,95,0,0,0,6,2861.1249218815533
4297,95,0,0,0,6,2862.2391324078694
4298,94,0,1,0,6,2893.9000264829715
4299,94,0,0,0,5,2895.3521541425457
4300,94,0,0,0,5,2896.7127924404185
4301,93,0,1,1,4,2929.1218731877807
4302,93,0,0,0,3,2930.5256366286408
4303,93,0,0,2,3,2931.518647381329
4304,93,0,0,1,3,2932.7245613598234
4305,94,1,0,0,4,2902.7471724091874
4306,94,0,0,0,4,2904.0482362389744
4307,95,1,0,1,5,2874.9940442785646
4308,95,0,0,1,5,2876.385096910143
4309,95,0,0,0,5,2877.704570594354
4310,96,1,0,0,6,2848.9435854839962
4311,96,0,0,1,6,2850.2706688173294
4312,96,0,0,2,7,2851.294627150663
4313,96,0,0,0,7,2852.4269188173294
4314,96,0,0,1,7,2853.3769188173296
4315,96,0,0,1,8,2854.8456688173296
4316,97,1,0,0,10,2826.564785633646
4317,97,0,0,0,10,2828.1415897573575
4318,97,0,0,0,10,2829.1142701697286
4319,97,0,0,2,9,2830.471486664574
4320,98,1,0,0,10,2802.599838841466
4321,98,0,0,0,10,2803.9610633312623
4322,98,0,0,0,10,2805.2253490455482
4323,98,0,0,0,11,2806.5702470047318
4324,98,0,0,2,12,2807.687593943507
4325,96,0,2,0,12,2867.4283997253274
4326,96,0,0,0,9,2868.648191391994
4327,96,0,0,0,9,2870.0419413919935
4328,97,1,0,1,10,2841.3002718931075
4329,96,0,1,0,10,2872.335722367612
4330,96,0,0,0,9,2874.030514034279
4331,96,0,0,0,9,2875.4586390342793
4332,96,0,0,0,9,2876.8461390342795
4333,96,0,0,0,9,2878.1659307009463
4334,96,0,0,0,9,2879.305514034279
4335,96,0,0,0,9,2880.391972367613
4336,96,1,1,0,10,2881.135290229097
4337,96,0,0,0,10,2882.3613318957637
4338,97,1,0,0,11,2853.920493422612
4339,97,0,0,1,11,2855.1539985772506
4340,94,0,3,0,11,2947.407786253257
4341,93,0,1,0,7,2980.1041958671326
4342,93,0,0,0,6,2981.377851781111
4343,94,1,0,0,8,2951.0860661238653
4344,94,0,0,1,7,2952.0062788898226
4345,94,0,0,0,6,2953.063725698333
4346,95,1,0,0,8,2923.224107533088
4347,95,0,0,0,8,2924.4541075330876
4348,95,0,0,0,8,2925.3041075330875
4349,95,0,0,1,8,2926.743581217298
4350,94,0,1,0,8,2959.1188371244884
4351,94,0,0,0,7,2960.7901137202334
4352,94,0,0,0,6,2962.012454145765
4353,94,0,0,0,6,2963.127347762787
4354,94,0,0,0,6,2964.2986243585315
4355,94,0,0,0,6,2965.5220286138506
4356,94,0,0,1,7,2966.9252201032123
4357,94,0,0,0,7,2968.0826669117228
4358,93,0,1,0,7,3001.075284792357
4359,93,0,0,0,5,3002.575822426766
4360,95,2,0,0,8,2940.3400156388343
4361,94,0,1,0,8,2972.806803948167
4362,94,0,0,0,7,2973.7993571396564
4363,94,0,0,0,7,2974.8663784162522
4364,93,0,1,0,7,3008.1877905863785
4365,92,0,1,0,5,3041.9316562068484
4366,92,0,0,0,4,3043.246873598153
4367,92,0,0,0,4,3044.4479605546744
4368,91,0,1,1,4,3079.27238792262
4369,91,0,0,0,3,3080.7124978127304
4370,91,0,0,0,3,3082.0383219885543
4371,91,0,0,0,3,3083.3542560544884
4372,91,0,0,0,3,3084.7767835270156
4373,91,0,0,0,3,3085.9993109995435
4374,92,1,0,1,4,3053.49986196694
4375,92,0,0,0,4,3054.820514140853
4376,92,0,0,0,4,3055.9759489234616
4377,92,0,0,0,4,3057.24986196694
4378,91,0,1,0,4,3092.381319579289
4379,91,0,0,0,3,3093.7445063924756
4380,92,1,0,0,4,3061.143479149079
4381,92,0,0,1,4,3062.6000008882097
4382,93,1,0,0,5,3030.801076147476
4383,93,0,0,1,5,3032.3854847496273
4384,93,0,0,0,5,3033.78817292167
4385,93,0,0,0,5,3035.0102159324233
4386,94,1,0,1,7,3003.907447677823
4387,94,0,0,0,7,3005.2691498054824
4388,93,0,1,0,7,3038.9298815485727
4389,92,0,1,1,6,3073.2324524128167
4390,92,0,0,0,5,3074.592235021513
4391,92,0,0,0,5,3075.90310458673
4392,92,0,0,1,5,3077.077017630208
4393,92,0,0,1,4,3078.610713282382
4394,93,1,0,0,5,3046.529952924507
4395,94,1,0,0,6,3015.3748470423316
4396,94,0,0,0,6,3016.4950598082896
4397,94,0,0,0,6,3017.6876129997786
4398,95,1,0,0,7,2986.781427599781
4399,95,0,0,1,8,2987.89248023136
4400,95,0,0,1,8,2989.2382697050443
4401,95,0,0,0,8,2990.575638126097
4402,95,1,1,0,9,2991.684746942092
4403,98,3,0,0,12,2900.887764892844
4404,97,0,1,1,12,2932.017037288272
4405,98,1,0,0,12,2903.307169560841
4406,98,0,0,1,12,2904.283700173086
4407,98,0,0,2,11,2905.283700173086
4408,97,0,1,0,10,2936.4573599786163
4409,96,0,1,0,10,2968.2077209580816
4410,96,0,0,0,9,2969.818137624748
4411,96,0,0,0,8,2970.932720958082
4412,96,0,0,0,8,2972.417095958082
4413,96,0,0,0,8,2973.7837626247488
4414,96,0,0,0,8,2975.2170959580817
4415,97,1,0,0,9,2946.362280535833
4416,97,0,0,0,9,2947.6617650719163
4417,97,0,0,0,10,2949.2272289894418
4418,98,1,0,1,12,2920.3927674691413
4419,98,0,0,0,12,2921.8927674691413
4420,97,0,1,0,12,2952.794997869525
4421,96,0,1,0,11,2985.078698016161
4422,96,0,0,0,9,2986.3651563494946
4423,95,0,1,0,9,3019.177410325612
4424,95,0,0,0,8,3020.4989892729805
4425,95,0,0,0,8,3021.7689892729804
4426,95,0,0,0,8,3022.9326734835067
4427,96,1,0,0,10,2992.784937301387
4428,96,0,0,0,10,2994.0672289680538
4429,96,0,0,1,10,2995.081812301387
4430,96,0,0,0,10,2996.867228968054
4431,96,0,0,0,10,2997.9870206347205
4432,96,0,0,0,10,2999.1588956347205
4433,95,0,1,1,10,3032.1451827925953
4434,95,0,0,0,8,3033.3962354241744
4435,95,0,0,0,8,3034.695709108385
4436,95,0,0,0,8,3036.042551213648
4437,95,0,0,1,7,3036.9378143715426
4438,95,0,0,0,7,3038.535182792595
4439,95,0,0,0,7,3039.5641301610162
4440,94,0,1,0,7,3073.1041230864853
4441,94,0,0,1,6,3074.540293299251
4442,95,1,0,0,7,3043.5788165276804
4443,94,0,1,0,7,3077.3834895997043
4444,93,0,1,0,6,3111.5619157394744
4445,93,0,0,0,5,3112.6140662771095
4446,93,0,0,0,5,3113.5705178900125
4447,93,0,0,0,5,3114.77535659969
4448,94,2,1,0,7,3082.8084004586394
4449,94,0,0,0,6,3083.715847267151
4450,93,0,1,0,6,3118.1275114014447
4451,93,0,0,0,5,3119.371059788541
4452,93,0,0,0,5,3121.033963014348
4453,93,0,0,1,5,3122.6312748423047
4454,94,1,0,0,6,3090.548495322706
4455,94,0,0,0,6,3092.1793463865356
4456,95,1,0,1,7,3060.945879582467
4457,95,0,0,0,7,3062.067458529835
4458,96,1,0,0,8,3031.2318600034832
4459,96,0,0,0,8,3032.1579016701503
4460,96,1,1,0,10,3033.367298858855
4461,96,1,1,0,9,3034.2586219881955
4462,95,0,1,0,8,3067.6790686715044
4463,96,1,0,1,8,3036.6298075395093
4464,96,0,0,0,8,3037.956890872843
4465,96,0,0,0,8,3039.383974206176
4466,96,0,0,0,8,3040.647515872843
4467,97,1,0,0,9,3010.767644575185
4468,96,0,1,0,9,3043.3732876366666
4469,95,0,1,0,8,3076.7468019983016
4470,95,0,0,0,7,3078.055749366723
4471,95,0,0,1,8,3079.2436441035647
4472,96,1,0,0,9,3048.3145436441523
4473,97,2,1,2,12,3017.967127737125
4474,97,0,0,1,8,3019.025375159805
4475,97,0,0,1,9,3020.389808149496
4476,95,0,2,0,9,3085.473350874251
4477,96,1,0,0,10,3054.5647743026443
4478,96,0,0,0,10,3055.5856076359782
4479,95,0,1,0,10,3088.9821162748385
4480,95,0,0,1,8,3090.2963268011545
4481,95,0,0,1,9,3091.412642590628
4482,95,0,0,0,9,3092.944747853786
4483,95,0,0,0,9,3094.3726425906284
4484,94,0,1,0,9,3128.475273708915
4485,94,0,0,1,7,3129.5103800918937
4486,94,0,0,0,7,3130.7944226450854
4487,94,0,0,0,7,3132.264635411043
4488,94,0,0,0,7,3133.688039666362
4489,96,2,0,0,9,3069.196622173313
4490,96,0,0,0,9,3070.6018305066464
4491,96,1,1,0,10,3071.7609200622715
4492,97,1,0,0,12,3041.6468899585366
4493,97,0,0,0,11,3042.5659621234854
4494,97,0,0,0,12,3043.986065216269
4495,97,0,0,0,12,3045.3030755255472
4496,95,0,2,0,12,3110.908486493408
4497,94,0,1,0,8,3145.053792167756
4498,95,1,0,0,7,3112.8732259344115
4499,95,0,0,1,7,3114.2063838291483
4500,95,0,0,1,7,3115.707962776517
4501,95,0,0,0,7,3116.7716469870434
4502,96,1,0,0,8,3085.814129830928
4503,96,0,0,0,8,3086.765171497595
4504,96,0,0,1,8,3087.990171497595
4505,97,1,0,1,9,3057.2459429254545
4506,97,0,0,0,9,3058.500066636795
4507,97,1,1,0,10,3059.4654459639173
4508,97,0,0,0,9,3060.3927655515463
4509,98,1,0,0,10,3030.1545740663264
4510,96,0,2,0,10,3094.3984327860653
4511,96,0,0,0,8,3095.8640577860656
4512,95,0,1,0,8,3129.5391278874918
4513,95,0,0,0,7,3130.984917361176
4514,96,1,0,1,8,3099.314761971997
4515,95,0,1,0,8,3133.028001542101
4516,96,1,0,0,8,3101.306355692704
4517,96,0,0,0,8,3102.631355692704
4518,96,1,1,0,9,3103.840834007879
4519,96,0,0,0,8,3105.0095840078793
4520,95,0,1,0,8,3138.726557792699
4521,95,0,0,0,7,3139.9849788453307
4522,95,0,0,0,7,3141.457084108489
4523,95,0,0,0,7,3142.9523472663836
4524,95,0,0,0,7,3144.3433998979626
4525,95,0,0,0,7,3145.307084108489
4526,94,0,1,0,7,3180.0568979245004
4527,94,0,0,0,6,3181.3377489883296
4528,93,0,1,1,6,3216.537117401406
4529,93,0,0,1,5,3217.4806657885024
4530,94,1,0,0,6,3184.454807641817
4531,94,0,0,1,6,3185.973956577987
4532,94,0,0,0,6,3187.1356587056466
4533,95,1,0,0,7,3154.8300201929555
4534,97,2,0,0,9,3090.783524931245
4535,97,1,1,1,10,3092.035619945421
4536,97,0,0,0,9,3093.048506543359
4537,97,0,0,0,9,3094.3789189144927
4538,97,0,0,0,9,3095.7103622134623
4539,97,0,0,0,9,3096.993351904184
4540,97,0,0,0,9,3098.101083862947
4541,97,0,0,0,9,3099.0634549969673
4542,97,0,0,0,9,3100.3474756155238
4543,97,0,0,0,9,3101.5881972650086
4544,96,0,1,0,9,3134.8428608619597
4545,96,0,0,0,8,3136.232444195293
4546,98,2,0,0,11,3073.0644351300825
4547,97,0,1,1,11,3105.960091274643
4548,98,1,0,0,10,3075.293661771841
4549,98,0,0,0,10,3076.5365189146983
4550,98,0,0,0,10,3077.923253608576
4551,97,0,1,0,10,3110.867025191584
4552,96,0,1,0,9,3144.4877391710183
4553,96,0,0,0,8,3145.3939891710183
4554,96,0,0,1,8,3146.821072504352
4555,96,0,0,0,8,3148.1387808376853
4556,96,0,0,0,8,3149.617947504352
4557,95,0,1,1,8,3184.2280369517835
4558,95,0,0,0,7,3185.428563267573
4559,95,0,0,0,7,3186.5701422149414
4560,95,0,0,1,8,3187.869615899152
4561,95,0,0,0,8,3189.1511948465204
4562,95,0,0,0,8,3190.8022474780996
4563,95,0,0,0,8,3192.0669843202045
4564,95,0,0,0,8,3193.2654053728365
4565,96,1,0,0,9,3161.3006615668696
4566,96,0,0,0,9,3162.551703233536
4567,96,0,0,0,9,3163.80378656687
4568,96,0,0,0,9,3164.8933699002027
4569,96,0,0,0,9,3166.4121199002034
4570,95,0,1,0,9,3201.0640335152484
4571,95,0,0,1,8,3202.010875620512
4572,95,0,0,0,8,3203.2956124626176
4573,94,0,1,0,8,3239.121524854906
4574,94,0,0,1,6,3240.334290812353
4575,93,0,1,0,6,3276.2739599342012
4576,94,1,0,0,7,3242.8694497221354
4577,94,0,0,1,7,3244.24072631788
4578,94,0,0,0,7,3245.4066837646888
4579,94,0,0,1,7,3246.805619934901
4580,94,0,0,0,7,3248.6683858923484
4581,94,0,0,0,7,3250.0917901476673
4582,94,0,0,0,7,3251.869449722136
4583,94,0,0,1,8,3253.0694497221357
4584,94,0,0,0,8,3254.394981637029
4585,94,0,0,0,8,3255.356683764689
4586,94,0,0,0,8,3256.8854071689443
4587,94,0,0,0,8,3258.3641305732
4588,94,0,0,0,8,3259.4290241902213
4589,94,0,0,0,8,3260.7822156795833
4590,95,1,0,0,9,3227.455034461904
4591,94,0,1,0,9,3263.0419573848258
4592,94,0,0,0,8,3264.3557871720595
4593,96,2,0,0,11,3197.441083272642
4594,96,0,0,0,11,3198.716083272642
4595,97,1,0,0,12,3166.6231339605533
4596,97,0,0,0,12,3167.897876228594
4597,96,0,1,0,12,3202.265341014969
4598,95,0,1,0,11,3237.1418098800573
4599,96,1,0,0,11,3204.339811860473
4600,96,0,0,0,11,3205.5804368604736
4601,96,0,0,1,11,3206.73772852714
4602,96,0,0,0,12,3207.8793951938073
4603,96,0,0,0,12,3209.5043951938073
4604,97,1,0,0,13,3177.420844727892
4605,98,1,0,0,13,3146.2221626388314
4606,97,0,1,1,12,3180.1479868228307
4607,97,0,0,0,10,3181.3124198125215
4608,97,0,0,0,10,3182.5057187815937
4609,97,0,0,2,9,3183.845409503243
4610,97,0,0,0,9,3184.883038369223
4611,98,1,0,0,11,3153.3337216511695
4612,95,0,3,0,11,3254.0134273909907
4613,96,1,0,0,8,3220.960683355668
4614,96,0,0,0,8,3222.3638083556684
4615,96,0,0,0,8,3223.632558355668
4616,95,0,1,0,8,3258.8879674108593
4617,95,0,0,0,7,3260.083230568754
4618,95,0,0,1,7,3261.4342832003335
4619,94,0,1,0,7,3297.3656329019323
4620,94,0,0,0,6,3298.8230797104434
4621,93,0,1,0,6,3335.4810038362793
4622,94,1,0,0,6,3300.6828016678082
4623,94,0,0,0,6,3302.0540782635526
4624,95,1,0,0,7,3268.5861405976207
4625,95,0,0,0,7,3269.7171932292
4626,95,0,0,0,7,3270.5492984923576
4627,94,0,1,0,7,3306.63503572146
4628,94,0,0,0,6,3307.5978016789068
4629,94,0,0,0,6,3308.859503806567
4630,94,0,0,0,6,3310.050993168269
4631,95,1,0,0,7,3276.2483511349187
4632,96,1,0,0,9,3243.274409977263
4633,96,0,0,1,9,3244.385868310597
4634,95,0,1,0,9,3279.788015983604
4635,95,0,0,1,8,3281.2601212467616
4636,95,0,0,1,8,3282.506963352025
4637,96,1,0,0,9,3249.628244983775
4638,95,0,1,1,9,3285.3581796160693
4639,96,1,0,0,9,3252.190386078402
4640,96,0,0,0,9,3253.3237194117355
4641,95,0,1,0,9,3288.822498360269
4642,95,0,0,0,7,3290.1588141497427
4643,94,0,1,0,7,3326.517593875166
4644,95,1,0,0,7,3292.5247770975325
4645,95,0,0,0,7,3293.641092887006
4646,95,0,0,0,7,3294.8805665712166
4647,95,0,0,0,7,3296.2568823606903
4648,95,0,0,0,7,3297.981619202796
4649,95,0,0,0,7,3299.17793499227
4650,94,0,1,1,7,3335.664853661491
4651,95,1,0,0,7,3301.8399604650554
4652,95,0,0,0,7,3303.1573288861073
4653,95,0,0,0,7,3305.1315394124235
4654,95,0,0,0,7,3306.6815394124237
4655,94,0,1,0,7,3343.454728992082
4656,94,0,0,0,6,3344.734516226125
4657,94,0,0,0,6,3346.114303460168
4658,94,0,0,0,6,3347.26323963038
4659,94,0,0,0,6,3348.49409069421
4660,94,0,0,0,6,3349.912175800593
4661,94,0,0,0,6,3351.19409069421
4662,92,0,2,1,6,3425.3173964881767
4663,92,0,0,0,4,3426.71304866209
4664,92,0,0,0,4,3428.069570401221
4665,92,0,0,0,4,3429.1293530099165
4666,91,0,1,0,4,3468.276687984115
4667,91,0,0,0,3,3469.1794352368624
4668,90,0,1,0,3,3509.421473875058
4669,90,0,0,0,2,3510.64369609728
4670,90,0,0,0,2,3512.2214738750577
4671,90,0,0,0,2,3513.717029430614
4672,90,0,0,0,2,3514.9714738750586
4673,91,1,0,0,3,3477.515743392915
4674,91,0,0,0,3,3479.1272818544535
4675,91,0,0,0,3,3480.616842294014
4676,91,0,0,0,3,3482.0107983379703
4677,92,1,0,0,4,3445.792746182123
4678,92,1,1,0,5,3446.7069772391683
4679,92,0,0,0,4,3447.914585934821
4680,92,0,0,0,4,3448.927629413082
4681,92,0,0,1,4,3450.3048033261257
4682,92,0,0,0,4,3451.6015424565603
4683,92,0,0,1,4,3452.8330641956904
4684,92,0,0,0,4,3454.572194630473
4685,92,0,0,1,4,3455.854803326126
4686,92,0,0,1,4,3456.983064195691
4687,92,0,0,0,4,3458.0689337609087
4688,92,0,0,0,4,3459.3124120217776
4689,92,0,0,0,4,3460.6178468043868
4690,92,0,0,0,4,3461.9439337609087
4691,92,0,0,0,4,3462.9830641956914
4692,92,0,0,0,4,3464.0787163696045
4693,93,1,0,0,5,3428.0423860860606
4694,91,0,2,0,5,3504.3247590971955
4695,92,1,0,0,4,3467.1402508461388
4696,92,0,0,0,4,3468.8359030200522
4697,92,0,0,0,4,3470.136989976574
4698,91,0,1,0,4,3509.639636744297
4699,91,0,0,0,3,3510.372054326715
4700,92,1,0,0,4,3473.621814605772
4701,92,0,0,0,4,3475.0174667796855
4702,92,0,0,0,4,3476.0598580840337
4703,92,0,0,0,4,3477.2218146057726
4704,92,0,0,0,4,3478.65116243186
4705,92,0,0,0,4,3479.8576841709905
4706,93,1,0,0,5,3443.9473864917327
4707,92,0,1,0,5,3482.710534465087
4708,93,1,0,0,6,3446.349130868689
4709,93,0,0,0,6,3447.531388933205
4710,94,1,0,0,7,3412.016693306256
4711,93,0,1,0,7,3450.2908494312837
4712,93,0,0,0,5,3451.5967634097788
4713,94,1,0,0,6,3415.345202096909
4714,94,0,0,0,6,3416.561159543717
4715,94,0,0,0,6,3417.9377552883984
4716,94,0,0,0,6,3419.263287203292
4717,94,0,0,0,6,3420.3292446501005
4718,94,0,0,0,6,3421.6483935862707
4719,96,2,0,0,8,3351.750510386557
4720,97,1,0,0,9,3318.4747319289636
4721,97,0,0,0,9,3319.4649381145305
4722,96,0,1,0,9,3355.023318514502
4723,99,3,0,0,11,3254.2630159332543
4724,99,0,0,0,11,3255.394834115072
4725,100,1,0,0,12,3223.8833857739214
4726,100,0,0,0,13,3225.3023857739217
4727,100,0,0,0,13,3226.4273857739217
4728,99,0,1,0,13,3260.2124416204833
4729,98,0,1,0,12,3294.7306246910102
4730,99,1,0,0,12,3262.402032522414
4731,99,0,0,0,12,3263.7288001991815
4732,98,0,1,0,11,3298.408720728067
4733,98,0,0,1,9,3299.497496238271
4734,100,2,0,0,11,3234.483546313506
4735,100,1,0,0,11,3235.634546313506
4736,100,0,0,1,12,3237.193546313506
4737,100,0,0,0,12,3238.6915463135065
4738,100,0,0,0,12,3240.040546313506
4739,99,0,1,1,12,3273.8714259001563
4740,99,0,0,1,10,3274.938597617328
4741,99,0,0,0,10,3276.6724360011663
4742,100,1,0,0,11,3245.289211641155
4743,100,0,0,0,11,3246.553211641155
4744,100,0,0,0,11,3248.011211641155
4745,100,0,0,0,11,3249.284211641155
4746,100,0,0,0,11,3250.814211641155
4747,99,0,1,1,11,3284.7170416875565
4748,99,0,0,1,9,3286.084213404728
4749,99,0,0,0,9,3286.9655265360416
4750,98,0,1,0,9,3321.6811534965727
4751,98,0,0,1,7,3322.672990231267
4752,98,0,0,0,7,3324.1597249251445
4753,96,0,2,0,7,3394.704789531379
4754,96,0,0,0,5,3396.021456198046
4755,96,0,0,0,5,3396.9881228647123
4756,95,0,1,0,5,3433.894314821931
4757,95,0,0,0,4,3435.333788506142
4758,95,0,0,0,4,3436.7901042956155
4759,96,1,0,0,5,3402.0469782092027
4760,96,0,0,0,5,3403.271978209203
4761,96,0,0,0,5,3404.6396865425363
4762,96,0,0,0,5,3405.8157282092034
4763,96,0,0,1,5,3406.820936542537
4764,96,0,0,1,5,3408.30114487587
4765,96,0,0,1,4,3409.63551987587
4766,96,0,0,0,4,3411.0073948758704
4767,95,0,1,0,4,3448.180144453809
4768,95,0,0,0,3,3449.541723401178
4769,95,0,0,0,3,3451.080144453809
4770,95,0,0,0,3,3452.417512874862
4771,95,0,0,0,3,3453.8738286643356
4772,95,0,0,1,3,3455.1838286643356
4773,95,0,0,0,3,3456.402249716967
4774,94,0,1,1,3,3494.448934018589
4775,94,0,0,0,2,3495.5468063590147
4776,94,0,0,1,2,3496.7329765717805
4777,94,0,0,1,2,3498.192551039866
4778,94,0,0,0,2,3499.6957425292276
4779,94,0,0,0,2,3500.9957425292278
4780,94,0,0,0,2,3502.308508486675
4781,94,0,0,0,2,3503.496806359015
4782,95,1,0,1,3,3467.486313660499
4783,94,0,1,0,3,3505.7529968495824
4784,94,0,0,0,2,3507.380656424051
4785,94,0,0,0,2,3508.957252168732
4786,93,0,1,0,2,3547.6738556677574
4787,94,1,0,0,2,3511.0874316712916
4788,94,0,0,0,2,3512.470410394696
4789,94,0,0,0,2,3513.6714742244835
4790,94,0,0,1,2,3514.609772096824
4791,94,0,0,1,2,3515.832112522356
4792,94,0,0,0,2,3517.29594230959
4793,94,0,0,0,2,3518.6384955010794
4794,94,0,0,1,2,3520.090623160654
4795,94,0,0,0,2,3521.685304011718
4796,94,0,0,0,2,3522.9278572032076
4797,93,0,1,0,2,3562.03162549813
4798,93,0,0,0,1,3562.9719480787753
4799,93,0,0,0,1,3564.5681846379152
4800,93,0,0,0,1,3565.761195390603
4801,95,2,0,0,3,3491.6214860139594
4802,95,0,0,0,3,3492.8020123297483
4803,95,0,0,0,3,3494.194117592907
4804,95,0,0,0,3,3495.194643908696
4805,95,0,0,0,3,3496.3720123297485
4806,95,0,0,0,3,3497.6167491718543
4807,95,0,0,0,3,3498.988854435012
4808,95,0,0,1,3,3500.087275487644
4809,95,0,0,0,3,3501.514117592907
4810,95,0,0,1,3,3502.5883281192228
4811,95,0,0,0,3,3503.7962228560655
4812,95,0,0,1,3,3505.0967491718548
4813,94,0,1,0,3,3543.8435463800447
4814,94,0,0,0,2,3545.006312337492
4815,93,0,1,0,2,3584.5645377498354
4816,93,0,0,0,1,3585.8532474272547
4817,93,0,0,0,1,3587.0613119433838
4818,93,0,0,0,1,3587.981204416502
4819,93,0,0,0,1,3589.2075485025234
4820,93,0,0,0,1,3590.2758280724165
4821,93,0,0,0,1,3591.202172158438
4822,92,0,1,0,1,3631.603304593756
4823,93,1,0,0,1,3593.6236991680166
4824,93,0,0,0,1,3595.0199357271563
4825,93,0,0,1,1,3596.105419598124
4826,93,0,0,1,1,3597.596279813178
4827,93,0,0,0,1,3598.744129275544
4828,93,0,0,0,1,3599.5339142217804
4829,93,0,0,0,1,3600.6720862647917
4830,93,0,0,0,1,3601.934989490598
4831,94,1,0,0,2,3564.608553432188
4832,94,0,0,0,2,3565.8745108789963
4833,95,1,0,0,3,3529.5484633960596
4834,95,0,0,0,3,3530.920568659217
4835,96,1,0,0,4,3495.2198335690173
4836,96,0,0,0,4,3496.742750235684
4837,96,0,0,0,4,3497.715666902351
4838,96,0,0,0,4,3498.758375235684
4839,96,0,0,0,4,3499.871916902351
4840,96,0,0,3,7,3500.919833569018
4841,96,0,0,0,7,3502.321916902351
4842,96,0,0,0,7,3503.474000235685
4843,97,1,0,0,8,3468.53303116109
4844,97,0,0,0,8,3469.78096930542
4845,95,0,2,0,8,3544.0628310874927
4846,95,0,0,0,6,3545.4780942453876
4847,95,0,0,0,6,3546.6680942453877
4848,95,0,0,0,6,3547.7170416138088
4849,96,1,0,0,7,3511.8507182636654
4850,96,0,0,0,7,3513.0934265969986
4851,96,0,0,0,7,3514.394468263665
4852,96,0,0,1,7,3515.5548849303323
4853,96,0,0,0,7,3517.1611349303325
4854,96,1,1,0,8,3518.167537460043
4855,96,0,0,0,6,3519.6133707933764
4856,95,0,1,0,6,3557.918167412396
4857,95,0,0,0,5,3559.0934305702913
4858,95,0,0,0,5,3560.8286937281864
4859,95,0,0,0,5,3562.160798991344
4860,95,0,0,0,5,3563.1665884650283
4861,96,1,0,1,7,3527.1945406685177
4862,95,0,1,0,7,3566.0177819977816
4863,95,0,0,0,6,3567.2909398925185
4864,95,0,0,0,6,3568.636729366203
4865,96,1,0,0,7,3532.4389509353055
4866,96,0,0,0,7,3533.6754092686383
4867,96,0,0,0,7,3535.179575935305
4868,97,1,0,0,8,3499.6736009256633
4869,97,0,0,0,8,3501.0741163895805
4870,97,0,0,0,8,3502.7004050493742
4871,97,0,0,0,8,3504.399889585457
4872,96,0,1,0,8,3542.1111172267124
4873,96,1,1,0,8,3542.999176259212
4874,96,0,0,0,7,3544.207509592545
4875,96,0,0,0,7,3545.611676259212
4876,96,0,0,0,7,3546.5470929258786
4877,96,0,0,1,7,3547.7825095925455
4878,97,1,0,0,8,3512.3826899060246
4879,97,0,0,0,8,3513.73990640087
4880,98,1,0,0,9,3479.1338869477995
4881,97,0,1,1,9,3516.5472450145053
4882,97,0,0,0,8,3517.716832643371
4883,97,0,0,0,8,3518.8771419217214
4884,97,0,0,1,8,3520.544667694918
4885,97,0,0,0,8,3521.777141921722
4886,97,0,0,0,8,3523.2714718186294
4887,97,0,0,0,8,3524.510131612444
4888,97,0,0,0,8,3525.5673481072895
4889,97,0,0,0,8,3526.610131612444
4890,97,0,0,0,8,3527.954976973269
4891,97,0,0,0,8,3529.4286883134755
4892,97,0,0,0,8,3530.2168326433725
4893,97,0,0,1,8,3531.706007901104
4894,97,0,0,0,8,3533.2755955299704
4895,97,0,0,0,8,3534.4070388289397
4896,97,0,0,0,8,3535.552915117599
4897,96,0,1,0,8,3573.5718479076363
4898,96,0,0,0,7,3574.8353895743026
4899,97,1,0,0,9,3539.1680144240527
4900,98,1,0,0,10,3504.138238766664
4901,98,0,0,0,10,3505.359667338093
4902,98,1,1,0,11,3506.4032228282676
4903,99,1,0,0,11,3471.973897345154
4904,98,0,1,0,11,3509.0016586146876
4905,97,0,1,0,9,3546.5058153033488
4906,96,0,1,0,8,3584.5518922812403
4907,96,0,0,1,8,3585.7571006145736
4908,96,0,0,0,8,3587.2185589479072
4909,96,0,0,0,8,3588.503975614574
4910,96,0,0,0,8,3589.665433947908
4911,97,1,0,0,9,3553.9771305051454
4912,97,0,0,0,9,3555.214759371125
4913,97,1,1,0,10,3556.387712587907
4914,97,0,0,0,9,3557.345960010588
4915,97,0,0,0,9,3558.681527020897
4916,97,0,0,0,9,3560.022248670382
4917,98,1,0,0,11,3524.361307357419
4918,98,0,0,0,11,3525.551103275786
4919,99,1,0,0,12,3490.8313951618898
4920,99,1,1,0,13,3491.8343213317835
4921,97,0,2,0,11,3565.365982834593
4922,97,0,0,0,9,3566.712890051088
4923,97,0,0,0,9,3567.9649519067584
4924,97,0,0,0,9,3569.232477679954
4925,97,0,0,0,9,3570.035054999542
4926,97,0,0,0,9,3571.3046426284077
4927,97,0,0,0,9,3572.504127164491
4928,97,0,0,1,9,3573.8726838655216
4929,98,1,0,2,10,3538.500003417914
4930,98,0,0,1,10,3539.530615662812
4931,97,0,1,0,10,3577.1063627839776
4932,98,1,0,0,10,3542.1139509188356
4933,98,0,0,0,10,3543.5966039800596
4934,99,1,0,0,11,3508.798658485312
4935,99,0,0,0,11,3510.1648201014737
4936,99,0,0,0,11,3511.5501736368274
4937,99,0,0,0,11,3512.8991635358175
4938,99,0,0,0,11,3514.6491635358175
4939,99,0,0,1,11,3515.794113030767
4940,99,0,0,0,11,3516.8198706065245
4941,100,1,0,0,12,3482.6511719004593
4942,100,1,0,1,12,3483.8121719004594
4943,100,0,0,0,12,3485.24517190046
4944,100,0,0,0,12,3486.3011719004594
4945,100,0,0,0,12,3487.77017190046
4946,100,0,0,0,12,3489.3661719004594
4947,99,0,1,0,12,3525.508777622609
4948,100,1,0,1,12,3491.369189846383
4949,100,0,0,0,12,3492.6901898463834
4950,100,0,0,0,12,3493.9551898463833
4951,100,1,0,0,12,3495.0811898463835
4952,100,2,0,0,12,3495.8691898463835
4953,100,0,0,0,12,3497.3601898463835
4954,100,1,0,0,12,3498.6091898463837
4955,99,0,1,0,12,3535.249282017268
4956,99,0,0,0,11,3536.0649385829242
4957,99,0,0,0,11,3537.431100199086
4958,99,0,0,0,11,3538.745746663733
4959,99,1,1,1,11,3540.1450592453575
4960,98,0,1,0,10,3577.4927899655268
4961,97,0,1,0,9,3615.4524080438064
4962,98,1,0,0,9,3580.0431997984615
4963,98,0,0,0,9,3581.61768959438
4964,98,0,0,1,10,3582.7421793902986
4965,98,0,0,0,10,3584.071771227033
4966,99,1,0,1,11,3548.83266242676
4967,99,0,0,0,11,3549.843268487366
4968,99,0,0,1,11,3550.7659957600936
4969,98,0,1,2,12,3588.1691973059665
4970,98,0,0,0,11,3589.6681768978033
4971,98,0,0,0,11,3590.7498095508645
4972,98,0,0,0,11,3591.9691973059666
4973,98,0,0,0,11,3593.1875646529056
4974,98,0,0,0,11,3594.4161360814765
4975,99,1,0,0,12,3559.193750868533
4976,99,0,0,0,12,3560.479104403886
4977,99,0,0,0,12,3562.091730666513
4978,98,0,1,0,12,3599.7645403844303
4979,97,0,1,1,11,3637.972045240449
4980,97,0,0,1,9,3639.2375091579747
4981,97,0,0,0,9,3640.3792617352947
4982,96,0,1,0,9,3679.7705473357946
4983,96,0,0,0,8,3680.9017973357945
4984,95,0,1,0,8,3720.5139175766594
4985,95,0,0,0,7,3721.7270754713963
4986,95,0,0,0,7,3722.822338629291
4987,96,1,0,0,8,3685.1153351019025
4988,96,0,0,1,8,3686.2840851019027
4989,96,0,0,0,8,3687.402835101903
4990,96,0,0,2,8,3688.7611684352364
4991,96,0,0,0,8,3689.837210101903
4992,96,0,0,0,8,3691.3611684352363
4993,96,0,0,0,8,3693.01637676857
4994,97,1,0,0,9,3656.0038368018836
4995,98,1,0,0,10,3619.9716547937014
4996,97,0,1,0,10,3658.6968375165097
4997,97,0,0,0,9,3659.767456073211
4998,97,0,0,1,9,3660.9339509185725
4999,97,0,0,0,9,3662.067456073211
5000,95,0,2,0,9,3740.5617274347333
5001,98,3,0,0,10,3626.8797357785675
5002,98,0,0,1,10,3628.1215725132615
5003,99,1,0,0,11,3593.1829707707034
5004,99,0,0,0,11,3594.106708144441
5005,100,2,0,0,12,3559.1081410629968
5006,99,1,1,0,12,3596.3456214473563
5007,98,0,1,0,11,3634.1288318809725
5008,98,1,1,0,11,3635.0962100357287
5009,98,0,0,0,10,3636.206414117362
5010,98,0,0,1,10,3637.3604957500147
5011,98,0,0,0,10,3638.5217202398107
5012,98,0,0,1,10,3639.863556974505
5013,98,0,0,0,10,3641.0115161581784
5014,98,0,0,0,10,3642.692128403077
5015,98,0,0,0,10,3644.1166181989947
5016,99,1,0,1,13,3608.3225109444593
5017,99,0,0,0,13,3609.7997836717323
5018,98,0,1,0,13,3647.951598561834
5019,97,0,1,0,11,3686.731441294287
5020,98,1,0,0,11,3650.126528628019
5021,98,0,0,0,11,3651.457140872917
5022,98,0,0,0,11,3652.8193857708766
5023,98,0,0,0,11,3653.948977607611
5024,98,0,0,0,11,3655.132651076999
5025,98,1,1,0,12,3656.3378664460492
5026,97,0,1,0,11,3695.4674984300063
5027,98,1,0,0,11,3659.1040545684764
5028,99,1,0,0,12,3623.3292661384917
5029,100,1,0,0,13,3588.261473477107
5030,99,0,1,0,13,3625.5356020501195
5031,99,0,0,0,12,3626.900753565271
5032,98,0,1,0,12,3664.787424179521
5033,97,0,1,0,11,3704.0588519963967
5034,97,0,0,0,10,3705.4315324087675
5035,97,0,0,1,10,3706.507305604644
5036,97,0,0,0,10,3707.790295295366
5037,97,0,0,1,10,3709.006274676809
5038,97,0,0,0,10,3710.442872614953
5039,97,0,0,1,10,3712.0897798314486
5040,97,0,0,0,10,3713.5243159139227
5041,97,0,0,0,10,3714.6609138520676
5042,96,0,1,0,10,3754.1863155494107
5043,96,0,0,1,9,3755.3998572160776
5044,94,0,2,1,8,3836.845308112784
5045,95,1,0,0,7,3797.935357501071
5046,95,0,0,0,7,3799.189568027387
5047,96,1,0,1,7,3760.626655860435
5048,96,0,0,0,7,3761.4797808604358
5049,95,0,1,0,7,3802.348940592956
5050,95,0,0,0,6,3803.6273616455874
5051,95,0,0,1,5,3805.220519540324
5052,95,0,0,0,5,3806.812624803482
5053,95,1,1,0,6,3808.390024019798
5054,95,0,0,0,5,3809.790550335588
5055,95,0,0,0,5,3811.005813493483
5056,95,0,0,0,5,3812.2473924408514
5057,95,1,1,0,6,3813.2665715226935
5058,95,0,0,0,5,3814.4207820490096
5059,95,0,0,0,5,3815.4697294174302
5060,94,0,1,0,5,3857.669446434821
5061,95,1,0,1,5,3818.243452261823
5062,96,1,0,0,6,3779.4935204674293
5063,96,0,0,0,6,3780.923728800763
5064,96,0,0,0,6,3782.3737288007633
5065,96,0,0,0,6,3783.4831038007633
5066,96,0,0,0,6,3785.10602046743
5067,96,0,0,0,6,3786.072687134097
5068,96,0,0,0,6,3787.4758121340965
5069,96,0,0,0,6,3789.060187134097
5070,97,1,0,0,7,3751.4966800502402
5071,97,0,0,0,7,3753.0394635553953
5072,98,1,0,0,8,3715.8242649476865
5073,98,0,0,0,8,3716.965081274218
5074,98,0,0,0,8,3718.297734335442
5075,97,0,1,0,8,3757.793913600584
5076,98,1,0,0,8,3720.500608359762
5077,98,0,0,0,8,3721.8914246862923
5078,98,0,0,0,8,3723.000608359762
5079,99,1,0,0,9,3686.275349689461
5080,99,0,0,0,9,3687.5162587803707
5081,99,0,0,1,9,3689.004642618754
5082,99,0,0,0,9,3690.251612315724
5083,98,0,1,0,9,3729.613274772614
5084,98,0,0,0,8,3730.869397221594
5085,99,1,0,0,9,3694.300009370871
5086,99,1,1,1,10,3695.5504157137902
5087,99,0,0,0,9,3696.7872844006592
5088,99,0,0,0,9,3698.132233895609
5089,99,0,0,0,9,3699.459001572377
5090,100,2,0,0,10,3663.252911556653
5091,100,1,0,0,10,3664.509911556653
5092,97,0,3,0,10,3779.377410011113
5093,97,0,0,0,7,3781.072770835856
5094,97,0,0,0,7,3782.557822382247
5095,97,0,0,0,7,3783.7768945471958
5096,97,0,0,0,7,3784.9382347533815
5097,97,0,0,0,7,3786.1861728977115
5098,97,0,0,0,7,3787.5701935162683
5099,97,0,0,0,7,3789.0820491863715
5100,96,0,1,0,7,3829.6372124108107
5101,96,0,0,0,6,3830.9684624108104
5102,97,1,0,0,7,3792.891467952967
5103,98,1,0,0,8,3755.3441060350797
5104,99,1,0,0,10,3718.7153776912915
5105,99,0,0,1,10,3719.8280039539177
5106,99,0,0,0,10,3721.1062867822006
5107,99,0,0,0,10,3722.172448398362
5108,98,0,1,0,10,3761.5341769716974
5109,98,0,0,1,8,3762.8290749308812
5110,98,0,0,0,8,3764.122952481902
5111,98,0,0,0,8,3765.466830032922
5112,98,0,0,0,8,3766.8127484002694
5113,98,0,0,0,8,3767.919891257412
5114,99,1,0,0,9,3731.002518618449
5115,99,0,0,0,9,3732.386862052792
5116,99,0,0,0,9,3733.867165083095
5117,98,0,1,0,9,3773.307029668527
5118,99,1,0,0,9,3736.194837449653
5119,99,0,0,0,9,3737.443827348643
5120,100,2,0,0,10,3700.8668890751565
5121,99,1,1,0,10,3738.947410112128
5122,100,1,0,0,10,3702.754436011007
5123,100,1,0,0,10,3703.6884360110066
5124,99,0,1,0,10,3742.6092504671756
5125,98,0,1,0,9,3781.9662737214244
5126,98,0,0,0,8,3783.303008415302
5127,99,1,0,0,9,3745.9666143909058
5128,100,1,0,1,10,3709.4014482469966
5129,100,0,0,0,10,3710.4664482469966
5130,100,0,0,0,10,3711.831448246997
5131,99,0,1,0,10,3750.3262563854883
5132,99,0,0,1,9,3751.59645840569
5133,99,0,0,0,9,3752.6323169915486
5134,100,1,0,0,10,3716.3844938216334
5135,100,0,0,0,10,3717.3664938216334
5136,100,0,0,1,9,3718.5614938216336
5137,99,0,1,1,9,3757.5537159618743
5138,99,0,0,0,8,3758.9612917194504
5139,100,1,0,1,10,3722.5801788022554
5140,99,0,1,0,10,3761.6207654415334
5141,99,0,0,0,9,3762.956624027392
5142,99,0,0,0,9,3764.1015735223414
5143,99,0,0,0,9,3765.1273310980996
5144,100,2,0,0,10,3728.4175577871183
5145,100,0,0,0,10,3729.4915577871184
5146,100,0,0,0,10,3730.6085577871186
5147,99,1,1,1,9,3769.3560570006616
5148,99,0,0,0,8,3770.738380232985
5149,99,0,0,0,8,3772.1641378087425
5150,97,0,2,0,8,3851.2499916106212
5151,98,1,0,0,8,3813.4816243492883
5152,98,0,0,0,8,3814.8091753696963
5153,98,0,0,0,8,3816.2408080227574
5154,98,0,0,0,8,3817.445910063574
5155,98,0,0,0,8,3819.0234610839825
5156,98,0,0,0,8,3820.5030529207174
5157,98,0,0,0,8,3822.1918284309213
5158,99,1,0,0,9,3784.779789759902
5159,100,1,0,0,10,3747.957491862303
5160,100,0,0,0,10,3749.034491862303
5161,100,0,0,0,10,3750.3164918623033
5162,100,0,0,1,11,3751.522491862303
5163,100,0,0,0,11,3752.7764918623034
5164,100,0,0,0,11,3754.1134918623034
5165,100,0,0,0,11,3755.5054918623036
5166,99,0,1,2,11,3794.5658161752763
5167,99,0,0,0,9,3795.941068700529
5168,99,0,0,0,9,3796.9819777914377
5169,99,0,0,0,9,3798.194604054064
5170,98,0,1,0,9,3837.9673439713993
5171,98,1,1,0,9,3838.956875384584
5172,97,0,1,0,8,3880.132388961823
5173,96,0,1,0,7,3921.566128877608
5174,95,0,1,0,6,3964.1015454305325
5175,95,0,0,0,5,3965.3747033252694
5176,95,0,0,0,5,3966.432071746322
5177,95,0,0,0,5,3967.7283875357953
5178,95,0,0,0,5,3969.137334904217
5179,95,0,0,0,5,3970.7968085884277
5180,96,1,0,0,6,3930.6984043322977
5181,96,0,0,0,6,3932.140070998965
5182,96,0,0,0,6,3933.6379876656315
5183,96,0,0,1,7,3934.7796543322984
5184,96,0,0,0,7,3936.4952793322987
5185,96,0,0,0,7,3937.7546543322987
5186,96,0,0,0,7,3938.972362665632
5187,96,0,0,0,7,3940.525487665632
5188,96,0,0,0,7,3941.9379876656317
5189,96,0,0,0,7,3943.146320998965
5190,96,0,0,1,6,3944.3754876656326
5191,97,1,0,1,8,3904.566462019595
5192,98,1,0,0,9,3865.963232815313
5193,98,0,0,0,9,3867.2683348561295
5194,98,0,0,0,9,3868.561191998987
5195,96,0,2,0,9,3950.292587398035
5196,96,0,0,0,7,3951.861337398035
5197,96,0,0,1,7,3953.4519623980354
5198,96,0,0,0,7,3954.8134207313688
5199,96,0,0,1,7,3956.1207123980353
5200,95,0,1,0,7,3998.910470259695
5201,96,1,0,0,7,3958.3265070278235
5202,96,0,0,0,7,3959.539007027824
5203,96,0,0,1,7,3960.987965361157
5204,96,0,0,0,7,3962.2296320278238
5205,97,1,0,0,8,3922.4282956151656
5206,97,0,0,0,8,3923.491697677022
5207,97,0,0,0,8,3925.248914171867
5208,96,0,1,0,8,3967.6599198474596
5209,97,1,0,0,8,3928.0221887150115
5210,96,0,1,0,8,3970.1957844645726
5211,96,0,0,0,7,3971.635367797906
5212,96,0,0,0,7,3973.0937011312394
5213,96,0,0,0,7,3974.3405761312392
5214,97,1,0,0,8,3934.448405243289
5215,97,0,0,0,8,3935.7942815319484
5216,98,1,0,0,9,3896.820360291827
5217,99,1,0,0,10,3858.3807606929195
5218,99,0,0,0,10,3859.7933869555454
5219,98,0,1,0,10,3900.682949702036
5220,98,0,0,1,9,3902.0543782734644
5221,96,0,2,0,9,3984.4330299910707
5222,95,0,1,0,7,4027.7806533574517
5223,94,0,1,0,6,4071.958471006084
5224,94,0,0,0,5,4073.0914497294884
5225,94,0,0,0,5,4074.1063433465097
5226,94,0,0,0,5,4075.2701731337443
5227,93,0,1,0,5,4120.45051426137
5228,94,1,0,1,5,4077.993061981994
5229,93,0,1,0,5,4123.010448991702
5230,93,1,1,0,5,4124.1845158061105
5231,93,0,0,0,4,4125.022687849121
5232,93,0,0,0,4,4126.245806128691
5233,93,0,0,0,4,4127.728064193207
5234,94,1,0,1,5,4085.237872020939
5235,94,0,0,0,5,4086.7336167017907
5236,94,0,0,0,5,4088.222978403918
5237,95,1,0,0,6,4046.7037891575605
5238,95,0,0,0,6,4048.1053681049293
5239,95,0,0,1,6,4049.0753681049296
5240,95,0,0,0,6,4050.252736525982
5241,95,0,0,0,6,4051.941683894403
5242,95,0,0,0,6,4053.3064207365087
5243,95,0,0,0,6,4054.711157578614
5244,95,0,0,0,6,4055.9295786312455
5245,95,0,0,0,6,4057.4616838944034
5246,94,0,1,0,6,4101.980193352299
5247,94,0,0,0,5,4103.446150799107
5248,94,0,0,1,6,4104.512108245916
5249,94,0,0,0,6,4105.554661437405
5250,94,0,0,0,6,4106.536576331023
5251,94,0,0,0,6,4107.754661437406
5252,95,1,0,0,7,4065.405665001222
5253,95,0,0,0,7,4066.8219807906967
5254,95,0,0,0,7,4067.894086053854
5255,95,0,0,0,7,4069.3051386854336
5256,93,0,2,0,7,4158.355329841368
5257,93,0,0,0,5,4159.439738443519
5258,93,1,1,0,6,4160.921634214449
5259,93,0,0,0,5,4162.12109658004
5260,92,0,1,0,5,4208.400412024166
5261,92,0,0,1,4,4209.851498980687
5262,92,0,0,2,4,4210.714542458949
5263,92,0,0,0,4,4212.522151154601
5264,93,1,0,0,5,4168.547719421756
5265,93,0,0,0,5,4170.031052755089
5266,93,0,0,0,5,4171.335891464766
5267,93,0,0,1,4,4172.559009744336
5268,93,0,0,0,4,4173.60363340025
5269,92,0,1,0,4,4220.318967793397
5270,92,0,0,0,3,4221.516793880353
5271,92,0,0,0,3,4222.597228662962
5272,92,0,0,0,3,4224.128750402093
5273,92,0,0,0,3,4225.391793880353
5274,92,0,0,2,3,4226.734185184701
5275,92,0,0,0,3,4227.9037504020935
5276,92,0,0,1,4,4229.012446054267
5277,93,1,0,0,5,4184.670376741856
5278,93,0,0,0,5,4185.9687638386295
5279,93,0,0,1,5,4187.345645559059
5280,93,0,0,0,5,4188.97629072035
5281,93,0,0,0,5,4190.244570290243
5282,94,1,0,0,6,4147.02654294673
5283,94,0,0,0,6,4148.1456918829
5284,94,0,0,0,6,4149.464840819071
5285,94,0,0,0,6,4150.8446280531125
5286,94,0,0,0,6,4152.071223797794
5287,94,0,0,0,6,4153.408457840347
5288,94,0,0,0,6,4154.4318620956665
5289,95,1,0,0,7,4112.103105652554
5290,96,1,0,0,8,4070.407760802007
5291,95,0,1,0,8,4114.5451682348075
5292,94,0,1,0,7,4159.409541494511
5293,94,0,0,0,6,4161.10635000515
5294,94,0,0,0,6,4162.13720106898
5295,94,0,0,0,6,4163.564860643448
5296,94,0,0,0,6,4164.891456388129
5297,95,1,0,0,7,4122.209441057727
5298,94,0,1,0,7,4167.362276623124
5299,94,0,0,1,6,4168.596319176316
5300,94,0,0,0,6,4169.872914920997
5301,93,0,1,0,6,4216.006844728857
5302,93,0,0,0,5,4217.272973761115
5303,93,0,0,1,5,4218.182113546061
5304,93,0,0,1,5,4219.61705978262
5305,93,0,0,0,5,4220.98641462133
5306,93,0,0,0,5,4222.297704943911
5307,93,0,0,0,5,4223.810070535309
5308,93,0,0,0,5,4225.337489890148
5309,95,2,0,0,7,4137.444595366144
5310,96,1,0,0,8,4095.5206933310806
5311,96,0,0,0,8,4096.737359997748
5312,96,1,1,1,9,4097.941854435002
5313,97,2,1,0,10,4056.7155606316055
5314,96,0,1,0,9,4100.4397258573
5315,96,0,0,0,8,4101.770975857299
5316,96,0,0,0,8,4103.5928508573
5317,96,0,0,0,8,4104.848059190633
5318,96,0,0,0,8,4106.038684190634
5319,96,0,0,1,8,4107.3491008573
5320,96,0,0,0,8,4108.3991008573
5321,96,0,0,0,8,4109.7563925239665
5322,96,0,0,0,8,4111.2522258573
5323,96,0,0,0,8,4112.6584758573
5324,95,0,1,0,8,4157.6753199256445
5325,95,0,0,0,7,4159.2800567677505
5326,96,1,0,0,9,4117.224535343085
5327,97,1,0,2,10,4076.23149889625
5328,97,0,0,1,9,4077.453663844704
5329,97,0,0,0,9,4078.7789215766625
5330,97,0,0,0,9,4080.0495401333637
5331,97,0,0,0,9,4081.3469628137764
5332,97,0,0,0,9,4082.5856226075907
5333,96,0,1,0,9,4126.557137971512
5334,95,0,1,0,8,4171.324799916028
5335,95,0,0,0,6,4172.221115705502
5336,95,0,0,0,6,4173.683747284449
5337,96,1,0,1,7,4131.535479083569
5338,96,0,0,0,7,4132.853187416903
5339,95,0,1,0,7,4177.340979971646
5340,94,0,1,0,6,4223.280502504181
5341,94,0,0,0,5,4224.593268461627
5342,94,0,0,1,5,4226.028374844606
5343,94,0,0,0,5,4227.154970589287
5344,94,0,0,0,5,4228.448587610564
5345,95,1,0,0,6,4185.158602477821
5346,94,0,1,1,5,4231.049560854069
5347,94,0,0,1,4,4232.377220428537
5348,95,1,0,0,5,4188.7532496871845
5349,95,0,0,1,5,4190.1274602135
5350,95,0,0,0,5,4191.36798652929
5351,95,0,0,0,5,4192.786407581922
5352,95,0,0,0,5,4194.173249687185
5353,95,0,0,0,5,4195.44851284508
5354,95,0,0,0,5,4196.84798652929
5355,94,0,1,0,5,4242.782095496412
5356,95,1,0,0,5,4199.648599754344
5357,95,1,1,1,7,4200.682393715014
5358,95,0,0,0,6,4201.9850252939605
5359,95,0,0,0,6,4203.249762136065
5360,95,0,0,0,6,4204.409235820277
5361,95,0,0,0,6,4205.635025293961
5362,97,2,0,0,8,4119.84718972089
5363,97,0,0,0,8,4121.250797968312
5364,97,0,0,0,8,4122.871931988931
5365,96,0,1,0,8,4167.06129475706
5366,97,1,0,1,9,4124.856539141008
5367,97,0,0,0,9,4126.13746697606
5368,97,0,0,0,9,4127.759631924514
5369,96,0,1,0,9,4172.053939717288
5370,96,0,0,0,8,4173.527898050621
5371,95,0,1,0,8,4218.787862630828
5372,95,0,0,0,6,4220.287336315039
5373,95,0,0,0,6,4221.828915262408
5374,95,0,0,2,7,4223.014704736092
5375,94,0,1,0,7,4269.598946666581
5376,94,0,0,0,6,4270.848946666581
5377,94,0,0,0,6,4272.353201985729
5378,94,0,0,0,6,4273.639372198496
5379,96,2,0,0,8,4185.431260277694
5380,97,1,0,0,9,4142.819597800604
5381,97,0,0,0,9,4144.3747524397795
5382,97,0,0,0,9,4145.797948316069
5383,97,0,0,0,9,4147.225267903697
5384,97,0,0,0,9,4148.301041099574
5385,96,0,1,0,9,4193.2015269311605
5386,95,0,1,0,8,4238.825257731522
5387,95,0,0,0,7,4239.859468257837
5388,95,0,0,0,7,4241.125257731522
5389,95,0,0,0,7,4242.479468257838
5390,96,1,0,0,8,4199.565619630152
5391,96,0,0,0,8,4200.6489529634855
5392,95,0,1,0,8,4246.063695733301
5393,95,0,0,0,7,4247.341064154354
5394,95,0,0,0,7,4248.75527468067
5395,95,0,0,0,7,4249.750537838564
5396,95,0,0,0,7,4251.001590470144
5397,97,2,0,1,9,4164.296918501687
5398,97,0,0,2,12,4165.60671231612
5399,96,0,1,0,12,4210.57460209969
5400,96,0,0,0,12,4211.547518766357
5401,96,0,0,0,12,4212.66835209969
5402,95,0,1,0,12,4258.186587657025
5403,95,0,0,0,11,4259.796587657025
5404,94,0,1,0,11,4306.574302270019
5405,94,0,0,0,10,4307.756217163636
5406,94,0,0,0,10,4308.763663972147
5407,95,1,0,1,11,4264.809309614545
5408,95,0,0,2,12,4266.432993825071
5409,94,0,1,0,12,4313.370531450891
5410,94,0,0,0,9,4314.721595280678
5411,94,0,0,0,9,4316.026914429614
5412,94,0,0,0,9,4317.627978259402
5413,94,0,0,0,9,4318.962020812593
5414,94,0,0,0,9,4320.099254855146
5415,94,0,0,0,9,4321.123722940252
5416,94,0,0,1,9,4322.381169748764
5417,94,0,0,0,9,4323.846063365784
5418,94,0,0,0,9,4325.5003186849335
5419,94,0,0,0,9,4326.716276131742
5420,93,0,1,1,9,4375.133858886767
5421,93,0,0,1,9,4376.542998671713
5422,92,0,1,0,8,4425.161971442374
5423,93,1,0,0,10,4378.970982502134
5424,93,0,0,0,10,4379.858616910736
5425,92,0,1,0,9,4428.6444035791055
5426,92,0,0,0,8,4430.034620970409
5427,92,0,0,0,9,4431.218316622584
5428,92,0,0,0,9,4432.4107079269315
5429,92,0,0,0,8,4433.480273144322
5430,91,0,1,0,9,4483.653623844989
5431,91,0,0,0,8,4484.970656812022
5432,90,0,1,0,7,4535.943270046728
5433,89,0,1,0,6,4588.172838507191
5434,89,0,0,1,5,4589.148681203821
5435,89,0,0,0,5,4590.486321653259
5436,87,0,2,0,5,4697.230221037403
5437,87,0,0,0,2,4698.603209543149
5438,87,0,0,0,2,4699.6428647155635
5439,88,2,1,1,4,4647.146604837445
5440,88,0,0,2,3,4648.250013928355
5441,88,0,0,0,3,4649.660241201082
5442,88,0,0,0,3,4650.702286655627
5443,88,1,1,0,4,4651.732441869686
5444,88,0,0,0,3,4653.184714596959
5445,88,0,0,0,3,4654.691532778777
5446,88,0,0,0,3,4656.19380550605
5447,88,0,0,0,3,4657.659714596959
5448,89,1,0,0,4,4606.460167241938
5449,89,0,0,0,4,4607.901178477892
5450,89,0,0,0,4,4609.06466162396
5451,89,0,0,1,4,4610.297807691375
5452,89,0,0,0,4,4611.959043646432
5453,89,0,0,0,4,4613.29668409587
5454,89,0,0,0,4,4614.414099826207
5455,89,0,0,0,4,4615.619156005982
5456,90,1,0,0,5,4565.340609828138
5457,90,0,0,0,5,4566.632832050361
5458,90,0,0,1,5,4567.926165383694
5459,90,0,0,0,5,4569.19283205036
5460,90,0,0,0,5,4570.560609828139
5461,90,0,0,0,5,4571.90172093925
5462,90,0,0,0,5,4573.096165383695
5463,90,0,0,0,5,4574.082832050361
5464,89,0,1,0,5,4626.923536832048
5465,89,0,0,0,4,4627.9420761578895
5466,89,0,0,0,4,4629.433649191598
5467,89,0,0,0,4,4630.748817730924
5468,89,0,0,0,4,4631.868480652272
5469,89,0,0,0,4,4633.276907618564
5470,89,0,0,1,4,4634.133649191598
5471,90,1,0,0,5,4583.732719756135
5472,90,0,0,0,5,4584.926053089469
5473,91,1,0,1,6,4535.934558000574
5474,91,0,0,0,6,4537.237305253321
5475,91,0,0,0,6,4538.453239319256
5476,91,0,0,0,6,4540.009832725849
5477,91,0,0,0,6,4541.501590967608
5478,92,1,0,1,8,4493.315160631003
5479,92,1,1,0,9,4494.458032498838
5480,92,0,0,0,7,4495.794989020577
5481,92,0,0,1,7,4497.341728151012
5482,92,0,0,0,7,4498.4460759771
5483,93,1,0,0,8,4451.161709568743
5484,94,1,0,1,8,4405.037116913757
5485,94,0,0,0,8,4406.540308403119
5486,94,0,0,0,8,4407.864776488225
5487,94,0,0,0,8,4408.987116913757
5488,94,0,0,0,8,4410.344563722268
5489,94,0,0,0,8,4411.853074360566
5490,93,0,1,0,8,4460.451815751043
5491,94,1,0,0,8,4414.254987923904
5492,94,0,0,1,8,4415.944349626032
5493,95,1,0,1,9,4370.731251208916
5494,94,0,1,1,9,4418.303940980757
5495,95,1,0,0,9,4373.097583707276
5496,95,0,0,1,9,4374.390741602012
5497,96,1,0,1,10,4330.027817210325
5498,96,0,0,0,10,4331.560108876992
5499,96,0,0,0,10,4332.639275543658
5500,95,0,1,1,10,4379.600286239095
5501,95,0,0,0,9,4380.734496765411
5502,95,0,0,0,9,4382.197128344358
5503,95,0,0,0,9,4383.599759923306
5504,95,0,0,0,9,4385.046602028569
5505,95,0,0,0,9,4386.2808125548845
5506,96,2,1,0,13,4341.6041738950735
5507,96,0,0,0,12,4342.934382228407
5508,95,0,1,0,12,4390.072990518738
5509,94,0,1,0,11,4437.950839981898
5510,93,0,1,0,9,4486.795821313565
5511,92,0,1,0,8,4536.8205916729485
5512,93,2,1,0,8,4488.674345643834
5513,93,0,0,0,7,4490.013592955662
5514,93,0,0,0,7,4491.739937041684
5515,91,0,2,0,7,4591.695769563786
5516,91,0,0,0,5,4592.641373959391
5517,91,0,0,0,5,4594.103461871478
5518,91,0,0,0,5,4595.205110223126
5519,91,0,0,0,5,4596.800165168182
5520,91,0,0,0,5,4597.952362970379
5521,91,0,0,0,5,4599.0737915418085
5522,91,0,0,0,5,4600.506209124225
5523,91,0,0,0,5,4601.813351981369
5524,91,0,0,0,5,4602.808406926423
5525,92,1,0,0,6,4553.780598155484
5526,91,0,1,0,6,4605.196840351399
5527,91,0,0,0,5,4606.382005186565
5528,91,0,0,0,5,4607.78695024151
5529,91,0,0,0,5,4609.090796395356
5530,92,1,0,0,6,4560.337092086711
5531,92,0,0,0,6,4561.769700782363
5532,94,2,0,0,8,4465.749068850823
5533,94,0,0,0,8,4467.089494382739
5534,94,0,0,0,8,4468.246941191249
5535,95,1,0,0,9,4422.556973389236
5536,95,0,0,0,9,4423.950131283973
5537,95,0,0,0,9,4424.844341810289
5538,94,0,1,0,9,4473.130345046859
5539,94,0,0,2,8,4474.621834408561
5540,94,0,0,1,8,4475.631408876647
5541,93,0,1,0,8,4524.926256352559
5542,93,0,0,0,7,4526.335396137505
5543,92,0,1,0,7,4576.695693397661
5544,93,1,0,0,7,4528.372083791234
5545,93,0,0,0,7,4529.556492393384
5546,93,0,0,0,7,4530.991438629943
5547,93,0,0,0,7,4532.26616981274
5548,93,0,0,0,7,4533.683911748223
5549,93,0,0,1,7,4534.926384866503
5550,93,0,0,0,7,4536.3021913181165
5551,93,0,0,0,7,4537.626384866503
5552,93,0,0,0,7,4538.992513898761
5553,93,0,0,0,7,4540.270470888009
5554,93,0,0,0,7,4541.238750457901
5555,93,0,0,0,7,4542.507030027794
5556,93,0,0,0,7,4544.183911748224
5557,92,0,1,0,7,4594.802276878332
5558,92,0,0,0,6,4596.109885573985
5559,92,0,0,0,6,4597.426189921811
5560,92,0,0,0,6,4598.48814644355
5561,93,1,0,1,6,4550.0205319656625
5562,93,1,1,0,7,4550.873387874401
5563,93,0,0,0,6,4552.198656691605
5564,93,0,0,0,6,4553.502420132465
5565,93,0,0,0,6,4555.025538412035
5566,93,0,0,0,6,4555.986291100207
5567,93,0,0,0,6,4557.934140562573
5568,94,1,0,0,7,4510.859841194886
5569,93,0,1,0,7,4560.9520474176215
5570,93,0,0,0,6,4562.1407570950405
5571,93,0,0,0,6,4563.404735589664
5572,92,0,1,0,6,4614.115230557246
5573,92,0,0,0,5,4615.583708818115
5574,92,0,0,0,5,4616.886969687681
5575,92,0,0,0,5,4618.180447948551
5576,92,0,0,0,5,4619.464143600724
5577,93,1,0,0,6,4571.140873239427
5578,94,1,0,0,7,4523.703736290071
5579,94,0,0,0,7,4524.775012885815
5580,95,1,0,0,8,4478.273170644912
5581,95,0,0,0,8,4479.914749592281
5582,95,0,0,1,8,4481.541591697544
5583,96,1,0,2,10,4435.865637617361
5584,96,0,0,0,10,4436.634387617361
5585,96,0,0,0,9,4437.607304284028
5586,96,0,0,0,9,4439.354179284029
5587,96,0,0,0,10,4441.212512617361
5588,96,0,0,0,10,4442.423970950696
5589,96,0,0,0,10,4444.056262617362
5590,96,0,0,0,10,4445.411470950695
5591,96,0,0,1,9,4446.622929284028
5592,96,0,0,1,11,4448.072929284029
5593,97,1,0,1,11,4403.431971250173
5594,97,0,0,0,11,4404.64691970378
5595,97,0,0,0,11,4405.820631043987
5596,97,0,0,0,12,4407.071661971822
5597,97,0,0,0,12,4407.941249600688
5598,96,0,1,0,12,4455.127279132324
5599,96,0,0,1,10,4456.36894579899
5600,96,0,0,0,10,4457.558529132324
5601,96,0,0,1,10,4458.849154132325
5602,96,0,0,0,10,4460.186654132324
5603,96,0,0,0,10,4461.298112465657
5604,96,0,0,0,10,4462.780404132324
5605,96,0,0,0,10,4464.119987465658
5606,96,0,0,0,10,4465.234570798991
5607,96,0,0,0,10,4466.367904132325
5608,96,0,0,0,10,4467.731445798991
5609,96,0,0,0,10,4469.029362465658
5610,96,0,0,0,10,4470.068945798991
5611,97,1,0,0,11,4425.341430893847
5612,96,0,1,1,12,4472.716697087704
5613,96,0,0,0,11,4473.800030421037
5614,96,0,0,0,11,4475.392738754371
5615,96,0,0,0,11,4476.830238754371
5616,96,0,0,2,13,4478.247947087704
5617,96,0,0,0,13,4479.625030421038
5618,95,0,1,0,13,4528.25686428041
5619,93,0,2,0,12,4626.883973214104
5620,93,0,0,0,10,4628.030747407653
5621,93,0,0,0,10,4629.472145257116
5622,93,0,0,0,10,4631.040424827008
5623,92,0,1,1,10,4682.773607817269
5624,93,1,0,0,9,4633.606149668697
5625,93,0,0,1,9,4634.859375475148
5626,93,0,0,0,9,4636.208300206332
5627,94,1,0,0,10,4588.025765097754
5628,92,0,2,0,10,4689.244302218554
5629,92,0,0,0,8,4690.842128305511
5630,94,2,0,0,10,4592.267827703266
5631,94,0,0,0,10,4593.364636213904
5632,94,0,0,0,10,4594.501870256458
5633,94,0,0,0,10,4595.519955362841
5634,93,0,1,1,9,4646.255448731445
5635,93,0,0,0,8,4647.9258788389725
5636,93,0,0,0,8,4648.956524000262
5637,92,0,1,0,8,4700.703212848091
5638,92,0,0,0,8,4701.881473717657
5639,92,0,0,0,8,4702.945604152439
5640,92,0,0,0,8,4704.721691108961
5641,92,0,0,0,8,4706.201038935048
5642,92,0,0,0,8,4707.8086476307
5643,93,1,0,0,9,4658.215006258328
5644,93,0,0,0,9,4659.633823462628
5645,93,0,0,0,9,4661.47952238736
5646,93,0,0,0,9,4663.115543892736
5647,92,0,1,1,9,4714.874820137573
5648,91,0,1,0,8,4767.533188276134
5649,91,0,0,0,7,4768.912858605805
5650,91,0,0,0,7,4770.350770693717
5651,91,0,0,0,7,4771.86780366075
5652,91,0,0,0,7,4773.359561902508
5653,91,0,0,0,7,4775.037034429981
5654,91,0,0,0,7,4776.69802344097
5655,91,0,0,1,7,4778.233737726684
5656,91,0,0,0,7,4779.3178036607505
5657,92,1,0,0,8,4728.6442405774815
5658,93,1,0,1,9,4678.58892616267
5659,95,2,0,0,11,4580.820211927667
5660,94,0,1,0,11,4630.828555280112
5661,94,0,0,0,9,4632.374299960963
5662,94,0,0,0,9,4633.581746769473
5663,96,2,0,0,11,4537.92587704511
5664,95,0,1,0,11,4587.016065026447
5665,95,0,0,0,10,4588.287117658027
5666,95,0,0,0,10,4589.660275552763
5667,95,0,0,0,10,4590.954486079079
5668,96,1,0,0,11,4544.520064349089
5669,97,1,0,0,12,4498.914702860954
5670,97,0,0,1,12,4499.779135850645
5671,96,0,1,0,12,4547.913132887544
5672,96,0,0,1,10,4549.148549554211
5673,97,1,0,0,11,4503.291348012415
5674,95,0,2,1,11,4599.05170921008
5675,94,0,1,0,9,4648.954881089776
5676,94,0,0,0,8,4650.303817259989
5677,94,0,0,0,8,4652.013391728074
5678,94,0,0,0,8,4652.763391728074
5679,93,0,1,0,8,4704.1213974556695
5680,93,0,0,0,7,4705.481074875024
5681,94,1,0,1,8,4656.853084716779
5682,95,1,0,0,9,4609.208315403971
5683,95,0,0,0,9,4610.73936803555
5684,95,0,0,0,9,4611.931473298708
5685,95,0,0,0,9,4613.384631193445
5686,95,0,0,0,9,4614.636736456603
5687,95,0,0,0,9,4615.973052246077
5688,95,0,0,0,9,4617.025157509234
5689,95,1,1,0,10,4618.563312980542
5690,96,1,0,0,10,4571.481924303661
5691,96,0,0,0,10,4572.973590970328
5692,96,0,0,1,9,4574.228799303662
5693,96,0,0,0,9,4575.832965970328
5694,97,1,0,0,10,4529.890358073727
5695,97,0,0,0,11,4531.051698279913
5696,98,1,0,0,12,4485.750660542362
5697,98,0,0,0,12,4487.029231970933
5698,98,1,1,0,13,4488.146953882101
5699,98,0,0,0,11,4489.638790616795
5700,99,1,0,0,12,4445.259610913595
5701,99,0,0,1,12,4446.750014953999
5702,100,1,0,0,13,4403.759014804459
5703,100,1,0,0,13,4404.685014804459
5704,100,1,0,1,13,4405.443014804459
5705,99,1,1,0,13,4450.947061728595
5706,99,0,0,0,12,4452.227364758898
5707,99,0,0,0,12,4453.523829405363
5708,99,0,0,1,12,4454.800092031626
5709,99,0,0,0,12,4455.928879910414
5710,99,0,0,0,12,4457.109182940717
5711,99,0,0,0,12,4458.563223344757
5712,99,0,0,0,12,4459.600092031626
5713,99,0,0,0,12,4461.243021324555
5714,99,0,0,0,12,4462.74352637506
5715,99,0,0,0,12,4464.098576880111
5716,99,0,0,0,12,4465.384940516475
5717,99,0,0,0,12,4467.144031425566
5718,99,0,0,0,12,4468.419283950819
5719,98,0,1,0,12,4515.373252079722
5720,98,0,0,0,11,4516.811007181763
5721,97,0,1,0,11,4564.735341648202
5722,97,0,0,0,10,4565.8750323698505
5723,97,0,0,1,10,4567.308537524491
5724,96,0,1,0,10,4616.46839749212
5725,96,0,0,0,9,4617.5923558254535
5726,96,0,0,0,9,4618.9100641587875
5727,96,1,1,1,10,4620.141292938883
5728,96,0,0,0,9,4621.362126272217
5729,96,0,0,0,9,4622.74545960555
5730,94,0,2,0,9,4722.467336477255
5731,95,1,0,1,8,4673.506627672231
5732,95,0,0,0,8,4674.921890830126
5733,95,1,1,0,9,4676.012974256968
5734,95,0,0,1,7,4677.529290046442
5735,95,0,0,0,7,4678.7845532043375
5736,96,1,0,1,8,4631.218568275125
5737,96,0,0,1,8,4632.572734941792
5738,96,0,0,0,8,4634.1727349417915
5739,96,0,0,0,8,4635.535234941792
5740,96,0,0,0,8,4637.211276608458
5741,96,0,0,0,8,4638.097734941793
5742,96,1,1,0,9,4639.281147828357
5743,96,0,0,0,8,4640.2290644950235
5744,96,1,1,0,9,4641.289071267348
5745,96,0,0,0,9,4642.469279600681
5746,96,0,0,0,9,4643.8713629340145
5747,96,0,0,0,9,4644.974487934015
5748,97,1,0,0,10,4598.131451975933
5749,97,0,0,0,10,4599.747431357376
5750,97,0,0,0,10,4601.0510396047985
5751,97,0,0,0,10,4602.272173625417
5752,96,0,1,0,10,4651.571982670773
5753,97,1,0,0,10,4604.777426148394
5754,98,1,0,1,11,4559.003676901981
5755,98,0,0,1,11,4560.258778942798
5756,98,0,0,0,11,4561.391432004022
5757,98,0,0,1,11,4562.57204424892
5758,98,0,0,0,11,4563.917962616267
5759,97,0,1,0,11,4612.079292082745
5760,96,0,1,1,9,4661.2196338480135
5761,96,0,0,1,8,4662.513383848013
5762,96,0,0,0,8,4663.89567551468
5763,98,2,0,1,9,4569.97943723887
5764,98,0,0,0,9,4571.350865810299
5765,99,1,0,0,10,4526.1634833273665
5766,100,1,0,0,11,4482.004348494093
5767,100,0,0,0,11,4483.189348494093
5768,100,0,0,0,11,4484.738348494093
5769,100,0,0,1,11,4486.095348494093
5770,100,0,0,0,11,4487.587348494093
5771,100,0,0,0,11,4489.098348494093
5772,99,0,1,0,11,4535.616656159657
5773,99,0,0,0,10,4536.837363230365
5774,98,0,1,0,10,4584.648876614655
5775,97,0,1,0,9,4633.507169795397
5776,97,0,0,0,8,4634.4231491768405
5777,97,0,0,0,8,4636.012324434572
5778,97,0,0,0,8,4637.083973919109
5779,97,0,0,0,8,4638.471087321171
5780,97,0,0,0,8,4639.7118089706555
5781,98,1,0,0,9,4593.649953777077
5782,96,0,2,0,9,4690.888184347984
5783,95,0,1,0,7,4741.709013012235
5784,95,0,0,0,6,4743.229539328025
5785,95,0,0,0,6,4744.58480248592
5786,94,0,1,1,6,4796.23774534709
5787,93,0,1,1,5,4849.2264179459835
5788,93,0,0,0,4,4850.398998591145
5789,93,0,0,0,4,4852.181256655661
5790,94,1,0,1,4,4801.816030521027
5791,94,0,0,0,4,4803.317094350813
5792,94,0,0,0,4,4804.367094350813
5793,94,0,0,0,4,4805.625604989112
5794,94,0,0,0,4,4806.657519882729
5795,95,1,0,0,5,4757.304282831331
5796,95,0,0,0,5,4758.643756515542
5797,95,0,0,1,5,4759.740072305016
5798,94,0,1,0,5,4811.619325325273
5799,94,0,0,0,4,4812.666133835912
5800,94,0,0,0,4,4814.348048729528
5801,94,0,0,1,4,4815.422516814635
5802,93,0,1,0,4,4868.461897517473
5803,94,1,0,0,4,4817.835175203457
5804,93,0,1,0,4,4871.14032518327
5805,93,0,0,0,3,4872.629034860689
5806,93,0,0,0,3,4873.699464968216
5807,93,0,0,0,3,4874.826884323055
5808,94,1,0,0,4,4824.272874915363
5809,93,0,1,0,4,4877.215638312765
5810,93,0,0,0,3,4878.241982398787
5811,94,1,0,0,4,4827.343131522204
5812,94,0,0,0,4,4828.5675996073105
5813,94,0,0,0,4,4829.669727266885
5814,94,0,0,0,4,4830.646323011566
5815,94,0,0,0,4,4832.0516421605025
5816,94,0,0,0,4,4833.177174075396
5817,94,0,0,0,4,4834.734620883906
5818,94,0,0,0,4,4836.182493224333
5819,94,0,0,0,4,4837.226110245609
5820,94,0,0,0,4,4838.367599607311
5821,95,1,0,0,5,4788.497414348287
5822,95,0,0,0,5,4789.908466979866
5823,95,0,0,0,5,4790.84478276934
5824,95,0,0,0,5,4792.168466979866
5825,95,0,0,0,5,4793.552151190393
5826,95,0,0,0,5,4795.06425645355
5827,95,0,0,0,5,4796.634256453551
5828,95,0,0,0,5,4798.00530908513
5829,95,0,0,0,5,4799.266888032498
5830,95,0,0,1,5,4800.301098558814
5831,95,0,0,0,5,4801.558466979866
5832,95,0,0,0,5,4802.832677506182
5833,95,0,0,0,5,4804.199519611446
5834,95,0,0,0,5,4805.4632038219725
5835,95,0,0,0,5,4806.932151190393
5836,95,0,0,0,5,4808.337940664077
5837,95,0,0,0,5,4809.42583540092
5838,95,0,0,0,5,4810.806361716709
5839,95,0,0,0,5,4812.083730137761
5840,95,0,0,0,5,4813.5842564535515
5841,95,0,0,0,5,4814.90478276934
5842,95,0,0,0,5,4816.282151190394
5843,96,1,0,0,6,4766.876607948827
5844,96,0,0,0,6,4768.223482948827
5845,96,0,0,0,6,4769.8651496154935
5846,96,0,0,0,6,4771.035982948827
5847,97,1,0,0,7,4723.051075908118
5848,97,0,0,0,7,4724.497983124613
5849,97,0,0,0,7,4726.025302712242
5850,97,0,0,0,7,4727.380457351417
5851,98,1,0,0,8,4680.4250445213
5852,98,0,0,0,8,4681.542391460076
5853,98,0,0,0,8,4682.508717990689
5854,99,1,0,0,9,4636.589438010984
5855,100,1,0,0,10,4591.279043630875
5856,98,1,2,0,10,4685.99863715908
5857,98,0,0,0,8,4687.323126955
5858,98,1,1,0,9,4688.545082574603
5859,98,0,0,0,8,4689.888960125623
5860,98,0,0,0,8,4690.8879397174605
5861,97,0,1,0,8,4740.73787530174
5862,97,0,0,0,7,4742.0899371574105
5863,97,0,0,0,7,4743.660555714112
5864,97,0,0,0,7,4744.987875301741
5865,97,0,0,0,7,4746.145091796586
5866,97,0,0,0,7,4747.118803136793
5867,97,0,0,0,7,4748.4852979821535
5868,97,0,0,0,7,4749.668287672875
5869,97,0,0,0,7,4751.150246435762
5870,96,0,1,0,7,4801.660436661047
5871,95,0,1,0,6,4853.539075169577
5872,95,0,0,0,5,4854.761706748524
5873,97,2,0,0,7,4755.770228258864
5874,97,0,0,0,7,4757.049094238246
5875,97,0,0,0,7,4758.259918980514
5876,97,0,0,0,7,4758.967650939277
5877,97,0,0,0,7,4760.448578774329
5878,97,0,0,0,7,4761.91919733103
5879,98,1,0,0,8,4714.379715725611
5880,99,1,0,0,9,4667.648607485959
5881,99,0,0,0,9,4668.5127489001
5882,100,2,0,0,10,4623.043121411099
5883,99,0,1,0,10,4670.969495886389
5884,100,1,0,0,10,4625.345300927525
5885,100,0,0,0,10,4626.440300927526
5886,100,0,0,0,10,4627.806300927526
5887,99,0,1,1,12,4675.836885227302
5888,99,1,1,0,12,4676.924634038933
5889,99,0,0,1,10,4678.103926968226
5890,100,1,0,2,13,4632.470387698544
5891,100,0,0,0,13,4633.760387698544
5892,100,0,0,0,12,4635.095387698544
5893,100,0,0,0,12,4636.4413876985445
5894,99,0,1,0,12,4684.693681488934
5895,99,0,0,1,11,4685.878024923277
5896,100,1,0,0,12,4639.835744674045
5897,100,0,0,0,12,4641.0447446740445
5898,100,0,0,0,13,4642.119744674044
5899,99,0,1,0,13,4690.136258931199
5900,100,2,0,0,13,4644.458396341887
5901,100,0,0,0,13,4645.9503963418865
5902,99,0,1,0,13,4693.792131320305
5903,99,0,0,0,11,4695.348191926366
5904,99,0,0,0,12,4696.861828290002
5905,99,1,1,0,12,4697.7893471609095
5906,99,0,0,0,12,4699.423185544748
5907,99,0,0,0,12,4700.99035726192
5908,98,0,1,0,12,4750.372558229077
5909,96,0,2,0,11,4850.688332504564
5910,96,0,0,0,8,4851.952915837897
5911,96,0,0,1,8,4853.432082504564
5912,96,0,0,0,8,4854.59874917123
5913,95,0,1,0,8,4906.9540008536915
5914,95,0,0,0,7,4908.412421906323
5915,94,0,1,0,7,4962.014036376289
5916,94,0,0,0,6,4963.523610844374
5917,94,0,0,0,6,4964.706589567779
5918,94,0,0,0,6,4966.132121482673
5919,93,0,1,0,6,5021.103770258387
5920,93,0,0,0,5,5022.404307892796
5921,93,0,0,0,5,5023.72957671
5922,93,0,0,0,5,5025.076350903549
5923,93,0,0,0,5,5026.403770258387
5924,93,0,0,1,5,5027.573125097097
5925,93,0,0,0,5,5028.903770258387
5926,93,0,0,0,5,5030.092479935807
5927,93,0,0,1,5,5031.22204982828
5928,93,0,0,0,5,5032.603232623979
5929,93,0,0,0,5,5033.996243376667
5930,93,0,0,0,5,5034.965598215377
5931,93,0,0,0,5,5036.405920796023
5932,93,0,0,0,5,5037.405383161614
5933,93,0,0,0,5,5038.686565957313
5934,91,0,2,0,5,5150.700572010405
5935,91,0,0,0,3,5152.145077504911
5936,91,0,0,0,3,5153.711561021395
5937,91,0,0,0,3,5154.903319263153
5938,93,2,0,0,5,5044.981204870397
5939,92,0,1,0,5,5101.130739286557
5940,92,0,0,0,4,5102.180739286557
5941,91,0,1,0,4,5159.489561812962
5942,91,0,0,0,3,5160.875825549226
5943,91,0,0,1,3,5162.210440933842
5944,91,0,0,0,3,5163.71099038439
5945,90,0,1,1,3,5222.138529046691
5946,90,0,0,0,2,5223.399640157802
5947,90,0,0,0,2,5224.688529046691
5948,91,1,0,0,3,5168.375468287936
5949,91,0,0,0,3,5169.758435320903
5950,91,0,0,1,3,5171.151292463761
5951,91,0,0,1,3,5172.497995760464
5952,91,0,0,0,3,5173.706237518706
5953,91,0,0,0,3,5174.994699057167
5954,91,0,0,0,3,5176.289754002222
5955,91,0,0,0,3,5177.6595342220035
5956,91,0,0,0,3,5178.7216221340905
5957,91,0,0,0,3,5180.013380375849
5958,91,0,0,0,3,5181.574369386838
5959,91,0,0,0,3,5182.7441496066185
5960,91,1,1,0,4,5183.749342022157
5961,91,0,0,0,3,5184.958682681498
5962,92,1,0,0,4,5129.7618491740905
5963,92,0,0,0,4,5131.304240478438
5964,92,0,0,1,4,5132.719457869744
5965,93,1,0,1,5,5078.608495957165
5966,93,0,0,0,5,5080.032689505553
5967,93,0,0,0,5,5081.28376477437
5968,93,0,0,0,5,5082.645592731359
5969,93,0,0,0,5,5083.878388430284
5970,92,0,1,0,5,5140.861963623776
5971,92,0,0,0,4,5142.360876667254
5972,92,0,0,0,4,5143.638050580298
5973,92,0,0,0,4,5145.095659275949
5974,92,0,0,1,5,5146.9500071020375
5975,92,0,0,0,5,5148.328267971602
5976,92,0,0,1,5,5149.535876667255
5977,92,0,0,0,5,5150.7000071020375
5978,92,0,0,0,5,5151.788050580299
5979,93,1,0,0,6,5097.698931756854
5980,94,1,0,0,7,5044.338836738164
5981,94,0,0,1,7,5045.566496312633
5982,93,0,1,0,7,5101.395022239012
5983,92,0,1,0,6,5158.189078698118
5984,92,0,0,0,5,5159.64668739377
5985,92,0,0,0,5,5161.181470002465
5986,92,0,0,0,5,5162.529296089422
5987,92,0,0,0,5,5164.416252611161
5988,92,0,0,0,5,5166.095600437248
5989,92,0,0,0,5,5167.458643915509
5990,93,1,0,0,6,5112.802099357278
5991,93,0,0,0,6,5114.076830540074
5992,93,0,0,0,6,5115.269841292762
5993,94,1,0,0,7,5062.043034470499
5994,95,1,0,0,8,5009.836265686599
5995,95,0,0,0,8,5011.3378446339675
5996,95,0,0,0,8,5012.671002528705
5997,95,0,0,1,8,5014.190476212915
5998,95,0,0,0,8,5015.433107791862
5999,96,1,0,0,9,4964.641617085697
6000,97,1,0,0,10,4914.551497321928
6001,96,0,1,0,10,4967.26722031903
6002,96,0,0,0,9,4968.5276369856965
6003,96,0,0,0,9,4969.9599286523635
6004,96,0,0,0,9,4971.3974286523635
6005,96,0,0,0,9,4972.781803652363
6006,97,1,0,0,10,4922.598486088937
6007,96,0,1,1,10,4975.303483886942
6008,96,0,0,0,9,4976.7847338869415
6009,96,0,0,0,9,4978.129525553609
6010,97,1,0,0,10,4927.941592300478
6011,98,1,0,0,12,4878.955963807616
6012,98,0,0,0,11,4880.19473931782
6013,98,0,0,0,12,4881.661065848432
6014,98,0,0,0,12,4882.933514828024
6015,98,0,0,1,12,4884.473310746392
6016,99,1,0,0,14,4836.268529829762
6017,98,0,1,1,12,4887.164966367609
6018,98,0,0,0,11,4888.520068408426
6019,99,1,0,0,13,4840.256229333593
6020,100,1,0,1,13,4792.730167040257
6021,100,2,0,0,13,4793.617167040257
6022,100,0,0,0,13,4794.854167040257
6023,100,1,0,1,14,4796.067167040257
6024,98,0,2,0,14,4895.3235717499965
6025,98,0,0,0,11,4896.888877872445
6026,98,0,0,0,11,4898.229694198975
6027,98,0,0,1,13,4899.691939096935
6028,97,0,1,1,13,4951.708046816126
6029,97,0,0,0,12,4952.924026197569
6030,97,0,0,0,12,4953.897737537775
6031,97,0,0,0,12,4955.293098362518
6032,97,0,0,0,12,4956.416294238807
6033,95,0,2,1,12,5061.882238694595
6034,95,0,0,0,9,5063.544870273543
6035,95,0,0,0,9,5064.6769755367
6036,95,0,0,0,9,5066.260659747227
6037,95,0,0,0,9,5067.639080799859
6038,94,0,1,0,9,5122.733030653133
6039,94,0,0,0,8,5123.988349802069
6040,95,1,0,1,9,5071.428472435732
6041,95,0,0,0,9,5072.636367172574
6042,95,0,0,0,9,5073.991630330469
6043,95,0,0,0,9,5075.095314540995
6044,95,0,0,0,9,5076.726367172574
6045,95,0,0,0,9,5078.071104014679
6046,95,0,0,0,9,5079.523209277837
6047,95,0,0,0,9,5080.975314540995
6048,95,0,0,0,9,5082.3589987515215
6049,95,0,0,0,9,5083.513209277838
6050,95,0,0,0,9,5084.797946119943
6051,94,0,1,0,9,5140.240023537118
6052,93,0,1,0,8,5196.914853448824
6053,94,1,0,0,8,5142.698206071708
6054,94,0,0,0,8,5144.14395075256
6055,95,1,0,0,9,5091.376119692007
6056,95,0,0,0,9,5092.444014428849
6057,96,1,0,2,11,5040.980535111882
6058,97,1,0,0,13,4990.392075987017
6059,98,1,0,0,14,4940.668177252456
6060,97,0,1,0,13,4992.959414277928
6061,96,0,1,0,12,5046.143417609469
6062,94,0,2,1,12,5154.621596743894
6063,94,0,0,0,9,5156.209894616234
6064,94,0,0,0,9,5157.302447807724
6065,94,0,0,0,9,5158.591809509851
6066,94,0,0,1,10,5159.896064829
6067,94,0,0,1,9,5160.836490360915
6068,93,0,1,0,9,5217.496202922083
6069,93,0,0,0,7,5218.781686793051
6070,93,0,0,0,7,5220.478998621008
6071,92,0,1,0,7,5278.468903192648
6072,93,1,0,0,7,5223.103646169072
6073,93,0,0,0,7,5224.514936491652
6074,92,0,1,0,7,5282.828027295686
6075,92,0,0,0,6,5284.335635991339
6076,92,0,0,0,6,5285.797592513078
6077,92,0,0,0,6,5287.093244686991
6078,92,0,0,0,6,5288.406288165252
6079,92,0,0,0,6,5289.926940339165
6080,92,0,0,0,6,5291.564983817426
6081,91,0,1,0,6,5350.957923039904
6082,92,1,0,0,6,5293.750228224253
6083,92,0,0,0,6,5295.170880398166
6084,92,0,0,0,6,5296.538271702514
6085,93,1,0,1,7,5240.7421612541
6086,93,0,0,0,7,5242.288935447648
6087,93,0,0,0,7,5243.89269888851
6088,94,1,0,1,8,5189.266712730121
6089,94,0,0,0,8,5190.40926592161
6090,94,0,0,0,8,5192.08267017693
6091,94,0,0,0,8,5193.269904219483
6092,94,0,0,0,8,5194.939053155654
6093,94,0,0,0,8,5196.046499964164
6094,93,0,1,0,8,5253.1505190334565
6095,93,0,0,0,7,5254.53385236679
6096,93,0,0,1,7,5255.7698738721665
6097,93,0,0,0,7,5257.14568032378
6098,93,0,0,0,7,5258.31073408722
6099,94,1,0,0,8,5203.678173086292
6100,94,0,0,0,8,5204.781364575654
6101,93,0,1,0,8,5262.044087235522
6102,95,2,0,0,9,5152.267895925301
6103,95,0,0,0,9,5153.375790662143
6104,95,0,0,0,9,5154.694211714775
6105,95,0,0,0,9,5155.852632767407
6106,95,0,0,0,9,5157.055264346354
6107,93,0,2,0,9,5269.6348413362775
6108,93,0,0,0,7,5270.862260691117
6109,93,0,0,0,7,5272.255271443805
6110,93,0,0,0,7,5273.263335959934
6111,92,0,1,0,7,5331.967830374977
6112,92,0,0,0,6,5333.250439070629
6113,92,0,0,0,6,5334.80152602715
6114,92,0,0,0,6,5336.03196080976
6115,92,0,0,1,6,5337.120004288021
6116,92,0,0,0,6,5338.258047766282
6117,92,0,0,0,6,5339.352612983674
6118,92,0,0,0,6,5340.636308635847
6119,91,0,1,0,6,5400.894423770598
6120,91,0,0,0,5,5402.1136545398285
6121,90,0,1,0,5,5463.602114060499
6122,91,1,0,0,5,5404.684508411483
6123,91,0,0,1,5,5406.149893026867
6124,91,0,0,0,5,5407.93725566423
6125,92,1,0,0,6,5350.5471767983145
6126,92,0,0,0,6,5351.81891592875
6127,92,0,0,1,6,5353.536307233097
6128,92,0,0,0,6,5354.656959407011
6129,92,0,0,0,6,5355.910220276576
6130,92,0,0,0,6,5356.898263754838
6131,92,0,0,1,7,5358.155872450489
6132,93,1,0,0,8,5301.718712531668
6133,93,0,0,0,8,5302.89451898328
6134,94,1,0,0,9,5247.779151760054
6135,94,0,0,0,9,5249.17702410048
6136,94,1,1,0,10,5250.802877276425
6137,94,0,0,0,9,5252.364579404085
6138,94,0,0,0,9,5253.702877276425
6139,94,0,0,1,9,5255.182664510468
6140,94,0,0,0,9,5256.5528772764255
6141,94,0,0,1,9,5258.020962382809
6142,94,0,0,1,9,5259.281600680681
6143,94,0,0,0,9,5260.623090042383
6144,94,0,0,0,9,5262.1018134466385
6145,94,0,0,0,9,5263.511387914724
6146,94,0,0,0,9,5264.84755812749
6147,94,0,0,1,10,5266.283728340256
6148,93,0,1,0,10,5324.451864222315
6149,93,0,0,0,9,5325.663154544896
6150,93,0,0,1,8,5327.047563147046
6151,93,0,0,1,9,5328.538423362101
6152,93,0,0,0,9,5329.758315835219
6153,94,1,0,0,10,5274.362482688036
6154,94,0,0,0,10,5276.18801460293
6155,94,0,0,0,10,5277.730567794419
6156,94,0,0,1,9,5279.315674177397
6157,94,0,0,0,9,5280.660355028462
6158,94,0,0,0,9,5282.360355028462
6159,94,0,0,0,9,5284.033759283781
6160,95,1,0,1,10,5229.6818249755315
6161,96,1,0,0,11,5176.284618465369
6162,96,0,0,0,11,5177.45024346537
6163,97,1,0,0,12,5125.140447140984
6164,95,0,2,0,12,5234.369456270618
6165,95,0,0,0,10,5235.388929954828
6166,95,0,0,0,11,5236.466298375881
6167,96,1,0,0,12,5183.157795267799
6168,96,0,0,0,12,5184.425503601133
6169,96,0,0,1,11,5185.765086934466
6170,96,0,0,0,12,5187.094253601133
6171,96,0,0,0,12,5188.273420267799
6172,96,0,0,0,11,5189.7192536011335
6173,96,0,0,0,12,5191.008836934467
6174,96,0,0,0,11,5192.371336934467
6175,96,0,0,1,12,5193.824461934467
6176,96,0,0,0,12,5195.529670267801
6177,96,0,0,0,12,5196.851545267801
6178,96,0,0,0,12,5198.154670267801
6179,96,0,0,0,12,5199.388003601134
6180,96,0,0,0,12,5200.6077952678015
6181,96,0,0,0,12,5202.290086934468
6182,96,1,1,1,14,5203.2151631934585
6183,96,0,0,0,12,5204.729746526792
6184,97,1,0,0,13,5152.473769758475
6185,96,0,1,0,13,5207.323602449146
6186,98,2,0,0,14,5101.884345256307
6187,97,0,1,0,14,5155.873856092494
6188,97,0,0,0,12,5157.278495267752
6189,97,0,0,0,12,5158.294474649195
6190,97,0,0,0,12,5159.824887020329
6191,98,1,0,0,13,5107.865959601755
6192,97,0,1,0,13,5161.818999551773
6193,97,0,0,0,12,5163.2339480053815
6194,97,0,0,1,12,5164.504566562083
6195,97,0,0,0,13,5165.701989242495
6196,97,0,0,0,13,5167.113844912598
6197,98,1,0,0,14,5116.028499556347
6198,98,0,0,0,13,5117.592785270634
6199,99,1,0,0,14,5067.230231884061
6200,99,0,0,0,15,5068.548918752748
6201,99,0,0,0,15,5069.732252086082
6202,97,0,2,0,15,5175.226976046332
6203,97,1,1,1,13,5176.231076589116
6204,97,0,0,0,12,5177.486231228292
6205,97,0,0,0,12,5178.979530197364
6206,96,0,1,0,12,5234.1575214565555
6207,97,1,0,0,12,5181.429093400302
6208,97,0,0,0,12,5182.6481655652515
6209,99,2,0,0,14,5079.562849089185
6210,98,0,1,0,14,5133.06550929596
6211,98,0,0,0,13,5134.363468479633
6212,97,0,1,0,13,5188.814451367225
6213,98,1,0,0,13,5137.145426353274
6214,98,0,0,1,13,5138.40971206756
6215,99,1,0,0,14,5087.713654369908
6216,98,0,1,0,15,5141.29085840724
6217,99,1,0,0,14,5090.837415393025
6218,99,0,0,0,15,5092.086405292016
6219,100,1,0,0,15,5042.676041239096
6220,100,0,0,0,16,5043.918041239096
6221,100,0,0,0,17,5045.232041239095
6222,100,0,0,0,17,5046.4960412390965
6223,99,0,1,0,17,5099.035490520107
6224,99,0,0,1,16,5100.3572076918235
6225,98,0,1,0,16,5154.010737734648
6226,98,0,0,0,13,5155.299513244851
6227,98,0,0,0,13,5156.588288755056
6228,98,0,0,0,13,5158.304615285669
6229,98,0,0,0,14,5159.5393091632195
6230,98,1,1,0,15,5160.890048669957
6231,96,0,2,0,14,5270.035936850811
6232,96,0,0,1,11,5271.241145184144
6233,96,1,1,0,12,5272.566458636756
6234,98,2,0,0,13,5165.785510501311
6235,98,0,0,1,12,5166.923265603353
6236,98,0,0,1,11,5167.839592133964
6237,99,1,0,0,12,5116.760404334632
6238,98,0,1,1,14,5170.498447161165
6239,98,0,0,0,13,5171.73722267137
6240,97,0,1,0,13,5226.023662756237
6241,97,0,0,0,12,5227.374693684073
6242,97,0,0,1,11,5228.861807086134
6243,97,0,0,0,11,5230.317992653145
6244,96,0,1,0,11,5286.432788416924
6245,96,0,0,0,9,5287.550496750258
6246,96,0,0,0,9,5288.583830083592
6247,96,0,0,0,9,5290.336955083591
6248,96,0,0,0,9,5291.635913416925
6249,95,0,1,1,8,5348.549014262348
6250,95,0,0,0,7,5349.771645841295
6251,96,1,0,0,8,5295.328712030448
6252,96,0,0,0,8,5296.5370453637815
6253,97,1,0,0,9,5243.225323246629
6254,97,0,0,1,9,5244.273261390959
6255,97,0,0,0,9,5245.722230463124
6256,97,0,0,0,9,5246.808312937351
6257,97,0,0,0,9,5248.094395411578
6258,97,0,0,0,9,5249.417591287866
6259,97,0,0,1,10,5250.892333555908
6260,97,0,0,0,10,5252.3639830404445
6261,97,0,0,0,10,5253.838725308486
6262,97,0,0,0,10,5255.525838710548
6263,97,0,0,0,10,5257.32532324663
6264,96,0,1,0,10,5313.456373576557
6265,95,0,1,1,9,5370.060633015367
6266,95,0,0,0,8,5371.45800143642
6267,95,0,0,1,8,5372.697475120631
6268,95,0,0,1,9,5374.070633015367
6269,95,0,0,0,9,5375.34800143642
6270,95,0,0,0,9,5376.624317225894
6271,95,0,0,0,9,5377.891159331158
6272,96,1,0,0,10,5323.177188921458
6273,96,0,0,0,10,5324.816772254791
6274,96,0,0,0,10,5326.231355588126
6275,96,0,0,0,10,5327.594897254791
6276,96,0,0,0,10,5328.707397254792
6277,96,0,0,0,10,5330.120938921459
6278,96,0,0,0,10,5331.418855588126
6279,95,0,1,0,10,5389.382528801788
6280,95,0,0,1,9,5390.589370907051
6281,95,1,1,0,10,5391.744186396572
6282,95,0,0,0,9,5393.588923238677
6283,95,0,0,0,9,5394.679975870256
6284,95,0,0,0,9,5395.9394495544675
6285,95,0,0,0,9,5397.475765343941
6286,94,0,1,0,9,5456.387260377326
6287,93,0,1,1,8,5516.2256276566495
6288,93,0,0,0,7,5517.6207889469715
6289,92,0,1,0,7,5578.799497578621
6290,92,0,0,0,6,5579.662541056882
6291,92,0,0,0,6,5581.184280187317
6292,92,0,0,0,6,5582.9147149699265
6293,92,0,0,0,6,5584.310367143839
6294,93,1,0,0,7,5525.71993308853
6295,93,0,0,0,7,5527.265632013261
6296,93,0,0,0,7,5528.515632013261
6297,93,0,0,0,7,5529.895739540143
6298,94,1,0,0,8,5472.528231672695
6299,94,0,0,0,8,5473.850572098227
6300,94,0,0,0,8,5475.159082736524
6301,93,0,1,0,8,5535.525929117402
6302,93,0,0,0,7,5536.7253914829935
6303,92,0,1,0,7,5598.213859968886
6304,91,0,1,0,6,5661.009207987202
6305,91,0,0,0,5,5662.431735459729
6306,91,0,0,0,5,5663.972944250938
6307,90,0,1,0,5,5728.412127954123
6308,90,0,0,0,4,5730.2099057319
6309,90,0,0,0,4,5731.361016843012
6310,90,0,0,0,4,5732.639905731901
6311,90,0,0,0,4,5734.095461287457
6312,89,0,1,0,4,5799.902398890939
6313,88,0,1,1,3,5867.1970034424785
6314,88,0,0,0,2,5868.65609435157
6315,89,1,0,0,3,5803.603778684698
6316,89,0,0,0,3,5804.758273066721
6317,89,0,0,0,3,5806.237486549867
6318,88,0,1,0,3,5873.398723707618
6319,88,0,0,1,2,5875.0657691621645
6320,88,0,0,0,2,5876.205541889437
6321,88,0,0,0,2,5877.5430418894375
6322,88,0,0,1,2,5879.204405525801
6323,88,1,1,0,3,5880.449346439218
6324,89,1,0,1,3,5815.698230187092
6325,89,0,0,0,3,5816.722387490463
6326,89,0,0,0,3,5818.356657153385
6327,89,0,0,0,3,5819.6178931084405
6328,90,1,0,0,4,5756.550472073903
6329,90,0,0,0,4,5758.009360962792
6330,90,0,0,0,4,5759.443805407237
6331,90,0,0,0,4,5760.849360962792
6332,90,0,0,0,4,5762.376027629459
6333,90,0,0,0,4,5763.78713874057
6334,91,1,0,0,5,5701.601565787378
6335,91,0,0,0,5,5703.251565787377
6336,90,0,1,0,5,5767.840895584145
6337,90,0,0,0,4,5769.4164511397
6338,90,0,0,0,4,5770.820895584145
6339,90,0,0,1,5,5772.0786733619225
6340,89,0,1,0,5,5837.999814922731
6341,89,0,0,0,4,5839.0295902036305
6342,89,0,0,0,4,5839.96947784408
6343,89,0,0,0,4,5841.244196945204
6344,89,0,0,0,4,5842.712174473294
6345,89,0,0,0,4,5843.9475677317205
6346,88,0,1,0,4,5912.188673881975
6347,88,0,0,0,3,5914.017082972884
6348,89,1,0,0,5,5849.100037096784
6349,90,1,0,0,6,5785.299481129043
6350,90,0,0,0,6,5786.348370017931
6351,90,0,0,0,5,5787.79614779571
6352,90,0,0,0,5,5789.068370017932
6353,90,0,0,0,6,5790.703925573487
6354,91,1,0,1,6,5727.947838479274
6355,91,0,0,0,6,5729.193442874878
6356,93,2,0,0,8,5606.886594641011
6357,93,0,0,0,9,5608.760250554989
6358,93,0,0,0,9,5610.023153780796
6359,92,0,1,0,9,5672.501015098684
6360,92,0,0,0,7,5673.969493359554
6361,93,1,0,0,8,5614.297778377193
6362,93,0,0,0,8,5615.385412785796
6363,93,0,0,0,8,5616.823584828807
6364,93,0,0,0,8,5617.945627839559
6365,93,0,0,1,8,5618.867670850313
6366,94,1,0,1,9,5560.185567968926
6367,94,0,0,1,9,5561.733440309352
6368,94,0,0,0,9,5562.988759458288
6369,94,0,0,0,10,5564.0472700965865
6370,94,0,0,0,10,5565.379184990204
6371,94,0,0,0,10,5566.637695628501
6372,94,0,0,0,10,5568.098333926374
6373,94,0,0,0,10,5569.493014777438
6374,94,0,0,0,9,5570.9962062668
6375,94,0,0,0,10,5571.980248819991
6376,93,0,1,0,10,5633.060403136032
6377,93,0,0,0,8,5634.531908512376
6378,92,0,1,0,8,5697.19821081927
6379,92,0,0,0,7,5698.294949949705
6380,93,1,0,0,8,5638.312208552396
6381,92,1,2,0,10,5700.696215152033
6382,92,0,0,0,7,5702.042954282467
6383,92,0,0,0,7,5703.317954282467
6384,92,0,0,0,7,5704.540780369424
6385,91,0,1,0,7,5768.127715795656
6386,91,0,0,0,6,5769.392001509941
6387,91,0,0,0,6,5770.737605905547
6388,88,0,3,0,6,5969.015040537455
6389,88,0,0,0,3,5970.560495082909
6390,88,0,0,0,3,5972.041176901092
6391,88,1,1,0,4,5973.40775434165
6392,88,0,0,0,3,5974.953208887106
6393,88,0,0,0,3,5976.058890705287
6394,88,0,0,0,3,5977.249799796196
6395,88,0,0,0,3,5978.273663432559
6396,89,1,0,1,4,5912.603172832195
6397,89,0,0,0,4,5913.9205885625315
6398,89,0,0,0,4,5915.39418406815
6399,89,0,0,0,4,5916.728453731072
6400,89,0,0,0,4,5918.304296427701
6401,89,0,0,0,4,5919.738566090622
6402,91,2,0,1,6,5790.670136066653
6403,91,0,0,0,6,5791.935520682037
6404,91,0,0,0,6,5793.680026176543
6405,91,0,0,0,6,5794.990465736983
6406,91,0,0,0,6,5796.250355846874
6407,91,0,0,0,6,5797.432223978742
6408,91,0,0,1,6,5798.652553649072
6409,92,1,0,0,7,5736.63622154419
6410,92,0,0,0,7,5737.843830239843
6411,92,0,0,0,7,5739.117743283322
6412,93,1,0,0,8,5678.525079377049
6413,93,0,0,0,8,5679.685832065222
6414,93,0,0,0,8,5680.7777675490925
6415,93,0,0,0,8,5682.008412710384
6416,91,0,2,0,8,5808.193377048555
6417,91,0,0,0,6,5809.66975067493
6418,91,0,0,0,6,5811.217552872731
6419,91,0,0,0,6,5812.625794630973
6420,91,0,0,0,6,5814.012058367238
6421,91,0,0,1,6,5815.493926499105
6422,91,0,0,0,6,5816.963706718886
6423,91,0,0,1,5,5818.378541883721
6424,91,0,0,0,5,5819.7219484771285
6425,90,0,1,0,5,5885.746944205539
6426,90,0,0,0,4,5887.145833094429
6427,90,0,0,0,4,5888.351388649984
6428,89,0,1,0,4,5956.0098788925025
6429,89,0,0,0,3,5957.350890128458
6430,89,0,0,0,3,5959.049204735199
6431,89,0,0,0,3,5960.382350802615
6432,89,0,0,0,3,5961.7110024880085
6433,89,0,0,0,3,5962.753137319469
6434,89,0,0,0,3,5964.453699117223
6435,90,1,0,0,4,5899.135880238143
6436,90,0,0,0,4,5900.145880238143
6437,90,0,0,2,4,5901.67365801592
6438,90,0,0,0,4,5902.723658015921
6439,90,0,0,0,4,5904.203658015921
6440,90,0,0,0,4,5905.634769127033
6441,91,1,0,0,5,5842.0871343014605
6442,91,0,0,0,5,5843.523947488274
6443,91,0,0,0,5,5844.93878265311
6444,91,0,0,0,5,5846.347024411352
6445,91,0,0,0,5,5847.983837598164
6446,91,0,0,0,5,5849.139332103659
6447,91,1,1,0,6,5849.9640945251
6448,91,0,0,0,5,5851.156951667957
6449,90,0,1,0,5,5917.432520903197
6450,90,1,1,0,6,5918.453159009184
6451,90,0,0,0,4,5919.392047898074
6452,90,0,0,0,5,5920.683159009185
6453,90,0,0,0,5,5922.014270120297
6454,90,0,0,0,5,5923.5909367869635
6455,90,0,0,0,5,5925.184270120297
6456,90,0,0,1,5,5926.483159009186
6457,90,0,0,0,5,5927.9420478980755
6458,90,0,0,1,6,5929.374270120298
6459,90,0,0,1,6,5930.475381231409
6460,90,0,0,0,6,5931.509825675853
6461,90,0,0,0,6,5932.860936786965
6462,91,1,0,0,7,5868.818508910185
6463,91,0,0,0,7,5869.822355064031
6464,91,0,0,0,7,5870.803124294801
6465,91,0,0,0,7,5871.891585833263
6466,91,1,1,0,8,5873.034163474508
6467,91,0,0,0,6,5874.490756881102
6468,91,0,0,1,5,5875.760537100883
6469,91,0,0,1,5,5876.952295342642
6470,91,0,0,0,5,5878.330866771213
6471,92,1,0,0,6,5815.487596480221
6472,92,0,0,0,6,5816.883248654135
6473,92,0,0,0,6,5818.149553001961
6474,92,0,0,0,6,5819.482161697614
6475,92,0,0,0,6,5820.57346604544
6476,92,0,0,0,6,5821.94846604544
6477,92,0,0,0,6,5823.229987784571
6478,92,0,0,0,6,5824.273466045441
6479,92,0,0,0,6,5825.348466045441
6480,92,0,0,0,6,5826.684335610658
6481,93,1,0,0,7,5765.515686840651
6482,94,1,0,0,8,5705.405413576389
6483,94,0,0,0,8,5706.446902938092
6484,93,0,1,0,8,5769.115417072792
6485,94,1,0,0,8,5708.942380720955
6486,94,0,0,0,8,5710.34450838053
6487,96,2,0,0,10,5592.228997789269
6488,96,0,0,1,10,5593.823789455935
6489,97,1,0,1,11,5537.553441111029
6490,97,0,0,0,11,5538.752925647112
6491,98,1,0,0,12,5483.466161099693
6492,98,0,0,0,12,5484.903916201733
6493,98,0,0,1,13,5485.95595701806
6494,98,0,0,0,13,5487.483508038469
6495,99,1,0,0,14,5433.569533209798
6496,99,0,0,0,14,5434.755896846162
6497,99,0,0,0,14,5436.043270583535
6498,99,0,0,0,14,5437.411452401718
6499,100,2,0,0,16,5384.0118378777
6500,97,1,3,0,16,5551.266730779706
6501,97,0,0,0,13,5552.760029748778
6502,97,0,0,0,13,5554.014153460119
6503,96,0,1,0,13,5613.389771151601
6504,96,0,0,0,12,5614.660604484936
6505,94,0,2,0,12,5735.304084142857
6506,93,0,1,0,10,5798.344590884159
6507,93,0,0,0,9,5799.824698411041
6508,93,0,0,1,9,5801.173623142225
6509,92,0,1,0,9,5865.706799649227
6510,93,1,0,0,9,5803.814253416441
6511,93,0,0,0,9,5805.077156642246
6512,93,0,0,0,9,5806.819629760526
6513,93,0,0,0,9,5807.957801803537
6514,93,1,1,0,10,5808.970187261954
6515,93,0,0,0,9,5810.44491844475
6516,93,0,0,0,9,5811.545456079159
6517,94,1,0,0,10,5750.886993780445
6518,93,0,1,1,10,5813.89211557476
6519,93,0,0,0,9,5815.191577940352
6520,93,0,0,0,9,5816.307169338202
6521,93,0,0,0,9,5817.378674714546
6522,94,1,0,0,10,5756.812412217582
6523,93,0,1,0,10,5820.258658879787
6524,93,0,0,0,9,5821.586078234626
6525,93,0,0,0,9,5822.867261030326
6526,93,1,1,0,10,5823.954286147195
6527,91,0,2,1,9,5952.8406241383345
6528,92,1,0,0,8,5889.2548564846575
6529,92,0,0,0,8,5890.285291267265
6530,92,0,0,0,8,5891.573334745527
6531,92,0,0,0,8,5892.609204310744
6532,92,0,0,0,8,5893.867899962918
6533,91,0,1,0,8,5959.667058511269
6534,91,0,0,0,6,5960.9676079618175
6535,90,0,1,1,6,6028.407852958869
6536,90,0,0,0,5,6029.765630736647
6537,91,1,0,0,6,5964.633041387892
6538,91,0,0,0,6,5966.04567875053
6539,91,0,0,0,6,5967.518755673607
6540,91,0,0,0,6,5968.8753490802
6541,91,0,0,0,6,5969.889085343938
6542,91,0,0,1,6,5971.285239190091
6543,91,0,0,0,6,5972.479195234047
6544,91,1,1,0,7,5973.648140868767
6545,91,0,0,2,6,5974.780558451185
6546,91,0,0,0,6,5976.081107901734
6547,91,0,0,0,6,5977.531107901735
6548,91,0,0,0,6,5979.219569440197
6549,91,0,0,0,6,5980.9464925171205
6550,92,1,0,0,8,5917.379139337586
6551,92,0,0,0,8,5918.823704554978
6552,92,0,0,0,8,5920.134574120195
6553,91,0,1,0,8,5986.177014093214
6554,91,0,0,0,6,5987.772069038269
6555,91,0,0,0,6,5989.088003104203
6556,92,2,1,0,9,5924.833884855154
6557,92,0,0,0,8,5925.883884855155
6558,92,0,0,0,8,5927.154537029069
6559,91,0,1,0,8,5993.464488972018
6560,91,0,0,0,7,5994.827675785205
6561,90,0,1,0,7,6062.726884795361
6562,91,1,0,0,6,5997.230984962444
6563,91,0,0,0,6,5998.690875072334
6564,91,0,0,0,6,6000.224391555851
6565,91,0,0,0,6,6001.55571023717
6566,91,0,0,0,6,6002.617798149258
6567,91,0,0,0,6,6003.632633314093
6568,90,0,1,0,6,6071.108147518946
6569,90,0,0,0,5,6072.8881475189455
6570,90,0,0,0,5,6074.119258630057
6571,90,0,0,0,5,6075.589258630058
6572,89,0,1,0,5,6145.160511452655
6573,90,1,0,1,5,6078.045950214292
6574,90,0,0,0,5,6079.415950214292
6575,90,0,0,0,5,6080.468172436514
6576,91,1,0,0,6,6015.220170541607
6577,91,0,0,0,6,6016.774566146004
6578,91,0,0,0,6,6018.238851860289
6579,91,0,0,0,6,6019.680060651499
6580,91,0,0,0,6,6021.166324387763
6581,91,0,0,0,6,6022.642698014137
6582,91,0,0,0,6,6023.970719992159
6583,91,0,0,0,6,6025.596544167984
6584,91,0,0,1,6,6027.065225486665
6585,91,0,0,1,6,6028.3624782339175
6586,91,0,0,1,6,6029.56082988227
6587,91,0,0,0,6,6031.091049662489
6588,91,0,0,1,5,6032.28061010205
6589,90,0,1,0,5,6100.50840332848
6590,90,0,0,0,4,6102.066181106259
6591,91,1,0,0,5,6035.905014280916
6592,91,0,0,1,5,6037.214354940256
6593,91,0,0,0,5,6038.25995933586
6594,91,0,0,0,5,6039.412157138058
6595,92,1,0,0,6,5974.794090212646
6596,92,0,0,0,6,5976.171264125688
6597,92,0,0,0,6,5977.694090212646
6598,92,0,0,0,6,5978.822351082211
6599,92,0,0,0,6,5980.03974238656
6600,92,0,0,0,6,5981.632133690908
6601,92,0,0,0,6,5982.720177169168
6602,92,0,0,0,6,5984.069090212646
6603,92,0,0,0,6,5985.607133690908
6604,93,1,0,0,7,5922.574798920038
6605,93,0,0,0,7,5923.65490644692
6606,93,0,0,0,7,5924.792003221114
6607,93,0,0,0,7,5925.9355516082105
6608,94,1,0,0,8,5864.242088293229
6609,94,0,0,1,8,5865.67293935706
6610,95,1,0,0,9,5805.084803153301
6611,95,0,0,0,9,5806.3916452585645
6612,96,1,0,0,11,5747.483919787122
6613,96,0,0,0,11,5748.842253120456
6614,96,0,0,1,11,5750.421419787122
6615,96,0,0,0,11,5751.9578781204555
6616,95,0,1,0,11,5813.788091563355
6617,95,0,0,0,10,5815.028617879144
6618,95,0,0,0,10,5816.498617879144
6619,95,0,0,0,10,5817.657038931777
6620,95,0,0,0,10,5818.739670510724
6621,95,0,0,0,10,5819.946512615987
6622,93,0,2,0,10,5946.30400826166
6623,92,0,1,0,7,6012.32490923896
6624,92,0,0,0,6,6013.825996195481
6625,93,1,0,0,7,5950.374103763273
6626,93,0,0,0,7,5951.806899462197
6627,93,1,1,1,10,5952.871832924865
6628,93,0,0,0,9,5954.51645658078
6629,93,0,0,0,9,5955.597639376478
6630,93,0,0,0,9,5957.223983462501
6631,93,0,0,0,9,5958.685811419489
6632,93,0,0,0,9,5959.810004967877
6633,93,0,0,0,9,5961.025596365727
6634,93,0,0,0,9,5962.415381311964
6635,93,0,0,0,9,5963.665381311964
6636,92,0,1,0,9,6030.06154981263
6637,93,1,0,0,8,5966.567339599592
6638,93,0,0,0,8,5968.047447126474
6639,92,0,1,0,8,6034.040142081178
6640,92,0,0,0,7,6035.5716638203085
6641,92,0,0,0,7,6036.619489907265
6642,92,0,0,0,7,6038.069489907266
6643,92,0,0,0,7,6039.729272515961
6644,92,0,0,0,7,6041.265142081179
6645,92,0,0,0,7,6043.024924689875
6646,92,0,0,0,7,6044.190142081178
6647,92,0,0,0,7,6045.837968168136
6648,92,0,0,1,6,6046.889055124658
6649,92,0,0,0,6,6048.0564464290055
6650,93,1,0,0,7,5984.173043779231
6651,93,0,0,0,7,5985.505839478157
6652,93,0,0,0,7,5986.784871736222
6653,93,0,0,0,7,5988.12411904805
6654,93,0,0,0,7,5989.698850230846
6655,93,0,0,0,7,5991.110140553426
6656,93,0,0,0,7,5992.290248080309
6657,93,0,0,0,7,5993.561753456654
6658,93,0,0,0,7,5995.078420123319
6659,94,1,0,1,8,5932.434500760306
6660,92,0,2,0,8,6063.332002751913
6661,92,0,0,0,6,6064.726567969305
6662,92,0,0,0,6,6066.158089708436
6663,92,0,0,0,6,6067.5472201432185
6664,92,0,0,0,6,6068.852654925827
6665,92,0,0,0,6,6070.4548288388705
6666,92,0,0,0,6,6071.559176664958
6667,92,0,0,0,6,6073.005915795394
6668,92,0,0,0,6,6074.182002751914
6669,92,0,0,0,6,6075.377654925829
6670,91,0,1,0,6,6143.451583801341
6671,91,0,0,0,5,6144.9543310540885
6672,91,0,0,0,5,6146.171364021122
6673,91,0,0,0,5,6147.397188196946
6674,91,0,0,1,5,6148.44389149365
6675,91,0,0,1,4,6150.007078306837
6676,91,0,0,1,5,6151.436199185958
6677,91,0,0,0,5,6152.770814570573
6678,91,0,0,0,5,6153.724111273871
6679,91,0,0,0,5,6155.05433105409
6680,91,0,0,1,5,6156.395539845299
6681,91,0,0,0,5,6158.169715669475
6682,91,0,0,0,5,6159.266968416728
6683,91,0,0,0,5,6160.331254131015
6684,91,0,0,0,5,6161.494440944201
6685,91,0,0,0,5,6162.842243142004
6686,91,0,0,0,5,6164.33510028486
6687,91,0,0,0,5,6165.593891493652
6688,91,0,0,1,6,6167.0208145705765
6689,91,0,0,0,6,6168.442243142005
6690,91,0,0,0,6,6169.509825559588
6691,92,1,0,0,7,6103.5874361513315
6692,93,1,0,0,8,6039.231657267984
6693,93,0,0,0,8,6040.616065870135
6694,93,0,0,0,8,6042.046711031425
6695,94,1,0,0,9,5979.188235382156
6696,94,0,0,0,9,5980.513767297049
6697,94,0,0,0,10,5981.814831126837
6698,94,0,0,0,9,5982.870150275772
6699,94,0,0,1,10,5984.577597084283
6700,93,0,1,0,10,6050.272189251993
6701,93,0,0,0,9,6051.584554843392
6702,93,0,0,0,9,6052.7517591444675
6703,94,1,0,1,10,5989.453868089739
6704,94,0,0,0,10,5990.708123408888
6705,94,0,0,0,10,5992.065570217399
6706,93,0,1,0,10,6057.89784815362
6707,93,0,0,0,8,6059.520966433191
6708,93,0,0,1,8,6061.131181486953
6709,93,0,0,0,8,6062.448923422438
6710,93,0,0,0,8,6063.892471809535
6711,93,0,0,0,8,6064.9919341751265
6712,93,0,0,0,8,6066.672041702008
6713,92,0,1,0,8,6134.204078163298
6714,92,0,0,0,7,6135.38125207634
6715,92,0,0,1,7,6136.4964694676455
6716,91,0,1,0,7,6205.085825727432
6717,90,0,1,0,6,6275.353658309724
6718,90,0,0,0,5,6276.935880531946
6719,90,0,0,0,5,6278.11921386528
6720,90,0,0,0,5,6279.749213865281
6721,90,0,0,0,5,6281.101436087503
6722,90,0,0,1,5,6282.2781027541705
6723,90,0,0,0,5,6283.671436087504
6724,90,0,0,1,5,6285.123658309725
6725,90,0,0,1,4,6286.539213865281
6726,90,0,0,0,4,6287.833658309726
6727,90,0,0,0,4,6289.253658309726
6728,91,1,0,1,5,6221.559662064566
6729,91,0,0,0,5,6222.838233493137
6730,91,0,0,0,5,6224.2113104162145
6731,91,0,0,0,5,6225.788782943688
6732,92,1,0,0,6,6159.402491824734
6733,92,0,0,0,6,6160.661187476909
6734,92,0,0,1,6,6161.868796172561
6735,92,0,0,0,6,6163.103578781256
6736,93,1,0,0,7,6098.107841375007
6737,93,0,0,0,7,6099.395475783609
6738,93,0,0,0,7,6100.896013418019
6739,93,0,0,0,7,6102.332034923395
6740,94,1,0,0,8,6038.766268594423
6741,94,0,0,0,8,6040.444991998678
6742,94,0,0,0,8,6041.91733242421
6743,94,0,0,1,8,6043.497119658254
6744,94,1,1,0,9,6045.0884240383675
6745,93,0,1,0,8,6111.428590675846
6746,93,0,0,0,7,6112.7667627188575
6747,93,0,0,0,7,6114.2597734715455
6748,93,0,0,0,7,6115.496870245739
6749,93,0,0,0,7,6116.827515407031
6750,93,0,0,0,7,6118.293644439289
6751,93,0,0,0,7,6119.535042288752
6752,93,0,0,1,7,6120.767837987677
6753,94,1,0,0,9,6056.762329072914
6754,94,0,0,0,9,6058.034669498446
6755,92,0,2,0,9,6191.347267097683
6756,90,0,2,0,7,6330.614695535007
6757,91,1,0,0,5,6262.087061518138
6758,92,1,0,0,6,6195.3007891103325
6759,92,0,0,1,6,6197.127963023377
6760,92,0,0,1,6,6198.275789110333
6761,92,0,0,0,6,6199.73013693642
6762,91,0,1,0,6,6269.2554552224365
6763,90,0,1,0,5,6340.422215008796
6764,90,0,0,0,4,6341.907770564353
6765,90,0,0,2,4,6343.105548342131
6766,91,1,0,0,5,6274.61427858013
6767,91,0,0,0,5,6275.959882975734
6768,91,0,0,1,5,6277.359333525185
6769,91,0,0,0,5,6278.579663195515
6770,91,0,0,0,5,6279.717575283426
6771,91,0,0,0,5,6280.846696162549
6772,91,0,0,1,4,6282.362630228483
6773,91,0,0,0,4,6283.834608250461
6774,91,0,0,0,4,6284.991201657055
6775,92,1,0,0,5,6217.550536421652
6776,92,1,1,0,6,6218.739165462132
6777,92,0,0,0,5,6220.005469809959
6778,92,0,0,0,5,6221.257643723003
6779,92,0,0,0,5,6222.243513288221
6780,92,0,0,0,5,6223.695687201264
6781,92,0,0,0,5,6225.303295896916
6782,92,0,0,0,5,6226.495687201264
6783,92,0,0,0,5,6227.96090459257
6784,92,0,0,0,5,6229.270687201265
6785,92,0,0,0,5,6230.300035027353
6786,91,0,1,0,5,6299.845648370945
6787,91,0,0,0,4,6301.326417601715
6788,91,0,0,0,4,6302.752241777539
6789,91,0,0,0,4,6303.909934085231
6790,91,0,0,0,4,6305.539054964353
6791,91,0,0,0,4,6306.79235166765
6792,91,0,0,0,4,6308.228065953364
6793,92,1,0,0,5,6240.78700001909
6794,92,0,0,1,5,6242.264173932133
6795,92,0,0,0,5,6243.512000019089
6796,91,0,1,0,5,6313.32491137211
6797,91,0,0,0,4,6314.763922361121
6798,91,0,0,0,4,6315.9084278556265
6799,91,0,0,0,4,6317.2804058776055
6800,91,0,0,0,4,6318.545790492991
6801,91,0,0,0,4,6320.032054229255
6802,92,1,0,0,5,6252.531162335459
6803,92,0,0,0,5,6253.882249291981
6804,92,0,0,0,5,6255.528988422416
6805,92,0,0,0,5,6256.702901465894
6806,93,1,0,1,6,6190.566311127552
6807,93,0,0,1,6,6191.668999299594
6808,93,0,0,0,6,6192.887816503896
6809,93,0,0,0,6,6193.980827256585
6810,93,0,0,0,6,6195.030827256585
6811,93,0,0,0,6,6196.071149837231
6812,92,0,1,0,6,6264.896025736034
6813,92,0,0,0,5,6266.33733008386
6814,92,0,0,0,5,6267.482982257773
6815,92,0,0,0,5,6268.840590953426
6816,92,0,0,1,5,6270.100373562122
6817,92,0,0,0,5,6271.006895301252
6818,92,0,0,0,5,6272.155808344732
6819,92,0,0,1,5,6273.461243127341
6820,92,0,0,0,5,6274.912330083863
6821,92,0,0,0,5,6276.401460518646
6822,92,0,0,0,5,6277.618851822993
6823,92,0,0,0,5,6278.844938779515
6824,92,0,0,0,5,6280.364503996907
6825,92,0,0,0,5,6281.363417040386
6826,92,0,0,0,5,6283.02211269256
6827,92,0,0,0,5,6284.869938779518
6828,92,0,0,0,5,6286.07863443169
6829,93,1,0,0,6,6219.870262018448
6830,93,0,0,0,6,6220.997681373286
6831,93,0,0,0,6,6222.163810405545
6832,94,1,0,0,8,6157.278557103357
6833,94,0,0,1,8,6158.711535826763
6834,94,0,0,0,8,6159.939195401231
6835,94,0,0,0,8,6161.428557103359
6836,97,3,0,0,11,5971.974065646555
6837,97,0,0,0,11,5973.137467708411
6838,97,0,0,0,11,5974.647261522843
6839,97,0,0,0,11,5976.429220285731
6840,97,0,0,1,12,5978.0369522444935
6841,97,0,0,1,13,5979.224065646556
6842,97,0,0,0,13,5980.537983172329
6843,97,0,0,1,13,5982.129220285731
6844,97,0,0,0,13,5983.668911007382
6845,98,1,0,0,14,5923.753411915469
6846,98,0,0,1,14,5924.964636405266
6847,98,0,0,1,13,5926.469738446082
6848,98,0,0,0,13,5927.97177926241
6849,98,0,0,0,13,5929.625860895062
6850,98,0,0,0,13,5930.9279017113895
6851,98,0,0,0,13,5932.369738446084
6852,98,0,0,0,13,5934.010554772614
6853,97,0,1,0,13,5996.564282582416
6854,97,0,0,1,11,5997.591602170045
6855,98,1,0,0,12,5937.850361331576
6856,98,0,0,0,12,5939.259545005046
6857,98,0,0,2,12,5940.7064837805565
6858,98,0,0,0,13,5941.975871535658
6859,98,0,0,0,13,5943.084034800965
6860,98,0,0,1,13,5944.5636266377005
6861,98,0,0,0,13,5945.846279698925
6862,98,0,0,0,13,5947.4432184744355
6863,98,0,0,0,13,5948.714647045864
6864,97,0,1,2,12,6011.338427791751
6865,97,0,0,0,11,6012.667809235049
6866,97,1,1,0,12,6013.489233881679
6867,97,0,0,0,11,6014.776347283742
6868,97,0,0,0,11,6015.926347283743
6869,98,1,0,0,13,5956.001078433908
6870,98,0,0,0,12,5957.3235274135
6871,98,0,0,1,12,5958.404139658398
6872,98,0,0,0,12,5959.69189476044
6873,98,0,0,0,12,5961.093935576767
6874,98,0,0,0,12,5962.452098842074
6875,98,0,0,1,12,5963.9653641481955
6876,97,0,1,0,13,6026.582904778082
6877,97,0,0,0,11,6027.89785323169
6878,96,0,1,1,11,6092.232896517725
6879,96,0,0,0,11,6093.368313184391
6880,96,0,0,0,10,6094.415188184391
6881,96,0,0,0,10,6095.597479851059
6882,96,0,0,0,11,6096.898521517726
6883,97,1,0,0,11,6035.36142335775
6884,96,0,1,0,12,6099.762805948779
6885,96,0,0,0,11,6100.802389282112
6886,96,0,0,0,10,6102.179472615447
6887,95,0,1,0,11,6167.988934492263
6888,95,0,0,1,9,6169.675776597526
6889,95,0,0,0,9,6171.034197650159
6890,95,0,0,0,9,6172.406302913318
6891,95,0,0,0,9,6173.732092387001
6892,94,0,1,0,9,6240.8014361815385
6893,94,0,0,0,8,6242.049308521964
6894,92,0,2,0,9,6379.324198246583
6895,92,0,0,0,6,6380.964415637887
6896,92,0,0,1,6,6382.464415637887
6897,92,0,0,0,6,6383.849198246585
6898,91,0,1,0,6,6455.375398173547
6899,91,0,0,0,5,6456.856167404317
6900,92,1,0,0,6,6387.631100367313
6901,92,0,0,1,6,6388.470230802096
6902,92,0,0,0,6,6390.039796019488
6903,92,0,0,0,6,6391.283274280358
6904,93,1,0,0,7,6323.664099288097
6905,93,0,0,0,8,6325.1065724063765
6906,93,0,0,1,8,6326.54797025584
6907,93,0,0,0,7,6327.716249825732
6908,93,0,0,1,7,6329.549045524656
6909,93,0,0,0,7,6330.948507890248
6910,93,0,0,1,7,6332.050120793475
6911,93,0,0,1,8,6333.3775401483135
6912,92,0,1,0,8,6403.5953418145955
6913,92,0,0,1,7,6404.9757765972045
6914,92,0,0,1,7,6406.5464287711175
6915,92,0,0,0,7,6407.935559205901
6916,91,0,1,0,7,6479.5054572332565
6917,91,0,0,0,6,6481.159852837653
6918,90,0,1,0,6,6554.069313074911
6919,90,0,0,0,5,6555.565979741578
6920,90,0,0,0,5,6556.9604241860225
6921,90,0,0,0,5,6558.2426464082455
6922,90,0,0,0,4,6559.560424186024
6923,90,0,0,0,4,6560.8870908526915
6924,90,0,0,0,5,6562.144868630468
6925,90,0,0,0,5,6563.573757519358
6926,91,1,0,0,5,6492.875144799365
6927,91,0,0,0,6,6494.63173820596
6928,91,0,0,0,6,6495.8081118323325
6929,90,0,1,0,6,6569.639242995813
6930,90,0,0,0,4,6570.867020773591
6931,90,0,0,0,4,6572.13368744026
6932,90,0,0,0,4,6573.538131884704
6933,90,0,0,0,4,6574.835909662483
6934,90,0,0,1,4,6576.019242995816
6935,90,0,0,0,4,6577.068131884705
6936,91,1,0,0,5,6506.597053512346
6937,91,0,0,0,5,6507.928372193665
6938,92,1,0,0,7,6438.198172495908
6939,93,1,0,1,8,6370.249805049715
6940,93,0,0,0,8,6371.7481921464905
6941,93,0,0,0,8,6373.064858813157
6942,93,0,0,0,8,6374.1503426841255
6943,93,0,0,0,8,6375.145503974449
6944,93,0,0,0,8,6376.111633006706
6945,93,0,0,0,8,6377.56808461961
6946,93,0,0,0,8,6379.134213651869
6947,93,0,0,1,8,6380.6024932217615
6948,93,0,0,0,8,6381.728837307783
6949,93,0,0,0,8,6383.285288920686
6950,93,0,0,0,8,6384.647116877675
6951,93,0,0,1,8,6386.303568490579
6952,93,0,0,0,8,6387.817009350794
6953,92,0,1,0,8,6458.624837499404
6954,92,0,0,0,6,6460.240054890708
6955,92,0,0,0,6,6461.625924455927
6956,93,1,0,0,7,6393.3611295693045
6957,95,2,0,0,9,6259.445632104687
6958,95,0,0,0,9,6260.824053157319
6959,95,0,0,0,9,6261.933000525741
6960,95,0,0,0,9,6263.060895262583
6961,95,0,0,0,9,6264.381421578373
6962,97,2,0,0,11,6136.47201082418
6963,97,0,0,0,11,6137.993144844799
6964,97,0,0,0,11,6139.380258246862
6965,97,1,1,0,12,6140.651548393496
6966,97,0,0,0,11,6141.978867981125
6967,97,0,0,0,11,6143.355672104837
6968,97,0,0,0,11,6144.818043238859
6969,97,0,0,0,11,6146.19897107391
6970,96,0,1,0,11,6211.677600047024
6971,95,0,1,0,10,6278.187001079053
6972,95,0,0,0,9,6279.402264236946
6973,95,0,0,0,9,6280.432264236948
6974,93,0,2,0,9,6416.608377604074
6975,93,0,0,0,7,6417.760528141709
6976,93,0,0,0,7,6419.282571152462
6977,93,0,0,0,7,6420.702463625581
6978,93,0,0,0,7,6421.794399109453
6979,93,0,0,1,7,6423.202463625582
6980,93,0,0,0,7,6424.651388356765
6981,93,0,0,0,7,6425.765904485797
6982,93,1,1,1,8,6426.9607774420265
6983,93,0,0,0,7,6428.597874216221
6984,93,0,0,0,7,6429.881207549554
6985,93,0,0,0,7,6431.24411077536
6986,93,0,0,0,7,6432.665078517296
6987,93,0,0,0,7,6434.0398097000925
6988,93,0,0,0,7,6435.208089269986
6989,93,0,0,0,7,6436.565616151706
6990,93,0,0,0,7,6437.954325829126
6991,93,0,0,0,7,6438.81830432375
6992,93,0,0,1,7,6440.309164538804
6993,93,0,0,0,7,6441.54518604418
6994,93,0,0,1,7,6442.685508624826
6995,93,0,0,0,7,6444.272067764611
6996,93,0,0,1,7,6445.687659162461
6997,93,0,0,0,7,6447.308626904396
6998,93,0,0,0,7,6448.960777442031
6999,93,0,0,0,7,6450.109702173215
7000,93,0,0,0,7,6451.285508624827
7001,93,0,0,0,7,6452.455938732355
7002,94,1,0,1,8,6385.13353512882
7003,92,0,2,0,8,6525.578076825781
7004,92,0,0,0,6,6526.697642043174
7005,92,0,0,0,6,6528.204163782304
7006,92,0,0,0,6,6529.204163782304
7007,92,0,0,0,6,6530.759598564913
7008,92,1,1,0,7,6531.774992767174
7009,90,0,2,0,6,6678.427281277033
7010,89,0,1,1,4,6754.818041248439
7011,89,0,0,0,3,6756.448940124846
7012,89,0,0,0,3,6757.7719738327105
7013,89,0,0,0,3,6759.087142372037
7014,89,0,0,0,3,6760.339389563048
7015,89,0,0,0,3,6761.508490686643
7016,89,0,0,0,3,6762.784333383273
7017,89,0,0,0,3,6764.187142372037
7018,89,0,0,0,3,6765.461861473162
7019,89,0,0,0,3,6766.7320861922635
7020,89,0,0,0,3,6768.100063720353
7021,88,0,1,1,3,6845.9818726426165
7022,88,0,0,1,2,6847.311418097162
7023,88,0,0,1,2,6848.733009006252
7024,89,1,0,0,3,6773.330390927531
7025,89,0,0,0,3,6774.617469579217
7026,89,0,0,1,3,6776.244997669106
7027,89,0,0,0,3,6776.952301039892
7028,89,0,0,0,3,6778.430390927532
7029,89,0,0,0,3,6779.438817893824
7030,91,2,0,0,5,6631.364887830225
7031,91,0,0,0,5,6632.586316401655
7032,92,1,0,0,6,6561.626139049463
7033,92,0,0,0,6,6563.183747745115
7034,92,0,0,1,5,6564.406573832071
7035,92,0,0,0,5,6565.933747745115
7036,92,0,0,1,5,6567.551139049464
7037,92,0,0,0,5,6569.584834701637
7038,92,0,0,0,5,6571.166356440769
7039,92,0,0,0,5,6572.307660788595
7040,91,0,1,0,5,6645.954296865611
7041,91,0,0,0,4,6647.532868294183
7042,90,0,1,0,4,6722.650474389381
7043,90,0,0,0,3,6723.896029944936
7044,91,1,0,0,4,6651.535634011477
7045,91,0,0,0,4,6652.630688956532
7046,91,0,0,0,4,6653.97189774774
7047,90,0,1,0,4,6729.182356130915
7048,90,0,0,0,3,6730.322356130916
7049,90,0,0,0,3,6732.284578353138
7050,90,0,0,0,3,6733.550133908694
7051,91,1,0,0,4,6660.4440884811265
7052,91,0,0,0,4,6661.631451118489
7053,91,0,0,0,4,6662.902330239369
7054,91,0,0,0,4,6664.14244012948
7055,91,0,0,0,4,6665.950681887722
7056,91,0,0,0,4,6667.090791777831
7057,92,1,0,0,5,6595.92621795416
7058,92,0,0,0,5,6597.730565780247
7059,92,0,0,0,5,6598.967522301987
7060,92,0,0,0,5,6600.6631744759
7061,92,0,0,0,5,6601.630565780248
7062,92,0,0,0,5,6603.164261432423
7063,92,0,0,0,5,6604.6457831715525
7064,92,0,0,0,5,6605.957739693293
7065,92,0,0,0,5,6607.101217954163
7066,91,0,1,0,5,6681.009850654881
7067,91,0,0,1,4,6682.484026479057
7068,92,1,0,0,5,6611.010830539069
7069,93,1,0,0,6,6540.976305479508
7070,92,0,1,0,6,6613.415437676419
7071,92,0,0,0,5,6614.799133328593
7072,92,0,0,1,5,6615.902394198159
7073,93,1,0,0,6,6546.350755550868
7074,93,0,0,0,6,6547.810432970222
7075,92,0,1,0,6,6620.379436218978
7076,93,1,0,0,6,6550.288259485441
7077,93,0,0,1,6,6551.484496044581
7078,93,0,0,0,6,6552.912990668237
7079,93,0,0,1,6,6554.135033678991
7080,93,1,1,0,7,6554.933580366869
7081,94,1,0,0,7,6486.551840150201
7082,95,1,0,0,8,6419.636557622304
7083,95,0,0,0,8,6421.011820780199
7084,95,0,0,0,8,6422.174452359147
7085,95,0,0,1,9,6423.757083938094
7086,95,0,0,0,9,6425.4049786749365
7087,95,0,0,0,9,6426.6560313065165
7088,96,1,0,1,10,6360.482010147073
7089,96,0,0,0,10,6361.970551813742
7090,96,0,0,0,10,6362.937218480408
7091,96,0,0,0,10,6364.547635147075
7092,96,0,0,0,10,6365.903885147075
7093,96,0,0,0,10,6367.1528434804095
7094,95,0,1,0,10,6435.246067146626
7095,95,0,0,0,9,6436.279225041363
7096,95,0,0,0,9,6437.787119778206
7097,95,0,0,0,9,6439.368698725575
7098,96,2,1,1,11,6373.43906003579
7099,96,0,0,2,10,6374.734893369124
7100,96,0,0,0,10,6376.011976702456
7101,96,0,0,0,10,6377.505726702457
7102,96,0,0,0,10,6378.763018369124
7103,96,0,0,1,10,6380.090101702458
7104,96,0,0,0,10,6381.380726702458
7105,96,0,0,0,10,6382.586976702459
7106,96,0,0,0,10,6383.892185035792
7107,96,0,0,0,10,6385.480726702459
7108,96,0,0,0,10,6386.835935035792
7109,96,0,0,0,10,6388.2661433691255
7110,95,0,1,0,10,6457.11597043344
7111,95,0,0,0,9,6458.509128328177
7112,95,0,0,0,9,6459.761233591336
7113,96,1,0,0,10,6393.593408241427
7114,96,0,0,0,10,6395.09861657476
7115,96,0,0,0,10,6396.399658241427
7116,95,0,1,0,10,6464.988805611461
7117,95,0,0,0,9,6466.029331927251
7118,95,0,0,0,9,6467.153016137778
7119,95,0,0,0,9,6468.509331927253
7120,95,0,0,0,9,6469.687752979884
7121,93,0,2,0,9,6610.129559860818
7122,93,0,0,0,7,6611.813968462969
7123,93,0,0,0,7,6613.356441581249
7124,94,1,0,0,8,6544.360628372938
7125,94,0,0,0,8,6545.653181564427
7126,94,0,0,1,8,6547.143607096343
7127,94,0,0,0,8,6548.490415606981
7128,95,1,0,0,9,6480.747358600592
7129,95,0,0,0,9,6482.1489375479605
7130,95,0,0,0,9,6483.9557796532235
7131,95,0,0,0,10,6485.389990179541
7132,95,0,0,0,10,6486.636832284804
7133,94,0,1,0,10,6556.780105208735
7134,94,0,0,0,8,6557.791807336394
7135,95,1,0,0,9,6490.009788311802
7136,95,0,0,0,9,6491.225051469696
7137,95,0,0,0,9,6492.689788311802
7138,95,0,0,0,9,6494.188209364434
7139,95,0,0,0,9,6495.555051469698
7140,95,0,0,0,9,6496.965051469698
7141,95,0,0,0,9,6498.255051469699
7142,94,0,1,0,9,6568.871334712364
7143,94,0,0,0,8,6570.386228329386
7144,94,0,0,0,8,6571.612824074067
7145,94,0,0,0,8,6573.0160155634285
7146,94,0,0,0,8,6574.156441095344
7147,94,0,0,0,8,6575.571334712366
7148,94,0,0,0,8,6577.061760244282
7149,94,0,0,0,8,6578.160696414495
7150,94,0,0,0,8,6579.581973010239
7151,94,0,0,0,8,6581.170270882581
7152,94,0,0,0,8,6582.700058116623
7153,92,0,2,1,8,6726.96807374664
7154,92,0,0,0,6,6727.945247659683
7155,92,0,0,0,6,6728.996334616205
7156,92,0,0,0,6,6730.262638964033
7157,92,0,0,0,6,6731.5332911379455
7158,92,0,0,0,6,6732.899595485771
7159,92,0,0,0,6,6733.931117224902
7160,92,0,0,0,6,6735.159378094469
7161,91,0,1,0,6,6810.585396536419
7162,91,0,0,0,5,6811.627704228727
7163,91,0,0,0,5,6812.8304514814745
7164,91,0,0,0,5,6813.94528664631
7165,91,0,0,0,5,6815.162319613343
7166,91,0,0,0,5,6816.668363569387
7167,91,0,0,0,5,6818.048033899058
7168,91,0,0,0,5,6819.24748444851
7169,91,0,0,0,5,6820.637044888071
7170,91,0,0,0,5,6821.925506426532
7171,92,1,0,1,7,6748.908381356678
7172,92,0,0,0,7,6750.163816139288
7173,92,0,0,0,7,6751.400772661026
7174,92,0,0,0,7,6752.802946574071
7175,93,1,0,0,8,6681.363129944242
7176,94,1,0,0,9,6611.230011540581
7177,94,0,0,0,9,6612.509798774623
7178,94,0,0,0,9,6614.02682005122
7179,94,0,0,0,9,6615.316181753347
7180,93,0,1,0,9,6687.965793667614
7181,93,0,0,0,8,6689.360954957937
7182,93,0,0,0,8,6690.667944205249
7183,93,0,0,0,8,6692.066331302023
7184,92,0,1,0,8,6766.0628291198755
7185,92,0,0,0,7,6767.526959554659
7186,92,0,0,2,7,6768.3465247720505
7187,92,0,0,2,7,6769.801959554659
7188,92,0,0,0,7,6771.1182639024855
7189,92,0,0,0,7,6772.530220424225
7190,93,1,0,0,8,6700.68688472074
7191,93,0,0,0,8,6701.704626656224
7192,93,0,0,0,8,6703.173981494933
7193,93,0,0,0,8,6704.602476118589
7194,92,0,1,1,8,6778.989424060163
7195,93,1,0,0,9,6707.333623801452
7196,94,1,0,0,9,6637.290180995054
7197,95,1,0,0,11,6568.394494879317
7198,95,0,0,1,11,6569.938179089843
7199,94,0,1,0,11,6641.337817857463
7200,94,0,0,0,10,6642.794200836187
7201,94,0,0,0,10,6644.0431370064
7202,94,0,0,0,10,6645.444200836187
7203,94,0,0,1,10,6646.577179559592
7204,94,0,0,1,10,6647.623988070231
7205,94,0,0,0,10,6649.153775304274
7206,93,0,1,0,10,6722.171139490142
7207,93,0,0,0,8,6723.481354543906
7208,92,0,1,0,8,6797.768163240634
7209,92,0,0,0,7,6798.619250197155
7210,92,0,0,0,7,6799.975771936285
7211,93,1,0,0,8,6727.871731377832
7212,92,0,1,0,8,6802.354009967575
7213,92,0,0,0,7,6803.987705619749
7214,92,0,0,1,7,6805.352923011053
7215,92,0,0,0,7,6806.851836054531
7216,92,0,0,0,7,6808.172488228446
7217,92,0,0,0,7,6809.664879532793
7218,92,0,0,0,7,6811.28118388062
7219,92,0,0,0,7,6812.5714012719245
7220,93,1,0,0,8,6740.877085129216
7221,93,0,0,0,8,6742.361493731367
7222,93,0,0,0,8,6743.843751795883
7223,93,0,0,0,8,6745.239988355023
7224,94,1,0,0,9,6674.589031032098
7225,94,0,0,1,8,6675.727328904439
7226,94,0,0,0,8,6676.982648053375
7227,93,0,1,0,8,6750.340455315738
7228,93,0,0,0,7,6751.924863917889
7229,93,0,0,1,7,6753.185616606062
7230,93,0,0,0,7,6754.4033585415455
7231,95,2,0,0,9,6613.2680246775135
7232,96,2,1,0,12,6545.67027766853
7233,97,1,0,0,12,6479.135532537926
7234,97,0,0,0,12,6480.531924290504
7235,97,0,0,0,13,6482.28501707401
7236,97,0,0,0,13,6483.647388208031
7237,97,0,0,0,13,6484.982955218341
7238,95,0,2,0,13,6622.8752330687275
7239,96,1,0,0,10,6554.912470224262
7240,97,1,0,0,11,6488.411310737414
7241,97,0,0,0,11,6489.960279809578
7242,98,1,0,1,12,6424.95609328091
7243,98,0,0,1,12,6426.391807566625
7244,99,1,0,0,13,6362.680779207366
7245,100,1,0,0,14,6300.557471415294
7246,100,0,0,0,14,6302.138471415293
7247,100,0,0,0,14,6303.261471415293
7248,100,0,0,1,14,6304.628471415294
7249,99,0,1,1,14,6369.245829356611
7250,99,0,0,1,14,6370.742294003076
7251,99,0,0,0,14,6372.060980871763
7252,100,1,0,0,15,6309.430871063046
7253,100,0,0,0,15,6310.753871063046
7254,100,0,0,0,15,6312.217871063047
7255,100,0,0,1,14,6313.763871063046
7256,99,0,1,1,14,6378.797997030949
7257,99,0,0,0,13,6380.035875818829
7258,99,0,0,0,13,6381.233350566304
7259,98,0,1,0,13,6447.503979771665
7260,98,0,0,0,12,6448.933571608401
7261,98,0,0,0,12,6450.110102220647
7262,97,0,1,0,12,6518.217488958103
7263,96,0,1,0,11,6587.1969243912645
7264,94,0,2,0,10,6729.005275782707
7265,94,0,0,0,8,6730.6659140805805
7266,94,0,0,0,8,6732.080807697601
7267,95,1,0,0,9,6662.491536037627
7268,94,0,1,0,9,6735.1411030389845
7269,94,0,0,0,8,6736.3262094219635
7270,94,0,0,0,8,6737.961315804942
7271,93,0,1,0,8,6811.5105514205725
7272,92,0,1,0,7,6886.9417341586895
7273,92,0,0,0,6,6888.049342854342
7274,92,0,0,0,6,6889.749342854342
7275,92,0,0,0,6,6891.056951549995
7276,93,1,0,0,7,6818.1627907806405
7277,93,0,0,0,7,6819.646124113974
7278,93,0,0,0,7,6820.856339167738
7279,93,0,0,0,7,6821.994511210749
7280,93,0,0,0,7,6822.796124113976
7281,93,0,0,0,7,6824.050425189244
7282,93,0,0,0,7,6825.85633916774
7283,93,0,0,0,7,6827.156876802148
7284,93,0,0,0,7,6828.628382178493
7285,92,0,1,0,7,6904.159607323553
7286,93,1,0,0,7,6831.420256707172
7287,93,0,0,0,7,6832.922944879215
7288,93,0,0,0,7,6834.300901868462
7289,93,0,0,0,7,6835.919719072764
7290,93,0,0,1,6,6837.208428750184
7291,93,0,0,0,6,6839.022944879216
7292,95,2,0,0,8,6695.909303934391
7293,94,0,1,0,8,6768.355954270371
7294,94,0,0,0,7,6769.730422355477
7295,95,1,0,0,8,6700.038523172788
7296,96,1,0,0,9,6631.733434389738
7297,96,0,0,1,9,6632.832392723071
7298,96,0,0,0,9,6634.439684389738
7299,96,0,0,0,9,6635.742809389739
7300,96,0,0,0,9,6636.858434389739
7301,96,0,0,0,9,6638.31468438974
7302,97,1,0,0,10,6571.161955684691
7303,97,0,0,0,10,6572.369687643454
7304,97,0,0,0,10,6573.583605169229
7305,97,0,0,0,10,6575.129481457888
7306,98,1,0,0,11,6509.384792871583
7307,98,0,0,0,11,6510.409282667501
7308,97,0,1,0,11,6578.799999219815
7309,97,0,0,0,10,6580.354122931154
7310,96,0,1,0,10,6650.003812171031
7311,96,0,0,0,9,6651.352770504364
7312,96,0,0,1,9,6652.594437171032
7313,96,0,0,0,9,6654.050687171032
7314,96,0,0,0,9,6655.561103837699
7315,96,0,0,0,9,6656.790270504366
7316,96,1,1,0,10,6658.361299375579
7317,96,0,0,0,9,6659.690466042247
7318,96,0,0,0,9,6661.10504937558
7319,97,1,0,0,10,6593.684378763462
7320,97,0,0,0,10,6595.098296289235
7321,97,0,0,0,10,6596.288502474803
7322,97,0,0,0,10,6597.681801443875
7323,97,0,0,0,10,6598.976131340783
7324,97,0,0,0,10,6600.317883918103
7325,99,2,0,0,12,6468.051361010666
7326,99,0,0,0,12,6469.2983307076365
7327,99,0,0,0,12,6470.543280202586
7328,98,0,1,0,12,6537.925702314103
7329,98,0,0,0,11,6539.3971308855325
7330,97,0,1,0,11,6607.826115246794
7331,97,0,0,0,10,6609.363744112773
7332,97,0,0,0,10,6610.434362669475
7333,97,0,0,0,10,6611.659620401434
7334,97,0,0,0,10,6612.736424525146
7335,96,0,1,0,10,6682.792991093208
7336,96,0,0,0,9,6683.658616093208
7337,96,0,0,0,9,6685.300282759876
7338,95,0,1,0,9,6756.818090109346
7339,95,0,0,0,8,6757.851248004083
7340,94,0,1,0,8,6830.934808639961
7341,94,0,0,0,7,6831.718851193153
7342,95,1,0,0,8,6760.737600127963
7343,95,0,0,1,7,6762.0507580226995
7344,94,0,1,0,7,6835.638903390116
7345,94,0,0,0,6,6837.117626794371
7346,93,0,1,0,6,6911.90845944784
7347,93,0,0,0,5,6913.455233641389
7348,93,0,0,0,5,6914.776201383324
7349,93,0,0,0,5,6916.2068465446155
7350,93,0,0,0,5,6917.2138357919275
7351,93,0,0,0,5,6918.563835791928
7352,93,0,0,0,5,6919.723513211283
7353,93,0,0,0,5,6920.943405684402
7354,93,0,0,0,5,6922.40953471666
7355,95,2,0,0,7,6777.821439248941
7356,95,0,0,0,7,6778.871439248942
7357,94,0,1,0,7,6852.093335815507
7358,94,0,0,0,6,6853.365676241039
7359,94,0,0,1,6,6854.860357092102
7360,94,0,0,1,6,6856.330569858061
7361,94,0,0,1,6,6857.564612411253
7362,94,0,0,0,6,6858.903974113381
7363,94,0,0,0,6,6860.435889006999
7364,94,0,0,0,6,6862.081633687851
7365,94,0,0,0,6,6863.460357092105
7366,94,0,0,0,6,6864.675250709128
7367,94,0,0,0,6,6866.167803900617
7368,93,0,1,0,6,6941.290355085812
7369,94,1,0,0,6,6868.801627904048
7370,94,0,0,0,6,6870.442053435963
7371,94,0,0,0,6,6872.284606627452
7372,94,0,0,0,6,6873.668649180645
7373,94,0,0,0,6,6874.85162790405
7374,94,1,1,0,7,6876.066152867402
7375,95,1,0,0,7,6804.8359828372195
7376,96,1,0,1,8,6734.974670515999
7377,96,0,0,0,8,6736.042378849332
7378,97,1,0,0,9,6667.740911026143
7379,98,1,0,0,10,6601.3154935666935
7380,96,0,2,0,10,6740.365603563995
7381,95,0,1,0,8,6812.454081763924
7382,95,0,0,0,7,6813.696713342872
7383,95,0,0,0,7,6814.869871237609
7384,95,0,0,0,7,6816.1651343955045
7385,96,1,0,0,9,6746.376435078884
7386,96,0,0,1,9,6747.569143412219
7387,96,0,0,0,9,6748.900393412218
7388,95,0,1,0,9,6821.591999769185
7389,95,0,0,1,7,6822.696736611291
7390,95,0,0,0,7,6824.019368190238
7391,94,0,1,0,7,6897.821281441178
7392,95,1,0,0,7,6826.182110057586
7393,95,0,0,0,7,6827.425794268112
7394,95,0,0,0,7,6828.765267952324
7395,95,0,0,1,7,6830.162636373377
7396,96,1,0,0,8,6759.8625047444875
7397,96,0,0,0,8,6761.375004744488
7398,96,0,0,1,8,6762.809379744489
7399,96,0,0,0,8,6764.07187974449
7400,96,0,0,0,8,6765.269796411157
7401,96,0,0,0,8,6766.867713077823
7402,97,1,0,0,9,6698.442272736815
7403,98,1,0,0,10,6631.379086280318
7404,98,0,0,0,10,6632.505616892563
7405,98,0,0,0,10,6634.010718933379
7406,99,1,0,0,11,6568.1722268229405
7407,99,0,0,0,11,6569.564651065366
7408,99,0,0,0,11,6570.888388439104
7409,99,1,1,0,12,6571.839428091124
7410,100,1,0,0,12,6507.410533810214
7411,100,1,0,0,12,6508.135533810214
7412,99,0,1,0,12,6575.377585970624
7413,99,0,0,0,11,6576.614454657492
7414,99,0,0,0,11,6578.082636475675
7415,99,0,0,0,11,6579.952838495877
7416,98,0,1,0,11,6648.477824027616
7417,99,1,0,1,11,6582.420472269762
7418,100,1,0,0,12,6517.531767547065
7419,99,0,1,0,12,6584.6170140998365
7420,99,0,0,0,11,6585.539741372565
7421,99,0,0,0,11,6586.685700968525
7422,99,0,0,0,11,6588.1175191503435
7423,99,0,0,0,11,6589.468529251353
7424,98,0,1,0,11,6658.313359429923
7425,98,0,0,0,10,6659.5694818789025
7426,99,1,0,0,11,6593.341507314471
7427,99,0,0,0,11,6594.792517415481
7428,99,0,0,0,11,6596.166759839723
7429,99,0,0,0,11,6597.399588122552
7430,99,0,0,0,11,6599.212214385178
7431,99,0,0,0,11,6600.4965578195215
7432,99,0,0,0,11,6601.789992162957
7433,99,0,0,0,11,6603.426860849826
7434,100,1,0,0,12,6538.7420922413285
7435,100,0,0,0,12,6540.075092241329
7436,100,0,0,0,12,6541.561092241329
7437,100,0,0,0,12,6542.994092241329
7438,99,0,1,0,12,6610.428426239552
7439,99,0,0,0,11,6612.211759572886
7440,99,0,0,0,11,6613.541557552685
7441,99,0,0,0,11,6615.025900987028
7442,99,0,0,0,11,6616.052668663797
7443,99,0,0,0,11,6617.485496946625
7444,99,0,0,1,10,6618.889032300161
7445,99,0,0,1,10,6620.33701209814
7446,97,0,2,0,10,6757.608544430552
7447,97,0,0,0,8,6758.849266080036
7448,97,1,1,0,9,6759.990836797413
7449,96,0,1,1,8,6831.902732631027
7450,95,0,1,0,8,6905.032077937371
7451,95,0,0,0,7,6906.508393726845
7452,95,0,0,1,7,6907.859446358423
7453,95,0,0,0,7,6909.3557621478985
7454,95,0,0,0,7,6910.598393726845
7455,95,0,0,1,7,6911.889446358426
7456,95,0,0,0,7,6913.3657621479
7457,95,0,0,0,7,6914.911551621583
7458,94,0,1,1,7,6989.53934251689
7459,94,0,0,1,5,6990.81274677221
7460,94,0,0,0,5,6991.930831878593
7461,95,1,0,0,6,6919.2884020693455
7462,95,0,0,0,6,6920.680507332503
7463,95,0,0,0,6,6922.179981016715
7464,95,0,0,0,6,6923.353138911452
7465,95,0,0,1,6,6924.310507332504
7466,95,0,0,1,6,6925.667875753557
7467,95,0,0,0,6,6927.281033648294
7468,95,1,1,0,7,6928.223562074243
7469,95,0,0,1,7,6929.604088390033
7470,95,0,0,0,7,6931.0909304952975
7471,95,0,0,0,7,6932.264088390035
7472,95,0,0,0,7,6933.990930495297
7473,94,0,1,1,7,7008.933489163272
7474,94,0,0,0,5,7010.1717870356115
7475,95,1,0,0,6,6937.713136645764
7476,95,1,1,0,7,6938.8925280476005
7477,95,0,0,0,6,6940.436212258128
7478,95,0,0,0,6,6941.939896468654
7479,95,0,0,0,6,6943.220422784444
7480,95,0,0,0,6,6944.44515962655
7481,94,0,1,0,6,7019.63662861779
7482,97,3,0,0,8,6803.744774124457
7483,97,0,0,0,8,6804.713330825488
7484,97,0,0,1,8,6806.090134949199
7485,97,0,0,0,8,6807.6153926811585
7486,97,0,0,0,8,6808.764361753324
7487,97,0,0,0,8,6810.215392681159
7488,96,0,1,0,8,6882.743749333383
7489,96,0,0,0,7,6884.002082666717
7490,96,0,0,1,6,6885.320832666718
7491,96,0,0,0,6,6886.605207666718
7492,96,0,0,1,6,6887.715624333385
7493,97,1,0,0,7,6818.151545732009
7494,97,0,0,0,7,6819.2840199588145
7495,97,0,0,0,7,6820.910308618609
7496,97,0,0,0,7,6822.26443232995
7497,97,0,0,0,7,6823.72061789696
7498,97,0,0,0,7,6825.0850508866515
7499,98,1,0,0,8,6756.660203428624
7500,98,1,1,0,9,6757.766776250366
7501,96,0,2,0,8,6900.258689816262
7502,96,0,0,0,6,6901.306606482928
7503,96,0,0,0,6,6902.732648149595
7504,96,0,0,0,6,6904.262856482929
7505,96,0,0,0,6,6905.911814816263
7506,96,0,0,0,6,6907.26598148293
7507,96,0,0,0,6,6908.438898149597
7508,96,0,0,0,6,6910.198273149596
7509,96,0,0,0,6,6911.293064816265
7510,96,0,0,0,6,6912.713898149598
7511,96,0,0,0,6,6913.900356482932
7512,97,1,0,0,7,6843.956022910943
7513,97,0,0,0,7,6844.941074457335
7514,96,0,1,0,7,6917.340127219603
7515,96,0,0,0,6,6918.937002219603
7516,96,0,0,0,6,6920.03804388627
7517,96,0,0,1,7,6921.2442938862705
7518,96,0,0,0,7,6922.725543886271
7519,96,0,0,0,7,6923.983877219605
7520,96,1,1,0,9,6925.243386438021
7521,96,0,0,1,8,6926.580886438021
7522,96,0,0,0,8,6928.199636438021
7523,96,0,0,0,8,6929.443386438022
7524,96,0,0,0,8,6931.032969771356
7525,96,0,0,0,8,6932.299636438022
7526,98,2,0,0,10,6792.131276510717
7527,98,0,0,0,10,6793.424133653573
7528,98,0,0,0,10,6794.598623449492
7529,98,0,0,0,10,6795.953725490309
7530,98,0,0,0,10,6797.366990796431
7531,98,0,0,0,10,6798.696582633167
7532,98,0,0,0,10,6800.036378551535
7533,100,2,0,0,14,6665.179650980504
7534,100,1,0,0,14,6666.200650980505
7535,100,0,0,1,11,6667.6046509805055
7536,99,0,1,0,12,6736.346555242489
7537,98,0,1,0,11,6806.139632825266
7538,96,0,2,0,11,6949.373680950473
7539,96,0,0,1,7,6950.8632642838065
7540,96,0,0,0,7,6952.209097617139
7541,96,0,0,0,8,6953.703889283807
7542,96,0,0,0,8,6954.671597617141
7543,95,0,1,0,8,7029.24838732905
7544,96,1,0,0,8,6957.310904127706
7545,96,0,0,0,8,6958.652570794373
7546,96,0,0,1,7,6960.117154127707
7547,97,1,0,0,9,6889.51697728103
7548,97,0,0,0,9,6890.638111301649
7549,97,0,0,0,9,6891.889142229485
7550,97,1,1,0,10,6893.004525875234
7551,97,0,0,0,8,6894.023598040184
7552,97,0,0,0,8,6895.344732060803
7553,97,0,0,0,8,6896.6421547412165
7554,97,0,0,0,8,6898.013804225751
7555,97,0,0,0,8,6899.124628968021
7556,97,0,0,0,8,6900.423082576269
7557,97,0,0,0,8,6902.047309380392
7558,97,0,0,0,8,6903.859165050496
7559,97,0,0,0,8,6905.232876390703
7560,96,0,1,0,8,6978.905590843649
7561,96,0,0,0,7,6980.394132510316
7562,97,1,0,0,9,6909.871512587531
7563,96,0,1,0,9,6982.758712353335
7564,96,0,0,0,8,6983.7264206866685
7565,97,1,0,0,9,6913.1416122259825
7566,96,0,1,1,9,6986.860143817918
7567,96,0,0,0,7,6988.422643817918
7568,97,1,0,0,8,6917.67601862392
7569,97,0,0,0,8,6919.365193881651
7570,97,0,0,0,8,6920.7904516136105
7571,96,0,1,2,8,6994.068326682095
7572,96,0,0,0,7,6995.500618348763
7573,96,0,0,0,7,6996.816243348762
7574,96,0,0,0,7,6997.896451682096
7575,97,1,0,0,8,6927.154220221456
7576,97,0,0,0,8,6928.690818159601
7577,97,0,0,0,8,6930.356282077128
7578,97,0,0,0,8,6931.6671068193955
7579,98,1,0,0,9,6862.011830219199
7580,98,0,0,0,9,6863.069993484505
7581,97,0,1,0,9,6935.270209720622
7582,97,0,0,0,8,6936.733611782479
7583,97,0,0,1,7,6937.913508689696
7584,97,0,0,0,7,6939.404745803098
7585,97,0,0,0,7,6940.942374669078
7586,97,0,0,1,7,6942.5769107515525
7587,97,0,0,0,7,6943.9062921948525
7588,97,0,0,0,7,6945.456292194852
7589,97,0,0,0,7,6946.493921060832
7590,97,0,0,1,7,6948.007838586605
7591,97,0,0,0,7,6949.409384978358
7592,97,0,0,0,7,6950.826395287637
7593,97,0,0,0,7,6952.474333431967
7594,97,0,0,0,7,6953.460415906195
7595,97,0,0,0,7,6955.075364359804
7596,97,0,0,0,7,6956.272787040216
7597,96,0,1,0,7,7029.720706201778
7598,96,0,0,0,6,7030.812372868445
7599,96,0,0,0,6,7032.092581201779
7600,96,0,0,1,6,7033.76445620178
7601,96,0,0,1,6,7034.874872868447
7602,95,0,1,0,6,7110.589245970152
7603,96,1,0,0,6,7037.587795491297
7604,96,0,0,0,6,7038.728420491297
7605,96,0,0,0,6,7040.216962157963
7606,96,0,0,0,6,7041.666962157964
7607,95,0,1,0,6,7117.200692956464
7608,95,1,1,0,6,7118.412055359106
7609,95,0,0,0,5,7119.882055359106
7610,94,0,1,0,5,7196.795650264895
7611,94,0,0,0,4,7198.224373669151
7612,94,0,0,0,4,7199.442458775534
7613,95,1,0,0,6,7124.957801314738
7614,95,0,0,0,6,7126.380432893687
7615,95,0,0,0,6,7127.440959209477
7616,96,1,0,0,7,7054.766053384378
7617,96,0,0,0,7,7056.406678384378
7618,95,0,1,0,7,7131.8743328511555
7619,95,0,0,1,6,7133.467490745892
7620,95,0,0,0,6,7134.869069693261
7621,95,0,0,0,6,7136.065385482735
7622,95,0,0,0,6,7137.46064864063
7623,95,0,0,0,6,7138.789596009052
7624,95,0,0,0,6,7140.057490745894
7625,95,0,0,0,6,7141.464332851158
7626,95,0,0,0,6,7142.728017061684
7627,95,0,0,0,6,7143.885385482738
7628,95,0,0,0,6,7145.580648640633
7629,96,1,0,0,7,7072.588662717294
7630,96,0,0,0,7,7073.80220438396
7631,96,0,0,0,7,7075.168871050628
7632,96,0,0,0,7,7076.445954383961
7633,96,0,0,1,8,7077.760537717295
7634,96,0,0,1,8,7079.3115793839615
7635,96,0,0,0,8,7080.736579383963
7636,96,0,0,0,8,7082.2751210506285
7637,95,0,1,0,8,7158.293546384948
7638,95,0,0,0,7,7159.36038849021
7639,95,0,0,0,7,7160.795651648106
7640,95,0,0,1,7,7162.285651648107
7641,95,0,0,0,7,7163.41354638495
7642,96,2,1,0,9,7089.8998808208125
7643,96,0,0,0,8,7091.526964154145
7644,96,0,0,2,8,7093.0717558208125
7645,96,0,0,0,8,7094.26967248748
7646,96,0,0,0,8,7095.993630820813
7647,96,0,0,0,8,7097.601964154147
7648,96,0,0,0,8,7098.681130820813
7649,96,0,0,0,8,7100.634255820815
7650,96,0,0,0,8,7102.098839154148
7651,96,0,0,0,8,7103.4394641541485
7652,97,1,0,0,9,7031.507098544313
7653,97,0,0,0,9,7032.704521224725
7654,96,0,1,0,9,7107.177776145949
7655,96,0,0,0,8,7108.628817812616
7656,96,0,0,0,8,7109.790276145949
7657,96,0,0,0,8,7111.38090114595
7658,96,0,0,0,8,7112.8725678126175
7659,96,0,0,0,8,7114.6694428126175
7660,96,0,0,0,8,7115.869442812618
7661,97,1,0,0,9,7043.767695979498
7662,97,0,0,1,9,7045.139345464035
7663,97,0,0,0,9,7046.07800525785
7664,96,0,1,0,9,7120.966656391872
7665,97,1,0,0,9,7048.540196016698
7666,97,0,0,0,9,7050.11493828474
7667,97,0,0,0,9,7051.57730941876
7668,97,0,0,0,9,7053.319061996081
7669,97,0,0,0,9,7054.539165088865
7670,96,0,1,1,9,7129.299859930065
7671,96,0,0,0,8,7130.690484930065
7672,97,1,0,0,9,7058.720479930787
7673,97,0,0,0,9,7060.0539850854275
7674,99,2,0,0,11,6918.270571245317
7675,99,0,0,0,11,6919.598349023096
7676,99,0,0,0,11,6921.3443086190555
7677,98,0,1,0,11,6993.589219393421
7678,98,0,0,0,10,6995.009627556686
7679,98,0,0,0,10,6996.516770413829
7680,97,0,1,0,10,7069.8769718756475
7681,97,0,0,0,9,7071.46202342204
7682,98,1,0,0,10,7000.556798693244
7683,98,0,0,0,10,7001.975166040183
7684,98,0,0,0,10,7003.022104815694
7685,98,0,0,0,10,7004.1772068565115
7686,97,0,1,0,10,7077.617306368346
7687,97,0,0,1,9,7078.64565688381
7688,97,1,1,0,11,7079.703474731646
7689,97,0,0,0,10,7081.022546896595
7690,97,0,0,0,10,7082.116876793502
7691,96,0,1,0,10,7157.471277183249
7692,96,0,0,0,9,7158.704610516583
7693,95,0,1,0,9,7235.421192490694
7694,95,0,0,1,8,7237.202771438063
7695,95,0,0,1,7,7238.614876701221
7696,96,1,0,1,8,7164.345450902251
7697,96,0,0,0,8,7165.636075902251
7698,96,0,0,0,8,7167.002742568918
7699,97,1,0,0,9,7094.204776150682
7700,97,0,0,0,9,7095.763023573363
7701,97,0,0,0,9,7097.100652439342
7702,96,0,1,0,9,7172.433720358629
7703,96,0,0,1,8,7173.697262025296
7704,96,0,0,0,8,7175.021220358631
7705,95,0,1,0,8,7251.688086216413
7706,95,0,0,0,7,7253.089665163781
7707,95,0,0,0,7,7254.27124411115
7708,95,0,0,0,7,7255.549665163782
7709,94,0,1,0,7,7333.798285234288
7710,95,1,0,0,6,7258.049882231823
7711,95,0,0,0,6,7259.279882231824
7712,96,1,0,0,7,7184.953529291909
7713,96,0,0,0,7,7186.644154291909
7714,95,0,1,0,7,7264.103654008729
7715,96,1,0,0,7,7189.720803446137
7716,96,0,0,0,7,7191.138511779472
7717,96,0,0,0,7,7192.482261779472
7718,96,0,0,0,7,7193.772886779472
7719,96,0,0,0,7,7195.04580344614
7720,96,0,0,0,7,7196.45205344614
7721,96,0,0,0,7,7197.929136779473
7722,96,0,0,0,7,7199.104136779474
7723,96,0,0,0,7,7200.359345112807
7724,96,0,0,0,7,7201.847886779476
7725,96,0,0,0,7,7203.5478867794745
7726,96,0,0,0,7,7204.901011779475
7727,96,0,0,0,7,7206.308303446142
7728,96,0,0,0,7,7208.205178446143
7729,96,0,0,0,7,7209.669761779477
7730,96,0,0,0,7,7210.867678446143
7731,96,0,0,0,7,7212.519761779477
7732,96,0,0,0,7,7213.722886779477
7733,96,0,0,0,7,7215.473928446146
7734,96,0,0,0,7,7216.771845112812
7735,96,0,0,0,7,7217.910386779479
7736,95,0,1,0,7,7295.37576734322
7737,95,0,0,0,6,7296.90576734322
7738,94,0,1,0,6,7375.999246401441
7739,95,1,0,0,6,7299.467675386689
7740,95,0,0,0,6,7300.794517491952
7741,95,0,0,0,6,7302.292938544585
7742,95,0,0,0,6,7303.413464860374
7743,95,0,0,1,6,7305.075043807744
7744,95,0,0,0,6,7306.67978064985
7745,95,0,0,0,6,7308.102412228797
7746,96,1,0,0,7,7233.30811626808
7747,95,0,1,0,7,7310.743935128844
7748,95,0,0,0,6,7312.269724602529
7749,96,1,0,0,7,7237.184102471253
7750,96,0,0,1,7,7238.383060804587
7751,95,0,1,0,7,7315.595962231228
7752,95,0,0,0,6,7316.978593810176
7753,94,0,1,0,6,7396.3257222845405
7754,94,0,0,0,5,7397.527849944116
7755,95,1,0,0,6,7320.693872576283
7756,95,0,0,0,6,7322.241767313126
7757,95,0,0,0,6,7323.484398892073
7758,95,0,0,0,6,7324.637556786811
7759,96,1,0,0,7,7249.534561403615
7760,96,0,0,1,6,7251.006436403615
7761,96,0,0,0,6,7252.196019736949
7762,96,0,0,0,6,7253.3928947369495
7763,96,0,0,0,6,7255.107478070283
7764,95,0,1,0,6,7332.967596047819
7765,95,0,0,0,5,7334.368122363609
7766,95,0,0,0,5,7335.685490784663
7767,95,0,0,0,5,7337.000753942557
7768,94,0,1,0,5,7416.25834773564
7769,94,0,0,0,4,7417.770049863299
7770,95,1,0,0,6,7341.0156282857915
7771,95,0,0,1,6,7342.471944075266
7772,95,0,0,0,5,7343.63878618053
7773,95,0,0,0,6,7344.894049338424
7774,95,0,0,0,6,7346.257733548951
7775,97,2,0,0,8,7195.636440073716
7776,97,0,0,0,7,7196.900873063407
7777,97,0,0,0,7,7198.116852444849
7778,98,1,0,0,8,7125.720251909699
7779,98,0,0,1,7,7127.426374358679
7780,99,1,0,0,9,7056.488734213643
7781,100,2,0,1,11,6986.6863468715055
7782,100,0,0,0,11,6988.223346871507
7783,100,1,0,0,11,6989.312346871507
7784,100,0,0,1,11,6990.467346871507
7785,100,0,0,1,12,6991.895346871507
7786,99,0,1,0,12,7063.715608449103
7787,99,2,1,0,11,7064.705907190198
7788,98,0,1,0,10,7137.723712018988
7789,99,1,0,1,9,7066.925492705665
7790,99,0,0,0,9,7068.496704826878
7791,99,0,0,0,9,7069.932563412737
7792,99,1,1,0,10,7071.325309403476
7793,98,0,1,0,9,7144.374955321132
7794,99,1,0,0,9,7073.441874964353
7795,100,1,0,0,10,7003.97695621471
7796,100,0,0,0,10,7005.156956214711
7797,99,0,1,0,10,7077.308420939879
7798,99,0,0,0,9,7078.758420939879
7799,98,0,1,0,9,7152.281041860541
7800,97,0,1,0,8,7227.103571309287
7801,98,1,0,1,8,7154.480575683682
7802,98,0,0,0,8,7155.784657316336
7803,97,0,1,0,8,7230.760339518768
7804,97,0,0,0,7,7232.05776219918
7805,97,0,0,0,7,7233.356215807428
7806,97,0,0,0,7,7234.54126735382
7807,97,0,0,0,7,7236.0191024053665
7808,97,0,0,0,7,7237.233019931141
7809,98,1,0,0,8,7164.643397278782
7810,98,0,0,0,8,7166.069927891027
7811,97,0,1,0,8,7241.391832333808
7812,97,0,0,0,7,7242.88513130288
7813,97,0,0,0,7,7244.100079756489
7814,97,0,0,1,7,7245.3645127461805
7815,97,0,0,0,7,7246.511419962675
7816,97,0,0,0,7,7247.759358107006
7817,97,0,0,0,7,7249.005234395666
7818,97,0,0,0,7,7250.522244704945
7819,97,0,0,0,7,7251.755749859584
7820,97,0,0,0,7,7252.6634818183475
7821,96,0,1,0,7,7329.606035055797
7822,96,0,0,1,6,7331.034160055798
7823,96,0,0,0,6,7332.441451722465
7824,96,0,0,0,6,7333.479993389133
7825,96,0,0,0,6,7335.193535055799
7826,96,0,0,0,6,7336.563326722466
7827,95,0,1,0,6,7415.601271770758
7828,95,0,0,0,5,7417.035482297074
7829,94,0,1,0,5,7497.117807047743
7830,94,0,0,0,4,7498.361424069019
7831,93,0,1,0,4,7580.590341921698
7832,93,0,0,0,3,7582.095180631376
7833,93,0,0,0,3,7583.330126867935
7834,93,0,0,0,3,7584.614535470087
7835,93,0,0,0,3,7586.192492459334
7836,93,0,0,0,3,7587.2016322442805
7837,93,0,0,0,3,7588.8935677281515
7838,94,1,0,0,4,7509.544168071469
7839,94,0,0,0,4,7510.838848922534
7840,95,1,0,0,5,7433.188966302297
7841,95,0,0,0,5,7434.483176828613
7842,95,0,0,0,5,7435.9058084075605
7843,95,0,0,0,5,7437.366334723351
7844,95,0,0,0,5,7439.018439986509
7845,95,1,1,0,6,7440.674783008808
7846,95,0,0,0,5,7442.014256693018
7847,94,0,1,0,5,7522.472958777891
7848,93,0,1,0,4,7604.705528315187
7849,93,0,0,0,3,7605.751227239919
7850,93,0,0,1,3,7607.157141218414
7851,93,0,0,1,3,7608.342625089382
7852,93,0,0,0,3,7609.800151971102
7853,93,0,0,0,3,7611.078108960351
7854,94,1,0,0,4,7531.342703545878
7855,93,0,1,1,4,7613.685499684276
7856,93,0,0,0,3,7615.080660974598
7857,94,1,0,0,4,7535.362249687635
7858,94,0,0,0,4,7536.937781602529
7859,94,0,0,0,4,7538.520760325933
7860,94,0,0,1,4,7539.600547559977
7861,94,0,0,0,4,7540.750547559976
7862,94,0,0,0,4,7542.340973091893
7863,95,1,0,0,5,7464.2836996909255
7864,95,0,0,0,5,7465.602120743557
7865,95,0,0,0,5,7467.545804954084
7866,95,0,0,0,5,7469.084226006716
7867,95,0,0,0,5,7470.508962848822
7868,95,0,0,0,5,7471.975804954085
7869,96,1,0,0,6,7395.554702819147
7870,96,0,0,1,6,7396.8797028191475
7871,96,0,0,0,6,7398.1036611524805
7872,96,0,0,0,6,7399.177619485815
7873,96,0,0,0,6,7400.579702819148
7874,96,1,1,0,7,7401.794561798605
7875,96,0,0,0,6,7403.059145131939
7876,96,0,0,0,6,7404.668520131941
7877,96,0,0,0,6,7406.28414513194
7878,96,0,0,0,6,7407.494561798608
7879,96,0,0,1,6,7409.011228465275
7880,96,0,0,0,6,7410.506020131942
7881,95,0,1,0,6,7490.245110706782
7882,95,0,0,0,5,7491.953005443624
7883,95,0,0,0,5,7492.845110706781
7884,95,0,0,0,5,7494.234058075203
7885,95,0,0,0,5,7495.964058075203
7886,95,0,0,0,5,7497.186689654152
7887,95,0,0,0,5,7498.696689654152
7888,95,0,0,0,5,7500.14879491731
7889,95,0,0,0,5,7501.353531759416
7890,95,0,0,0,5,7503.063531759416
7891,95,0,0,0,5,7504.807215969943
7892,94,0,1,0,5,7585.876733539153
7893,94,0,0,0,4,7587.236308007238
7894,94,0,0,0,4,7588.724605879579
7895,94,0,0,0,4,7590.069286730643
7896,94,0,0,0,4,7591.446946305111
7897,94,0,0,0,4,7593.012903751921
7898,94,0,0,0,4,7594.276733539155
7899,94,0,0,0,4,7595.583116517879
7900,94,0,0,0,4,7596.916095241284
7901,94,0,0,0,4,7598.177797368943
7902,94,0,0,0,4,7599.401201624263
7903,94,0,0,0,4,7600.796946305114
7904,94,0,0,0,4,7602.229925028519
7905,94,0,0,0,4,7603.352265454051
7906,94,0,0,0,4,7604.839499496605
7907,94,0,0,0,4,7606.483116517882
7908,95,1,0,0,5,7527.182241607168
7909,95,0,0,0,5,7528.665925817694
7910,95,0,0,0,5,7529.732767922958
7911,95,0,0,0,5,7531.084873186117
7912,95,0,0,1,5,7532.3232942387485
7913,95,0,0,1,5,7533.584873186117
7914,95,0,0,1,5,7535.050662659803
7915,95,0,0,0,5,7536.118557396644
7916,95,0,0,0,5,7537.705399501908
7917,95,0,0,0,5,7539.298557396645
7918,96,1,0,0,6,7461.597009923764
7919,96,0,0,0,6,7463.031384923765
7920,97,1,0,0,7,7387.376422192592
7921,97,0,0,0,7,7388.689308790531
7922,97,0,0,0,7,7390.135185079191
7923,97,0,0,0,7,7391.3759067286765
7924,97,0,0,0,7,7392.873329409089
7925,97,0,0,0,7,7394.3047727080575
7926,96,0,1,1,7,7472.685582064913
7927,96,0,0,0,6,7474.08037373158
7928,96,0,0,0,6,7475.628290398247
7929,96,0,0,0,6,7477.187665398247
7930,96,0,0,1,6,7478.595998731581
7931,97,1,0,2,8,7402.780576064245
7932,97,0,0,0,8,7404.272844105483
7933,97,0,0,1,8,7405.502225548783
7934,97,0,0,1,8,7406.731606992082
7935,97,0,0,0,8,7408.12593688899
7936,98,1,0,0,9,7333.872100798286
7937,98,0,0,0,9,7335.292508961552
7938,98,0,0,0,9,7336.506794675838
7939,98,0,0,0,9,7338.228223247267
7940,98,0,0,0,9,7339.52924365543
7941,99,1,0,0,10,7266.774402810426
7942,99,0,0,1,10,7267.931473517498
7943,99,0,0,0,10,7269.447130083155
7944,99,0,0,0,10,7271.04561493164
7945,99,0,0,0,10,7272.3915745276
7946,99,0,0,0,10,7274.073897759924
7947,98,0,1,0,10,7349.557529160858
7948,98,0,0,1,9,7351.034059773103
7949,100,2,0,0,11,7205.145378577642
7950,100,0,0,1,11,7206.691378577642
7951,99,1,1,0,11,7280.398102652507
7952,99,0,0,0,10,7281.8996178040225
7953,98,0,1,0,10,7357.507897274922
7954,97,0,1,0,9,7434.6882264398555
7955,98,1,0,0,9,7360.106203721082
7956,98,0,0,0,9,7361.552122088429
7957,98,0,0,0,9,7363.272530251696
7958,98,0,0,0,9,7364.530693517002
7959,99,1,0,0,10,7291.5485652996595
7960,99,0,0,0,10,7293.115737016831
7961,99,0,0,0,10,7294.6021006531955
7962,99,0,0,0,10,7296.152100653196
7963,98,0,1,0,10,7372.186185938649
7964,99,1,0,0,10,7298.807537595835
7965,98,0,1,0,10,7374.812979370914
7966,98,0,0,0,9,7376.179305901526
7967,98,0,0,0,9,7377.997673248466
7968,98,0,0,0,9,7379.683387534181
7969,98,0,0,0,9,7380.918081411732
7970,98,0,0,0,9,7382.29563243214
7971,98,0,0,0,9,7383.611958962753
7972,98,0,0,0,9,7384.91706100357
7973,97,0,1,0,9,7462.35061139566
7974,97,0,0,0,8,7463.882054694629
7975,97,0,0,0,8,7465.168137168857
7976,97,0,0,1,8,7466.512982529682
7977,97,0,0,0,8,7468.139271189477
7978,97,0,0,0,8,7469.550095931744
7979,97,0,0,0,8,7471.525869127621
7980,97,0,0,0,8,7473.2222608801985
7981,97,0,0,1,8,7474.381539230715
7982,97,0,0,0,8,7475.677930983293
7983,97,0,0,0,8,7476.8464876843245
7984,98,1,0,0,9,7401.925094952852
7985,98,0,0,1,9,7403.0067276059135
7986,98,0,0,0,9,7404.399584748771
7987,98,0,0,1,9,7405.556727605915
7988,97,0,1,0,9,7483.088461255335
7989,97,0,0,0,8,7484.4044406367775
7990,97,0,0,0,8,7485.792584966676
7991,97,0,0,0,8,7487.336399399665
7992,97,0,0,0,8,7488.565780842965
7993,97,0,0,0,8,7489.759079812038
7994,97,0,0,0,8,7491.022481873893
7995,97,0,0,0,8,7492.519904554307
7996,97,0,0,1,7,7493.704956100699
7997,97,1,1,0,8,7495.016456850417
7998,97,0,0,1,6,7495.967487778253
7999,97,0,0,0,6,7497.576250664852
8000,97,0,0,0,6,7498.921096025676
8001,97,0,0,0,6,7500.385529015367
8002,97,0,0,0,6,7502.079858912275
8003,97,0,0,0,6,7503.695838293718
8004,97,0,0,0,6,7505.2582094277395
8005,97,0,0,0,6,7506.5082094277395
8006,97,0,0,0,6,7507.804601180318
8007,96,0,1,1,6,7587.611791010674
8008,96,0,0,0,5,7588.910749344009
8009,96,0,0,0,5,7590.656582677341
8010,96,0,0,1,5,7591.980541010676
8011,96,0,0,0,5,7593.258666010675
8012,96,0,0,0,5,7594.681582677343
8013,96,0,0,0,5,7596.196166010676
8014,95,0,1,0,5,7677.568164590073
8015,94,0,1,0,4,7760.527498230536
8016,93,0,1,0,3,7845.723372976797
8017,93,0,0,1,3,7847.383050396153
8018,93,0,0,0,3,7848.974985880023
8019,93,0,0,0,3,7849.878749320885
8020,93,0,0,0,3,7851.224448245616
8021,93,0,0,0,3,7852.386276202606
8022,93,0,0,0,3,7853.8610073854015
8023,93,0,0,0,3,7855.049717062821
8024,94,1,0,1,4,7772.29652858343
8025,94,0,0,0,4,7773.665677519601
8026,95,2,1,0,6,7692.9999991621635
8027,96,1,0,0,6,7614.180728337559
8028,97,1,0,0,7,7537.0469063959345
8029,97,0,0,0,7,7538.375256911399
8030,97,0,0,0,7,7540.147937323771
8031,97,0,0,0,7,7541.57731876707
8032,97,0,0,0,7,7543.007731138204
8033,97,0,0,0,7,7544.555669282534
8034,96,0,1,0,7,7624.733637066268
8035,96,0,0,0,6,7626.060720399601
8036,96,0,0,0,6,7627.518012066269
8037,96,0,0,0,6,7628.976345399602
8038,96,0,0,0,6,7630.180512066269
8039,96,0,0,0,6,7631.356553732937
8040,96,0,0,0,6,7632.718012066271
8041,98,2,0,0,8,7477.8084607996125
8042,98,0,0,0,8,7479.397236309816
8043,98,0,0,0,9,7480.836011820022
8044,98,0,0,0,9,7481.931930187368
8045,98,0,0,0,8,7483.398256717982
8046,98,0,0,1,9,7485.070705697573
8047,98,0,0,0,9,7486.557440391451
8048,98,0,0,0,9,7488.032950595533
8049,98,0,0,0,8,7489.168664881248
8050,98,0,0,0,8,7490.551317942472
8051,99,1,0,0,10,7416.274031902651
8052,99,0,0,0,10,7417.707870286489
8053,98,0,1,0,10,7494.91294916431
8054,98,0,0,0,8,7496.205806307168
8055,98,0,0,0,8,7497.620092021453
8056,98,0,0,0,8,7499.085398143903
8057,98,0,0,0,8,7500.457847123495
8058,97,0,1,0,8,7579.418393330217
8059,97,0,0,0,7,7580.410661371455
8060,97,0,0,0,7,7581.754475804444
8061,96,0,1,0,7,7661.949951260561
8062,96,0,0,0,6,7663.314534593894
8063,95,0,1,0,6,7745.5481853418705
8064,95,0,0,0,5,7746.782395868186
8065,96,1,0,0,6,7667.23726674456
8066,96,0,0,0,6,7668.76226674456
8067,96,0,0,0,6,7669.9528917445605
8068,96,0,0,0,6,7671.316433411227
8069,96,0,0,0,6,7672.423725077894
8070,98,2,0,0,9,7516.836506198754
8071,97,0,1,0,9,7595.320953742556
8072,97,0,0,0,7,7596.237964051835
8073,97,0,0,1,7,7597.79105683534
8074,97,0,0,0,8,7598.949304258022
8075,98,1,0,0,8,7522.673801153348
8076,98,0,0,0,8,7523.79931135743
8077,99,1,0,0,9,7449.03669205079
8078,99,0,0,0,10,7450.449318313416
8079,99,0,0,0,10,7451.654873868973
8080,98,0,1,0,10,7528.990129168728
8081,98,0,0,0,9,7530.27482304628
8082,98,1,1,0,10,7531.63700240455
8083,98,0,0,0,9,7533.24618607802
8084,98,0,0,0,9,7534.460471792306
8085,97,0,1,1,9,7613.527601990578
8086,97,0,0,0,7,7615.009560753464
8087,96,0,1,0,7,7695.729268962646
8088,96,0,0,0,6,7697.101143962646
8089,95,0,1,0,6,7779.509750744761
8090,95,0,0,0,5,7780.834487586867
8091,94,0,1,0,5,7864.9333941818195
8092,93,0,1,0,4,7950.629850077164
8093,93,0,0,0,3,7952.120710292218
8094,93,0,0,0,3,7953.465333948132
8095,93,0,0,0,3,7954.8690973889925
8096,93,0,0,0,3,7956.1438285717895
8097,93,0,0,1,3,7957.507807066414
8098,93,0,0,0,3,7958.525549001898
8099,94,1,0,0,4,7875.248149544431
8100,94,0,0,0,4,7876.703468693367
8101,94,0,0,1,3,7877.836447416773
8102,94,0,0,0,3,7879.219426140176
8103,95,1,0,0,4,7797.511853233438
8104,95,0,0,0,4,7798.947116391334
8105,95,0,0,1,4,7800.353958496597
8106,96,2,1,0,6,7720.165451847878
8107,96,0,0,0,5,7721.209201847879
8108,96,0,0,0,5,7722.863368514546
8109,96,0,0,0,5,7724.100868514546
8110,96,0,0,0,5,7725.463368514546
8111,96,0,0,0,5,7726.90607684788
8112,96,0,0,0,5,7728.407118514548
8113,97,1,0,0,6,7650.11735440615
8114,97,0,0,1,6,7651.394158529862
8115,97,0,0,0,6,7652.815292550481
8116,97,0,0,0,6,7654.150859560791
8117,97,0,0,0,6,7655.509106983472
8118,97,0,0,0,6,7657.027148220585
8119,96,0,1,0,6,7738.282415692425
8120,96,0,0,0,5,7739.460540692427
8121,96,0,0,0,5,7740.666790692427
8122,96,0,0,1,6,7742.081374025759
8123,96,0,0,0,6,7742.885540692427
8124,96,0,0,0,6,7744.073040692428
8125,96,0,0,0,6,7745.269915692428
8126,97,1,0,0,7,7666.790844396631
8127,97,0,0,0,7,7667.93259697395
8128,97,0,0,0,7,7669.422803159518
8129,97,0,0,0,7,7670.876926870858
8130,97,0,0,0,7,7671.87641140694
8131,97,0,0,0,7,7673.191359860549
8132,97,0,0,0,7,7674.412493881168
8133,97,0,0,0,7,7675.731566046117
8134,97,0,0,0,7,7677.400122747148
8135,96,0,1,0,7,7758.67696913943
8136,96,0,0,0,6,7760.463427472764
8137,96,0,0,0,6,7761.662385806098
8138,96,0,0,0,6,7763.300927472766
8139,96,0,0,0,6,7764.722802472766
8140,96,0,0,0,6,7766.358219139432
8141,96,0,0,0,6,7768.000927472766
8142,96,0,0,0,6,7769.4155108060995
8143,96,0,0,1,6,7770.3811358061
8144,97,1,0,1,7,7691.74730966377
8145,97,0,0,0,7,7692.700402447274
8146,97,0,0,0,8,7694.316381828719
8147,97,0,0,0,7,7695.721021003977
8148,97,0,0,0,8,7697.279268426658
8149,97,0,0,0,8,7698.739577705008
8150,97,0,0,0,8,7700.162773581297
8151,97,0,0,0,8,7701.76225811738
8152,98,1,0,0,9,7624.458051401897
8153,98,0,0,0,9,7626.004990177407
8154,97,0,1,0,9,7705.7903121842355
8155,97,0,0,0,7,7707.051652390421
8156,97,0,0,0,7,7708.2944358955765
8157,98,1,0,0,8,7631.008268182357
8158,98,0,0,0,8,7632.27765593746
8159,98,0,0,1,8,7633.6643906313375
8160,99,1,0,1,9,7557.785962443143
8161,99,1,1,0,10,7559.232336825454
8162,99,0,0,0,9,7560.578296421413
8163,98,0,1,0,9,7638.994273104973
8164,99,1,0,0,9,7563.233724891793
8165,99,0,0,0,9,7564.5766541847215
8166,98,0,1,0,9,7643.0653402123135
8167,99,1,0,0,9,7567.17478122027
8168,98,0,1,0,9,7645.410576345662
8169,98,0,0,0,8,7646.622821243621
8170,98,0,0,1,8,7647.932004917091
8171,98,0,0,1,8,7649.077923284439
8172,98,0,0,0,8,7650.571800835459
8173,98,0,0,0,8,7652.049351855868
8174,98,0,0,0,8,7653.238127366072
8175,99,1,0,0,9,7577.134711938132
8176,98,0,1,0,9,7655.451935239716
8177,98,0,0,1,9,7656.6672413621645
8178,97,0,1,0,9,7736.904069388395
8179,97,0,0,0,8,7738.402522996644
8180,97,0,0,0,8,7739.622626089427
8181,97,0,0,0,8,7741.070564233758
8182,97,0,0,0,8,7742.626749800769
8183,97,0,0,1,8,7744.176749800768
8184,97,0,0,1,8,7745.613347738914
8185,96,0,1,0,8,7827.727200520316
8186,97,1,0,0,8,7748.143414947943
8187,97,0,0,0,8,7749.375889174747
8188,97,0,0,0,8,7750.850631442789
8189,98,1,0,0,9,7672.788380101536
8190,98,0,0,0,9,7674.020012754598
8191,97,0,1,0,9,7754.309943514455
8192,96,0,1,1,8,7836.383749381091
8193,96,0,0,1,7,7838.094166047758
8194,96,0,0,0,7,7839.480624381092
8195,96,0,0,0,7,7840.439999381092
8196,96,0,0,0,7,7841.9722910477585
8197,96,1,1,0,8,7843.670356177998
8198,95,0,1,0,7,7927.62956579528
8199,95,0,0,0,6,7928.9827236900155
8200,95,0,0,0,6,7930.1369342163325
8201,95,0,0,0,6,7931.422723690017
8202,95,0,0,0,6,7932.775881584755
8203,95,0,0,0,6,7933.8227236900175
8204,95,0,0,0,6,7935.567460532124
8205,96,1,0,1,6,7854.38915365158
8206,96,0,0,0,6,7855.864153651582
8207,96,0,0,0,6,7857.525611984915
8208,96,0,0,0,6,7858.841236984915
8209,96,0,0,0,6,7860.178736984915
8210,95,0,1,0,6,7944.676366278986
8211,95,0,0,0,5,7946.180050489514
8212,95,0,0,0,5,7947.684787331618
8213,95,0,0,0,5,7949.117945226357
8214,95,0,0,0,5,7950.198471542147
8215,95,0,0,0,5,7951.926366278989
8216,95,0,0,0,5,7953.64478733162
8217,95,0,0,0,5,7954.994787331621
8218,95,0,0,0,5,7956.100576805305
8219,95,0,0,0,5,7957.338997857938
8220,92,0,3,0,5,8218.315739911954
8221,92,0,0,1,2,8219.803783390216
8222,92,0,0,0,2,8221.45595730326
8223,92,0,0,0,2,8223.150522520651
8224,92,0,0,0,2,8224.446174694565
8225,93,1,0,0,3,8137.404817977419
8226,93,0,0,0,3,8138.6419147516135
8227,94,1,0,0,4,8053.278170977661
8228,94,0,0,0,4,8054.589873105321
8229,94,0,0,1,4,8056.15583055213
8230,95,1,0,0,5,7972.709979704212
8231,95,0,0,0,5,7974.035769177897
8232,95,0,0,0,5,7975.548927072636
8233,95,0,0,1,5,7976.825242862109
8234,95,0,0,0,5,7978.501558651583
8235,95,0,0,0,5,7979.748400756846
8236,95,0,0,0,5,7981.203663914742
8237,95,0,0,1,5,7982.497874441058
8238,95,0,0,0,5,7984.0857691779
8239,95,0,0,0,5,7985.530506020006
8240,94,0,1,0,5,8071.647054766384
8241,94,0,0,0,4,8073.194927106811
8242,94,0,0,0,4,8074.288544128088
8243,94,0,0,0,4,8075.486416468513
8244,94,0,0,0,4,8076.944927106812
8245,94,0,0,0,4,8078.606629234471
8246,95,1,0,0,5,7995.096033137267
8247,95,0,0,0,5,7996.436559453057
8248,95,0,0,0,5,7997.679191032004
8249,95,0,0,0,5,7998.951296295163
8250,95,0,0,0,5,8000.754980505691
8251,95,0,0,0,5,8002.198664716217
8252,96,1,0,0,6,7919.989824458757
8253,96,1,1,0,7,7921.407411765224
8254,96,0,0,0,6,7922.612620098557
8255,96,0,0,0,6,7923.981370098558
8256,96,0,0,0,6,7925.416786765225
8257,96,0,0,0,6,7926.896995098559
8258,96,0,0,0,6,7928.287620098559
8259,96,0,0,0,6,7929.637620098561
8260,96,0,0,0,6,7931.015745098561
8261,96,0,0,0,6,7932.620953431894
8262,95,0,1,0,6,8017.6837601145935
8263,95,0,0,1,4,8019.037970640909
8264,95,0,0,0,4,8020.061654851437
8265,95,0,0,0,4,8021.3063916935425
8266,95,0,0,0,4,8022.2100759040695
8267,95,1,1,0,5,8023.183364879489
8268,94,0,1,0,4,8109.952610402323
8269,94,0,0,0,3,8111.458993381047
8270,94,0,0,0,3,8112.634525295942
8271,94,0,0,1,3,8113.633461466155
8272,96,2,0,0,5,7945.28172268561
8273,96,0,0,0,5,7946.792139352277
8274,97,1,0,0,6,7866.208715235243
8275,97,0,0,0,6,7867.649436884729
8276,97,0,0,0,6,7869.455106987822
8277,97,0,0,0,6,7870.552529668234
8278,97,0,0,0,6,7871.7334575032855
8279,97,0,0,0,6,7873.2051069878235
8280,97,0,0,0,6,7874.547890492978
8281,98,1,0,0,7,7795.04485079407
8282,98,0,0,0,7,7796.670360998152
8283,98,0,0,0,7,7797.985667120601
8284,97,0,1,0,7,7879.556064409996
8285,97,0,0,0,6,7880.7741056471095
8286,97,0,0,0,6,7881.940600492472
8287,97,0,0,0,6,7883.266889152266
8288,98,1,0,0,7,7804.1381453854065
8289,98,1,1,0,8,7805.569640389412
8290,97,0,1,0,7,7887.73008145565
8291,98,1,0,0,7,7808.346611236715
8292,98,0,0,0,7,7809.581305114266
8293,98,0,0,0,7,7810.984366338757
8294,98,0,0,0,7,7812.796611236716
8295,98,0,0,0,7,7813.560896951002
8296,98,0,0,0,7,7815.087427563248
8297,97,0,1,0,7,7896.916194090189
8298,97,0,0,0,6,7898.209493059262
8299,98,1,0,0,7,7818.919090068861
8300,97,0,1,1,7,7900.756784965731
8301,97,0,0,0,6,7901.702661254391
8302,98,1,0,0,7,7822.233756547714
8303,97,0,1,0,7,7904.3464411765135
8304,97,0,0,0,6,7905.832523650741
8305,97,0,0,0,6,7907.317575197133
8306,97,0,0,0,6,7908.598503032184
8307,97,0,0,0,6,7909.911389630123
8308,97,0,0,0,6,7911.762420557959
8309,97,0,0,0,6,7913.419637052804
8310,97,0,0,0,6,7914.791286537341
8311,97,0,0,0,6,7916.172214372393
8312,97,0,0,0,6,7917.437678289919
8313,96,0,1,0,6,8001.268691992494
8314,96,0,0,0,5,8002.702025325827
8315,95,0,1,1,5,8088.589925407887
8316,96,1,0,0,6,8005.384301184888
8317,96,0,0,0,6,8006.638467851554
8318,96,0,0,0,6,8007.758259518222
8319,95,0,1,0,6,8093.484431657954
8320,95,0,0,0,4,8094.607063236901
8321,95,0,0,0,4,8095.701273763218
8322,95,0,0,0,4,8096.883905342165
8323,95,1,1,0,5,8098.360816498357
8324,95,0,0,0,4,8099.935027024672
8325,95,0,0,0,4,8101.289237550989
8326,95,0,0,0,4,8102.727658603621
8327,95,0,0,0,4,8103.60923755099
8328,95,0,0,0,4,8104.9708164983585
8329,95,0,0,0,4,8106.660816498359
8330,96,1,0,0,5,8023.421120493168
8331,96,0,0,0,5,8024.898203826502
8332,96,0,0,0,5,8026.546120493168
8333,96,0,0,0,5,8027.880495493169
8334,96,0,0,0,5,8029.422162159836
8335,97,1,0,0,6,7947.817809972622
8336,97,0,0,0,6,7948.780181106643
8337,97,0,0,0,6,7950.230181106644
8338,97,0,0,0,6,7951.432758426231
8339,98,1,0,0,7,7871.535995585148
8340,98,1,1,0,8,7872.444548815579
8341,98,0,0,0,7,7874.1884263666
8342,98,0,0,0,7,7875.709854938028
8343,98,0,0,0,7,7876.980263101294
8344,98,0,0,0,7,7878.339446774764
8345,98,0,0,0,7,7879.754752897214
8346,99,1,0,0,8,7801.326927110373
8347,99,0,0,0,8,7802.764805898252
8348,99,0,0,0,8,7803.905714989161
8349,99,0,0,0,8,7805.174906908354
8350,99,0,0,0,8,7806.48753317098
8351,99,0,0,0,8,7808.372886706334
8352,98,0,1,0,8,7889.833207866952
8353,98,0,0,0,7,7891.06075888736
8354,99,1,0,0,8,7812.591458292538
8355,100,1,0,1,10,7735.859043709614
8356,100,1,0,0,10,7737.101043709613
8357,100,0,0,0,10,7738.567043709614
8358,100,0,0,0,10,7739.9880437096135
8359,100,0,0,0,10,7741.095043709614
8360,100,0,0,1,10,7742.641043709616
8361,100,0,0,0,10,7744.063043709615
8362,100,0,0,0,10,7744.996043709615
8363,99,0,1,0,10,7824.779260528365
8364,99,0,0,1,9,7826.205018104122
8365,99,0,0,0,9,7827.875220124325
8366,99,0,0,0,9,7828.9262302253355
8367,98,0,1,0,9,7910.538638068794
8368,98,0,0,0,8,7911.737617660631
8369,98,0,0,0,8,7913.382515619815
8370,99,1,0,0,9,7834.456429603454
8371,100,1,0,0,10,7757.32836530742
8372,100,0,0,0,10,7758.57236530742
8373,100,0,0,0,10,7759.78336530742
8374,100,0,0,0,10,7761.114365307421
8375,100,0,0,1,10,7762.112365307421
8376,100,0,0,0,10,7763.645365307422
8377,100,0,0,1,10,7765.345365307422
8378,99,0,1,0,10,7844.75095305059
8379,98,0,1,0,9,7926.2321311858495
8380,98,0,0,0,8,7927.697437308299
8381,98,0,0,0,8,7929.230090369524
8382,97,0,1,0,8,8012.321756754661
8383,97,0,0,0,7,8013.54907634229
8384,97,0,0,0,7,8014.915571187652
8385,96,0,1,0,7,8099.595406870639
8386,95,0,1,0,6,8185.971179665898
8387,95,0,0,0,5,8187.592758613266
8388,95,0,0,0,5,8189.136442823793
8389,95,0,0,0,5,8190.872758613267
8390,95,0,0,0,5,8192.182758613266
8391,95,0,0,0,5,8193.634863876425
8392,95,0,0,0,5,8194.93012703432
8393,95,0,0,0,5,8196.355916508006
8394,95,0,0,0,5,8197.448021771163
8395,95,0,0,0,5,8198.968548086954
8396,95,0,0,0,5,8200.376442823796
8397,95,0,0,0,5,8202.04433756064
8398,95,0,0,0,5,8203.296442823797
8399,95,0,0,2,6,8204.638021771165
8400,95,0,0,0,6,8205.910127034324
8401,95,0,0,1,6,8207.249600718535
8402,95,0,0,0,6,8208.226969139589
8403,95,2,2,0,8,8209.33421534487
8404,95,0,0,0,6,8210.514741660661
8405,95,0,0,1,5,8211.792110081713
8406,95,0,0,0,5,8213.161057450134
8407,95,0,0,0,5,8214.247899555397
8408,95,0,0,0,5,8215.44526797645
8409,94,0,1,0,5,8304.07929131184
8410,95,1,0,0,5,8218.005825087504
8411,95,0,0,1,5,8219.266351403296
8412,95,0,0,0,5,8220.758456666452
8413,95,0,0,0,5,8221.824246140139
8414,95,0,0,0,5,8222.818456666453
8415,95,0,0,0,5,8224.137930350666
8416,97,2,0,0,7,8055.567560652714
8417,97,0,0,1,7,8057.037148281579
8418,96,0,1,0,7,8142.433666066463
8419,96,0,0,0,6,8143.8774160664625
8420,95,0,1,1,5,8230.757170482175
8421,95,0,0,0,4,8232.154538903227
8422,95,0,0,0,4,8233.650854692702
8423,95,0,0,0,4,8234.808223113754
8424,95,0,0,0,4,8236.24243364007
8425,96,1,0,0,5,8151.70813745632
8426,96,0,0,0,5,8153.078970789655
8427,96,0,0,0,5,8155.009179122989
8428,96,1,1,0,6,8155.921686170976
8429,96,0,0,1,6,8157.171686170976
8430,96,0,0,0,6,8158.449811170976
8431,96,0,0,0,6,8159.87376950431
8432,96,0,0,0,6,8161.23314450431
8433,95,0,1,0,6,8248.628876013796
8434,96,1,0,0,6,8164.192637721985
8435,95,0,1,0,6,8251.43730295812
8436,95,0,0,0,5,8252.822039800225
8437,95,0,0,1,5,8254.008881905489
8438,95,0,0,0,5,8255.115724010753
8439,95,0,0,1,6,8256.496250326543
8440,94,0,1,0,6,8345.500248176544
8441,94,0,0,0,5,8346.739609878672
8442,94,0,0,0,5,8348.18216307016
8443,94,0,0,0,5,8349.276843921225
8444,94,0,0,0,5,8350.885354559523
8445,94,0,0,0,5,8352.337482219098
8446,94,0,0,0,5,8353.442801368034
8447,93,0,1,1,5,8444.266127302357
8448,93,0,0,0,4,8445.894621926012
8449,93,0,0,0,4,8447.159675689454
8450,93,0,0,0,4,8448.645159560423
8451,93,0,0,0,4,8449.891933753972
8452,93,0,0,0,4,8450.889245581928
8453,93,0,0,0,4,8452.284406872252
8454,93,0,0,0,4,8453.260213323865
8455,93,0,0,0,4,8454.925267087307
8456,93,0,0,0,4,8456.272041280856
8457,92,0,1,0,4,8549.47660894473
8458,92,0,0,0,3,8550.792913292555
8459,92,0,0,0,3,8552.269000249076
8460,92,0,0,0,3,8553.679869814296
8461,92,0,0,0,3,8555.141826336034
8462,92,0,0,0,3,8556.355956770818
8463,92,0,0,0,3,8557.358130683862
8464,93,1,0,1,4,8466.514494870056
8465,93,0,0,0,4,8467.619333579734
8466,92,0,1,0,4,8560.630895757467
8467,92,0,0,0,3,8562.253721844425
8468,92,0,0,0,3,8563.76893923573
8469,92,0,0,0,3,8565.35046097486
8470,92,0,0,0,3,8566.534156627034
8471,92,0,0,0,3,8567.803721844426
8472,92,0,0,1,4,8568.701547931383
8473,92,0,0,0,4,8569.991765322688
8474,92,0,0,0,4,8571.38633054008
8475,92,0,0,0,4,8572.646113148776
8476,93,1,0,0,5,8481.692929136425
8477,93,0,0,0,5,8483.076262469758
8478,93,0,0,0,5,8484.396154942877
8479,94,1,0,0,7,8395.102046911568
8480,93,0,1,0,7,8486.743022970893
8481,93,0,0,0,6,8488.09839931498
8482,92,0,1,0,6,8581.584826759165
8483,91,0,1,0,5,8677.380411930184
8484,91,0,0,0,3,8678.962280062053
8485,92,1,0,0,5,8585.99475527877
8486,92,0,0,0,5,8587.336059626597
8487,92,0,0,0,5,8588.85671180051
8488,92,0,0,1,5,8589.690407452683
8489,92,0,0,0,5,8591.202363974424
8490,93,1,0,0,6,8499.880833179
8491,93,0,0,1,6,8501.201800920935
8492,93,0,0,0,6,8502.687284791904
8493,93,0,0,0,6,8503.854489092979
8494,93,0,0,0,6,8505.376532103732
8495,92,0,1,0,6,8599.321475145405
8496,92,0,0,0,5,8600.571475145405
8497,91,0,1,0,5,8696.4781089847
8498,91,0,0,0,4,8697.603933160523
8499,91,0,0,0,4,8698.79788920448
8500,91,0,0,0,4,8700.451185907777
8501,91,0,0,0,4,8701.797889204481
8502,91,0,0,0,4,8703.13909799569
8503,91,0,0,0,4,8704.742944149535
8504,92,1,0,1,4,8611.11693388704
8505,92,0,0,0,4,8612.579977365303
8506,91,0,1,0,4,8708.892253910753
8507,92,1,0,0,3,8615.576577237809
8508,92,0,0,0,3,8617.077664194332
8509,92,0,0,0,3,8618.48853375955
8510,92,0,0,0,3,8619.86896854216
8511,92,0,0,0,3,8621.185272889985
8512,92,0,0,0,3,8622.592881585639
8513,93,1,0,0,4,8531.135968880417
8514,93,0,0,0,4,8532.562312966438
8515,93,0,0,0,4,8533.841345224504
8516,93,0,0,0,4,8535.16553877289
8517,92,0,1,0,4,8628.906621913085
8518,92,0,0,0,3,8630.25988278265
8519,92,0,0,0,3,8631.000100173955
8520,92,0,0,0,3,8632.351187130476
8521,92,0,0,0,3,8633.54031756526
8522,92,0,0,0,3,8634.980534956563
8523,92,0,0,1,3,8636.300100173956
8524,92,0,0,0,3,8637.54683930439
8525,91,0,1,0,3,8734.01875318395
8526,91,0,0,0,2,8735.46875318395
8527,92,1,0,0,3,8641.805505866732
8528,92,0,0,0,3,8643.060940649342
8529,93,1,0,1,4,8551.501145588598
8530,93,0,0,0,4,8552.890930534833
8531,93,0,0,0,4,8554.30329612623
8532,93,0,0,0,4,8555.944693975694
8533,93,0,0,0,4,8557.389317631609
8534,93,0,0,0,4,8558.184478921932
8535,94,1,0,0,5,8468.111771699358
8536,94,0,0,0,5,8469.543686592975
8537,95,1,0,0,6,8381.508489891998
8538,95,0,0,0,6,8382.84585831305
8539,95,0,0,0,6,8384.512700418312
8540,95,0,0,0,6,8385.797437260419
8541,95,0,0,0,6,8387.522174102525
8542,95,0,0,0,6,8389.032174102524
8543,95,0,0,0,6,8390.444279365684
8544,95,0,0,0,6,8391.901647786735
8545,95,0,0,0,6,8393.260068839369
8546,96,1,0,0,7,8306.924547288958
8547,96,0,0,0,7,8308.443297288959
8548,96,0,0,0,7,8309.862047288958
8549,96,0,0,0,7,8311.267255622291
8550,95,0,1,0,7,8400.239615718147
8551,94,0,1,0,6,8490.841654918913
8552,94,0,0,1,5,8492.105484706148
8553,94,1,1,1,7,8493.144065701696
8554,94,0,0,0,6,8494.268533786804
8555,94,0,0,0,6,8495.717469957017
8556,93,0,1,1,5,8588.051754535716
8557,93,0,0,0,5,8589.325410449695
8558,92,0,1,0,5,8684.093692151731
8559,92,0,0,1,4,8685.205648673471
8560,91,0,1,0,4,8781.949674521773
8561,91,0,0,0,2,8783.061212983312
8562,91,0,0,0,2,8784.149674521772
8563,91,0,0,0,2,8785.655718477816
8564,92,1,0,0,3,8691.596960668276
8565,92,0,0,0,3,8692.910004146537
8566,92,0,0,1,3,8694.268699798711
8567,92,0,0,1,3,8695.591525885668
8568,91,0,1,0,3,8792.29712342549
8569,91,0,0,0,2,8793.739431117798
8570,90,0,1,0,2,8892.862679525218
8571,90,0,0,0,1,8894.690457302995
8572,90,0,0,0,1,8895.746012858552
8573,91,1,0,0,2,8799.422430299666
8574,91,0,0,0,2,8800.884518211755
8575,91,0,0,0,2,8802.113639090876
8576,91,0,0,1,2,8803.505397332636
8577,91,0,0,1,2,8805.038913816152
8578,91,0,0,0,2,8806.542759969998
8579,91,0,0,0,2,8807.979573156812
8580,91,0,0,0,2,8809.436166563406
8581,91,1,1,0,3,8810.640181261422
8582,91,0,0,0,2,8812.15391752516
8583,91,0,0,0,2,8813.578642799885
8584,92,1,0,0,3,8718.804418421625
8585,92,0,0,0,3,8720.383766247713
8586,92,0,0,0,3,8721.853331465105
8587,93,1,0,0,4,8629.291467685909
8588,94,1,0,0,5,8538.560175476485
8589,94,0,0,1,6,8539.932515902017
8590,95,1,0,1,8,8451.269015734628
8591,94,0,1,0,8,8542.541930020527
8592,94,0,0,0,7,8543.99831299925
8593,94,0,0,0,7,8545.227036403505
8594,94,0,0,0,7,8546.774908743933
8595,95,1,0,0,8,8458.158330757155
8596,95,0,0,0,8,8459.424120230839
8597,95,0,0,0,8,8460.606751809786
8598,94,0,1,0,8,8551.701728422977
8599,94,0,0,0,6,8552.83577097617
8600,94,0,0,0,6,8554.060239061275
8601,93,0,1,0,6,8647.622533170499
8602,94,1,0,0,6,8557.24303813677
8603,94,0,0,0,6,8558.557931753792
8604,94,0,0,0,6,8559.882399838898
8605,95,1,0,0,7,8471.025742998489
8606,95,0,0,0,7,8472.5252166827
8607,95,0,0,0,7,8473.940479840596
8608,95,0,0,1,7,8475.129427209016
8609,95,0,0,0,7,8476.358374577438
8610,95,0,0,0,7,8477.541006156385
8611,95,0,0,1,7,8478.63732194586
8612,94,0,1,0,7,8570.325355303203
8613,94,0,0,0,6,8571.799823388308
8614,94,0,0,0,6,8572.985993601074
8615,94,0,0,0,6,8574.481738281927
8616,94,0,0,0,6,8575.8338659415
8617,94,0,0,0,6,8577.520036154267
8618,95,1,0,0,7,8488.15982524738
8619,95,0,0,0,7,8489.427719984224
8620,95,0,0,0,7,8491.093509457907
8621,95,0,0,0,7,8492.558246300014
8622,95,0,0,0,7,8493.824035773698
8623,95,0,0,0,7,8494.926667352645
8624,95,0,0,0,7,8496.178772615804
8625,95,0,0,0,7,8497.739298931594
8626,95,0,0,0,7,8499.090351563173
8627,95,0,0,0,7,8500.397193668436
8628,94,0,1,0,7,8592.275341443654
8629,94,0,0,0,6,8593.782788252165
8630,94,0,0,0,6,8594.991298890463
8631,95,1,0,0,8,8505.969285217932
8632,96,1,0,0,9,8418.32429266358
8633,96,0,0,0,9,8419.585750996914
8634,95,0,1,0,9,8509.272894170235
8635,95,0,0,0,8,8510.721841538658
8636,94,0,1,0,8,8602.578468950012
8637,94,0,0,0,6,8604.010383843628
8638,94,0,0,0,6,8605.649745545757
8639,94,0,0,0,6,8606.846554056396
8640,94,0,0,0,6,8608.181660439375
8641,95,1,0,0,8,8518.726064013697
8642,95,0,0,0,8,8520.113958750539
8643,95,0,0,0,8,8521.14395875054
8644,94,0,1,0,8,8613.525139363554
8645,94,0,0,0,6,8614.94535212951
8646,94,0,0,0,6,8616.193224469936
8647,94,0,0,0,7,8617.268756384832
8648,94,0,0,0,7,8618.815564895469
8649,94,0,0,0,7,8619.825139363555
8650,94,0,0,0,7,8621.047479789087
8651,93,0,1,1,7,8715.301931044418
8652,93,0,0,0,5,8716.840103087428
8653,95,2,0,1,7,8534.645048285589
8654,95,0,0,1,6,8536.03294302243
8655,95,0,0,0,6,8537.691364075063
8656,96,1,0,0,7,8450.18155819928
8657,96,0,0,0,7,8451.799266532615
8658,96,0,0,0,7,8453.080516532615
8659,96,0,0,0,7,8454.363849865947
8660,96,0,0,0,7,8455.670099865949
8661,96,0,0,0,7,8457.064891532615
8662,96,0,0,0,7,8458.685724865949
8663,96,0,0,0,7,8460.334683199284
8664,96,0,0,0,7,8461.469058199284
8665,96,0,0,0,7,8462.910724865951
8666,96,0,0,1,7,8463.98259986595
8667,96,0,0,0,7,8465.222183199285
8668,96,0,0,0,7,8466.808641532618
8669,96,0,0,0,7,8468.064891532618
8670,96,0,0,0,7,8469.480516532618
8671,96,0,0,0,7,8470.936766532619
8672,96,0,0,0,7,8472.428433199286
8673,96,0,0,0,7,8473.619058199287
8674,96,0,0,0,7,8474.882599865954
8675,96,0,0,0,7,8476.219058199285
8676,96,0,0,0,7,8477.300308199287
8677,96,0,0,0,7,8478.458641532621
8678,96,0,0,0,7,8479.641974865954
8679,96,0,0,0,7,8480.877391532622
8680,96,0,0,0,7,8482.359683199289
8681,95,0,1,0,7,8573.515486997296
8682,95,0,0,0,6,8574.926539628874
8683,95,0,0,1,6,8576.009171207821
8684,94,0,1,0,6,8668.587578258579
8685,94,1,1,1,6,8669.672205924362
8686,94,0,0,0,5,8670.820078264787
8687,93,0,1,1,4,8765.348533776603
8688,93,0,0,0,4,8766.91143700241
8689,93,0,0,0,4,8768.447458507788
8690,93,0,0,0,4,8769.973802593808
8691,93,0,0,0,4,8771.401221948649
8692,93,0,0,0,4,8772.614662808863
8693,93,0,0,0,4,8774.125953131444
8694,93,0,0,0,4,8775.110361733596
8695,93,0,0,0,4,8776.702297217467
8696,94,1,0,0,5,8684.64748554494
8697,93,0,1,0,5,8779.846675050048
8698,93,0,0,1,5,8781.066567523167
8699,93,0,0,0,5,8782.33054601779
8700,95,2,0,0,7,8598.352534522679
8701,95,0,0,0,7,8599.90253452268
8702,95,0,0,0,7,8601.371481891101
8703,95,0,0,0,7,8602.805692417418
8704,96,1,0,0,8,8514.88948728807
8705,96,0,0,0,8,8516.20823728807
8706,97,1,0,0,9,8429.41743071809
8707,97,0,0,0,9,8430.778770924277
8708,97,0,0,0,9,8432.343203913966
8709,98,1,0,0,10,8347.694293669947
8710,98,0,0,0,10,8349.411640608723
8711,98,0,0,0,10,8350.803477343417
8712,98,0,0,0,10,8352.46980387403
8713,98,0,0,0,11,8353.76674264954
8714,98,0,0,0,11,8355.259599792398
8715,97,0,1,0,11,8442.781026156605
8716,97,0,0,0,9,8444.308345744234
8717,98,1,0,0,11,8359.309791195825
8718,99,1,0,1,13,8276.318783203946
8719,98,0,1,0,13,8361.848989713435
8720,98,1,1,0,12,8363.084206898027
8721,99,1,0,0,12,8279.950022989966
8722,99,0,0,1,13,8281.34042703037
8723,99,0,0,0,13,8282.47123511118
8724,99,1,1,0,15,8283.782880823806
8725,99,1,1,1,14,8285.004475992038
8726,98,0,1,0,13,8370.848714418777
8727,97,0,1,0,12,8458.560596276437
8728,96,0,1,1,10,8547.981810032228
8729,96,0,0,0,9,8549.025560032227
8730,96,0,0,0,9,8550.456810032227
8731,95,0,1,1,9,8641.774315065466
8732,94,0,1,0,8,8735.086281185417
8733,94,0,0,0,7,8736.859685440735
8734,94,0,0,0,7,8738.382025866267
8735,94,0,0,0,7,8739.932025866268
8736,94,0,0,0,7,8741.584153525844
8737,94,0,0,0,7,8742.975642887546
8738,94,0,0,0,7,8744.444791823717
8739,94,0,0,0,7,8745.47777054712
8740,94,0,0,0,7,8746.792664164142
8741,93,0,1,0,7,8842.129856747686
8742,93,0,0,0,6,8843.557276102525
8743,93,0,0,1,6,8844.752437392848
8744,93,0,0,1,6,8846.02501803801
8745,93,0,0,0,6,8847.610501908977
8746,92,0,1,0,6,8944.89413352935
8747,92,0,0,0,5,8946.538698746741
8748,92,0,0,0,5,8947.766959616307
8749,92,0,0,0,5,8949.28109005109
8750,92,0,0,0,5,8950.730003094568
8751,92,0,0,0,5,8951.980003094568
8752,92,0,0,0,5,8953.49304657283
8753,92,0,0,0,5,8955.156090051092
8754,92,0,0,0,5,8956.54848135544
8755,92,0,0,0,5,8957.72348135544
8756,93,1,0,1,6,8862.786669727962
8757,93,0,0,0,6,8864.147422416136
8758,93,0,0,0,6,8865.393121340867
8759,94,1,0,0,7,8772.383088135113
8760,94,1,1,0,8,8773.20829601916
8761,94,0,0,0,6,8774.423189636182
8762,95,1,0,0,7,8683.139787640011
8763,96,1,0,0,8,8593.624269018763
8764,96,0,0,0,8,8595.16281068543
8765,96,0,0,0,8,8596.399269018762
8766,96,0,0,0,8,8597.708644018763
8767,96,0,0,0,8,8599.111769018764
8768,96,0,0,0,8,8600.389894018763
8769,95,0,1,0,8,8692.102581862728
8770,95,0,0,0,7,8693.43995028378
8771,95,0,0,1,7,8694.693108178519
8772,95,0,0,0,7,8696.115739757466
8773,94,0,1,0,7,8790.460202993618
8774,94,0,0,0,6,8791.886798738298
8775,94,0,0,1,6,8793.187862568087
8776,94,0,0,0,6,8794.517649802128
8777,94,0,0,0,6,8795.617649802129
8778,94,0,0,0,6,8797.303820014897
8779,94,0,0,1,6,8798.674032780853
8780,94,0,0,0,6,8800.166585972343
8781,93,0,1,0,6,8896.197643229414
8782,93,0,0,0,5,8897.592804519738
8783,93,0,0,0,5,8898.943879788556
8784,93,0,0,0,5,8900.644417422965
8785,93,1,1,0,6,8901.984142844674
8786,93,0,0,0,5,8903.655648221018
8787,93,0,0,0,5,8905.200271876933
8788,93,0,0,0,5,8906.761024565105
8789,93,0,0,1,5,8908.105648221019
8790,93,0,0,0,5,8909.39758370489
8791,94,1,0,0,6,8815.72899238888
8792,94,0,0,1,6,8816.855588133561
8793,94,0,0,0,6,8818.376864729307
8794,94,0,0,0,6,8819.844949835691
8795,94,1,1,0,7,8821.031231530545
8796,94,0,0,0,6,8822.26101876459
8797,94,0,0,0,6,8823.922720892248
8798,94,0,0,0,6,8825.4184655731
8799,94,0,0,0,6,8826.90357195608
8800,94,0,0,0,6,8828.84186982842
8801,93,0,1,1,6,8924.99153276095
8802,94,1,0,0,6,8831.581516454984
8803,95,1,0,2,6,8739.602763650195
8804,95,0,0,0,6,8741.162237334405
8805,95,0,0,0,6,8742.203816281775
8806,96,1,0,0,7,8652.52408902884
8807,96,0,0,0,7,8654.176172362173
8808,95,0,1,1,7,8746.410689182303
8809,95,0,0,0,6,8747.807004971777
8810,95,0,0,0,6,8749.166478655987
8811,95,0,0,0,6,8750.73332076125
8812,95,0,0,0,6,8751.75489970862
8813,95,0,0,0,6,8753.150162866514
8814,94,0,1,1,6,8848.074161134451
8815,94,0,0,0,5,8849.74756538977
8816,95,1,0,0,6,8757.696538385668
8817,95,0,0,0,6,8759.471801543563
8818,95,0,0,0,6,8761.28390680672
8819,95,0,0,0,6,8762.787591017248
8820,96,1,0,0,7,8673.153866110819
8821,96,0,0,0,7,8674.689282777486
8822,97,1,0,1,9,8586.784238625141
8823,97,0,0,0,9,8588.108465429264
8824,97,0,0,0,9,8589.568774707615
8825,97,0,0,0,9,8591.060011821017
8826,97,0,0,0,9,8592.486300480812
8827,97,0,0,0,9,8594.00331079009
8828,97,0,0,0,9,8595.4182592437
8829,96,0,1,0,9,8686.57018726586
8830,96,0,0,0,8,8687.698312265858
8831,96,0,0,0,8,8689.04831226586
8832,96,0,0,0,8,8690.39206226586
8833,95,0,1,0,8,8783.410069372774
8834,96,1,0,0,8,8693.162568650141
8835,96,0,0,0,8,8694.483401983476
8836,97,1,0,0,9,8606.076356602203
8837,97,0,0,0,9,8607.426356602204
8838,96,0,1,0,9,8698.375307533957
8839,96,0,0,0,8,8699.598224200625
8840,96,0,0,0,8,8701.057599200625
8841,96,0,0,1,8,8702.532599200626
8842,96,0,0,0,7,8703.936765867293
8843,96,0,0,0,7,8705.196140867292
8844,96,0,0,0,7,8706.523224200626
8845,95,0,1,0,8,8799.281974850644
8846,95,0,0,1,7,8800.63829064012
8847,96,1,0,1,8,8710.422787612619
8848,95,0,1,0,8,8803.637871623287
8849,95,0,0,0,6,8805.12471372855
8850,95,0,0,0,6,8806.082082149604
8851,95,0,0,0,6,8807.81524004434
8852,95,0,0,1,6,8809.36629267592
8853,95,0,0,0,6,8810.96576636013
8854,95,0,0,0,6,8812.167345307498
8855,95,0,0,0,6,8813.14576636013
8856,94,0,1,0,5,8908.13973938951
8857,94,0,0,0,4,8909.617398963977
8858,94,0,0,0,5,8911.081228751213
8859,94,0,0,0,4,8912.556760666106
8860,94,0,0,0,5,8913.723781942703
8861,94,0,0,0,5,8914.953569176745
8862,94,0,0,0,5,8915.984420240575
8863,94,0,0,1,5,8917.27165428313
8864,95,1,0,0,6,8824.744584238044
8865,96,1,0,0,7,8733.818598985565
8866,95,0,1,0,7,8827.106393258782
8867,94,0,1,0,6,8922.396448851281
8868,94,0,0,0,4,8923.587938212984
8869,94,0,0,0,4,8924.823044595962
8870,94,0,0,0,4,8926.36240629809
8871,93,0,1,0,4,9023.651280834092
8872,93,0,0,0,3,9025.179775457747
8873,93,0,0,0,3,9026.515796963124
8874,93,0,0,0,3,9028.159345350223
8875,93,0,0,0,3,9029.655581909363
8876,93,0,0,0,3,9031.016334597534
8877,93,0,0,0,3,9032.48353889861
8878,93,0,0,0,3,9033.862571156675
8879,93,0,0,1,5,9035.157732446998
8880,93,0,0,0,5,9036.75719481259
8881,93,0,0,0,5,9038.049130296462
8882,93,0,0,0,5,9039.507732446998
8883,95,2,0,0,7,8850.296517027064
8884,95,0,0,0,7,8851.66862229022
8885,94,0,1,0,7,8947.144031472635
8886,94,0,0,0,5,8948.16530806838
8887,94,0,0,0,5,8949.280201685402
8888,93,0,1,0,5,9046.816918803206
8889,93,0,0,0,4,9048.572295147293
8890,93,0,0,0,4,9049.980359663423
8891,93,0,0,0,4,9051.36584353439
8892,93,1,1,0,5,9052.863152526474
8893,93,0,0,0,4,9054.233582633999
8894,93,0,0,0,4,9055.493260053354
8895,93,0,0,0,4,9056.942184784539
8896,93,0,0,0,4,9058.409389085613
8897,93,0,0,0,4,9059.95293747271
8898,93,0,0,0,4,9061.378206289915
8899,93,0,0,0,4,9062.64971166626
8900,93,0,0,1,4,9064.407238547981
8901,92,0,1,0,4,9164.442336982134
8902,92,0,0,0,3,9166.065163069092
8903,92,0,0,0,3,9167.448858721267
8904,92,0,0,1,4,9168.60755437344
8905,92,0,0,0,4,9169.958641329962
8906,93,1,0,0,5,9072.159086046846
8907,93,0,0,0,5,9073.289731208137
8908,93,0,0,0,5,9074.696720455448
8909,94,1,0,0,6,8979.622819174008
8910,94,0,0,0,6,8981.079202152732
8911,94,0,0,0,6,8982.53026598252
8912,94,0,0,0,6,8983.850478748476
8913,94,0,0,1,7,8984.985585131455
8914,94,0,0,0,7,8986.313244705925
8915,94,0,0,0,7,8987.624946833585
8916,95,1,0,0,8,8894.078368445862
8917,95,0,0,0,8,8895.684157919546
8918,93,0,2,0,8,9088.009267120538
8919,93,0,0,0,6,9089.172170346345
8920,93,0,0,0,6,9090.23937464742
8921,94,1,0,1,6,8994.351189810746
8922,95,1,0,0,7,8900.734861496949
8923,95,0,0,0,7,8901.765914128528
8924,95,0,0,0,7,8902.925387812738
8925,95,0,0,0,7,8904.582756233793
8926,96,1,0,1,8,8813.094915023024
8927,96,0,0,0,8,8814.789706689691
8928,97,1,0,0,10,8725.382596311447
8929,97,0,0,0,10,8727.204761259902
8930,97,0,0,0,10,8728.695998373303
8931,97,0,0,0,10,8730.115070538252
8932,98,1,0,0,12,8642.462365736841
8933,98,0,0,0,12,8643.663386145006
8934,99,1,0,0,13,8557.32941254758
8935,98,0,1,0,13,8646.146498640233
8936,98,0,0,0,12,8647.826090476969
8937,97,0,1,0,12,8738.136786556159
8938,97,1,1,0,11,8739.388212825243
8939,97,0,0,0,9,8740.927903546894
8940,97,0,0,0,10,8742.623264371636
8941,97,0,0,0,10,8744.118625196377
8942,97,0,0,0,10,8745.42841901081
8943,97,0,0,0,10,8747.092852000502
8944,97,0,0,0,9,8748.427388082977
8945,97,0,0,0,9,8749.600068495349
8946,97,0,0,0,10,8750.890274680916
8947,96,0,1,0,10,8843.228118860228
8948,95,0,1,0,9,8937.810550656732
8949,95,0,0,1,7,8939.175287498836
8950,95,0,0,0,7,8940.551603288312
8951,95,0,0,0,7,8941.6721296041
8952,95,0,0,0,7,8943.04318223568
8953,94,0,1,0,7,9039.365349489659
8954,94,0,0,0,6,9040.451519702423
8955,95,1,0,1,7,8946.429924758188
8956,94,0,1,0,7,9043.11343763913
8957,94,0,0,0,6,9044.646416362535
8958,94,0,0,0,6,9045.97088444764
8959,93,0,1,0,6,9144.81165647658
8960,93,0,0,1,4,9146.207893035722
8961,93,0,0,0,4,9147.422409164754
8962,93,0,0,0,4,9148.88208658411
8963,94,1,0,0,5,9052.744511194916
8964,93,0,1,0,5,9151.344386993058
8965,93,0,0,1,4,9152.214817100585
8966,93,0,0,0,4,9153.649763337144
8967,93,0,0,0,4,9155.01266656295
8968,93,0,0,0,4,9156.533634304886
8969,93,0,0,0,4,9157.879333229617
8970,93,0,0,1,5,9159.330408498436
8971,93,0,0,0,5,9160.79761279951
8972,93,0,0,0,5,9161.908903122092
8973,93,0,0,0,5,9163.322343982309
8974,93,0,0,0,5,9165.088473014566
8975,93,0,0,1,4,9166.626645057577
8976,93,0,0,0,4,9167.998150433921
8977,93,0,0,1,4,9169.328795595213
8978,93,0,0,0,4,9170.650838605965
8979,93,0,0,1,4,9172.305139681233
8980,94,1,0,0,5,9076.100297769732
8981,94,0,0,0,5,9077.358808408031
8982,95,1,0,0,6,8983.377136740577
8983,95,0,0,0,6,8984.627136740577
8984,95,0,0,0,6,8986.540294635315
8985,94,0,1,0,6,9083.71928969339
8986,95,1,0,0,6,8989.291718222936
8987,95,0,0,0,6,8990.669086643988
8988,95,0,0,0,6,8992.23592874925
8989,95,0,0,0,6,8993.412244538726
8990,95,0,0,0,6,8994.803297170305
8991,95,0,0,0,6,8996.2785603282
8992,95,0,0,0,6,8997.655928749253
8993,95,0,0,1,5,8998.831191907148
8994,95,0,0,0,5,9000.076981380831
8995,95,0,0,0,5,9001.474349801885
8996,95,0,0,0,5,9002.914876117675
8997,95,0,0,0,5,9004.410139275571
8998,95,0,0,0,5,9005.635928749256
8999,95,0,0,1,5,9006.903823486096
9000,95,0,0,0,5,9008.29066559136
9001,95,0,0,0,5,9009.885928749256
9002,94,0,1,0,5,9107.244804656384
9003,94,0,0,0,4,9108.482038698938
9004,96,2,0,0,6,8919.736579559378
9005,96,0,0,1,6,8921.062621226045
9006,96,0,0,0,6,8922.443871226043
9007,96,0,0,0,6,8923.585537892712
9008,96,0,0,2,6,8924.778246226046
9009,95,0,1,0,6,9020.33639171841
9010,95,0,0,0,5,9021.569549613147
9011,95,0,0,0,5,9022.89849698157
9012,95,0,0,0,5,9024.469549613148
9013,95,0,0,1,5,9025.74902329736
9014,95,0,0,0,5,9027.044286455255
9015,95,0,0,0,5,9028.567970665781
9016,96,1,0,0,6,8935.733408471346
9017,95,0,1,0,6,9030.980147844075
9018,95,0,0,0,5,9032.339621528286
9019,95,0,0,0,5,9034.051726791444
9020,95,0,0,0,5,9035.401726791444
9021,95,0,0,0,5,9036.632779423024
9022,95,0,0,0,5,9037.901726791446
9023,95,0,0,0,5,9039.355937317761
9024,96,1,0,0,6,8946.373583804036
9025,96,0,0,0,6,8947.924625470701
9026,96,0,0,0,6,8949.275667137368
9027,96,0,0,0,6,8950.82566713737
9028,96,0,0,0,6,8952.271500470702
9029,96,0,0,0,6,8953.745458804036
9030,95,0,1,0,6,9049.287266689933
9031,95,0,0,1,5,9050.718319321511
9032,95,0,0,0,5,9051.863056163618
9033,95,0,0,0,5,9053.233056163619
9034,95,0,0,0,5,9054.535687742566
9035,95,0,0,0,5,9056.061477216252
9036,94,0,1,0,5,9153.947396711887
9037,94,0,0,0,4,9155.24207756295
9038,94,0,0,0,4,9156.826120116142
9039,94,0,0,0,4,9158.195269052314
9040,94,0,0,0,4,9159.728247775718
9041,94,0,0,0,4,9161.489949903378
9042,94,0,0,0,4,9162.545269052314
9043,94,0,0,0,4,9163.917609477847
9044,94,0,0,0,4,9165.118673307634
9045,94,0,0,0,4,9166.5048435204
9046,94,0,0,0,4,9168.099524371464
9047,93,0,1,0,4,9268.17599195285
9048,93,0,0,0,3,9269.658250017366
9049,93,0,0,0,3,9271.026529587258
9050,93,0,0,0,3,9272.301260770055
9051,93,0,0,0,3,9273.906099479733
9052,94,1,0,0,4,9176.01188565548
9053,95,1,0,0,6,9080.872813174898
9054,95,0,0,0,6,9082.34912896437
9055,95,0,0,1,6,9083.770707911739
9056,95,0,0,2,8,9085.472286859109
9057,95,0,0,0,8,9087.026497385425
9058,95,0,0,0,8,9088.585971069635
9059,95,0,0,0,8,9090.194918438057
9060,95,0,0,0,8,9091.814392122267
9061,95,0,0,0,8,9092.995971069635
9062,96,1,0,0,9,8999.574658870994
9063,96,0,0,0,9,9001.390283870995
9064,97,1,0,0,10,8910.050177851706
9065,97,0,0,0,10,8911.375435583666
9066,97,0,0,0,10,8913.323373727995
9067,98,1,0,0,11,8823.857318894037
9068,98,0,0,0,11,8824.97364542465
9069,98,0,0,0,11,8826.392012771588
9070,98,0,0,0,11,8827.55527807771
9071,98,0,0,0,11,8828.986910730773
9072,98,0,0,0,11,8830.22976787363
9073,98,0,0,0,11,8831.922625016488
9074,98,0,0,0,11,8832.984869914446
9075,98,0,0,0,11,8834.200176036897
9076,96,0,2,0,11,9019.79341128375
9077,96,0,0,0,9,9021.064244617084
9078,97,1,0,0,11,8929.412035909692
9079,96,0,1,0,11,9023.899980173728
9080,96,0,0,0,10,9025.485396840395
9081,95,0,1,0,10,9121.574119153465
9082,95,0,0,0,9,9122.607277048202
9083,95,0,0,0,9,9124.042540206097
9084,95,0,0,1,9,9125.102013890308
9085,95,0,0,0,9,9126.317277048203
9086,95,0,0,0,9,9127.692540206099
9087,95,0,0,0,9,9128.906750732414
9088,95,0,0,0,9,9130.2925402061
9089,95,0,0,0,9,9131.358329679784
9090,95,0,0,0,9,9132.776750732415
9091,95,0,0,0,9,9134.505698100837
9092,95,0,0,0,9,9135.955698100837
9093,95,0,0,0,9,9137.212013890312
9094,95,0,0,1,9,9138.446224416626
9095,95,0,0,0,9,9139.737277048207
9096,95,0,0,0,9,9141.528329679786
9097,95,0,0,0,9,9142.85622441663
9098,95,0,0,1,9,9143.880961258734
9099,95,0,0,0,9,9145.263592837682
9100,94,0,1,0,9,9243.81782916774
9101,94,0,0,0,8,9245.34442491242
9102,94,0,0,0,8,9246.757190869866
9103,94,0,0,1,8,9247.808254699656
9104,93,0,1,0,8,9348.600935890743
9105,93,0,0,0,6,9349.756312234831
9106,92,0,1,0,6,9452.66575348796
9107,91,0,1,0,5,9557.801757933898
9108,91,0,0,0,3,9559.26054914269
9109,91,0,0,0,3,9560.586373318514
9110,92,1,0,0,4,9457.333804043314
9111,93,1,0,0,5,9356.763548085859
9112,93,0,0,0,5,9358.261935182632
9113,93,0,0,1,5,9359.791505075107
9114,93,0,0,0,5,9361.108171741773
9115,93,0,0,0,5,9362.737741634248
9116,93,0,0,1,5,9364.096343784786
9117,92,0,1,0,5,9467.344879437302
9118,92,0,0,1,3,9468.928575089478
9119,92,0,0,0,3,9470.49270552426
9120,92,0,0,0,3,9471.917705524262
9121,92,0,0,0,3,9473.563357698175
9122,92,0,0,1,3,9474.94814030687
9123,92,0,0,0,3,9476.16009682861
9124,93,1,0,0,4,9375.515364604647
9125,94,1,0,0,5,9277.026371364173
9126,94,0,0,0,5,9278.437009662044
9127,95,1,0,0,6,9181.768199034022
9128,95,0,0,0,6,9183.102409560339
9129,96,1,0,0,7,9088.819571960752
9130,96,0,0,0,7,9090.648738627418
9131,96,0,0,0,7,9091.837280294087
9132,96,0,0,0,7,9093.319571960754
9133,96,0,0,0,7,9094.512280294088
9134,97,1,0,0,8,9001.836895961158
9135,97,0,0,0,8,9003.220916579716
9136,97,0,0,0,8,9004.297720703427
9137,97,0,0,0,8,9005.28689596116
9138,97,0,0,0,8,9007.02452482714
9139,97,0,0,0,8,9008.397205239511
9140,97,1,1,0,9,9009.476603404017
9141,97,0,0,1,8,9010.97814979577
9142,97,0,0,0,8,9012.718871445255
9143,97,0,0,0,8,9014.226603404019
9144,97,0,0,0,8,9015.737428146285
9145,97,0,0,0,8,9017.1554693834
9146,97,0,0,0,8,9018.50753123907
9147,97,0,0,0,8,9019.814232269999
9148,97,0,0,0,8,9021.241551857627
9149,97,0,0,0,8,9022.333819898866
9150,97,0,0,0,8,9023.885881754537
9151,97,0,0,0,8,9025.489490001959
9152,97,0,0,0,8,9027.020933300928
9153,97,0,0,0,8,9028.40804670299
9154,98,1,0,0,9,8937.767658471328
9155,98,0,0,0,9,8939.255413573368
9156,98,0,0,1,9,8940.412556430512
9157,98,0,0,0,9,8941.592148267247
9158,98,0,0,0,9,8942.51765847133
9159,98,0,0,0,9,8943.896229899901
9160,98,0,0,0,9,8945.213576838678
9161,98,1,1,0,10,8946.459424357196
9162,97,0,1,1,8,9039.707841460722
9163,97,1,1,1,8,9040.698933192558
9164,96,1,2,0,8,9136.13016105097
9165,98,2,0,0,9,8950.749953682584
9166,97,0,1,0,9,9044.475550951882
9167,97,0,0,0,8,9045.646169508584
9168,98,1,0,0,9,8954.513555534008
9169,98,0,0,0,9,8955.854371860538
9170,98,0,0,0,9,8957.067637166661
9171,98,0,0,0,9,8958.341106554417
9172,98,0,0,0,9,8960.033963697273
9173,98,0,0,0,9,8961.619677982988
9174,98,0,0,0,9,8963.208453493193
9175,98,0,0,0,9,8964.690086146255
9176,100,2,0,0,11,8786.57628442333
9177,99,0,1,0,11,8877.042535768109
9178,100,4,0,0,11,8789.116610410429
9179,100,0,0,0,11,8790.87361041043
9180,100,0,0,0,11,8792.14061041043
9181,100,0,0,0,11,8793.71961041043
9182,100,0,0,0,11,8795.04461041043
9183,100,0,0,0,11,8796.568610410432
9184,100,0,0,0,11,8797.856610410432
9185,100,0,0,0,11,8799.247610410432
9186,99,0,1,0,11,8889.242103909059
9187,100,1,0,0,11,8801.610182869968
9188,100,0,0,0,11,8803.36818286997
9189,100,0,0,0,11,8805.004182869969
9190,99,0,1,0,11,8895.6038417864
9191,100,1,0,0,11,8808.139303368536
9192,99,1,1,0,11,8898.439014191772
9193,99,0,0,0,10,8900.005175807933
9194,99,0,0,0,10,8901.511741464501
9195,99,0,0,0,10,8903.24861015137
9196,99,0,0,0,10,8904.673357626118
9197,98,0,1,0,10,8996.73867112996
9198,98,0,0,0,9,8997.830507864654
9199,99,1,0,0,10,8908.136260310466
9200,99,0,0,0,10,8909.663027987233
9201,99,0,0,0,10,8910.844341118547
9202,99,0,0,0,10,8912.567068391276
9203,99,0,0,0,10,8913.902926977133
9204,99,0,0,0,10,8914.741815866022
9205,100,1,0,0,11,8826.686897707363
9206,99,0,1,0,11,8917.402990480754
9207,99,0,0,0,10,8918.666121793885
9208,99,0,0,0,10,8920.14844502621
9209,99,0,0,0,10,8921.540869268634
9210,98,0,1,0,10,9014.074858958025
9211,98,0,0,0,9,9015.511593651903
9212,98,0,0,0,9,9016.785063039659
9213,98,0,0,0,9,9018.48200181517
9214,98,0,0,0,9,9019.893226304966
9215,97,0,1,0,9,9114.139741892614
9216,97,0,0,1,8,9115.439226428698
9217,97,0,0,1,8,9116.908814057564
9218,97,0,0,0,8,9118.219638799832
9219,97,0,0,0,8,9119.479948078182
9220,97,0,0,0,8,9120.599020243131
9221,97,0,0,1,10,9121.849020243131
9222,97,0,0,0,10,9123.384587253442
9223,98,1,0,0,11,9031.593417995753
9224,97,0,1,0,11,9125.994196439944
9225,97,0,0,0,10,9127.634918089429
9226,96,0,1,1,10,9224.004245071574
9227,96,0,0,0,9,9225.769870071574
9228,96,0,0,0,9,9227.169870071573
9229,97,1,0,0,10,9133.70626316362
9230,97,0,0,0,10,9135.252139452281
9231,96,0,1,0,10,9231.589683395126
9232,96,0,0,0,8,9232.870933395126
9233,96,0,0,0,8,9234.373016728461
9234,96,0,0,0,8,9235.527183395128
9235,96,0,0,0,8,9236.739683395128
9236,96,0,0,0,8,9238.03239172846
9237,96,0,0,0,8,9239.401141728462
9238,96,0,0,0,8,9241.032391728462
9239,96,0,0,0,8,9242.22405839513
9240,96,0,0,0,8,9243.964683395128
9241,96,0,0,0,8,9245.500100061796
9242,96,0,0,0,8,9246.765725061798
9243,96,0,0,0,8,9247.85218339513
9244,96,0,0,0,8,9249.376141728464
9245,96,0,0,0,8,9250.696975061797
9246,96,0,0,0,8,9252.074058395132
9247,96,1,1,0,9,9253.037450672049
9248,96,0,0,0,8,9254.74995067205
9249,96,0,0,0,8,9256.03120067205
9250,95,0,1,0,8,9355.233533162438
9251,95,0,0,0,7,9356.817217372965
9252,95,0,0,0,7,9358.029322636125
9253,98,3,0,0,10,9072.324853575834
9254,96,0,2,0,10,9262.788925678884
9255,96,0,0,0,8,9264.167050678885
9256,95,0,1,0,8,9362.94831303828
9257,95,0,0,0,7,9364.14989198565
9258,95,0,0,0,7,9365.432523564596
9259,95,0,0,0,7,9366.736207775122
9260,95,0,0,0,7,9368.463049880385
9261,94,0,1,1,7,9469.217607193152
9262,94,0,0,0,6,9470.48781995911
9263,94,0,0,0,6,9471.881436980386
9264,94,0,0,1,5,9473.19101144847
9265,95,1,0,0,6,9374.657421854277
9266,95,0,0,0,6,9375.959000801646
9267,95,0,0,0,6,9377.509000801647
9268,95,0,0,0,6,9378.759000801647
9269,95,0,0,0,6,9380.099527117436
9270,96,1,0,0,7,9283.507344543297
9271,96,0,0,0,7,9284.694844543297
9272,97,1,0,0,8,9190.10005233151
9273,97,0,0,1,8,9191.254176042852
9274,96,0,1,0,8,9288.225039320985
9275,96,0,0,0,7,9289.559414320984
9276,95,0,1,1,7,9388.469624409496
9277,95,0,0,0,6,9390.423834935811
9278,96,1,0,0,7,9294.340774155231
9279,96,0,0,0,7,9295.823065821896
9280,96,0,0,1,7,9297.482440821897
9281,96,0,0,0,7,9298.835565821897
9282,96,0,0,0,7,9300.308482488565
9283,96,0,0,0,7,9301.636607488565
9284,96,0,0,0,7,9302.936607488566
9285,96,0,0,0,7,9304.445982488565
9286,96,0,0,0,7,9305.970982488567
9287,96,0,0,0,7,9307.183482488566
9288,96,0,0,0,7,9308.414732488567
9289,96,0,0,0,7,9309.7105658219
9290,96,0,0,1,7,9311.097024155233
9291,95,0,1,0,7,9410.331032071019
9292,95,0,0,1,6,9411.642084702598
9293,95,0,0,0,6,9413.03103207102
9294,94,0,1,0,6,9514.46167792018
9295,95,1,0,0,6,9415.728397099967
9296,95,0,0,0,6,9417.128923415758
9297,94,0,1,0,6,9518.732124439442
9298,94,0,0,0,5,9520.481060609656
9299,94,1,1,0,6,9521.734310469952
9300,94,0,0,0,5,9523.01622536357
9301,94,0,0,0,5,9524.472608342294
9302,95,1,0,1,6,9425.412896675532
9303,95,0,0,0,6,9426.522896675533
9304,94,0,1,0,6,9527.858110326355
9305,95,1,0,0,6,9428.599603901868
9306,95,0,0,0,6,9429.653814428184
9307,95,0,0,0,6,9430.89855127029
9308,96,1,0,0,7,9333.914712194559
9309,96,0,0,0,7,9335.313670527892
9310,96,0,0,0,7,9336.558462194558
9311,96,0,0,0,7,9337.822003861225
9312,96,0,0,0,7,9339.125128861226
9313,95,0,1,0,7,9438.744355763134
9314,95,1,1,0,7,9440.02266563367
9315,95,0,0,0,6,9441.793718265251
9316,95,0,0,0,6,9443.331086686303
9317,96,1,0,0,7,9346.192742033321
9318,96,0,0,0,7,9347.42815869999
9319,96,0,0,0,7,9349.10003369999
9320,96,0,0,0,7,9350.069825366656
9321,96,0,0,0,7,9351.65315869999
9322,96,0,0,0,7,9352.71253369999
9323,96,0,0,0,7,9354.057325366657
9324,96,0,0,0,7,9355.303158699991
9325,96,0,0,1,7,9356.576075366658
9326,97,1,0,0,8,9261.599002424735
9327,98,1,0,0,9,9168.40054321632
9328,98,0,0,0,9,9169.808706481625
9329,98,0,0,0,9,9171.349522808156
9330,98,0,0,0,9,9172.85972688979
9331,98,0,0,0,9,9174.07809423673
9332,98,0,0,0,9,9175.615849338768
9333,99,1,0,0,11,9084.364174092923
9334,99,0,0,0,11,9085.827305406054
9335,99,0,0,0,11,9087.391446820197
9336,97,0,2,0,11,9276.21777668341
9337,96,0,1,0,9,9374.337760086068
9338,97,1,0,0,9,9278.947680085179
9339,96,0,1,0,9,9377.178421253075
9340,96,0,0,1,8,9378.674254586409
9341,96,0,0,1,7,9380.169046253075
9342,95,0,1,0,7,9480.16366739651
9343,95,0,0,0,6,9481.71156213335
9344,95,0,0,0,6,9483.129983185983
9345,95,0,0,0,6,9484.584193712299
9346,95,0,0,1,6,9485.980509501773
9347,95,0,0,0,6,9487.189456870195
9348,95,0,0,0,6,9488.85524634388
9349,95,0,0,0,6,9490.343141080722
9350,96,1,0,0,8,9392.920295861131
9351,96,0,0,0,7,9394.479670861132
9352,96,0,0,0,7,9395.791129194466
9353,96,0,0,0,8,9397.176545861132
9354,96,0,0,0,8,9398.0088375278
9355,95,0,1,0,8,9498.573600644895
9356,95,0,0,0,6,9499.986758539633
9357,95,0,0,0,6,9501.254653276475
9358,94,0,1,0,6,9603.980148364699
9359,94,0,0,0,4,9605.59504198172
9360,94,0,0,0,4,9606.83759517321
9361,95,1,0,0,5,9506.975094171386
9362,95,0,0,0,5,9508.585094171387
9363,95,0,0,0,5,9509.84246259244
9364,95,0,0,0,5,9510.776673118755
9365,95,0,0,0,5,9512.19298890823
9366,95,0,0,0,5,9513.022988908231
9367,95,0,0,0,5,9514.36246259244
9368,96,1,0,1,7,9416.617541107104
9369,94,0,2,0,7,9618.366754251872
9370,94,0,0,0,5,9619.646541485916
9371,94,0,0,0,5,9621.056115954003
9372,95,1,0,0,6,9521.121841049222
9373,95,0,0,0,6,9522.368683154486
9374,95,0,0,0,6,9523.689209470276
9375,94,0,1,0,6,9626.710136614543
9376,94,0,0,0,4,9628.565455763479
9377,94,0,0,0,4,9629.912264274117
9378,94,0,0,0,4,9631.47715789114
9379,94,0,0,0,4,9632.81971108263
9380,94,0,0,1,6,9633.995242997524
9381,94,0,0,0,6,9635.295242997525
9382,94,0,0,0,6,9636.933540869864
9383,93,0,1,0,6,9742.079900897792
9384,93,0,0,0,5,9743.509470790264
9385,93,0,0,0,5,9745.17237401607
9386,93,0,0,0,5,9746.824524553705
9387,93,0,0,1,5,9748.447642833276
9388,93,0,0,0,5,9750.078287994567
9389,93,0,0,0,5,9751.344417026825
9390,94,1,0,0,6,9648.92851897335
9391,94,0,0,0,6,9650.660433866966
9392,94,0,0,0,6,9651.908306207391
9393,94,0,0,0,6,9653.584901952074
9394,93,0,1,0,6,9758.929651898077
9395,93,0,0,0,4,9760.416211037862
9396,93,0,0,0,4,9761.94793146797
9397,93,0,0,0,4,9763.666748672273
9398,94,1,0,0,5,9660.96550666512
9399,94,0,0,0,5,9662.333591771503
9400,94,0,0,0,5,9663.775081133206
9401,94,0,0,0,5,9665.201676877887
9402,94,0,0,0,5,9666.422953473631
9403,94,0,0,0,5,9668.101676877888
9404,94,0,0,0,5,9669.209123686398
9405,94,0,0,0,5,9670.497421558739
9406,94,0,0,0,5,9671.97827262257
9407,94,0,0,1,5,9673.476144962995
9408,94,0,0,0,5,9674.88252794172
9409,94,0,0,0,5,9676.03997475023
9410,93,0,1,0,5,9781.664324836831
9411,93,0,0,0,4,9783.305722686293
9412,93,0,0,0,4,9784.14604526694
9413,93,0,0,0,4,9785.605722686294
9414,93,0,0,0,4,9786.809486127155
9415,93,0,0,0,4,9788.040131288446
9416,93,0,0,0,4,9789.320238815328
9417,94,1,0,0,5,9686.336512870483
9418,94,0,0,0,5,9687.491832019421
9419,94,0,0,0,5,9688.719491593889
9420,94,0,0,1,5,9690.25778946623
9421,94,0,0,0,5,9691.698214998145
9422,94,0,0,0,5,9693.274810742825
9423,94,0,0,0,5,9694.76630010453
9424,94,0,0,0,5,9696.578002232189
9425,94,0,0,0,5,9698.245023508784
9426,95,1,0,0,6,9597.666654840272
9427,95,0,0,0,6,9598.852444313956
9428,95,0,0,1,6,9600.374023261324
9429,95,0,0,0,6,9601.546128524484
9430,95,0,0,0,6,9603.083496945535
9431,95,0,0,1,6,9604.464023261326
9432,95,0,0,0,6,9605.84981273501
9433,95,0,0,0,6,9606.988233787642
9434,95,0,0,0,6,9608.055075892906
9435,95,0,0,0,6,9609.38928641922
9436,95,0,0,0,6,9610.958233787642
9437,95,0,0,0,6,9612.262970629748
9438,95,0,0,0,6,9613.41191799817
9439,95,0,0,0,6,9614.851391682381
9440,95,0,0,0,6,9616.108760103434
9441,95,0,0,1,6,9617.486128524486
9442,95,0,0,0,6,9618.820339050802
9443,94,0,1,0,6,9722.469016759736
9444,94,0,0,0,5,9723.963697610801
9445,94,0,0,0,5,9725.197740163992
9446,93,0,1,1,4,9831.074734534215
9447,93,0,0,0,3,9832.08064851271
9448,93,0,0,0,3,9833.647852813785
9449,93,0,0,0,3,9835.110756039592
9450,93,0,0,0,3,9836.355379695506
9451,93,0,0,1,2,9837.681723781528
9452,93,0,0,0,2,9839.326347437443
9453,93,0,0,0,2,9840.907530233142
9454,93,0,0,0,2,9842.287637760024
9455,93,0,0,0,2,9843.50860550196
9456,93,0,0,0,2,9845.187637760026
9457,93,0,0,1,2,9846.997852813787
9458,93,0,0,0,2,9848.468282921314
9459,93,0,0,0,2,9849.798928082606
9460,93,0,0,0,2,9851.056454964326
9461,95,2,0,0,4,9644.45789801771
9462,95,0,0,0,4,9645.94895064929
9463,95,0,0,0,4,9647.344213807184
9464,95,0,0,0,4,9649.112108544026
9465,94,0,1,0,4,9752.76205529658
9466,94,0,0,0,3,9754.155672317858
9467,94,0,0,0,3,9755.719502105092
9468,94,0,0,0,3,9756.90141699871
9469,94,0,0,0,3,9758.433331892327
9470,94,0,0,0,3,9759.645034019986
9471,95,1,0,0,4,9658.179296819777
9472,95,0,0,0,4,9659.801928398725
9473,95,0,0,0,4,9660.955086293461
9474,95,0,0,0,4,9661.962981030305
9475,96,1,0,1,5,9562.844095811239
9476,96,0,0,0,5,9564.60034581124
9477,96,0,0,1,5,9565.564929144572
9478,96,0,0,0,5,9566.842012477906
9479,96,0,0,0,5,9568.09097081124
9480,96,0,0,0,5,9569.18784581124
9481,96,0,0,0,5,9570.68784581124
9482,96,0,0,0,5,9572.064929144575
9483,96,0,0,0,5,9573.492012477907
9484,96,0,0,0,5,9574.779512477908
9485,96,0,0,0,5,9576.171179144576
9486,96,0,0,0,5,9577.470137477909
9487,96,0,0,0,5,9578.89826247791
9488,96,0,0,0,5,9580.24826247791
9489,96,0,0,0,5,9581.57326247791
9490,96,0,0,0,5,9583.18576247791
9491,96,0,0,0,5,9584.087845811244
9492,96,0,0,0,5,9585.522220811245
9493,96,0,0,0,5,9587.105554144577
9494,96,0,0,0,5,9588.614929144578
9495,96,0,0,0,5,9589.746179144578
9496,96,0,0,0,5,9591.132637477911
9497,96,0,0,0,5,9592.099304144578
9498,96,0,0,0,5,9593.471179144579
9499,97,1,0,1,6,9495.684878328657
9500,97,0,0,0,6,9496.916321627625
9501,97,0,0,0,6,9498.82199173072
9502,97,0,0,0,6,9500.19261028742
9503,97,0,0,0,6,9501.627146369896
9504,97,0,0,0,6,9503.135909256493
9505,97,0,0,0,6,9504.475599978143
9506,97,0,0,0,6,9505.922507194638
9507,97,0,0,0,6,9507.195187607009
9508,97,0,0,0,6,9508.607043277114
9509,97,0,0,0,6,9510.430239153402
9510,97,0,0,1,6,9512.013228844124
9511,98,1,0,0,7,9415.950338753877
9512,98,0,0,0,7,9417.210542835512
9513,98,0,0,0,7,9418.255440794695
9514,98,0,0,0,7,9419.80646120286
9515,99,1,0,0,8,9326.141749473536
9516,99,0,0,0,8,9327.670537352325
9517,98,0,1,0,8,9424.390055755652
9518,98,0,0,0,7,9425.581892490343
9519,99,1,0,1,9,9331.814398626806
9520,99,0,0,0,9,9333.539146101553
9521,99,0,0,0,9,9335.018439030848
9522,98,0,1,0,9,9431.345501085132
9523,98,0,0,0,8,9432.634276595334
9524,98,0,0,1,8,9434.257745983092
9525,97,0,1,0,8,9532.360495605639
9526,98,1,0,0,8,9436.518551772928
9527,97,0,1,0,8,9535.38131039275
9528,97,0,0,0,7,9536.926155753574
9529,96,0,1,0,7,9637.551106286113
9530,96,0,0,0,5,9638.776106286115
9531,96,0,0,0,5,9640.25214795278
9532,96,0,0,0,5,9641.649022952783
9533,97,1,0,0,6,9543.30006395327
9534,97,1,1,0,8,9544.958228371052
9535,97,0,0,0,6,9546.47936239167
9536,97,0,0,0,6,9547.811836618475
9537,97,0,0,0,6,9549.216475793733
9538,97,0,0,0,6,9550.400496412289
9539,98,1,0,1,7,9453.753042367267
9540,99,1,0,0,8,9359.500991434265
9541,98,0,1,0,8,9456.448156603217
9542,98,0,0,0,7,9457.784891297097
9543,98,0,0,0,7,9459.091013746076
9544,98,0,0,0,7,9460.458360684852
9545,99,1,0,1,8,9366.154740879954
9546,98,0,1,0,8,9463.411656173475
9547,98,0,0,0,7,9465.062676581638
9548,98,0,0,1,7,9466.467778622455
9549,99,1,0,0,8,9372.534770757582
9550,99,0,0,0,8,9373.790831363642
9551,99,0,0,0,8,9375.288306111117
9552,99,0,0,0,8,9376.767599040411
9553,99,0,0,0,8,9377.930730353542
9554,99,0,0,1,8,9379.038306111119
9555,99,0,0,0,8,9380.533760656574
9556,100,2,0,0,9,9287.468923050008
9557,99,0,1,1,9,9382.33469676792
9558,98,0,1,0,8,9479.254009602848
9559,98,0,0,0,7,9480.436662664073
9560,99,1,0,0,8,9385.819120616961
9561,100,1,0,0,9,9293.111429410792
9562,99,0,1,0,9,9388.540867339689
9563,99,0,0,0,8,9390.102988551811
9564,99,0,0,0,8,9391.176220875042
9565,99,0,0,0,8,9392.48581683464
9566,99,0,0,0,8,9393.63379663262
9567,98,0,1,0,8,9490.682081862406
9568,98,0,0,0,7,9491.901469617507
9569,98,0,0,0,7,9493.336163495058
9570,98,0,0,0,7,9494.500449209345
9571,98,0,0,0,7,9495.735143086895
9572,98,0,0,0,7,9497.082081862405
9573,98,0,0,0,7,9498.563714515467
9574,98,0,0,0,7,9499.637183903222
9575,96,0,2,0,7,9698.693751611976
9576,95,0,1,0,5,9802.084201911184
9577,97,2,0,0,6,9601.171641047036
9578,97,0,0,0,6,9602.647414242914
9579,97,0,0,0,6,9603.89432145941
9580,97,0,0,0,6,9605.596898778997
9581,97,0,0,0,6,9606.951022490337
9582,97,0,0,0,6,9608.393805995493
9583,97,0,0,0,6,9610.147929706833
9584,97,0,0,1,6,9611.43401218106
9585,97,0,0,0,6,9613.091228675905
9586,97,0,0,0,6,9614.491744139823
9587,97,0,0,0,6,9616.008754449102
9588,97,0,0,0,6,9617.30720805735
9589,97,0,0,0,6,9618.524218366627
9590,97,0,0,0,6,9619.6175173357
9591,97,0,0,0,6,9621.064424552196
9592,97,0,0,0,6,9622.335043108897
9593,97,0,0,0,6,9623.791228675907
9594,97,0,0,1,7,9624.960816304774
9595,97,0,0,0,7,9625.986074036733
9596,97,0,0,0,7,9627.269063727455
9597,98,1,0,0,8,9529.971930424113
9598,98,0,0,0,8,9531.371930424113
9599,98,0,0,0,8,9532.744379403706
9600,98,0,0,0,8,9534.134175322073
9601,98,0,0,0,8,9535.53315491391
9602,98,0,0,0,8,9536.74539981187
9603,98,0,0,0,8,9538.076012056768
9604,98,0,0,0,8,9539.69846103636
9605,98,0,0,0,8,9541.179073281259
9606,98,0,0,0,8,9542.447440628197
9607,99,1,0,0,9,9447.083325066296
9608,99,0,0,0,10,9448.417163450136
9609,99,0,0,0,10,9449.744941227913
9610,99,0,0,1,9,9451.116153349127
9611,99,0,0,0,9,9452.482314965288
9612,99,0,0,0,10,9453.787870520844
9613,100,1,0,0,11,9360.933491815636
9614,100,0,0,0,11,9362.268491815636
9615,100,0,0,0,11,9363.582491815636
9616,100,0,0,0,11,9364.658491815637
9617,100,0,0,0,11,9365.880491815637
9618,100,0,0,0,11,9367.369491815636
9619,100,0,0,1,10,9368.878491815638
9620,100,0,0,0,10,9370.315491815638
9621,99,0,1,0,10,9466.173987299137
9622,99,0,0,0,8,9467.515906491055
9623,99,0,0,1,7,9468.918431743581
9624,98,0,1,0,7,9567.207074896914
9625,99,1,0,0,8,9471.958518584826
9626,99,0,0,0,8,9473.711548887855
9627,98,0,1,0,8,9571.509645006561
9628,98,0,0,0,7,9572.923930720848
9629,98,0,0,0,7,9574.33719602697
9630,98,0,0,0,7,9575.83719602697
9631,98,0,0,0,7,9576.90556337391
9632,98,0,0,0,7,9578.716787863706
9633,98,0,0,0,7,9579.994338884115
9634,98,0,0,0,7,9581.312706231052
9635,97,0,1,1,7,9681.26767899581
9636,97,0,0,0,6,9682.593967655605
9637,97,0,0,0,6,9683.891390336015
9638,97,0,0,0,6,9685.075410954574
9639,96,0,1,1,6,9787.664375552436
9640,96,0,0,0,5,9789.368542219103
9641,96,0,0,0,5,9791.156042219103
9642,96,0,0,0,5,9792.66958388577
9643,96,0,0,0,5,9794.00708388577
9644,96,0,0,0,5,9795.463333885771
9645,96,0,0,0,5,9796.565417219104
9646,96,0,0,0,5,9797.735208885771
9647,96,0,0,0,5,9798.853958885773
9648,96,0,0,0,5,9800.272708885772
9649,96,0,0,1,7,9801.641458885771
9650,96,0,0,0,7,9802.988333885773
9651,96,0,0,0,7,9804.394583885773
9652,96,0,0,1,7,9805.846667219106
9653,97,1,0,0,8,9706.04721704159
9654,97,1,1,0,9,9707.308760730435
9655,97,0,0,0,7,9708.618554544866
9656,98,1,0,0,9,9611.108671335225
9657,98,0,0,0,9,9612.692344804615
9658,98,0,0,0,9,9614.395406029103
9659,98,0,0,0,9,9615.841324396451
9660,98,0,0,0,9,9617.224997865838
9661,98,0,0,0,9,9618.918875416859
9662,97,0,1,0,9,9719.496288473367
9663,97,0,0,0,7,9720.83907197852
9664,97,0,0,0,7,9722.1354637311
9665,97,0,0,0,7,9723.358659607387
9666,97,0,0,0,7,9724.569484349657
9667,97,0,0,0,7,9725.982370947595
9668,97,0,0,0,7,9726.958144143471
9669,97,0,0,0,7,9728.56072146306
9670,98,1,0,0,8,9630.281020223641
9671,97,0,1,0,8,9731.235873612608
9672,97,0,0,0,7,9732.334327220857
9673,97,0,0,0,7,9733.427626189929
9674,97,0,0,0,7,9735.142574643538
9675,97,0,0,0,7,9736.077110726012
9676,97,0,0,0,7,9737.314739591991
9677,97,0,0,1,7,9738.658554024982
9678,97,0,0,0,7,9740.106492169312
9679,97,0,0,0,7,9741.532780829106
9680,96,0,1,0,7,9844.804763389373
9681,96,0,0,0,6,9846.017263389373
9682,96,0,0,0,6,9847.133930056041
9683,96,0,0,0,6,9848.50268005604
9684,96,0,0,0,6,9849.642263389374
9685,96,0,0,0,6,9851.192263389376
9686,96,0,0,0,6,9852.625596722708
9687,96,0,0,0,6,9853.983930056042
9688,96,0,0,0,6,9855.318305056042
9689,97,1,0,0,7,9754.673786447216
9690,97,0,0,0,7,9755.903167890518
9691,97,0,0,0,7,9757.113992632785
9692,97,0,0,0,7,9758.507291601856
9693,97,0,0,0,7,9760.079972014228
9694,97,0,0,0,7,9761.800075107012
9695,97,0,0,0,7,9763.187188509073
9696,97,0,0,0,7,9764.118631808044
9697,97,1,1,0,8,9765.173169726004
9698,96,0,1,0,7,9867.936866394863
9699,95,0,1,0,6,9973.041859355291
9700,95,0,0,0,5,9974.611859355291
9701,95,0,0,0,5,9975.570280407923
9702,95,0,0,0,5,9976.718175144766
9703,95,0,0,0,5,9977.852385671082
9704,95,0,0,0,5,9979.246596197398
9705,95,1,1,0,6,9980.130252329718
9706,95,0,0,0,5,9981.510778645508
9707,95,0,0,0,5,9982.77867338235
9708,95,0,0,0,5,9983.752883908666
9709,94,0,1,1,5,10091.19550847808
9710,94,0,0,1,4,10092.84550847808
9711,94,0,0,0,4,10094.384870180207
9712,94,0,0,0,4,10095.685934009995
9713,94,0,0,0,4,10097.043380818506
9714,94,0,0,0,4,10098.654019116379
9715,94,0,0,0,4,10100.142316988718
9716,94,0,0,0,4,10101.465721244038
9717,93,0,1,0,4,10211.701324969183
9718,93,0,0,0,3,10213.090034646602
9719,93,0,0,0,3,10214.635733571333
9720,93,0,0,1,3,10216.111540022946
9721,93,0,0,0,3,10217.722830345527
9722,93,0,0,0,3,10219.49110991542
9723,93,0,0,0,3,10220.989497012195
9724,93,0,0,0,3,10222.365303463806
9725,93,0,0,0,3,10223.79917443155
9726,93,0,0,0,3,10225.41046475413
9727,93,0,0,0,3,10226.719604539077
9728,93,0,0,0,3,10228.555626044454
9729,93,0,0,0,3,10229.815303463807
9730,93,0,0,0,3,10231.259927119723
9731,93,0,0,0,3,10232.505626044454
9732,94,1,0,0,4,10124.878438533344
9733,94,0,0,1,4,10126.335885341854
9734,94,0,0,0,4,10127.982693852493
9735,94,0,0,0,4,10129.361417256749
9736,94,0,0,0,4,10130.934821512066
9737,94,0,0,0,4,10132.115672575897
9738,93,0,1,0,4,10242.260505815917
9739,93,0,0,0,3,10243.482548826669
9740,93,0,0,1,3,10244.782011192261
9741,92,0,1,0,3,10357.403719403304
9742,92,0,0,0,2,10358.990675925044
9743,93,1,0,0,3,10248.970346076389
9744,93,0,0,0,3,10250.436475108645
9745,94,1,0,0,4,10142.73236367132
9746,94,0,0,0,4,10143.812150905364
9747,94,0,0,0,4,10145.435555160682
9748,94,0,0,1,4,10146.819597713875
9749,94,0,0,0,4,10148.323853033024
9750,94,0,0,0,4,10149.79406579898
9751,94,0,0,0,4,10150.915342394726
9752,94,0,0,0,4,10152.419597713875
9753,94,0,0,0,4,10153.738746650046
9754,94,0,0,0,4,10154.789810479833
9755,94,0,0,0,4,10156.336618990472
9756,93,0,1,0,4,10266.71856604985
9757,93,0,0,0,3,10268.435232716518
9758,93,0,0,0,3,10270.029318738023
9759,93,0,0,0,3,10271.296523039098
9760,93,0,0,0,3,10272.966953146626
9761,93,0,0,0,3,10274.40835099609
9762,92,0,1,0,3,10387.464356035603
9763,92,0,0,0,2,10389.199138644299
9764,93,1,0,0,3,10278.573341454576
9765,93,0,0,1,3,10279.611513497586
9766,93,0,0,1,3,10281.159362959954
9767,93,0,0,0,3,10282.39108339006
9768,94,1,0,0,4,10174.462986758252
9769,94,0,0,1,4,10175.697029311445
9770,94,0,0,0,4,10176.855539949742
9771,94,0,0,0,4,10178.386391013571
9772,94,0,0,0,4,10179.630008034848
9773,94,0,0,0,4,10180.853412290167
9774,94,0,0,0,4,10182.078944205063
9775,93,0,1,0,4,10292.977467546832
9776,93,0,0,0,3,10294.309187976938
9777,92,0,1,0,3,10407.691051494976
9778,92,0,0,0,2,10409.06822540802
9779,92,0,0,0,2,10410.44974714715
9780,91,0,1,0,2,10526.24397292348
9781,91,0,0,0,1,10527.367599297106
9782,91,0,0,0,1,10529.019797099303
9783,91,0,0,1,1,10530.325841055348
9784,91,0,0,1,1,10531.96375314326
9785,91,0,0,0,1,10533.278588308096
9786,91,0,0,0,1,10534.630786110292
9787,91,0,0,0,1,10536.14342347293
9788,92,1,0,1,2,10423.209799304748
9789,92,0,0,0,2,10424.46849495692
9790,92,0,0,0,2,10425.914147130836
9791,92,0,0,1,1,10427.252190609095
9792,92,0,0,1,1,10428.225016696053
9793,92,0,0,0,1,10429.913060174313
9794,92,0,0,0,1,10431.468494956922
9795,93,1,0,0,2,10320.48711329072
9796,93,0,0,0,2,10322.028511140183
9797,94,1,0,0,3,10213.66916527699
9798,94,0,0,0,3,10214.780867404648
9799,94,0,0,0,3,10216.278739745076
9800,94,0,0,0,3,10217.33405889401
9801,94,0,0,0,3,10218.889378042948
9802,94,0,0,0,3,10220.213846128054
9803,94,0,0,0,3,10221.46916527699
9804,95,1,0,0,4,10114.84317406355
9805,95,0,0,1,4,10116.095279326706
9806,95,0,0,0,4,10117.603174063548
9807,95,0,0,0,4,10119.273174063548
9808,95,0,0,0,4,10120.577910905655
9809,95,0,0,0,4,10122.364753010917
9810,95,0,0,1,4,10123.897910905654
9811,95,0,0,0,4,10125.14370037934
9812,95,0,0,1,4,10126.564226695129
9813,95,0,0,1,3,10127.882647747761
9814,95,0,0,0,3,10129.523174063552
9815,95,0,0,0,3,10131.070016168815
9816,95,0,0,0,3,10132.664226695131
9817,95,0,0,0,3,10134.218437221447
9818,95,0,0,0,3,10135.541068800394
9819,95,0,0,0,3,10136.851068800395
9820,95,0,0,0,3,10138.504226695131
9821,96,1,0,0,4,10034.099495167058
9822,96,0,0,0,4,10035.19637016706
9823,96,0,0,0,4,10036.470328500392
9824,97,1,0,0,5,9934.34795397977
9825,97,0,0,0,5,9936.063933361214
9826,97,0,0,0,5,9937.252077691111
9827,97,0,0,0,5,9938.226819959153
9828,97,0,0,0,5,9939.492283876678
9829,97,0,0,0,5,9941.091768412762
9830,97,0,0,1,5,9942.601562227193
9831,97,0,0,0,5,9944.053624082864
9832,97,0,0,0,5,9945.399500371524
9833,97,0,0,0,5,9946.8752735674
9834,97,0,0,0,5,9948.20053129936
9835,96,0,1,1,6,10052.931078834028
9836,96,0,0,1,5,10054.341495500696
9837,96,0,0,1,4,10055.641495500695
9838,96,0,0,1,5,10056.718578834028
9839,97,1,0,0,6,9954.299830598628
9840,98,1,0,1,7,9854.259526204763
9841,98,0,0,0,7,9855.830954776193
9842,98,0,0,0,7,9857.297281306805
9843,98,0,0,0,7,9858.608505796601
9844,98,0,0,0,7,9859.966669061907
9845,98,0,0,1,8,9861.120750694561
9846,98,1,1,0,9,9862.35097974312
9847,97,0,1,0,8,9965.004676757842
9848,96,0,1,0,7,10070.241200981398
9849,96,0,0,0,6,10071.800575981399
9850,96,0,0,0,6,10073.490159314731
9851,96,0,0,1,5,10074.957867648065
9852,96,0,0,1,5,10076.283909314732
9853,95,0,1,0,5,10183.775397826537
9854,95,0,0,0,4,10185.136976773905
9855,95,0,0,0,4,10186.53434519496
9856,95,0,0,0,4,10187.61381887917
9857,95,0,0,0,4,10188.860660984434
9858,96,1,0,0,5,10083.778258265846
9859,96,0,0,1,5,10085.363674932512
9860,96,0,0,0,5,10086.873049932512
9861,96,0,0,0,5,10088.250133265847
9862,96,0,0,0,5,10089.34909159918
9863,97,1,0,0,7,9986.64652364455
9864,97,0,0,0,7,9987.989307149704
9865,97,0,0,0,7,9989.639307149706
9866,97,0,0,0,7,9991.193430861045
9867,96,0,1,0,7,10096.61185153049
9868,96,0,0,0,5,10098.298309863823
9869,96,0,0,0,5,10099.132684863822
9870,96,0,0,0,5,10100.203518197157
9871,96,0,0,0,5,10101.36810153049
9872,96,0,0,0,5,10102.884768197157
9873,96,0,0,0,5,10104.339976530491
9874,96,0,0,0,5,10106.163934863824
9875,97,1,0,0,6,10003.351935535331
9876,97,0,0,1,6,10004.606059246671
9877,97,0,0,0,6,10005.737502545642
9878,96,0,1,0,6,10111.499017712726
9879,96,0,0,0,5,10113.105267712725
9880,96,0,0,0,5,10114.653184379393
9881,96,0,0,0,5,10116.187559379394
9882,96,0,0,0,5,10117.061517712727
9883,96,0,0,0,5,10118.411517712726
9884,96,0,0,0,5,10119.695892712727
9885,96,0,0,0,5,10120.64797604606
9886,96,0,0,0,5,10122.318809379394
9887,94,0,2,0,5,10339.074489661629
9888,95,1,0,0,4,10231.609495033612
9889,95,0,0,0,4,10232.68054766519
9890,95,0,0,0,4,10233.972652928349
9891,94,0,1,0,4,10344.11838548993
9892,94,0,0,1,3,10345.614130170781
9893,94,0,0,2,3,10346.817321660143
9894,93,0,1,0,3,10459.501259446039
9895,93,0,0,0,2,10460.681366972922
9896,93,0,0,0,2,10462.279754069696
9897,93,0,0,0,2,10463.729754069696
9898,93,0,0,0,2,10464.898033639589
9899,93,0,0,1,2,10466.386743317009
9900,93,0,0,0,2,10468.021689553567
9901,93,0,0,1,2,10469.12867880088
9902,94,1,0,0,3,10358.709756685977
9903,94,0,0,0,3,10360.312948175339
9904,94,0,0,0,3,10361.957629026403
9905,94,0,0,0,3,10363.502309877467
9906,94,0,0,0,3,10365.03954392002
9907,94,0,0,0,3,10366.429969451936
9908,94,0,0,0,3,10367.984224771086
9909,94,0,0,0,3,10368.983160941298
9910,94,0,0,0,3,10370.210820515766
9911,94,0,0,0,3,10371.318267324277
9912,94,0,0,0,3,10372.55975668598
9913,94,0,0,0,3,10373.612948175343
9914,94,0,0,0,3,10375.02890562215
9915,94,0,0,0,3,10376.250182217897
9916,94,0,0,0,3,10377.64486306896
9917,94,0,0,0,3,10379.208692856195
9918,95,1,0,0,4,10271.232811878761
9919,95,0,0,0,4,10272.758601352445
9920,96,1,0,0,5,10166.991845088358
9921,96,0,0,0,5,10168.237678421692
9922,96,0,0,0,5,10169.523095088358
9923,96,0,0,0,5,10170.929345088358
9924,96,0,0,1,5,10172.12622008836
9925,96,0,0,0,5,10173.508511755026
9926,96,0,0,0,5,10174.802261755025
9927,96,0,0,0,5,10176.362678421692
9928,96,0,0,0,5,10177.630386755027
9929,96,0,0,0,5,10179.26997008836
9930,96,0,0,0,5,10180.799136755028
9931,95,0,1,0,5,10289.474105069066
9932,95,0,0,0,4,10291.023052437487
9933,96,1,0,0,5,10185.044166474598
9934,95,0,1,0,5,10293.611079834238
9935,95,0,0,1,4,10295.015816676345
9936,95,0,0,0,4,10296.554237728977
9937,95,0,0,0,4,10298.022132465818
9938,96,1,0,0,5,10192.193256085966
9939,96,0,0,0,5,10193.858881085967
9940,96,0,0,0,5,10195.3984644193
9941,96,0,0,1,6,10196.519297752633
9942,96,0,0,0,6,10198.225547752634
9943,96,0,0,1,6,10199.333881085968
9944,96,0,0,0,6,10200.559922752635
9945,96,0,0,0,6,10201.976589419302
9946,96,0,0,0,6,10203.268256085968
9947,97,1,0,1,7,10099.266521487145
9948,97,0,0,1,7,10100.777346229414
9949,97,0,0,0,7,10102.285078188177
9950,97,0,0,0,7,10103.523737981992
9951,97,0,0,0,7,10105.073737981991
9952,97,0,0,0,7,10106.487655507764
9953,97,0,0,0,7,10108.137655507764
9954,97,0,0,1,6,10109.78456272426
9955,97,0,0,0,6,10111.2386864356
9956,96,0,1,1,6,10217.866824908611
9957,96,0,0,0,5,10219.07307490861
9958,96,0,0,0,5,10220.211616575278
9959,96,0,0,0,5,10221.670991575278
9960,97,1,0,1,6,10117.267166919863
9961,97,0,0,0,6,10118.666651455946
9962,97,0,0,0,6,10119.923867950793
9963,97,0,0,0,6,10121.586239084812
9964,97,0,0,0,6,10122.977476198215
9965,97,0,0,0,6,10124.315105064195
9966,99,2,0,0,8,9920.677931224514
9967,99,0,0,0,8,9921.964294860878
9968,99,0,0,0,8,9923.510254456838
9969,99,0,0,0,8,9924.904698901282
9970,98,0,1,0,8,10027.880780802567
9971,98,0,0,0,7,10029.554250190322
9972,98,0,0,0,7,10031.015474680118
9973,97,0,1,0,7,10136.023549968542
9974,97,0,0,0,6,10137.41581800978
9975,97,0,0,0,6,10138.746230380915
9976,97,0,0,0,6,10140.53025099947
9977,97,0,0,0,6,10141.808086051018
9978,97,0,0,0,6,10143.052931411843
9979,97,1,1,0,8,10144.37390821124
9980,96,0,1,0,6,10251.487545728465
9981,96,0,0,0,5,10252.719837395132
9982,96,0,0,0,5,10254.296920728466
9983,96,0,0,0,5,10255.815670728467
9984,96,0,0,0,5,10257.4365040618
9985,96,0,0,0,5,10258.810462395133
9986,96,0,0,0,5,10260.061504061801
9987,96,0,0,0,5,10261.4427540618
9988,96,0,0,0,5,10262.659420728467
9989,96,0,0,0,5,10264.054212395135
9990,96,0,0,0,5,10265.530254061801
9991,95,0,1,0,5,10374.880794104178
9992,94,0,1,0,4,10486.858321726095
9993,94,0,0,0,3,10488.247683428224
9994,94,0,0,0,3,10489.712577045246
9995,93,0,1,0,3,10603.845064313758
9996,93,0,0,0,2,10605.371408399782
9997,93,0,0,0,2,10606.71818259333
9998,93,0,0,0,2,10607.995064313762
9999,93,0,0,0,2,10609.305279367525
10000,93,0,0,0,2,10610.858505173977
